UnitID,Institution Name,Sector of institution (HD2023),Grand total (EF2023  All students  Undergraduate  Degree/certificate-seeking  First-time),Grand total (EF2022_RV  All students  Undergraduate  Degree/certificate-seeking  First-time),Grand total (EF2021_RV  All students  Undergraduate  Degree/certificate-seeking  First-time),Grand total (EF2020_RV  All students  Undergraduate  Degree/certificate-seeking  First-time),Grand total (EF2019_RV  All students  Undergraduate  Degree/certificate-seeking  First-time),
180203,Aaniiih Nakoda College,1,24,28,18,29,36,
222178,Abilene Christian University,2,862,894,833,859,932,
497037,Abilene Christian University-Undergraduate Online,2,131,116,32,,,
138558,Abraham Baldwin Agricultural College,1,1006,856,865,934,919,
126182,Adams State University,1,320,306,318,348,399,
188429,Adelphi University,2,1377,1146,1330,996,1132,
168528,Adrian College,2,484,507,569,530,541,
133872,AdventHealth University,2,97,76,74,99,64,
496399,Agape College of Business and Science,2,17,4,9,,,
138600,Agnes Scott College,2,241,276,301,274,299,
126207,Aims Community College,1,1127,1060,905,890,794,
100654,Alabama A & M University,1,1990,1557,1477,1535,1694,
100724,Alabama State University,1,951,943,890,975,1019,
102580,Alaska Bible College,2,4,3,6,7,7,
102669,Alaska Pacific University,2,30,25,40,24,52,
188526,Albany College of Pharmacy and Health Sciences,2,134,111,115,117,185,
138716,Albany State University,1,1532,1383,1046,1443,1427,
128498,Albertus Magnus College,2,176,162,188,178,246,
168546,Albion College,2,363,418,468,478,415,
132842,Albizu University-Miami,2,20,10,18,28,5,
210571,Albright College,2,348,401,342,356,370,
175342,Alcorn State University,1,505,498,402,401,524,
188641,Alfred University,2,432,369,388,359,458,
156189,Alice Lloyd College,2,178,170,203,194,199,
210669,Allegheny College,2,283,289,408,400,500,
200873,Allegheny Wesleyan College,2,12,21,22,17,15,
152798,Allen College,2,,,1,,,
217624,Allen University,2,170,174,129,173,241,
168591,Alma College,2,346,334,319,397,387,
168607,Alpena Community College,1,267,262,244,266,329,
210775,Alvernia University,2,414,497,403,460,399,
238193,Alverno College,2,150,133,113,128,171,
490081,America Evangelical University,2,32,16,3,7,2,
219505,American Baptist College,2,4,5,7,4,23,
485698,American College of the Building Arts,2,36,23,58,11,21,
164447,American International College,2,277,331,342,337,379,
188854,American Musical and Dramatic Academy,2,387,470,444,416,533,
131159,American University,2,1856,1759,2372,1607,1754,
164465,Amherst College,2,488,467,514,434,470,
483595,Ana G. Mendez University,2,1103,778,817,187,87,
217633,Anderson University,2,849,798,776,698,639,
150066,Anderson University,2,310,326,317,327,330,
138761,Andrew College,2,108,89,91,105,106,
168740,Andrews University,2,272,232,256,257,283,
222831,Angelo State University,1,1442,1236,1286,1279,1436,
164492,Anna Maria College,2,249,202,187,242,269,
109350,Antelope Valley Community College District,1,2613,2391,1924,1847,2570,
483018,Antioch College,2,39,31,30,44,21,
237136,Appalachian Bible College,2,54,39,27,39,40,
197869,Appalachian State University,1,4227,3917,4099,3906,3501,
168786,Aquinas College,2,296,307,216,280,262,
126289,Arapahoe Community College,1,1297,1054,1096,1132,1075,
211088,Arcadia University,2,420,489,389,478,530,
105899,Arizona Christian University,2,376,301,311,284,222,
104151,Arizona State University Campus Immersion,1,14102,15151,14250,12677,10044,
106306,Arkansas Baptist College,2,61,163,148,203,225,
106458,Arkansas State University,1,1660,1325,1301,1293,1395,
106467,Arkansas Tech University,1,1467,1452,1396,1756,2091,
222877,Arlington Baptist University,2,97,101,86,54,38,
201061,Art Academy of Cincinnati,2,57,86,64,77,76,
109651,Art Center College of Design,2,319,281,273,233,267,
156213,Asbury University,2,358,295,263,264,292,
458113,Ascent College,2,9,11,14,5,3,
201104,Ashland University,2,519,528,699,437,613,
188942,Associated Beth Rivkah Schools,2,89,116,128,96,68,
164562,Assumption University,2,479,369,415,572,563,
138901,Atlanta Metropolitan State College,1,250,228,244,350,325,
100858,Auburn University,1,5935,5303,5311,4914,4808,
100830,Auburn University at Montgomery,1,413,407,539,674,626,
173045,Augsburg University,2,684,612,541,563,636,
482149,Augusta University,1,1224,1047,1044,1028,1119,
143084,Augustana College,2,723,593,648,543,678,
219000,Augustana University,2,456,553,467,323,432,
201177,Aultman College of Nursing and Health Sciences,2,43,53,26,36,30,
143118,Aurora University,2,829,672,822,797,814,
222983,Austin College,2,296,330,284,340,378,
222992,Austin Community College District,1,4710,4533,4191,4720,5505,
219602,Austin Peay State University,1,1645,1465,1429,1438,1716,
446048,Ave Maria University,2,318,356,377,297,310,
231420,Averett University,2,285,252,230,270,229,
176628,Avila University,2,381,184,217,151,153,
109785,Azusa Pacific University,2,420,518,634,624,692,
164580,Babson College,2,626,656,650,603,600,
128586,Bais Binyomin Academy,2,24,29,23,22,17,
476601,Bais HaMedrash and Mesivta of Baltimore,2,27,25,30,30,24,
245777,Bais Medrash Elyon,2,8,9,8,4,14,
490513,Bais Medrash Mayan Hatorah,2,16,13,14,13,9,
495031,Bais Medrash of Dexter Park,2,12,15,5,7,,
449658,Bais Medrash Toras Chesed,2,33,33,30,28,27,
168847,Baker College,2,356,323,483,605,690,
154688,Baker University,2,236,232,219,224,245,
109819,Bakersfield College,1,2093,3001,2767,2724,3783,
201195,Baldwin Wallace University,2,732,643,730,659,665,
150136,Ball State University,1,3826,3477,3278,3567,4060,
219639,Baptist Health Sciences University,2,43,38,68,70,94,
223117,Baptist Missionary Association Theological Seminary,2,3,14,15,4,13,
132408,Baptist University of Florida,2,29,25,26,28,28,
444398,Baptist University of the Americas,2,11,12,8,13,11,
155070,Barclay College,2,48,22,18,28,44,
189088,Bard College,2,402,446,473,363,482,
167792,Bard College at Simon's Rock,2,102,94,108,122,149,
189097,Barnard College,2,711,706,769,690,632,
132471,Barry University,2,582,596,716,645,717,
197911,Barton College,2,281,300,262,287,319,
160977,Bates College,2,505,518,553,479,499,
380359,Bay Mills Community College,1,107,78,106,59,95,
164632,Bay Path University,2,125,139,119,146,125,
223232,Baylor University,2,3317,3296,4271,3731,3307,
476717,Be'er Yaakov Talmudic Seminary,2,174,193,153,130,143,
384254,Beacon College,2,126,102,101,81,98,
444413,Beis Medrash Heichal Dovid,2,79,47,54,56,52,
175421,Belhaven University,2,243,262,196,278,198,
156286,Bellarmine University,2,632,546,593,573,617,
234669,Bellevue College,1,1395,1508,2098,1023,1069,
180814,Bellevue University,2,547,448,238,139,124,
238324,Bellin College,2,60,47,43,38,30,
234696,Bellingham Technical College,1,356,346,378,7,15,
197984,Belmont Abbey College,2,400,394,428,394,368,
219709,Belmont University,2,1669,1917,1834,1595,1684,
238333,Beloit College,2,216,232,290,187,259,
173124,Bemidji State University,1,475,452,535,504,631,
217721,Benedict College,2,339,384,582,356,729,
154712,Benedictine College,2,627,593,603,575,524,
145619,Benedictine University,2,354,425,415,403,347,
165884,Benjamin Franklin Cummings Institute of Technology,2,208,178,217,137,209,
197993,Bennett College,2,49,30,27,41,71,
230816,Bennington College,2,215,218,249,141,179,
164739,Bentley University,2,1120,1141,1019,936,944,
156295,Berea College,2,413,352,338,295,413,
108861,Berkeley School of Theology,2,10,12,,,,
164748,Berklee College of Music,2,1502,1627,1707,1248,1311,
139144,Berry College,2,577,634,729,619,577,
485999,Bet Medrash Gadol Ateret Torah,2,31,28,24,20,30,
189273,Beth Hamedrash Shaarei Yosher Institute,2,27,25,24,23,29,
486196,Beth Medrash Meor Yitzchok,2,84,84,75,59,96,
488314,Beth Medrash of Asbury Park,2,18,23,11,10,23,
237181,Bethany College,2,240,183,167,188,189,
154721,Bethany College,2,174,259,256,221,245,
486284,Bethany Global University,2,28,44,67,85,67,
173142,Bethany Lutheran College,2,189,176,199,154,179,
154749,Bethel College-North Newton,2,160,111,150,151,155,
150145,Bethel University,2,226,248,286,275,307,
173160,Bethel University,2,434,448,505,479,586,
219718,Bethel University,2,402,339,522,476,569,
110060,Bethesda University,2,40,25,65,43,68,
132602,Bethune-Cookman University,2,702,965,812,680,560,
139153,Beulah Heights University,2,6,16,7,48,35,
234711,Big Bend Community College,1,368,403,437,269,371,
196079,Binghamton University,1,3095,3107,3089,2896,2912,
110097,Biola University,2,753,706,655,715,907,
100937,Birmingham-Southern College,2,148,244,244,256,332,
200022,Bismarck State College,1,780,780,773,795,817,
219046,Black Hills State University,1,489,481,452,437,521,
143288,Blackburn College,2,86,106,77,116,112,
180054,Blackfeet Community College,2,50,37,32,113,83,
183822,Bloomfield College,2,182,235,277,376,400,
175430,Blue Mountain Christian University,2,109,90,142,111,113,
237215,Bluefield State University,1,216,294,346,215,200,
231554,Bluefield University,2,180,149,116,158,193,
201371,Bluffton University,2,190,162,242,195,231,
217749,Bob Jones University,2,549,583,590,597,655,
142090,Boise Bible College,2,25,28,20,26,15,
142115,Boise State University,1,3122,3174,3203,2870,3027,
490203,Bolivar Technical College,2,9,12,12,17,7,
189413,Boricua College,2,68,49,66,36,91,
164872,Boston Architectural College,2,17,21,17,14,20,
164614,Boston Baptist College,2,4,5,3,8,13,
164924,Boston College,2,2335,2335,2516,2409,2297,
164988,Boston University,2,3145,3635,4011,2914,3156,
161004,Bowdoin College,2,504,508,517,463,498,
162007,Bowie State University,1,991,1188,913,970,821,
201432,Bowling Green State University-Firelands,1,613,522,534,549,542,
201441,Bowling Green State University-Main Campus,1,3114,2937,2760,3081,3389,
143358,Bradley University,2,833,1036,1042,1027,1048,
165015,Brandeis University,2,865,987,941,747,863,
223506,Brazosport College,1,596,742,707,546,649,
139199,Brenau University,2,205,237,177,175,228,
156356,Brescia University,2,149,101,125,156,151,
198066,Brevard College,2,239,175,219,230,252,
139205,Brewton-Parker College,2,244,215,209,226,195,
152992,Briar Cliff University,2,152,174,169,172,136,
497408,Bridges Christian College,2,29,12,,,,
231581,Bridgewater College,2,429,422,398,420,487,
165024,Bridgewater State University,1,1580,1570,1382,1389,1611,
230038,Brigham Young University,2,6067,5565,5413,6310,5731,
230047,Brigham Young University-Hawaii,2,335,340,707,649,524,
142522,Brigham Young University-Idaho,2,4334,4380,4858,4887,5211,
132709,Broward College,1,5267,5200,4973,4485,6620,
217156,Brown University,2,1695,1717,1705,1751,1660,
180878,Bryan College of Health Sciences,2,64,72,56,63,72,
219790,Bryan College-Dayton,2,194,218,232,216,195,
188517,Bryant & Stratton College-Albany,2,39,39,65,46,51,
189583,Bryant & Stratton College-Buffalo,2,84,74,100,98,122,
189592,Bryant & Stratton College-Greece,2,56,38,44,37,44,
480091,Bryant & Stratton College-Online,2,744,686,675,529,451,
201469,Bryant & Stratton College-Parma,2,73,60,82,108,102,
189565,Bryant & Stratton College-Syracuse North,2,54,66,64,66,100,
231785,Bryant & Stratton College-Virginia Beach,2,144,140,114,157,196,
451750,Bryant & Stratton College-Wauwatosa,2,120,129,137,177,196,
217165,Bryant University,2,948,964,671,806,854,
210492,Bryn Athyn College of the New Church,2,75,78,72,53,79,
211273,Bryn Mawr College,2,361,396,422,359,374,
211291,Bucknell University,2,1030,1034,1027,986,964,
153001,Buena Vista University,2,217,236,237,229,230,
209409,Bushnell University,2,83,91,85,87,113,
150163,Butler University,2,1151,1200,1132,1104,1116,
198109,Cabarrus College of Health Sciences,2,24,17,15,18,32,
211352,Cabrini University,2,76,282,302,372,365,
215114,Cairn University-Langhorne,2,260,202,209,215,238,
183910,Caldwell University,2,345,445,349,445,445,
110361,California Baptist University,2,1282,1303,1372,1360,1523,
112570,California College of ASU,2,18,22,69,105,89,
110370,California College of the Arts,2,186,191,209,191,248,
110404,California Institute of Technology,2,266,224,270,225,235,
111081,California Institute of the Arts,2,177,189,204,163,216,
486488,California Jazz Conservatory,2,2,,2,2,1,
110413,California Lutheran University,2,575,602,492,516,647,
110422,California Polytechnic State University-San Luis Obispo,1,5278,5110,4884,4788,4613,
115755,California State Polytechnic University-Humboldt,1,955,961,629,546,823,
110529,California State Polytechnic University-Pomona,1,4311,3655,3463,4323,3694,
111188,California State University Maritime Academy,1,143,145,195,186,190,
110486,California State University-Bakersfield,1,1204,1107,1165,1416,1561,
441937,California State University-Channel Islands,1,568,635,566,632,887,
110538,California State University-Chico,1,2171,2020,1929,2316,2561,
110547,California State University-Dominguez Hills,1,1721,2062,2048,2254,2533,
110574,California State University-East Bay,1,994,896,941,1088,1438,
110556,California State University-Fresno,1,3661,3458,3451,3693,3334,
110565,California State University-Fullerton,1,7070,5280,4219,5425,4778,
110583,California State University-Long Beach,1,5756,5365,4865,4908,5161,
110592,California State University-Los Angeles,1,3614,3892,4095,4000,3287,
409698,California State University-Monterey Bay,1,943,904,779,879,1046,
110608,California State University-Northridge,1,5545,4972,4716,4016,4792,
110617,California State University-Sacramento,1,3884,3915,3581,3761,4160,
110510,California State University-San Bernardino,1,2244,2324,2001,2286,2885,
366711,California State University-San Marcos,1,2625,2551,2413,2255,2245,
110495,California State University-Stanislaus,1,1046,1031,951,1238,1568,
150172,Calumet College of Saint Joseph,2,155,128,112,141,135,
176789,Calvary University,2,27,32,43,20,52,
169080,Calvin University,2,776,660,762,660,790,
165167,Cambridge College,2,5,16,12,23,11,
206914,Cameron University,1,476,475,495,528,615,
198136,Campbell University,2,603,519,563,676,742,
156365,Campbellsville University,2,684,682,681,689,664,
189705,Canisius University,2,424,478,456,414,554,
201548,Capital University,2,413,518,424,512,723,
162061,Capitol Technology University,2,70,47,45,63,76,
173258,Carleton College,2,538,532,555,453,525,
211431,Carlow University,2,226,199,185,211,163,
211440,Carnegie Mellon University,2,1708,1716,1896,1637,1585,
199971,Carolina Christian College,2,19,6,32,34,13,
461032,Carolina College of Biblical Studies,2,6,2,1,5,,
489937,Carolina University,2,119,84,95,75,60,
433174,Carolinas College of Health Sciences,1,22,7,6,15,8,
180106,Carroll College,2,273,296,280,270,312,
238458,Carroll University,2,618,674,678,693,793,
219806,Carson-Newman University,2,367,301,395,383,557,
238476,Carthage College,2,778,732,763,724,687,
111638,Casa Loma College-Los Angeles,2,67,12,9,5,6,
439190,Cascadia College,1,243,273,297,387,360,
201645,Case Western Reserve University,2,1544,1553,1606,1305,1357,
198215,Catawba College,2,304,298,264,333,342,
475398,Catholic Distance University,2,22,5,4,5,3,
439367,CBD College,2,51,55,31,32,181,
211468,Cedar Crest College,2,155,133,168,183,205,
201654,Cedarville University,2,1017,1140,972,918,995,
158477,Centenary College of Louisiana,2,255,173,134,153,172,
183974,Centenary University,2,178,190,247,234,205,
232618,Centra College,2,,3,3,4,12,
106713,Central Baptist College,2,104,103,138,121,105,
154855,Central Christian College of Kansas,2,81,112,100,117,88,
176910,Central Christian College of the Bible,2,20,12,17,33,49,
153108,Central College,2,274,351,340,325,337,
128771,Central Connecticut State University,1,1441,1256,1093,1198,1377,
445267,Central Methodist University-College of Graduate and Extended Studies,2,218,5,4,4,3,
176947,Central Methodist University-College of Liberal Arts and Sciences,2,228,294,340,346,321,
169248,Central Michigan University,1,2044,2019,1910,2088,2473,
201672,Central Ohio Technical College,1,306,284,284,314,396,
201690,Central State University,1,574,614,804,473,625,
234827,Central Washington University,1,1568,1567,1371,1522,2172,
240514,Central Wyoming College,1,287,263,233,264,302,
189857,Central Yeshiva Tomchei Tmimim Lubavitz,2,156,120,80,79,96,
234845,Centralia College,1,433,472,346,309,389,
156408,Centre College,2,361,400,377,352,355,
180948,Chadron State College,1,322,319,404,377,399,
141486,Chaminade University of Honolulu,2,376,303,290,276,283,
492069,Champion Christian College,2,31,26,15,20,35,
230852,Champlain College,2,546,580,440,429,524,
111948,Chapman University,2,1806,2076,1658,1586,1768,
111966,Charles R Drew University of Medicine and Science,2,7,14,16,30,13,
217688,Charleston Southern University,2,725,727,690,604,579,
444778,Charlotte Christian College and Theological Seminary,2,2,1,2,,,
128780,Charter Oak State College,1,26,17,28,43,47,
211556,Chatham University,2,332,306,365,260,315,
208390,Chemeketa Community College,1,1814,1954,1865,1720,2081,
211583,Chestnut Hill College,2,180,144,188,202,215,
211608,Cheyney University of Pennsylvania,1,227,196,209,218,213,
144005,Chicago State University,1,222,173,168,163,191,
133021,Chipola College,1,375,390,376,384,416,
198303,Chowan University,2,161,215,209,238,400,
494630,Christ Mission College,2,8,7,8,9,16,
219833,Christian Brothers University,2,200,175,271,283,340,
231712,Christopher Newport University,1,1163,1161,1012,1155,1238,
201928,Cincinnati State Technical and Community College,1,877,846,835,822,792,
217864,Citadel Military College of South Carolina,1,661,678,566,582,646,
234915,City University of Seattle,2,23,26,102,72,19,
457697,City Vision University,2,24,25,12,12,10,
217873,Claflin University,2,457,384,305,501,460,
112260,Claremont McKenna College,2,321,322,358,315,328,
138947,Clark Atlanta University,2,1069,1157,1123,786,814,
234933,Clark College,1,1341,1618,1383,1194,2395,
201973,Clark State College,1,402,580,407,497,532,
165334,Clark University,2,629,703,505,480,665,
153126,Clarke University,2,199,193,183,146,134,
211024,Clarks Summit University,2,66,68,86,93,105,
180832,Clarkson College,2,36,37,27,39,27,
190044,Clarkson University,2,608,596,740,691,790,
139311,Clayton  State University,1,500,579,671,795,597,
156417,Clear Creek Baptist Bible College,2,12,8,9,7,18,
169327,Cleary University,2,85,103,200,120,92,
217882,Clemson University,1,4494,4588,4593,4199,3932,
202046,Cleveland Institute of Art,2,122,154,138,149,155,
202073,Cleveland Institute of Music,2,44,41,45,54,54,
202134,Cleveland State University,1,1592,1726,1869,1799,1968,
177038,Cleveland University-Kansas City,2,3,6,8,4,1,
217891,Clinton College,2,48,55,33,30,64,
234951,Clover Park Technical College,1,543,354,91,226,340,
218724,Coastal Carolina University,1,2775,2662,2519,2056,2304,
153144,Coe College,2,359,363,397,392,379,
217907,Coker University,2,172,188,213,244,266,
161086,Colby College,2,605,673,667,566,522,
182634,Colby-Sawyer College,2,174,186,250,234,264,
190099,Colgate University,2,807,812,887,765,786,
169442,College for Creative Studies,2,262,260,277,334,293,
388520,College of Biblical Studies-Houston,2,35,59,117,103,45,
132851,College of Central Florida,1,1116,1152,914,1031,1297,
217819,College of Charleston,1,2637,2210,2473,2052,2051,
139250,College of Coastal Georgia,1,710,751,604,639,671,
413617,College of Menominee Nation,2,26,36,20,26,29,
167394,College of Our Lady of the Elms,2,196,145,184,124,180,
174747,College of Saint Benedict,2,379,324,389,400,438,
181604,College of Saint Mary,2,89,88,94,95,105,
142559,College of Southern Idaho,1,1080,1004,1054,1015,998,
182005,College of Southern Nevada,1,5859,5056,4862,4200,5539,
190558,College of Staten Island CUNY,1,2227,1911,2241,2516,2361,
160959,College of the Atlantic,2,81,96,93,83,105,
166124,College of the Holy Cross,2,823,902,819,733,829,
226408,College of the Mainland,1,813,881,652,540,627,
178697,College of the Ozarks,2,256,358,293,304,255,
493822,College Unbound,2,20,9,17,8,4,
247834,Collin County Community College District,1,5718,5652,5258,5246,5564,
126669,Colorado Christian University,2,704,826,822,680,580,
126678,Colorado College,2,517,534,619,538,535,
127556,Colorado Mesa University,1,1806,1752,1855,1970,2108,
126711,Colorado Mountain College,1,399,407,408,406,490,
126775,Colorado School of Mines,1,1445,1512,1449,1163,1282,
476975,Colorado State University Global,1,299,91,99,85,141,
128106,Colorado State University Pueblo,1,678,653,606,567,634,
126818,Colorado State University-Fort Collins,1,5293,5528,5044,4455,5131,
234979,Columbia Basin College,1,1248,1355,1022,1143,1157,
217934,Columbia College,2,204,190,207,132,176,
177065,Columbia College,2,601,569,485,516,601,
144281,Columbia College Chicago,2,1608,1606,1696,1826,1748,
217925,Columbia International University,2,116,179,215,154,132,
190150,Columbia University in the City of New York,2,1540,1540,1641,1521,1465,
202170,Columbus College of Art & Design,2,189,225,192,223,268,
139366,Columbus State University,1,1067,1029,1205,1387,1052,
498562,Commonwealth University of Pennsylvania,1,2441,2184,,,,
126942,Community College of Denver,1,1294,1229,1137,1153,1493,
177083,Conception Seminary College,2,8,4,3,3,4,
237330,Concord University,1,443,370,395,383,372,
173300,Concordia College at Moorhead,2,438,444,473,498,517,
169363,Concordia University Ann Arbor,2,298,224,237,253,223,
224004,Concordia University Texas,2,232,185,201,220,235,
144351,Concordia University-Chicago,2,327,267,339,274,351,
112075,Concordia University-Irvine,2,290,344,341,311,342,
180984,Concordia University-Nebraska,2,381,335,315,329,291,
173328,Concordia University-Saint Paul,2,377,302,288,396,351,
238616,Concordia University-Wisconsin,2,452,421,497,533,578,
493600,Congregation Talmidei Mesivta Tiferes Shmiel Aleksander,2,50,58,51,42,53,
128902,Connecticut College,2,555,630,492,434,508,
217961,Converse University,2,225,225,296,173,188,
162283,Coppin State University,1,407,347,177,301,440,
210331,Corban University,2,140,152,177,208,206,
153162,Cornell College,2,298,329,366,290,270,
190415,Cornell University,2,3537,3491,3718,3249,3189,
170037,Cornerstone University,2,305,293,376,283,304,
235024,Cornish College of the Arts,2,163,124,98,96,132,
177117,Cottey College,2,66,96,129,103,92,
139393,Covenant College,2,246,239,266,208,219,
176770,Cox College,2,10,,4,6,2,
181002,Creighton University,2,1045,1028,1138,1015,1076,
475608,Criswell College,2,18,19,13,20,26,
106810,Crowley's Ridge College,2,39,54,52,55,42,
174862,Crown College,2,205,207,164,159,132,
190503,Culinary Institute of America,2,680,674,720,570,610,
177144,Culver-Stockton College,2,250,263,242,255,256,
219949,Cumberland University,2,672,630,590,633,698,
190512,CUNY Bernard M Baruch College,1,2614,2587,2532,2055,2268,
190549,CUNY Brooklyn College,1,1519,1689,1554,2147,1894,
190567,CUNY City College,1,2666,2734,2565,2023,2092,
190576,CUNY Graduate School and University Center,1,16,5,,4,7,
190594,CUNY Hunter College,1,3175,3140,3321,2616,2547,
190600,CUNY John Jay College of Criminal Justice,1,2033,1871,1770,1692,2056,
190637,CUNY Lehman College,1,1390,1484,1582,1327,942,
190646,CUNY Medgar Evers College,1,757,601,634,859,886,
190655,CUNY New York City College of Technology,1,3375,3028,2590,2898,3466,
190664,CUNY Queens College,1,2082,2334,2100,2228,2266,
190691,CUNY York College,1,684,777,898,849,1122,
165529,Curry College,2,524,490,516,519,576,
211893,Curtis Institute of Music,2,25,33,10,13,22,
113236,Cypress College,1,2775,2525,2177,2351,2510,
190716,D'Youville  University,2,242,286,246,262,217,
190725,Daemen University,2,375,358,375,345,412,
219082,Dakota State University,1,392,372,366,388,425,
219091,Dakota Wesleyan University,2,184,175,169,176,163,
224226,Dallas Baptist University,2,579,821,686,616,572,
224244,Dallas Christian College,2,89,79,111,50,34,
224615,Dallas College,1,8166,7257,6694,8091,1239,
139463,Dalton State College,1,1088,911,837,852,927,
182670,Dartmouth College,2,1206,1124,1221,1057,1190,
169479,Davenport University,2,588,540,521,633,670,
198385,Davidson College,2,519,542,547,520,527,
237358,Davis & Elkins College,2,237,180,170,160,213,
194569,Davis College,2,3,4,2,1,,
133386,Daytona State College,1,1582,1573,1656,1495,1941,
165574,Dean College,2,339,343,320,303,438,
202514,Defiance College,2,134,149,160,217,181,
224350,Del Mar College,1,849,838,794,723,1156,
130934,Delaware State University,1,1405,1431,1023,1001,1142,
130907,Delaware Technical Community College-Terry,1,2516,2273,2586,2590,2946,
211981,Delaware Valley University,2,485,438,378,421,377,
175616,Delta State University,1,218,217,264,192,290,
202523,Denison University,2,636,683,654,605,625,
144740,DePaul University,2,2943,2968,2838,2774,2627,
150400,DePauw University,2,499,535,500,382,423,
210739,DeSales University,2,444,509,516,483,500,
212009,Dickinson College,2,525,577,677,490,453,
200059,Dickinson State University,1,228,242,269,244,202,
158802,Dillard University,2,248,334,309,311,313,
105297,Dine College,1,140,164,89,105,189,
153241,Divine Word College,2,3,,3,1,,
181020,Doane University,2,246,240,237,268,319,
148496,Dominican University,2,651,600,462,465,419,
190761,Dominican University New York,2,299,214,176,234,293,
113698,Dominican University of California,2,250,217,245,267,330,
155007,Donnelly College,2,48,54,53,93,59,
153250,Dordt University,2,461,444,427,397,387,
153269,Drake University,2,638,733,787,738,782,
184348,Drew University,2,404,309,359,343,400,
212054,Drexel University,2,2882,2938,2854,2339,3178,
177214,Drury University,2,336,403,320,324,342,
492801,Drury University-College of Continuing Professional Studies,2,68,43,62,43,88,
198419,Duke University,2,1741,1745,1744,1580,1731,
175227,Dunwoody College of Technology,2,376,323,297,272,259,
212106,Duquesne University,2,1477,1441,1233,1195,1302,
150455,Earlham College,2,202,173,171,147,172,
198464,East Carolina University,1,3941,3788,4100,4142,4364,
207041,East Central University,1,370,501,438,458,494,
139621,East Georgia State College,1,557,697,674,701,1074,
212115,East Stroudsburg University of Pennsylvania,1,1399,1153,679,952,1126,
220075,East Tennessee State University,1,2141,2056,1856,1651,1786,
224527,East Texas Baptist University,2,376,391,405,403,350,
144883,East-West University,2,194,241,265,150,190,
129215,Eastern Connecticut State University,1,614,716,784,841,874,
132693,Eastern Florida State College,1,2141,1845,1802,1963,2262,
144892,Eastern Illinois University,1,819,876,778,902,925,
156620,Eastern Kentucky University,1,2782,2737,2493,2271,2349,
232043,Eastern Mennonite University,2,187,203,208,218,204,
169798,Eastern Michigan University,1,1898,2017,2312,1922,2152,
165644,Eastern Nazarene College,2,82,73,97,123,131,
187648,Eastern New Mexico University-Main Campus,1,490,424,348,439,558,
208646,Eastern Oregon University,1,267,252,267,309,330,
212133,Eastern University,2,503,463,339,372,357,
235097,Eastern Washington University,1,1354,1368,1305,1536,1826,
446233,Ecclesia College,2,33,35,25,53,61,
133492,Eckerd College,2,537,544,650,487,539,
238661,Edgewood College,2,219,241,257,289,239,
235103,Edmonds College,1,638,720,549,473,419,
133526,Edward Waters University,2,313,320,323,241,218,
488305,Elim Bible Institute and College,2,15,25,18,26,25,
198507,Elizabeth City State University,1,347,350,324,364,385,
212197,Elizabethtown College,2,529,463,434,405,377,
144962,Elmhurst University,2,607,617,531,478,522,
190983,Elmira College,2,163,172,152,173,217,
198516,Elon University,2,1677,1692,1591,1587,1659,
133553,Embry-Riddle Aeronautical University-Daytona Beach,2,1931,1839,1862,1499,1710,
104586,Embry-Riddle Aeronautical University-Prescott,2,833,756,749,743,754,
426314,Embry-Riddle Aeronautical University-Worldwide,2,678,516,518,563,470,
165662,Emerson College,2,997,1002,1058,939,942,
165671,Emmanuel College,2,537,568,445,419,582,
139630,Emmanuel University,2,204,188,246,221,248,
153302,Emmaus Bible College,2,52,43,48,44,52,
232025,Emory & Henry University,2,339,347,390,235,271,
139658,Emory University,2,1426,1424,1494,1344,1374,
196264,Empire State University,1,169,190,151,147,179,
155025,Emporia State University,1,409,537,481,565,680,
165699,Endicott College,2,896,871,799,777,848,
230418,Ensign College,2,3065,2101,1215,417,461,
124487,Epic Bible College & Graduate School,2,1,2,3,7,7,
217998,Erskine College,2,301,273,307,302,434,
144971,Eureka College,2,129,151,119,132,109,
177339,Evangel University,2,330,343,348,358,443,
497824,Evangel University-College of Online Learning,2,5,11,,,,
235149,Everett Community College,1,1211,1250,1495,1068,1039,
385619,Everglades University,2,388,280,258,762,620,
129242,Fairfield University,2,1436,1328,1256,1118,1176,
184694,Fairleigh Dickinson University-Florham Campus,2,512,467,488,561,579,
184603,Fairleigh Dickinson University-Metropolitan Campus,2,606,531,463,551,555,
237367,Fairmont State University,1,674,701,655,800,777,
153320,Faith Baptist Bible College and Theological Seminary,2,126,111,84,95,83,
443049,Faith International University,2,14,14,5,10,3,
443058,Family of Faith Christian University,2,3,4,2,3,3,
196042,Farmingdale State College,1,1676,1576,1619,1568,1482,
191126,Fashion Institute of Technology,1,1322,1343,1262,1290,1403,
101189,Faulkner University,2,249,225,213,288,276,
198543,Fayetteville State University,1,807,786,632,736,678,
114433,Feather River Community College District,1,261,291,271,262,302,
184612,Felician University,2,350,265,306,419,382,
169910,Ferris State University,1,1616,1746,1408,1544,1892,
232089,Ferrum College,2,239,238,216,293,355,
165802,Fisher College,2,205,194,197,188,174,
220181,Fisk University,2,320,304,295,251,327,
165820,Fitchburg State University,1,611,486,567,661,673,
133711,Flagler College,2,658,761,742,595,640,
133650,Florida Agricultural and Mechanical University,1,1397,1539,1167,1040,1340,
133669,Florida Atlantic University,1,4417,4371,3925,4252,3283,
133809,Florida College,2,196,172,192,171,205,
135160,Florida Gateway College,1,629,528,493,507,612,
433660,Florida Gulf Coast University,1,2771,2787,3125,2595,2774,
133881,Florida Institute of Technology,2,882,778,756,689,668,
480569,Florida Institute of Technology-Online,2,32,40,49,53,34,
133951,Florida International University,1,5169,4424,4061,3763,3998,
133979,Florida Memorial University,2,459,465,336,305,325,
482936,Florida Polytechnic University,1,403,450,532,308,277,
134079,Florida Southern College,2,640,754,792,675,685,
133508,Florida SouthWestern State College,1,2888,2874,2877,2830,3302,
133702,Florida State College at Jacksonville,1,2552,2322,2307,2315,2768,
134097,Florida State University,1,5889,6030,7617,6006,7106,
380368,Fond du Lac Tribal and Community College,1,94,103,83,80,113,
177418,Fontbonne University,2,160,183,113,174,184,
114716,Foothill College,1,2045,1641,1310,1496,1812,
191241,Fordham University,2,2426,2594,2879,2086,2270,
155061,Fort Hays State University,1,886,825,955,912,986,
127185,Fort Lewis College,1,812,849,959,813,760,
139719,Fort Valley State University,1,728,552,756,1002,388,
165866,Framingham State University,1,499,490,580,615,776,
218061,Francis Marion University,1,632,612,699,727,716,
160074,Franciscan Missionaries of Our Lady University,2,66,73,97,91,78,
205957,Franciscan University of Steubenville,2,674,663,588,585,494,
212577,Franklin and Marshall College,2,553,487,509,553,627,
150604,Franklin College,2,256,246,255,293,270,
182795,Franklin Pierce University,2,268,319,271,391,416,
202806,Franklin University,2,231,173,266,54,433,
441982,Franklin W Olin College of Engineering,2,98,75,91,84,85,
220215,Freed-Hardeman University,2,269,331,371,350,327,
114813,Fresno Pacific University,2,211,157,200,195,177,
155089,Friends University,2,248,265,283,212,177,
127200,Front Range Community College,1,2300,2116,2287,2658,2486,
162584,Frostburg State University,1,613,498,587,628,740,
218070,Furman University,2,620,647,653,514,648,
131450,Gallaudet University,2,149,161,152,152,183,
224961,Galveston College,1,322,290,267,286,353,
212601,Gannon University,2,619,641,644,634,734,
198561,Gardner-Webb University,2,411,403,447,471,402,
105145,GateWay Community College,1,457,492,446,640,583,
456542,Geisinger Commonwealth School of Medicine,2,33,,,,,
212656,Geneva College,2,262,276,245,275,314,
208822,George Fox University,2,603,626,647,471,603,
232186,George Mason University,1,4450,4144,3986,3561,3763,
131469,George Washington University,2,2539,2941,2571,1978,2619,
156745,Georgetown College,2,307,356,481,426,314,
131496,Georgetown University,2,1599,1576,1585,1584,1582,
139861,Georgia College & State University,1,1816,1364,1507,1363,1481,
447689,Georgia Gwinnett College,1,2713,2317,2195,2308,2800,
139700,Georgia Highlands College,1,931,990,971,1051,1374,
139755,Georgia Institute of Technology-Main Campus,1,3763,3647,3471,3260,3076,
485111,Georgia Military College,1,809,897,936,1053,1339,
139931,Georgia Southern University,1,4746,4357,5571,5341,4253,
139764,Georgia Southwestern State University,1,533,485,385,477,392,
139940,Georgia State University,1,4569,5479,6058,5518,5064,
184773,Georgian Court University,2,232,204,208,201,197,
212674,Gettysburg College,2,604,644,623,640,681,
104708,Glendale Community College,1,2287,2094,1892,1589,2382,
237385,Glenville State University,1,305,322,356,359,353,
230889,Goddard College,2,4,10,6,18,8,
202903,Gods Bible School and College,2,62,71,48,48,56,
115083,Golden Gate University,2,,,,,,
130989,Goldey-Beacom College,2,153,103,128,144,163,
235316,Gonzaga University,2,1254,1217,1311,1052,1248,
202912,Good Samaritan College of Nursing and Health Science,2,32,19,23,26,8,
129154,Goodwin University,2,439,385,321,309,339,
165936,Gordon College,2,327,315,317,377,358,
139968,Gordon State College,1,727,851,584,660,885,
150668,Goshen College,2,157,166,183,200,160,
162654,Goucher College,2,261,269,264,232,340,
145336,Governors State University,1,274,316,194,211,232,
170000,Grace Christian University,2,89,112,105,78,126,
150677,Grace College and Theological Seminary,2,452,445,437,424,363,
481058,Grace Mission University,2,6,9,7,2,72,
481401,Grace School of Theology,2,12,19,32,14,19,
153366,Graceland University-Lamoni,2,238,202,249,211,193,
159009,Grambling State University,1,954,861,750,1241,874,
170082,Grand Valley State University,1,4836,3875,3807,3786,4236,
153375,Grand View University,2,337,331,291,294,332,
235334,Grays Harbor College,1,256,307,214,159,274,
225070,Grayson College,1,637,540,574,514,784,
182306,Great Basin College,1,257,267,301,261,404,
170091,Great Lakes Christian College,2,48,43,34,41,40,
497213,Great Northern University,2,9,6,1,,,
235343,Green River College,1,1041,1042,1291,849,956,
198598,Greensboro College,2,208,183,162,133,181,
218113,Greenville Technical College,1,1380,1988,1709,1601,1955,
145372,Greenville University,2,210,230,206,157,226,
153384,Grinnell College,2,457,437,471,365,459,
198613,Guilford College,2,365,369,247,372,380,
134343,Gulf Coast State College,1,842,816,853,767,855,
173647,Gustavus Adolphus College,2,499,463,551,587,642,
212832,Gwynedd Mercy University,2,184,143,176,197,240,
225201,Hallmark University,2,104,146,141,195,124,
191515,Hamilton College,2,462,478,533,438,473,
173665,Hamline University,2,395,477,467,455,547,
232256,Hampden-Sydney College,2,240,279,222,219,228,
166018,Hampshire College,2,259,228,130,67,19,
232265,Hampton University,2,1206,867,615,631,926,
177542,Hannibal-LaGrange University,2,78,70,130,131,125,
150756,Hanover College,2,264,280,276,270,290,
225247,Hardin-Simmons University,2,356,350,388,454,479,
107044,Harding University,2,864,804,748,747,808,
177551,Harris-Stowe State University,1,260,235,209,191,381,
446640,Harrisburg University of Science and Technology,2,145,139,158,193,223,
191533,Hartwick College,2,360,340,360,389,376,
166027,Harvard University,2,1644,1644,1949,1404,1646,
115409,Harvey Mudd College,2,224,237,225,207,224,
155140,Haskell Indian Nations University,1,223,205,167,146,181,
181127,Hastings College,2,323,264,294,290,316,
111045,Haven University,2,,2,2,3,1,
212911,Haverford College,2,373,362,411,334,363,
141644,Hawaii Pacific University,2,543,582,790,522,484,
145497,Hebrew Theological College,2,19,3,4,8,7,
203085,Heidelberg University,2,286,240,266,322,332,
191597,Helene Fuld College of Nursing,2,3,2,11,,,
166054,Hellenic College-Holy Cross Greek Orthodox School of Theology,2,14,4,3,10,13,
107071,Henderson State University,1,306,413,418,563,791,
107080,Hendrix College,2,275,363,315,310,284,
170240,Henry Ford College,1,2187,1982,2175,2043,2581,
198677,Heritage Bible College,2,2,5,5,1,,
101453,Heritage Christian University,2,6,3,3,2,1,
235422,Heritage University,2,135,152,125,101,123,
200785,Herzing University-Akron,2,87,74,78,96,79,
140340,Herzing University-Atlanta,2,44,59,47,64,50,
101365,Herzing University-Birmingham,2,83,99,116,102,41,
459851,Herzing University-Brookfield,2,47,40,37,77,48,
459842,Herzing University-Kenosha,2,39,60,47,54,10,
240392,Herzing University-Madison,2,330,283,283,181,78,
174154,Herzing University-Minneapolis,2,115,136,106,78,10,
499149,Herzing University-Nashville,2,21,,,,,
433536,Herzing University-New Orleans,2,27,39,22,41,22,
386472,Herzing University-Orlando,2,78,114,92,77,17,
496973,Herzing University-Tampa,2,27,31,18,,,
155177,Hesston College,2,109,108,115,125,130,
198695,High Point University,2,1468,1501,1441,1387,1400,
235431,Highline College,1,715,841,655,626,677,
191621,Hilbert College,2,250,280,155,196,160,
134495,Hillsborough Community College,1,4869,4864,4446,4083,5231,
203128,Hiram College,2,231,192,236,232,228,
191630,Hobart William Smith Colleges,2,462,438,367,391,458,
134510,Hobe Sound Bible College,2,28,38,35,25,31,
367884,Hodges University,2,10,31,23,44,72,
191649,Hofstra University,2,1593,1710,1659,1390,1523,
232308,Hollins University,2,192,210,231,203,185,
129534,Holy Apostles College and Seminary,2,20,17,36,17,15,
150774,Holy Cross College,2,247,186,214,198,189,
212984,Holy Family University,2,469,339,355,362,344,
457086,Homestead Schools,2,3,5,3,,8,
162760,Hood College,2,303,297,324,293,320,
170301,Hope College,2,834,955,847,788,727,
120537,Hope International University,2,88,90,98,93,109,
457226,Horizon University,2,20,5,6,6,8,
191676,Houghton University,2,234,175,210,195,270,
225399,Houston Christian University,2,729,732,802,668,727,
225423,Houston Community College,1,8159,7883,7023,5933,8342,
225548,Howard Payne University,2,209,216,235,213,249,
131520,Howard University,2,2268,2493,2768,2360,1925,
164368,Hult International Business School,2,157,180,155,143,192,
115773,Humphreys University-Stockton and Modesto Campuses,2,4,5,4,9,7,
101435,Huntingdon College,2,309,258,250,219,256,
150941,Huntington University,2,268,272,251,253,238,
449348,Huntsville Bible College,2,10,4,9,5,9,
487524,Husson University,2,586,591,596,536,591,
225575,Huston-Tillotson University,2,177,186,150,169,204,
142276,Idaho State University,1,1759,1398,1490,1347,1458,
434584,Ilisagvik College,1,39,36,33,16,21,
145691,Illinois College,2,253,233,249,294,323,
145725,Illinois Institute of Technology,2,534,620,505,518,583,
145813,Illinois State University,1,4147,3983,3374,3353,3860,
145646,Illinois Wesleyan University,2,441,382,433,441,409,
213011,Immaculata University,2,281,207,290,239,259,
495280,Indian Bible College,2,4,3,2,2,,
134608,Indian River State College,1,3158,3159,2090,1836,2577,
151290,Indiana Institute of Technology,2,443,444,446,456,435,
492962,Indiana Institute of Technology-College of Professional Studies,2,516,444,371,411,286,
151324,Indiana State University,1,1568,1535,1430,1775,1892,
213020,Indiana University of Pennsylvania-Main Campus,1,2025,1761,1703,1881,1921,
151351,Indiana University-Bloomington,1,9550,9736,9482,7928,8291,
151388,Indiana University-East,1,336,349,329,385,451,
151111,Indiana University-Indianapolis,1,3283,3523,3496,3811,4295,
151333,Indiana University-Kokomo,1,482,517,587,629,637,
151360,Indiana University-Northwest,1,470,420,482,663,686,
151342,Indiana University-South Bend,1,886,771,697,805,854,
151379,Indiana University-Southeast,1,645,606,588,800,948,
151801,Indiana Wesleyan University-Marion,2,500,580,565,567,670,
488679,Indiana Wesleyan University-National & Global,2,1004,759,621,702,798,
187745,Institute of American Indian and Alaska Native Culture and Arts Development,1,58,61,46,42,71,
436614,International Baptist College and Seminary,2,11,10,10,6,9,
191931,Iona University,2,803,809,697,743,641,
153603,Iowa State University,1,5859,5728,5387,5070,5597,
191968,Ithaca College,2,1197,1311,1166,992,1509,
170444,Jackson College,1,632,517,695,608,715,
175856,Jackson State University,1,978,1132,793,623,854,
101480,Jacksonville State University,1,1815,1941,1818,1313,1493,
134945,Jacksonville University,2,755,705,635,686,657,
203678,James A. Rhodes State College,1,436,320,288,327,395,
232423,James Madison University,1,4922,4863,4767,4505,4456,
225885,Jarvis Christian University,2,151,168,119,104,202,
192040,Jewish Theological Seminary of America,2,47,40,44,33,38,
107141,John Brown University,2,384,306,333,315,319,
203368,John Carroll University,2,556,566,586,631,725,
462354,John Paul the Great Catholic University,2,75,117,112,68,74,
162928,Johns Hopkins University,2,1418,1406,1420,1405,1475,
445708,Johnson & Wales University-Charlotte,2,432,389,421,483,428,
460349,Johnson & Wales University-Online,2,155,175,79,43,19,
217235,Johnson & Wales University-Providence,2,1056,979,1148,1219,1494,
198756,Johnson C Smith University,2,283,266,245,237,328,
220473,Johnson University,2,181,163,149,160,145,
132879,Johnson University Florida,2,22,33,33,38,56,
146339,Judson University,2,178,175,188,155,189,
213251,Juniata College,2,390,296,332,328,398,
170532,Kalamazoo College,2,370,372,382,384,395,
155308,Kansas Christian College,2,16,37,31,44,49,
177746,Kansas City Art Institute,2,240,187,206,185,183,
155399,Kansas State University,1,3187,2909,2848,2986,3202,
155414,Kansas Wesleyan University,2,263,234,254,191,141,
185262,Kean University,1,1968,1968,1502,1702,1770,
183062,Keene State College,1,728,709,749,737,843,
192165,Kehilath Yakov Rabbinical Seminary,2,52,51,52,44,43,
135081,Keiser University-Ft Lauderdale,2,1958,1813,2129,2304,2026,
486840,Kennesaw State University,1,8234,7024,8628,8018,6533,
203447,Kent State University at Ashtabula,1,120,112,119,164,185,
203456,Kent State University at East Liverpool,1,32,22,35,34,50,
203526,Kent State University at Geauga,1,211,239,263,256,239,
203517,Kent State University at Kent,1,4278,4281,4050,3870,4307,
203492,Kent State University at Salem,1,136,96,123,120,178,
203465,Kent State University at Stark,1,368,374,432,528,539,
203474,Kent State University at Trumbull,1,170,175,216,281,215,
203483,Kent State University at Tuscarawas,1,204,203,227,259,297,
157100,Kentucky Christian University,2,166,114,189,155,215,
157030,Kentucky Mountain Bible College,2,12,16,14,11,15,
157058,Kentucky State University,1,344,367,476,568,525,
157076,Kentucky Wesleyan College,2,234,222,205,239,245,
203535,Kenyon College,2,455,531,508,446,487,
461847,Keser Torah-Mayan Hatalmud,2,5,13,15,8,7,
203544,Kettering College,2,35,98,78,71,72,
169983,Kettering University,2,228,294,305,340,346,
192192,Keuka College,2,229,211,230,300,299,
213303,Keystone College,2,191,199,216,232,343,
220516,King University,2,166,152,185,158,202,
213321,King's College,2,396,369,418,487,560,
146427,Knox College,2,249,249,270,274,320,
213349,Kutztown University of Pennsylvania,1,1594,1599,1490,1532,1398,
171881,Kuyper College,2,37,7,13,24,18,
213358,La Roche University,2,172,128,151,196,205,
213367,La Salle University,2,465,557,483,582,793,
117627,La Sierra University,2,258,329,284,282,343,
165264,Laboure College of Healthcare,2,6,5,1,9,,
260372,Lac Courte Oreilles Ojibwe University,1,35,26,44,34,79,
213376,Lackawanna College,2,444,441,430,466,469,
213385,Lafayette College,2,697,757,782,606,698,
140234,LaGrange College,2,183,220,130,175,250,
117168,Laguna College of Art and Design,2,135,116,123,113,139,
203580,Lake Erie College,2,187,225,187,172,207,
146481,Lake Forest College,2,425,445,417,388,379,
170639,Lake Superior State University,1,254,273,373,334,320,
235699,Lake Washington Institute of Technology,1,446,368,180,217,186,
135188,Lake-Sumter State College,1,979,867,786,896,1002,
238980,Lakeland University,2,206,229,164,198,213,
496706,Lakewood University,2,14,15,7,,,
226091,Lamar University,1,1555,1482,1569,1472,1297,
213400,Lancaster Bible College,2,179,186,152,164,171,
218229,Lander University,1,846,842,899,861,943,
247649,Landmark College,2,102,111,98,85,95,
220598,Lane College,2,210,314,299,301,405,
207209,Langston University,1,489,550,574,656,674,
240620,Laramie County Community College,1,734,644,668,542,676,
226134,Laredo College,1,1596,1391,1265,1185,1775,
166391,Lasell University,2,314,314,304,329,454,
117283,Latin American Bible Institute,2,18,8,6,9,,
170675,Lawrence Technological University,2,312,427,475,371,361,
239017,Lawrence University,2,336,364,402,377,386,
192323,Le Moyne College,2,607,604,613,637,654,
220604,Le Moyne-Owen College,2,159,121,75,58,150,
213507,Lebanon Valley College,2,480,428,474,413,478,
220613,Lee University,2,553,517,620,685,792,
198808,Lees-McRae College,2,199,212,247,195,174,
213543,Lehigh University,2,1531,1511,1519,1370,1406,
198835,Lenoir-Rhyne University,2,377,395,383,457,481,
166452,Lesley University,2,187,240,280,320,320,
226231,LeTourneau University,2,343,314,328,355,362,
209056,Lewis & Clark College,2,553,626,677,512,507,
146612,Lewis University,2,620,605,567,610,639,
142328,Lewis-Clark State College,1,438,496,464,481,516,
232557,Liberty University,2,6419,6114,5461,5261,5280,
117104,Life Pacific University,2,74,74,76,77,77,
140252,Life University,2,205,168,173,183,164,
218238,Limestone University,2,348,334,286,324,353,
146667,Lincoln Christian University,2,2,2,81,61,60,
220631,Lincoln Memorial University,2,368,327,289,229,267,
213598,Lincoln University,1,551,401,477,447,445,
177940,Lincoln University,1,348,350,297,355,397,
177968,Lindenwood University,2,891,886,730,680,798,
157216,Lindsey Wilson College,2,435,427,441,471,526,
209065,Linfield University,2,345,379,315,392,459,
219976,Lipscomb University,2,711,699,663,692,615,
198862,Livingstone College,2,269,217,204,208,344,
177986,Logan University,2,13,15,19,18,16,
227182,Lone Star College System,1,10694,10339,11294,9702,12296,
192448,Long Island University,2,1120,1107,1198,1155,1280,
232566,Longwood University,1,793,794,718,819,799,
166489,Longy School of Music of Bard College,2,12,8,11,9,9,
203748,Lorain County Community College,1,1224,1209,1202,1322,1399,
153825,Loras College,2,257,286,296,294,326,
474863,Los Angeles Pacific University,2,21,12,31,29,34,
159568,Louisiana Christian University,2,220,177,261,238,257,
159391,Louisiana State University and Agricultural & Mechanical College,1,7521,7401,7045,6701,6132,
159382,Louisiana State University-Alexandria,1,482,414,410,480,472,
159416,Louisiana State University-Shreveport,1,285,306,306,339,338,
159647,Louisiana Tech University,1,2263,1772,1871,1863,2050,
203757,Lourdes University,2,149,170,177,182,208,
235750,Lower Columbia College,1,433,515,397,387,333,
117946,Loyola Marymount University,2,1535,1608,1610,1468,1467,
146719,Loyola University Chicago,2,3132,3099,2867,2129,2630,
163046,Loyola University Maryland,2,1112,1271,954,1008,1081,
159656,Loyola University New Orleans,2,695,797,928,767,830,
226383,Lubbock Christian University,2,284,279,310,280,282,
153834,Luther College,2,352,400,419,453,527,
135364,Luther Rice College & Seminary,2,9,17,7,,5,
213668,Lycoming College,2,293,296,319,334,340,
132657,Lynn University,2,781,804,797,701,739,
106342,Lyon College,2,237,146,138,183,173,
173902,Macalester College,2,518,552,601,547,502,
192624,Machzikei Hadath Rabbinical College,2,25,33,30,36,34,
238263,Madison Area Technical College,1,1809,1594,1368,1430,1760,
170806,Madonna University,2,265,249,253,281,266,
182917,Magdalen College,2,20,15,15,20,31,
153861,Maharishi International University,2,63,36,38,33,20,
161509,Maine College of Art & Design,2,121,98,104,129,119,
161022,Maine College of Health Professions,2,6,9,11,8,12,
161299,Maine Maritime Academy,1,230,219,207,217,262,
203775,Malone University,2,219,211,222,193,244,
151777,Manchester University,2,288,257,307,350,334,
155496,Manhattan Christian College,2,30,28,42,50,37,
192703,Manhattan College,2,729,758,777,764,905,
192712,Manhattan School of Music,2,142,154,121,121,115,
192749,Manhattanville College,2,333,314,228,265,401,
461528,Manna University,2,18,24,12,10,16,
213774,Manor College,2,119,126,118,142,174,
239071,Maranatha Baptist University,2,102,157,147,126,147,
192785,Maria College of Albany,2,46,58,31,40,61,
151786,Marian University,2,620,464,587,460,385,
239080,Marian University,2,208,225,221,254,324,
497833,Marian University-Ancilla,2,117,122,,,,
203845,Marietta College,2,314,321,328,338,348,
203881,Marion Technical College,1,404,338,371,216,452,
192819,Marist College,2,1287,1334,1272,1101,1358,
239105,Marquette University,2,1886,1983,1657,1651,1977,
198899,Mars Hill University,2,318,255,301,288,278,
237525,Marshall University,1,1735,1549,1592,1728,1769,
173452,Martin Luther College,2,150,142,151,185,168,
151810,Martin University,2,24,13,22,20,21,
232672,Mary Baldwin University,2,299,260,315,358,389,
163295,Maryland Institute College of Art,2,277,227,311,289,405,
192864,Marymount Manhattan College,2,509,423,454,413,437,
232706,Marymount University,2,410,355,331,367,392,
220710,Maryville College,2,317,279,274,271,272,
178059,Maryville University of Saint Louis,2,846,870,834,720,683,
213826,Marywood University,2,422,445,456,410,361,
166674,Massachusetts College of Art and Design,1,432,409,387,331,383,
167288,Massachusetts College of Liberal Arts,1,191,177,167,171,285,
166683,Massachusetts Institute of Technology,2,1091,1136,1177,1070,1102,
166692,Massachusetts Maritime Academy,1,356,317,321,327,404,
173957,Mayo Clinic College of Medicine and Science,2,45,30,22,36,36,
200226,Mayville State University,1,90,107,199,142,109,
164270,McDaniel College,2,424,467,501,581,575,
147013,McKendree University,2,436,462,268,374,332,
226587,McMurry University,2,318,276,302,227,259,
159717,McNeese State University,1,1063,1054,1020,1231,1215,
155511,McPherson College,2,241,250,271,230,225,
166656,MCPHS University,2,670,730,737,714,692,
490328,Mechon L'hoyroa,2,,,,,,
118693,Menlo College,2,174,203,148,129,240,
140447,Mercer University,2,1041,927,969,888,925,
153977,Mercy College of Health Sciences,2,81,69,51,36,59,
203960,Mercy College of Ohio,2,58,50,47,54,44,
193016,Mercy University,2,1165,929,851,993,999,
213987,Mercyhurst University,2,580,543,629,685,586,
198950,Meredith College,2,325,332,344,372,376,
166850,Merrimack College,2,1071,1182,965,1087,1179,
193061,Mesivta of Eastern Parkway-Yeshiva Zichron Meilech,2,5,6,11,7,10,
193052,Mesivta Torah Vodaath Rabbinical Seminary,2,30,27,16,30,13,
193070,Mesivtha Tifereth Jerusalem of America,2,14,15,16,14,12,
417752,Messenger College,2,7,4,4,4,3,
213996,Messiah University,2,596,587,551,614,606,
147129,Methodist College,2,14,10,7,5,12,
198969,Methodist University,2,344,326,416,352,378,
190114,Metropolitan College of New York,2,23,31,19,15,30,
174020,Metropolitan State University,1,154,135,130,150,181,
127565,Metropolitan State University of Denver,1,2324,2197,2012,2204,2435,
135717,Miami Dade College,1,8943,10484,9596,9067,12162,
204006,Miami University-Hamilton,1,475,533,457,473,563,
204015,Miami University-Middletown,1,162,180,196,220,279,
204024,Miami University-Oxford,1,3937,4035,4519,3824,4309,
171100,Michigan State University,1,9533,9829,9225,8389,8801,
171128,Michigan Technological University,1,1463,1388,1479,1201,1301,
245953,Mid-America Christian University,2,207,231,164,172,124,
151962,Mid-America College of Funeral Service,2,42,52,43,43,35,
199458,Mid-Atlantic Christian University,2,46,27,42,35,55,
481225,Mid-South Christian College,2,6,5,3,2,1,
155520,MidAmerica Nazarene University,2,209,233,209,209,192,
482158,Middle Georgia State University,1,1313,1281,1024,1448,1442,
220978,Middle Tennessee State University,1,3126,2805,2752,3093,3312,
230959,Middlebury College,2,615,639,680,602,605,
226806,Midland College,1,878,789,788,631,790,
181330,Midland University,2,283,324,341,370,317,
157377,Midway University,2,265,239,237,225,219,
178208,Midwestern Baptist Theological Seminary,2,84,61,164,202,68,
226833,Midwestern State University,1,806,785,755,800,866,
480985,Midwives College of Utah,2,4,1,5,5,6,
101675,Miles College,2,179,296,384,399,311,
214041,Millersville University of Pennsylvania,1,1175,1199,1226,1160,1334,
486901,Milligan University,2,238,175,176,198,226,
147244,Millikin University,2,329,362,409,387,487,
175980,Millsaps College,2,153,192,231,168,203,
239309,Milwaukee Institute of Art & Design,2,200,221,221,292,284,
239318,Milwaukee School of Engineering,2,672,672,649,573,582,
174127,Minneapolis College of Art and Design,2,169,160,163,154,178,
174358,Minnesota State University Moorhead,1,609,631,613,730,787,
173920,Minnesota State University-Mankato,1,2411,2307,2112,2284,2281,
200253,Minot State University,1,365,378,374,396,399,
118912,MiraCosta College,1,2220,1986,1786,2040,2065,
193247,Mirrer Yeshiva Cent Institute,2,27,39,37,43,26,
214069,Misericordia University,2,408,371,361,354,414,
176664,Mission University,2,109,71,44,42,44,
176053,Mississippi College,2,674,376,434,422,465,
176080,Mississippi State University,1,3751,3367,3388,3223,3500,
176035,Mississippi University for Women,1,159,125,171,190,175,
176044,Mississippi Valley State University,1,341,225,199,246,333,
178244,Missouri Baptist University,2,264,317,236,249,290,
178341,Missouri Southern State University,1,579,605,578,710,729,
179566,Missouri State University-Springfield,1,2841,2332,2562,2649,2679,
178411,Missouri University of Science and Technology,1,1196,1146,1188,1111,1145,
178369,Missouri Valley College,2,422,381,548,408,437,
178387,Missouri Western State University,1,602,598,574,683,946,
129774,Mitchell College,2,83,100,109,105,124,
118976,Modesto Junior College,1,3542,2098,2584,2901,3634,
193292,Molloy College,2,608,642,541,545,581,
147341,Monmouth College,2,211,231,179,233,255,
185572,Monmouth University,2,975,896,954,921,994,
180461,Montana State University,1,3634,3752,3866,3257,3366,
180179,Montana State University Billings,1,578,572,559,504,611,
180522,Montana State University-Northern,1,174,213,190,195,185,
180416,Montana Technological University,1,294,309,325,275,275,
185590,Montclair State University,1,4039,3946,3491,3136,3101,
199032,Montreat College,2,201,210,220,223,171,
166911,Montserrat College of Art,2,56,55,75,86,104,
147369,Moody Bible Institute,2,162,164,170,207,195,
214148,Moore College of Art and Design,2,108,113,100,67,103,
214157,Moravian University,2,515,426,449,428,428,
157386,Morehead State University,1,1227,1199,1184,1199,1315,
140553,Morehouse College,2,682,674,629,535,568,
127617,Morgan Community College,1,165,178,118,182,155,
163453,Morgan State University,1,2282,2201,2326,1213,1374,
154004,Morningside University,2,337,346,370,358,367,
140571,MORRIS BROWN COLLEGE,2,75,81,,,,
218399,Morris College,2,126,118,90,67,200,
214166,Mount Aloysius College,2,324,295,270,243,246,
209241,Mount Angel Seminary,2,2,,2,4,6,
204176,Mount Carmel College of Nursing,2,26,30,33,68,44,
166939,Mount Holyoke College,2,587,544,608,456,496,
219198,Mount Marty University,2,163,156,191,158,131,
239390,Mount Mary University,2,172,155,190,139,126,
154013,Mount Mercy University,2,208,224,222,225,219,
193353,Mount Saint Mary College,2,188,236,258,284,339,
119173,Mount Saint Mary's University,2,448,380,367,370,402,
204200,Mount St. Joseph University,2,323,296,300,266,290,
163462,Mount St. Mary's University,2,480,459,532,647,513,
204194,Mount Vernon Nazarene University,2,278,290,294,345,324,
209250,Mt Hood Community College,1,1290,1085,613,711,910,
214175,Muhlenberg College,2,427,420,450,517,538,
209287,Multnomah University,2,54,90,78,46,64,
157401,Murray State University,1,1659,1366,1395,1503,1421,
204264,Muskingum University,2,373,412,422,351,388,
127653,Naropa University,2,24,30,29,28,30,
147536,National Louis University,2,790,727,558,655,688,
119605,National University,2,82,74,38,18,24,
187596,Navajo Technical University,1,228,225,191,79,175,
227146,Navarro College,1,1085,1097,1098,1056,1196,
127714,Nazarene Bible College,2,12,12,19,7,14,
193584,Nazareth University,2,461,470,503,482,516,
181419,Nebraska Indian Community College,1,55,30,28,24,16,
181297,Nebraska Methodist College of Nursing & Allied Health,2,55,44,50,50,48,
181446,Nebraska Wesleyan University,2,440,358,405,427,487,
163532,Ner Israel Rabbinical College,2,43,40,38,49,31,
214272,Neumann University,2,369,392,359,412,418,
441900,Nevada State University,1,519,436,347,507,473,
262129,New College of Florida,1,221,188,160,157,147,
182980,New England College,2,237,257,211,288,472,
217305,New England Institute of Technology,2,493,439,381,381,481,
208725,New Hope Christian College-Eugene,2,10,12,7,13,23,
185129,New Jersey City University,1,576,768,761,1077,1008,
185828,New Jersey Institute of Technology,1,1762,1575,1374,1190,1343,
187897,New Mexico Highlands University,1,231,246,153,193,280,
187967,New Mexico Institute of Mining and Technology,1,222,301,301,284,250,
188030,New Mexico State University-Main Campus,1,2391,2325,2013,2169,2178,
194091,New York Institute of Technology,2,886,878,952,724,849,
194116,New York School of Interior Design,2,32,27,20,26,22,
193900,New York University,2,5818,6184,6097,6701,5752,
218414,Newberry College,2,470,415,328,309,340,
155335,Newman University,2,177,177,150,148,184,
193973,Niagara University,2,580,545,625,624,626,
159966,Nicholls State University,1,1169,972,958,1200,1242,
167260,Nichols College,2,334,317,316,312,343,
232937,Norfolk State University,1,1503,1300,1113,1066,1225,
461795,North American University,2,192,154,93,152,56,
199102,North Carolina A & T State University,1,2755,3075,2930,2136,2289,
199157,North Carolina Central University,1,1465,1079,1130,1232,1027,
199193,North Carolina State University at Raleigh,1,5728,5627,5046,4747,4873,
199209,North Carolina Wesleyan University,2,250,249,193,259,286,
147660,North Central College,2,516,483,512,534,557,
204422,North Central State College,1,346,384,407,390,457,
174437,North Central University,2,222,172,180,209,245,
200332,North Dakota State University-Main Campus,1,2214,2513,2491,2307,2218,
136145,North Florida College,1,214,208,202,173,228,
218441,North Greenville University,2,438,495,431,387,404,
147679,North Park University,2,448,471,464,351,371,
236072,North Seattle College,1,634,688,535,438,301,
147776,Northeastern Illinois University,1,553,516,330,378,452,
207263,Northeastern State University,1,666,707,707,685,733,
167358,Northeastern University,2,2744,2519,4492,3128,2995,
118888,Northeastern University Oakland,2,487,,38,130,134,
105330,Northern Arizona University,1,5473,5575,5297,5217,5455,
147703,Northern Illinois University,1,2202,2440,2285,2047,1897,
157447,Northern Kentucky University,1,1295,1638,1690,1836,1950,
171456,Northern Michigan University,1,1551,1416,1496,1360,1610,
188058,Northern New Mexico College,1,133,143,118,98,152,
219259,Northern State University,1,319,299,337,341,342,
239512,Northland College,2,103,122,124,149,165,
217606,Northpoint Bible College,2,7,34,33,53,46,
240657,Northwest College,1,302,301,285,315,291,
136233,Northwest Florida State College,1,652,669,585,649,742,
380377,Northwest Indian College,1,119,86,77,100,98,
178624,Northwest Missouri State University,1,1035,1095,964,1221,1335,
142461,Northwest Nazarene University,2,246,239,275,283,278,
236133,Northwest University,2,152,152,157,159,190,
487603,Northwest University-Center for Online and Extended Education,2,79,83,94,84,85,
154101,Northwestern College,2,283,288,268,273,293,
174507,Northwestern Health Sciences University,2,5,4,12,10,5,
171483,Northwestern Michigan College,1,589,601,670,622,744,
207306,Northwestern Oklahoma State University,1,340,337,277,326,346,
160038,Northwestern State University of Louisiana,1,1066,1020,1300,1518,1515,
147767,Northwestern University,2,2111,2038,2086,1901,2006,
171492,Northwood University,2,341,247,293,263,300,
230995,Norwich University,2,521,574,572,649,663,
163578,Notre Dame of Maryland University,2,191,56,90,71,87,
136215,Nova Southeastern University,2,2029,1978,1672,1689,1526,
200086,Nueta Hidatsa Sahnish College,1,22,18,33,49,44,
174525,Oak Hills Christian College,2,23,24,18,25,13,
495059,Oak Valley College,2,23,15,21,30,,
152099,Oakland City University,2,124,128,168,107,146,
171571,Oakland University,1,2236,2117,2025,2258,2667,
101912,Oakwood University,2,290,378,284,303,299,
204501,Oberlin College,2,778,882,863,679,798,
120254,Occidental College,2,532,531,535,402,562,
227304,Odessa College,1,1040,1152,1054,1001,1059,
219277,Oglala Lakota College,1,119,89,127,73,145,
140696,Oglethorpe University,2,391,425,404,418,401,
201964,Ohio Christian University,2,183,143,149,140,224,
204617,Ohio Dominican University,2,236,209,180,205,287,
204635,Ohio Northern University,2,587,666,738,579,608,
204671,Ohio State University-Lima Campus,1,263,274,282,347,363,
204796,Ohio State University-Main Campus,1,8062,8060,8423,8679,7716,
204680,Ohio State University-Mansfield Campus,1,344,300,365,357,429,
204699,Ohio State University-Marion Campus,1,338,314,380,381,473,
204705,Ohio State University-Newark Campus,1,1407,1144,1357,1409,1557,
204820,Ohio University-Chillicothe Campus,1,182,134,176,245,290,
204802,Ohio University-Eastern Campus,1,100,85,61,80,103,
204848,Ohio University-Lancaster Campus,1,207,177,165,221,327,
204857,Ohio University-Main Campus,1,4591,4506,3703,3132,3679,
204839,Ohio University-Southern Campus,1,121,135,150,202,186,
204866,Ohio University-Zanesville Campus,1,124,111,137,159,165,
204909,Ohio Wesleyan University,2,428,453,364,403,389,
194189,Ohr Hameir Theological Seminary,2,,1,1,1,,
207403,Oklahoma Baptist University,2,428,368,302,417,449,
207324,Oklahoma Christian University,2,323,357,415,359,397,
207458,Oklahoma City University,2,375,300,264,325,327,
207351,Oklahoma Panhandle State University,1,193,245,246,254,243,
207564,Oklahoma State University Institute of Technology,1,670,647,594,646,606,
207388,Oklahoma State University-Main Campus,1,4671,4641,4268,4154,4183,
207397,Oklahoma State University-Oklahoma City,1,711,729,672,1314,812,
206835,Oklahoma Wesleyan University,2,195,199,200,168,165,
232982,Old Dominion University,1,2717,3084,2899,3147,3145,
147828,Olivet Nazarene University,2,649,682,660,558,696,
236188,Olympic College,1,964,986,912,889,595,
207582,Oral Roberts University,2,853,719,743,643,554,
209506,Oregon Institute of Technology,1,433,463,443,462,416,
209542,Oregon State University,1,4689,4513,3965,3574,3423,
440828,Oregon State University-Cascades Campus,1,211,188,158,161,135,
120403,Otis College of Art and Design,2,236,314,263,225,274,
155627,Ottawa University-Ottawa,2,293,261,231,201,189,
464226,Ottawa University-Surprise,2,211,246,262,260,195,
204936,Otterbein University,2,519,550,570,495,623,
107512,Ouachita Baptist University,2,469,445,485,389,441,
227331,Our Lady of the Lake University,2,290,296,254,295,330,
178679,Ozark Christian College,2,146,147,116,126,183,
177472,Ozarks Technical Community College,1,2587,2675,2372,2456,2924,
194310,Pace University,2,1949,2106,2203,1786,1948,
407610,Pacific Bible College,2,3,9,5,2,8,
236230,Pacific Lutheran University,2,624,526,510,589,598,
209603,Pacific Northwest College of Art,2,119,90,64,89,109,
120768,Pacific Oaks College,2,2,3,1,3,,
457484,Pacific Rim Christian University,2,31,14,6,15,15,
120838,Pacific States University,2,4,3,,,1,
120865,Pacific Union College,2,139,112,130,163,169,
209612,Pacific University,2,400,393,363,348,416,
140720,Paine College,2,120,90,79,22,105,
136330,Palm Beach Atlantic University,2,680,708,505,526,520,
136358,Palm Beach State College,1,4784,4580,4437,4438,5991,
364016,Paradise Valley Community College,1,868,966,796,733,936,
178721,Park University,2,183,336,321,401,447,
243823,Parker University,2,73,80,54,41,41,
136400,Pasco-Hernando State College,1,2005,1848,1921,1552,2351,
227429,Paul Quinn College,2,157,111,66,61,147,
194392,Paul Smiths College of Arts and Science,2,135,165,242,175,185,
214883,Peirce College,2,21,12,8,13,50,
236258,Peninsula College,1,245,224,194,211,258,
214971,Pennsylvania Academy of the Fine Arts,2,18,19,10,19,32,
215053,Pennsylvania College of Art and Design,2,95,66,41,72,64,
442356,Pennsylvania College of Health Sciences,2,94,92,101,114,115,
366252,Pennsylvania College of Technology,1,1124,1112,966,1007,1154,
214582,Pennsylvania Institute of Technology,2,269,260,162,185,115,
214777,Pennsylvania State University-Main Campus,1,9040,9230,,,15989,
214801,Pennsylvania State University-Penn State Abington,1,909,885,,,,
214689,Pennsylvania State University-Penn State Altoona,1,859,905,,,,
214698,Pennsylvania State University-Penn State Beaver,1,165,168,,,,
214704,Pennsylvania State University-Penn State Berks,1,591,632,,,,
214731,Pennsylvania State University-Penn State Brandywine,1,442,399,,,,
214740,Pennsylvania State University-Penn State DuBois,1,98,98,,,,
214591,Pennsylvania State University-Penn State Erie-Behrend College,1,866,829,,,,
214759,Pennsylvania State University-Penn State Fayette- Eberly,1,117,102,,,,
214786,Pennsylvania State University-Penn State Greater Allegheny,1,124,115,,,,
214713,Pennsylvania State University-Penn State Harrisburg,1,1210,1197,,,,
214768,Pennsylvania State University-Penn State Hazleton,1,200,149,,,,
214670,Pennsylvania State University-Penn State Lehigh Valley,1,283,267,,,,
214795,Pennsylvania State University-Penn State Mont Alto,1,133,190,,,,
214625,Pennsylvania State University-Penn State New Kensington,1,125,134,,,,
214810,Pennsylvania State University-Penn State Schuylkill,1,157,177,,,,
214652,Pennsylvania State University-Penn State Scranton,1,237,229,,,,
214634,Pennsylvania State University-Penn State Shenango,1,73,51,,,,
214643,Pennsylvania State University-Penn State Wilkes-Barre,1,90,127,,,,
214829,Pennsylvania State University-Penn State York,1,185,192,,,,
479956,Pennsylvania State University-World Campus,1,335,299,,,,
498571,Pennsylvania Western University,1,1617,2035,,,,
136473,Pensacola State College,1,1297,1309,1243,1287,1557,
121150,Pepperdine University,2,732,942,1024,733,726,
181534,Peru State College,1,220,229,289,240,286,
199306,Pfeiffer University,2,195,165,189,173,254,
107600,Philander Smith University,2,188,237,90,102,253,
140818,Piedmont University,2,286,301,249,249,275,
235237,Pierce College District,1,1062,1377,1207,1167,744,
127820,Pikes Peak State College,1,2108,2021,1910,1766,2381,
440794,Pillar College,2,114,120,54,32,53,
155681,Pittsburg State University,1,877,847,812,803,880,
215415,Pittsburgh Technical College,2,219,326,314,490,678,
121257,Pitzer College,2,275,309,357,225,276,
183080,Plymouth State University,1,985,870,936,1075,1037,
121309,Point Loma Nazarene University,2,657,690,662,554,612,
215442,Point Park University,2,519,559,601,522,633,
138868,Point University,2,1084,262,157,152,216,
136516,Polk State College,1,869,895,1174,1092,1529,
456481,Polytechnic University of Puerto Rico-Miami,2,,,7,20,4,
456490,Polytechnic University of Puerto Rico-Orlando,2,12,8,11,13,15,
121345,Pomona College,2,408,412,451,399,416,
205027,Pontifical College Josephinum,2,4,6,1,4,7,
209807,Portland State University,1,1580,1634,1741,1515,1674,
237701,Potomac State College of West Virginia University,1,388,389,383,400,469,
227526,Prairie View A & M University,1,2112,1559,1811,1882,1727,
194578,Pratt Institute-Main,2,781,886,1132,727,843,
218539,Presbyterian College,2,265,269,215,313,342,
490045,Presbyterian Theological Seminary in America,2,4,4,8,3,2,
105589,Prescott College,2,23,33,37,53,51,
186131,Princeton University,2,1364,1497,1288,1146,1335,
455770,Providence Christian College,2,28,38,35,21,35,
217402,Providence College,2,1197,1156,1040,1000,1094,
127884,Pueblo Community College,1,612,452,536,623,726,
151102,Purdue University Fort Wayne,1,1378,1210,1293,1388,1609,
489779,Purdue University Global,1,874,1280,1162,1078,866,
490805,Purdue University Northwest,1,1192,1292,1067,1099,1235,
243780,Purdue University-Main Campus,1,9381,9447,10278,8982,8195,
199412,Queens University of Charlotte,2,399,303,293,335,338,
167525,Quincy College,1,410,344,336,358,386,
148131,Quincy University,2,327,304,232,217,215,
130226,Quinnipiac University,2,1797,1605,1492,1757,1552,
384421,Rabbi Jacob Joseph School,2,31,32,28,20,23,
194657,Rabbinical Academy Mesivta Rabbi Chaim Berlin,2,40,43,42,48,36,
194693,Rabbinical College Beth Shraga,2,25,13,24,18,17,
194666,Rabbinical College Bobover Yeshiva Bnei Zion,2,83,84,61,83,66,
186186,Rabbinical College of America,2,53,59,58,60,46,
194736,Rabbinical College of Long Island,2,45,37,37,40,38,
405854,Rabbinical College of Ohr Shimon Yisroel,2,40,17,28,23,27,
484871,Rabbinical College Ohr Yisroel,2,32,36,31,35,34,
205124,Rabbinical College Telshe,2,18,27,24,15,12,
194718,Rabbinical Seminary Mkor Chaim,2,31,27,30,20,,
194763,Rabbinical Seminary of America,2,101,90,104,105,97,
233277,Radford University,1,1103,1226,1292,1336,1651,
186201,Ramapo College of New Jersey,1,1012,850,900,997,1030,
207157,Randall University,2,55,44,38,36,57,
233301,Randolph College,2,200,147,138,137,143,
233295,Randolph-Macon College,2,431,415,345,441,432,
178891,Ranken Technical College,2,721,550,596,621,564,
497480,Reach University,2,82,39,,,,
127909,Red Rocks Community College,1,1120,920,968,919,1108,
497462,Redeemers University North America,2,,14,,,,
209922,Reed College,2,350,394,502,364,394,
490230,Reformed University,2,38,12,38,35,35,
231651,Regent University,2,643,521,437,401,415,
167598,Regis College,2,209,203,220,207,212,
127918,Regis University,2,499,428,436,481,481,
140872,Reinhardt University,2,318,275,222,292,338,
223463,Remington College-Dallas Campus,2,60,111,160,171,162,
497000,Remington College-Online Dallas,2,24,51,70,,,
451866,Remington College-Shreveport Campus,2,122,126,120,112,78,
194824,Rensselaer Polytechnic Institute,2,1552,2002,1322,1464,1665,
236382,Renton Technical College,1,385,343,150,133,266,
217420,Rhode Island College,1,813,674,609,819,953,
217493,Rhode Island School of Design,2,504,481,497,414,480,
221351,Rhodes College,2,483,478,592,442,517,
227757,Rice University,2,1121,1201,1217,993,961,
186283,Rider University,2,806,779,637,837,863,
136774,Ringling College of Art and Design,2,447,415,401,432,442,
121886,Rio Hondo College,1,3647,2934,2351,2190,3053,
105668,Rio Salado College,1,1157,833,284,335,382,
239628,Ripon College,2,195,196,247,242,221,
233408,Riverside College of Health Careers,2,5,11,5,,5,
183211,Rivier University,2,292,275,321,176,243,
233426,Roanoke College,2,531,502,465,468,553,
215655,Robert Morris University,2,766,596,676,565,732,
194958,Roberts Wesleyan University,2,211,211,207,233,222,
195003,Rochester Institute of Technology,2,3056,3202,3355,3115,2683,
170967,Rochester University,2,142,233,162,196,142,
148405,Rockford University,2,191,168,202,212,170,
179043,Rockhurst University,2,340,287,408,442,394,
180595,Rocky Mountain College,2,211,261,220,235,245,
217518,Roger Williams University,2,1022,1074,1003,999,1113,
207661,Rogers State University,1,442,455,471,494,601,
136950,Rollins College,2,638,632,549,504,556,
148487,Roosevelt University,2,599,408,507,496,305,
152318,Rose-Hulman Institute of Technology,2,552,598,637,531,496,
215691,Rosemont College,2,101,80,107,112,109,
184782,Rowan University,1,2555,2585,2191,2238,2695,
195128,Russell Sage College,2,190,238,263,260,234,
176318,Rust College,2,99,184,349,140,215,
186371,Rutgers University-Camden,1,580,528,604,598,749,
186380,Rutgers University-New Brunswick,1,7681,7780,7105,6551,7315,
186399,Rutgers University-Newark,1,1408,1239,1300,1321,1402,
172033,Sacred Heart Major Seminary,2,2,4,1,2,19,
130253,Sacred Heart University,2,1905,1775,1842,1650,1601,
172051,Saginaw Valley State University,1,1292,1337,1336,1383,1470,
154235,Saint Ambrose University,2,422,459,493,521,477,
183239,Saint Anselm College,2,573,528,480,530,509,
149028,Saint Anthony College of Nursing,2,2,,1,2,1,
199582,Saint Augustine's University,2,162,341,774,384,267,
216047,Saint Charles Borromeo Seminary-Overbrook,2,12,3,6,5,5,
174783,Saint Cloud State University,1,895,763,819,1007,1224,
227845,Saint Edward's University,2,659,640,613,595,697,
186618,Saint Elizabeth University,2,140,164,107,142,170,
215743,Saint Francis University,2,379,327,398,335,405,
137281,Saint Johns River State College,1,992,884,837,840,1037,
174792,Saint Johns University,2,365,383,410,414,414,
160409,Saint Joseph Seminary College,2,14,16,14,12,26,
161518,Saint Joseph's College of Maine,2,279,201,222,224,212,
215770,Saint Joseph's University,2,1196,1096,1038,847,1103,
137032,Saint Leo University,2,632,869,823,729,782,
179308,Saint Louis Community College,1,2390,2378,2370,2510,2964,
179159,Saint Louis University,2,1775,1665,1794,1542,1902,
236452,Saint Martin's University,2,263,294,348,292,337,
152390,Saint Mary's College,2,420,397,375,392,381,
123554,Saint Mary's College of California,2,503,451,421,468,517,
174817,Saint Mary's University of Minnesota,2,277,215,234,239,301,
152381,Saint Mary-of-the-Woods College,2,211,200,194,158,146,
231059,Saint Michael's College,2,325,258,316,374,392,
239716,Saint Norbert College,2,490,476,584,458,538,
186432,Saint Peter's University,2,453,401,404,425,431,
215798,Saint Vincent College,2,293,342,376,360,359,
148627,Saint Xavier University,2,759,657,747,721,668,
199607,Salem College,2,156,93,45,121,109,
167729,Salem State University,1,810,863,939,996,1011,
163851,Salisbury University,1,1376,1382,1217,1218,1470,
180647,Salish Kootenai College,1,78,78,62,105,111,
217536,Salve Regina University,2,552,592,562,549,655,
227881,Sam Houston State University,1,3601,3394,2909,2843,2928,
102049,Samford University,2,1080,974,920,971,901,
227924,San Antonio College,1,3588,3565,3065,2999,3300,
112084,San Diego Christian College,2,9,44,120,84,63,
122375,San Diego Mesa College,1,2703,2389,2195,2358,2622,
122409,San Diego State University,1,6162,6573,5269,4852,5275,
122506,San Francisco Conservatory of Music,2,50,46,46,57,57,
122597,San Francisco State University,1,2985,3339,3149,2779,3694,
227979,San Jacinto Community College,1,6469,6194,6270,5132,5827,
122755,San Jose State University,1,4520,4037,4222,3328,3964,
121619,Santa Ana College,1,3462,3411,3201,2144,3741,
122931,Santa Clara University,2,1552,1641,1554,1259,1391,
137096,Santa Fe College,1,2834,2571,2573,2251,3066,
122977,Santa Monica College,1,4718,4768,4124,4790,5466,
195304,Sarah Lawrence College,2,411,384,438,385,398,
140951,Savannah College of Art and Design,2,3651,3469,2685,2128,2769,
140960,Savannah State University,1,732,588,794,745,812,
143048,School of the Art Institute of Chicago,2,676,651,668,454,619,
172200,Schoolcraft Community College District,1,1297,1427,1601,1546,1744,
228042,Schreiner University,2,282,373,251,298,310,
123165,Scripps College,2,275,260,316,220,283,
236513,Seattle Central College,1,1128,876,699,325,328,
236577,Seattle Pacific University,2,382,538,579,655,638,
236595,Seattle University,2,1041,1004,994,805,930,
137209,Seminole State College of Florida,1,2164,2237,2292,2218,3022,
186584,Seton Hall University,2,1572,1512,1684,1336,1631,
215947,Seton Hill University,2,319,386,359,385,397,
195438,Sh'or Yoshuv Rabbinical College,2,,2,,1,1,
123280,Shasta Bible College and Graduate School,2,1,3,1,3,2,
123299,Shasta College,1,740,644,463,509,772,
199643,Shaw University,2,186,200,142,286,254,
205443,Shawnee State University,1,635,640,552,627,808,
233541,Shenandoah University,2,485,475,509,519,503,
237792,Shepherd University,1,566,553,419,523,494,
216010,Shippensburg University of Pennsylvania,1,1096,1079,1022,1219,1296,
140988,Shorter University,2,269,267,309,302,324,
195474,Siena College,2,809,864,1055,898,841,
172264,Siena Heights University,2,281,279,273,248,327,
461759,Simmons College of Kentucky,2,169,61,22,17,46,
167783,Simmons University,2,363,395,403,445,433,
154350,Simpson College,2,342,302,287,295,294,
123457,Simpson University,2,145,110,119,103,109,
205470,Sinclair Community College,1,3507,3890,4636,3164,3078,
219374,Sinte Gleska University,1,77,162,152,51,90,
219408,Sisseton Wahpeton College,1,48,26,38,33,40,
200466,Sitting Bull College,1,39,49,50,30,53,
236638,Skagit Valley College,1,705,749,720,539,722,
195526,Skidmore College,2,735,784,719,718,735,
123509,Skyline College,1,1197,981,907,943,1088,
216038,Slippery Rock University of Pennsylvania,1,1537,1460,1370,1463,1580,
167835,Smith College,2,649,619,676,527,633,
230597,Snow College,1,1624,1739,1787,1469,1433,
399911,Soka University of America,2,126,129,133,102,108,
123563,Solano Community College,1,1605,1502,1174,1285,1409,
123572,Sonoma State University,1,911,967,822,913,1551,
218733,South Carolina State University,1,1079,902,586,479,371,
219347,South Dakota School of Mines and Technology,1,496,538,491,455,474,
219356,South Dakota State University,1,2274,2191,2019,2087,2123,
366003,South Florida Bible College and Theological Seminary,2,20,18,1,7,16,
137315,South Florida State College,1,594,557,669,486,519,
482699,South Georgia State College,1,522,585,507,550,749,
236504,South Seattle College,1,443,482,395,180,377,
409315,South Texas College,1,4129,3948,3791,3119,4962,
417734,Southeast Missouri Hospital College of Nursing and Health Sciences,2,18,5,12,7,15,
179557,Southeast Missouri State University,1,1287,1447,1487,1490,1508,
176336,Southeastern Baptist College,2,5,32,11,16,15,
199759,Southeastern Baptist Theological Seminary,2,77,33,53,156,129,
233602,Southeastern Free Will Baptist Bible College,2,19,21,18,16,14,
160612,Southeastern Louisiana University,1,2352,2363,2226,2577,2732,
207847,Southeastern Oklahoma State University,1,530,408,352,512,518,
137564,Southeastern University,2,1034,1132,1205,1267,1389,
221661,Southern Adventist University,2,758,628,571,493,512,
107983,Southern Arkansas University Main Campus,1,797,707,632,776,833,
123952,Southern California Institute of Architecture,2,35,28,30,27,30,
117575,Southern California Seminary,2,3,4,3,4,,
117672,Southern California University of Health Sciences,2,4,3,7,6,,
130493,Southern Connecticut State University,1,1227,1106,1022,1081,1523,
149222,Southern Illinois University-Carbondale,1,1621,1518,1422,1361,1037,
149231,Southern Illinois University-Edwardsville,1,1602,1866,1992,1554,1667,
228246,Southern Methodist University,2,1592,1639,1572,1531,1544,
206862,Southern Nazarene University,2,365,258,276,259,283,
183026,Southern New Hampshire University,2,15343,13583,10607,10891,10485,
210146,Southern Oregon University,1,657,559,519,574,647,
160621,Southern University and A & M College,1,1711,1678,1614,1370,1338,
160630,Southern University at New Orleans,1,154,134,111,193,221,
230603,Southern Utah University,1,2281,2165,2577,2264,1902,
233611,Southern Virginia University,2,301,327,342,299,328,
217776,Southern Wesleyan University,2,159,148,163,194,199,
179326,Southwest Baptist University,2,266,279,298,356,458,
175078,Southwest Minnesota State University,1,367,330,422,347,295,
228468,Southwestern Adventist University,2,151,125,132,138,107,
228325,Southwestern Assemblies of God University,2,286,300,282,317,317,
228486,Southwestern Christian College,2,73,39,41,34,39,
207856,Southwestern Christian University,2,99,116,116,136,113,
155900,Southwestern College,2,204,203,204,226,160,
207865,Southwestern Oklahoma State University,1,734,743,685,811,865,
228343,Southwestern University,2,403,436,355,361,444,
157757,Spalding University,2,117,132,104,138,139,
218821,Spartanburg Methodist College,2,445,504,507,521,513,
141060,Spelman College,2,727,577,794,576,516,
236692,Spokane Community College,1,1125,1189,1027,1040,1244,
236708,Spokane Falls Community College,1,893,1080,916,781,1188,
172334,Spring Arbor University,2,206,228,231,208,216,
102234,Spring Hill College,2,216,226,216,251,296,
167899,Springfield College,2,476,525,507,616,596,
195164,St Bonaventure University,2,574,571,484,488,492,
175005,St Catherine University,2,377,346,313,327,335,
195216,St Lawrence University,2,545,533,602,571,605,
154262,St Luke's College,2,7,8,19,10,6,
174844,St Olaf College,2,825,868,755,729,806,
137078,St Petersburg College,1,3251,3067,3000,3049,3867,
199698,St. Andrews University,2,229,180,261,284,209,
148876,St. Augustine College,2,121,85,59,88,139,
195173,St. Francis College,2,507,495,409,748,616,
195720,St. John Fisher University,2,611,643,596,624,601,
137272,St. John Vianney College Seminary,2,7,8,11,11,7,
163976,St. John's College,2,136,130,140,85,127,
245652,St. John's College,2,74,88,119,64,74,
195809,St. John's University-New York,2,2674,2905,2715,2082,3135,
195544,St. Joseph's University-New York,2,491,575,662,666,212,
163912,St. Mary's College of Maryland,1,442,410,381,381,320,
228149,St. Mary's University,2,530,529,606,514,545,
195243,St. Thomas Aquinas College,2,244,245,233,229,243,
137476,St. Thomas University,2,578,535,536,471,468,
243744,Stanford University,2,1699,1733,2125,1606,1698,
135391,State College of Florida-Manatee-Sarasota,1,1824,1834,1647,1764,2143,
196149,State University of New York at Cortland,1,1216,1341,1221,1286,1208,
196176,State University of New York at New Paltz,1,1119,1163,1133,973,1125,
196194,State University of New York at Oswego,1,1191,1468,1168,1270,1422,
228431,Stephen F Austin State University,1,2072,1867,1713,1764,2062,
179548,Stephens College,2,74,80,102,75,111,
155937,Sterling College,2,142,153,206,150,139,
231095,Sterling College,2,7,10,17,15,24,
137546,Stetson University,2,638,666,637,859,934,
186867,Stevens Institute of Technology,2,1024,1010,1091,918,969,
164173,Stevenson University,2,793,744,628,672,694,
102270,Stillman College,2,200,149,134,122,235,
186876,Stockton University,1,1530,1562,1358,1411,1537,
366340,Stone Child College,1,36,35,38,41,37,
167996,Stonehill College,2,647,737,640,685,652,
196097,Stony Brook University,1,3569,3347,3416,3322,3372,
168005,Suffolk University,2,1214,1260,980,904,1084,
228501,Sul Ross State University,1,223,249,196,242,279,
447953,SUM Bible College and Theological Seminary,2,44,68,81,40,74,
181543,Summit Christian College,2,1,4,7,5,5,
196158,SUNY at Fredonia,1,644,716,806,758,999,
196219,SUNY at Purchase College,1,777,687,680,647,798,
196121,SUNY Brockport,1,1272,1015,1002,1076,1077,
196130,SUNY Buffalo State University,1,1456,1252,1344,1628,1657,
196167,SUNY College at Geneseo,1,982,872,1007,891,1233,
196246,SUNY College at Plattsburgh,1,789,845,920,893,961,
196200,SUNY College at Potsdam,1,430,444,416,530,622,
196033,SUNY College of Agriculture and Technology at Cobleskill,1,540,488,460,510,614,
196103,SUNY College of Environmental Science and Forestry,1,398,356,304,287,353,
196006,SUNY College of Technology at Alfred,1,1256,1029,1033,1011,1180,
196015,SUNY College of Technology at Canton,1,474,477,450,538,707,
196024,SUNY College of Technology at Delhi,1,818,682,543,584,783,
196291,SUNY Maritime College,1,277,284,275,343,345,
196051,SUNY Morrisville,1,733,520,543,675,785,
196237,SUNY Old Westbury,1,720,611,474,536,609,
196185,SUNY Oneonta,1,1319,1106,937,1475,1451,
196112,SUNY Polytechnic Institute,1,389,381,307,350,404,
216278,Susquehanna University,2,578,578,555,573,620,
216287,Swarthmore College,2,415,433,454,373,417,
233718,Sweet Briar College,2,138,154,177,122,103,
196413,Syracuse University,2,3672,4108,3765,3499,3660,
155973,Tabor College,2,129,151,183,171,128,
236753,Tacoma Community College,1,1157,1360,935,845,947,
102298,Talladega College,2,204,117,311,351,291,
137759,Tallahassee Community College,1,3656,3235,3078,3241,2839,
137777,Talmudic College of Florida,2,6,8,10,8,13,
186900,Talmudical Academy-New Jersey,2,10,12,8,7,6,
196440,Talmudical Institute of Upstate New York,2,3,7,4,2,3,
451404,Talmudical Seminary of Bobov,2,198,152,162,116,94,
196431,Talmudical Seminary Oholei Torah,2,36,37,44,42,50,
216311,Talmudical Yeshiva of Philadelphia,2,34,32,34,38,36,
228529,Tarleton State University,1,2702,2448,2150,2274,2073,
152530,Taylor University,2,562,519,398,416,490,
149329,Telshe Yeshiva-Chicago,2,18,33,14,22,19,
216339,Temple University,1,3763,4664,4922,4856,4967,
221838,Tennessee State University,1,1770,3568,1637,1703,1268,
221847,Tennessee Technological University,1,1988,2050,1661,1720,1705,
221731,Tennessee Wesleyan University,2,168,197,183,189,206,
226152,Texas A & M International University,1,1382,1307,1139,1263,1379,
228723,Texas A & M University-College Station,1,13753,12490,12323,11110,10613,
224554,Texas A & M University-Commerce,1,1104,866,817,779,971,
224147,Texas A & M University-Corpus Christi,1,2064,1984,1857,1612,1915,
228705,Texas A & M University-Kingsville,1,1203,1099,936,1055,987,
483036,Texas A&M University-Central Texas,1,24,33,33,37,24,
459949,Texas A&M University-San Antonio,1,1025,1028,1058,632,705,
224545,Texas A&M University-Texarkana,1,262,302,230,287,212,
228875,Texas Christian University,2,2488,2491,2560,2287,2159,
228884,Texas College,2,246,135,181,156,194,
228981,Texas Lutheran University,2,288,344,313,361,419,
229063,Texas Southern University,1,1657,2372,1294,724,1475,
228459,Texas State University,1,7930,7604,6650,5861,6362,
229115,Texas Tech University,1,7220,6813,6649,6504,6145,
229160,Texas Wesleyan University,2,497,464,375,243,327,
229179,Texas Woman's University,1,1473,1343,1287,1130,1301,
131283,The Catholic University of America,2,861,765,691,630,818,
143978,The Chicago School at Chicago,2,1,,,,,
492607,The Chicago School at Dallas,2,1,,,,,
455664,The Chicago School at Los Angeles,2,36,27,16,18,1,
491190,The Chicago School at San Diego,2,,,,,,
201821,The Christ College of Nursing and Health Sciences,2,88,102,69,100,103,
142294,The College of Idaho,2,297,269,295,267,361,
187134,The College of New Jersey,1,1547,1583,1476,1428,1605,
195234,The College of Saint Rose,2,288,240,310,491,640,
174899,The College of Saint Scholastica,2,349,367,355,330,450,
133960,The College of the Florida Keys,1,145,193,166,149,188,
206589,The College of Wooster,2,452,578,583,530,543,
190372,The Cooper Union for the Advancement of Science and Art,2,186,195,221,218,198,
235167,The Evergreen State College,1,364,271,234,228,260,
192110,The Juilliard School,2,95,107,110,125,116,
439701,The King's University,2,22,9,15,19,23,
117751,The Master's University and Seminary,2,368,327,345,681,218,
167057,The New England Conservatory of Music,2,101,47,90,86,121,
193654,The New School,2,1470,1424,1902,1239,1467,
100751,The University of Alabama,1,8279,8037,7593,6507,6764,
202763,The University of Findlay,2,613,672,645,611,520,
180489,The University of Montana,1,1652,1621,1542,1225,1451,
180692,The University of Montana-Western,1,299,271,229,245,268,
171599,The University of Olivet,2,334,268,210,298,339,
137847,The University of Tampa,2,2505,1878,3102,2069,2184,
220701,The University of Tennessee Southern,1,185,209,215,186,233,
221740,The University of Tennessee-Chattanooga,1,2381,2246,2074,2222,2310,
221759,The University of Tennessee-Knoxville,1,6694,6846,5948,5512,5254,
221768,The University of Tennessee-Martin,1,1118,1107,1042,1110,1160,
228769,The University of Texas at Arlington,1,5233,4858,4579,3900,3707,
228778,The University of Texas at Austin,1,9385,9109,9060,8459,8170,
228787,The University of Texas at Dallas,1,4160,4218,4042,3476,4073,
228796,The University of Texas at El Paso,1,3947,3782,3095,3344,3616,
229027,The University of Texas at San Antonio,1,5866,5692,5522,5333,4599,
228802,The University of Texas at Tyler,1,1324,1118,1169,1065,843,
229018,The University of Texas Permian Basin,1,674,673,386,559,402,
227368,The University of Texas Rio Grande Valley,1,5634,5770,5439,5338,4793,
221519,The University of the South,2,449,416,474,490,438,
216357,Thiel College,2,219,229,241,250,248,
124292,Thomas Aquinas College,2,143,139,131,123,117,
161563,Thomas College,2,194,234,206,245,215,
187046,Thomas Edison State University,1,,,,,,
216366,Thomas Jefferson University,2,782,757,684,641,632,
183275,Thomas More College of Liberal Arts,2,25,25,21,20,21,
157809,Thomas More University,2,398,384,389,411,377,
141167,Thomas University,2,145,101,94,76,96,
206048,Tiffin University,2,504,647,488,511,442,
141185,Toccoa Falls College,2,212,238,177,205,218,
196583,Torah Temimah Talmudical Seminary,2,14,10,1,3,7,
176406,Tougaloo College,2,129,133,98,141,125,
196592,Touro University,2,532,526,544,623,660,
459727,Touro University Worldwide,2,31,34,34,37,42,
164076,Towson University,1,3014,2671,2592,2394,2795,
157818,Transylvania University,2,279,278,286,266,269,
221892,Trevecca Nazarene University,2,375,378,425,350,392,
206154,Tri-State Bible College,2,1,3,1,,2,
152567,Trine University,2,683,653,643,632,618,
414878,Trine University-Regional/Non-Traditional Campuses,2,10,6,5,7,1,
128258,Trinidad State College,1,405,326,313,296,322,
137953,Trinity Baptist College,2,98,92,77,80,73,
200484,Trinity Bible College and Graduate School,2,40,31,22,34,37,
149505,Trinity Christian College,2,159,129,180,178,160,
130590,Trinity College,2,579,565,523,572,580,
137962,Trinity College of Florida,2,32,34,34,36,34,
135610,Trinity International University-Florida,2,4,2,1,1,20,
149514,Trinity International University-Illinois,2,14,94,96,101,108,
229267,Trinity University,2,659,655,663,634,646,
225308,Trinity Valley Community College,1,1907,592,612,515,773,
131876,Trinity Washington University,2,250,157,213,237,246,
196653,Trocaire College,2,65,52,58,95,88,
102368,Troy University,1,1717,1683,1596,1857,1679,
182500,Truckee Meadows Community College,1,1731,1489,1375,1367,1638,
141237,Truett McConnell University,2,217,217,241,271,215,
178615,Truman State University,1,645,699,665,727,898,
168148,Tufts University,2,1735,1694,1800,1613,1613,
160755,Tulane University of Louisiana,2,1867,1843,2027,1801,1821,
200527,Turtle Mountain Community College,2,152,120,66,111,118,
221953,Tusculum University,2,216,141,200,278,292,
102377,Tuskegee University,2,859,533,551,485,526,
229355,Tyler Junior College,1,2936,2791,2932,2962,3132,
181738,Union Adventist University,2,91,90,117,124,126,
491525,Union Bible College,2,84,40,20,14,16,
196866,Union College,2,550,575,565,466,550,
157863,Union College,2,198,201,140,258,172,
221971,Union University,2,329,334,360,331,326,
197027,United States Merchant Marine Academy,1,251,200,239,261,255,
102395,United States Sports Academy,2,29,3,7,,,
197018,United Talmudical Seminary,2,493,445,438,497,448,
200554,United Tribes Technical College,2,106,120,114,76,117,
161572,Unity Environmental University,2,723,415,244,229,206,
196060,University at Albany,1,2836,2651,3030,2695,2669,
196088,University at Buffalo,1,4271,4215,4309,4415,4289,
200800,University of Akron Main Campus,1,2091,2108,2163,2343,2739,
100663,University of Alabama at Birmingham,1,2095,2217,2415,2154,2346,
100706,University of Alabama in Huntsville,1,1176,1172,1204,1345,1497,
102553,University of Alaska Anchorage,1,1306,1072,990,1057,1356,
102614,University of Alaska Fairbanks,1,770,685,678,668,686,
102632,University of Alaska Southeast,1,148,165,149,155,172,
104179,University of Arizona,1,9158,9069,8483,7334,7683,
106397,University of Arkansas,1,6337,7099,6065,4728,4605,
106245,University of Arkansas at Little Rock,1,478,549,481,516,584,
106485,University of Arkansas at Monticello,1,480,393,437,466,495,
106412,University of Arkansas at Pine Bluff,1,411,575,677,685,488,
442569,University of Arkansas Grantham,1,503,591,618,479,655,
108092,University of Arkansas-Fort Smith,1,886,832,813,883,934,
161873,University of Baltimore,1,41,31,66,74,46,
128744,University of Bridgeport,2,231,283,238,310,368,
110635,University of California-Berkeley,1,6641,6726,6931,6117,6454,
110644,University of California-Davis,1,6577,6399,7482,6144,5957,
110653,University of California-Irvine,1,6796,5664,6489,5765,6069,
110662,University of California-Los Angeles,1,6585,6462,6584,6386,5919,
445188,University of California-Merced,1,2419,2393,2410,1951,2105,
110671,University of California-Riverside,1,5521,5573,5204,4852,4769,
110680,University of California-San Diego,1,7005,6546,7542,6447,6023,
110705,University of California-Santa Barbara,1,5043,4966,4898,4847,4935,
110714,University of California-Santa Cruz,1,4381,3859,4188,4194,3713,
106704,University of Central Arkansas,1,1737,1803,1854,1715,1840,
132903,University of Central Florida,1,8196,7511,7089,8037,7323,
176965,University of Central Missouri,1,1061,1028,1158,1084,1249,
206941,University of Central Oklahoma,1,1894,1613,1792,1940,1982,
237312,University of Charleston,2,234,266,246,294,282,
144050,University of Chicago,2,1625,1729,2053,1848,1725,
201955,University of Cincinnati-Blue Ash College,1,1483,1415,1195,1608,1700,
201946,University of Cincinnati-Clermont College,1,560,436,435,597,629,
201885,University of Cincinnati-Main Campus,1,6922,6369,5400,5242,5480,
126614,University of Colorado Boulder,1,7546,7102,6727,6320,7104,
126580,University of Colorado Colorado Springs,1,1747,1663,1429,1305,1787,
126562,University of Colorado Denver/Anschutz Medical Campus,1,1609,1676,1662,1383,1572,
129020,University of Connecticut,1,4189,4069,3663,3825,3603,
436827,University of Connecticut-Avery Point,1,174,182,209,219,196,
463056,University of Connecticut-Hartford Campus,1,545,616,555,666,631,
436836,University of Connecticut-Stamford,1,622,657,764,781,674,
436818,University of Connecticut-Waterbury Campus,1,243,240,272,355,237,
224323,University of Dallas,2,348,404,476,379,382,
202480,University of Dayton,2,1904,1996,2126,2134,2035,
130943,University of Delaware,1,4548,4906,4617,4175,4617,
127060,University of Denver,2,1458,1638,1621,1375,1351,
169716,University of Detroit Mercy,2,552,508,565,419,530,
153278,University of Dubuque,2,325,318,330,429,398,
150534,University of Evansville,2,462,377,327,395,445,
134130,University of Florida,1,6762,6612,6787,6333,6526,
484473,University of Florida-Online,1,826,886,1060,718,761,
457402,University of Fort Lauderdale,2,111,69,32,32,14,
139959,University of Georgia,1,6146,6273,5819,5646,5499,
129525,University of Hartford,2,1311,1148,977,1141,1234,
141565,University of Hawaii at Hilo,1,367,392,459,462,449,
141574,University of Hawaii at Manoa,1,3042,3106,2939,2184,2020,
141839,University of Hawaii Maui College,1,383,403,441,465,581,
141981,University of Hawaii-West Oahu,1,238,216,224,232,217,
179265,University of Health Sciences and Pharmacy in St. Louis,2,117,106,77,94,90,
160065,University of Holy Cross,2,33,47,61,62,62,
225511,University of Houston,1,5652,5555,5437,5225,5680,
225414,University of Houston-Clear Lake,1,438,353,335,363,336,
225432,University of Houston-Downtown,1,1491,1373,1360,1491,1467,
225502,University of Houston-Victoria,1,173,211,149,266,367,
142285,University of Idaho,1,1869,1951,1656,1425,1475,
145600,University of Illinois Chicago,1,4647,4244,4177,3541,4407,
148654,University of Illinois Springfield,1,259,245,264,298,373,
145637,University of Illinois Urbana-Champaign,1,8325,7957,8297,7529,7665,
151263,University of Indianapolis,2,807,856,1052,945,1174,
153658,University of Iowa,1,5064,5178,4521,4510,4986,
200156,University of Jamestown,2,247,257,318,262,256,
155317,University of Kansas,1,5259,4457,4119,3829,4125,
157085,University of Kentucky,1,6437,6061,4721,4891,5348,
117140,University of La Verne,2,743,662,680,660,495,
160658,University of Louisiana at Lafayette,1,3064,2885,2693,2338,2536,
159993,University of Louisiana at Monroe,1,1049,1018,1140,1155,1144,
157289,University of Louisville,1,3117,2931,2695,2866,2803,
232609,University of Lynchburg,2,478,410,338,439,477,
161253,University of Maine,1,1869,1939,2316,2059,2140,
161217,University of Maine at Augusta,1,273,317,322,366,345,
161226,University of Maine at Farmington,1,230,264,345,373,384,
161235,University of Maine at Fort Kent,1,71,57,99,91,132,
161341,University of Maine at Presque Isle,1,132,141,162,179,189,
200217,University of Mary,2,559,458,516,440,433,
226471,University of Mary Hardin-Baylor,2,825,744,861,741,868,
232681,University of Mary Washington,1,758,749,654,774,891,
163338,University of Maryland Eastern Shore,1,728,588,451,469,509,
163204,University of Maryland Global Campus,1,1334,763,637,664,646,
163268,University of Maryland-Baltimore County,1,1977,2144,2052,1675,1701,
163286,University of Maryland-College Park,1,6197,5849,6072,5369,5340,
262086,University of Massachusetts Global,1,376,216,85,101,60,
166629,University of Massachusetts-Amherst,1,5286,5589,4872,5055,5766,
166638,University of Massachusetts-Boston,1,2463,2441,2246,2229,2123,
167987,University of Massachusetts-Dartmouth,1,1376,1319,1265,1282,1320,
166513,University of Massachusetts-Lowell,1,2083,1937,1907,2082,2395,
220862,University of Memphis,1,2591,2414,2593,2540,2683,
135726,University of Miami,2,2328,2371,2766,2358,2204,
170976,University of Michigan-Ann Arbor,1,7466,7050,7290,6879,6830,
171137,University of Michigan-Dearborn,1,1157,1005,1084,1003,1014,
171146,University of Michigan-Flint,1,533,521,493,559,604,
174075,University of Minnesota-Crookston,1,246,195,168,200,214,
174233,University of Minnesota-Duluth,1,1821,1980,2029,1780,2043,
174251,University of Minnesota-Morris,1,273,273,293,269,322,
456959,University of Minnesota-Rochester,1,163,193,174,217,164,
174066,University of Minnesota-Twin Cities,1,6740,6741,6883,5966,6278,
176017,University of Mississippi,1,5237,4465,3580,3024,3232,
178396,University of Missouri-Columbia,1,5139,4983,4843,5315,5431,
178402,University of Missouri-Kansas City,1,1289,1165,1148,1059,1196,
178420,University of Missouri-St Louis,1,464,443,296,417,447,
101693,University of Mobile,2,288,272,253,250,266,
101709,University of Montevallo,1,501,544,493,471,493,
199069,University of Mount Olive,2,277,268,239,287,296,
193399,University of Mount Saint Vincent,2,489,494,374,417,441,
204185,University of Mount Union,2,536,551,491,550,555,
181215,University of Nebraska at Kearney,1,910,863,958,833,863,
181394,University of Nebraska at Omaha,1,2156,2343,2166,2223,2067,
181464,University of Nebraska-Lincoln,1,4699,4640,4736,4771,4775,
182281,University of Nevada-Las Vegas,1,4583,4312,4125,4475,4465,
182290,University of Nevada-Reno,1,3421,3296,3412,3342,3547,
161457,University of New England,2,589,731,595,564,712,
183071,University of New Hampshire at Manchester,1,72,54,66,93,87,
183257,University of New Hampshire College of Professional Studies Online,1,44,49,56,70,79,
183044,University of New Hampshire-Main Campus,1,2607,2942,2795,2630,2731,
129941,University of New Haven,2,1296,1242,1277,1371,1285,
187985,University of New Mexico-Main Campus,1,3579,3506,3077,2790,2594,
159939,University of New Orleans,1,829,1012,1151,1123,935,
101879,University of North Alabama,1,1104,1140,1013,932,1030,
199111,University of North Carolina Asheville,1,630,507,605,586,654,
199120,University of North Carolina at Chapel Hill,1,4699,4435,4690,4445,4182,
199139,University of North Carolina at Charlotte,1,4501,4157,4256,3999,3653,
199148,University of North Carolina at Greensboro,1,2613,2343,2543,2432,2746,
199281,University of North Carolina at Pembroke,1,908,714,896,901,1131,
199184,University of North Carolina School of the Arts,1,221,210,208,219,234,
199218,University of North Carolina Wilmington,1,2701,2370,2435,2025,2342,
200280,University of North Dakota,1,1766,1753,1755,1614,1673,
136172,University of North Florida,1,2816,3133,2578,2741,2641,
482680,University of North Georgia,1,3914,3873,4067,4320,4157,
227216,University of North Texas,1,6926,6624,5563,5304,5613,
484905,University of North Texas at Dallas,1,469,346,366,327,1085,
127741,University of Northern Colorado,1,1229,1191,1256,1358,1814,
154095,University of Northern Iowa,1,1552,1436,1553,1482,1465,
204486,University of Northwestern Ohio,2,877,898,886,915,863,
174491,University of Northwestern-St Paul,2,364,398,396,368,408,
152080,University of Notre Dame,2,2075,2037,2059,2193,2051,
207500,University of Oklahoma-Norman Campus,1,5198,4683,4582,4422,4523,
209551,University of Oregon,1,5032,5313,4589,3920,4525,
215062,University of Pennsylvania,2,2415,2415,2399,2316,2389,
157535,University of Pikeville,2,315,329,245,305,328,
215266,University of Pittsburgh-Bradford,1,310,297,311,366,432,
215275,University of Pittsburgh-Greensburg,1,388,409,328,363,412,
215284,University of Pittsburgh-Johnstown,1,474,518,465,520,605,
215293,University of Pittsburgh-Pittsburgh Campus,1,4549,4390,4875,4230,4026,
209825,University of Portland,2,729,813,911,809,1004,
180258,University of Providence,2,113,99,103,149,104,
236328,University of Puget Sound,2,463,405,409,393,615,
121691,University of Redlands,2,442,513,550,523,722,
217484,University of Rhode Island,1,3289,3420,3340,3302,3140,
233374,University of Richmond,2,833,851,874,811,832,
205203,University of Rio Grande,2,192,159,208,178,179,
195030,University of Rochester,2,1543,1625,1623,1363,1500,
152336,University of Saint Francis-Fort Wayne,2,418,366,450,404,394,
130314,University of Saint Joseph,2,173,189,186,185,204,
488785,University of Saint Katherine,2,41,35,39,32,49,
155812,University of Saint Mary,2,221,197,242,196,149,
122436,University of San Diego,2,1245,1234,1166,997,1142,
122612,University of San Francisco,2,1124,1555,1452,1142,1293,
207722,University of Science and Arts of Oklahoma,1,272,217,249,134,184,
215929,University of Scranton,2,1028,1057,825,884,996,
219383,University of Sioux Falls,2,310,308,309,263,297,
102094,University of South Alabama,1,1920,1614,1778,1578,1617,
218645,University of South Carolina Aiken,1,616,552,526,542,558,
218654,University of South Carolina Beaufort,1,503,476,424,358,449,
218663,University of South Carolina-Columbia,1,7319,6574,6174,5742,6286,
218742,University of South Carolina-Upstate,1,674,688,597,754,881,
219471,University of South Dakota,1,1367,1326,1231,1238,1308,
137351,University of South Florida,1,5803,6800,6279,5734,5139,
123961,University of Southern California,2,3633,3420,3668,3459,3165,
151306,University of Southern Indiana,1,1283,1251,1327,1286,1585,
161554,University of Southern Maine,1,718,751,895,808,893,
176372,University of Southern Mississippi,1,1733,1624,1587,1675,1888,
148584,University of St Francis,2,238,216,204,210,235,
174914,University of St Thomas,2,1681,1586,1349,1487,1579,
227863,University of St Thomas,2,672,515,443,401,343,
215105,University of the Arts,2,250,182,270,297,401,
156541,University of the Cumberlands,2,645,637,613,610,756,
131399,University of the District of Columbia,1,614,486,293,391,651,
225627,University of the Incarnate Word,2,1067,977,966,922,1012,
107558,University of the Ozarks,2,188,229,201,195,209,
120883,University of the Pacific,2,773,847,781,718,808,
188182,University of the Southwest,2,94,82,131,89,93,
449870,University of the West,2,4,5,7,7,8,
206084,University of Toledo,1,2117,2126,2324,2363,3037,
207971,University of Tulsa,2,594,651,583,491,831,
230764,University of Utah,1,5560,5520,5361,4483,4249,
216542,University of Valley Forge,2,97,133,128,100,110,
231174,University of Vermont,1,2896,3000,2932,2487,2636,
233897,University of Virginia's College at Wise,1,290,251,329,256,282,
234076,University of Virginia-Main Campus,1,3966,4022,3889,3785,3920,
377555,University of Washington-Bothell Campus,1,1186,980,900,985,829,
236948,University of Washington-Seattle Campus,1,7011,7386,7252,7027,6992,
377564,University of Washington-Tacoma Campus,1,666,625,628,621,655,
101587,University of West Alabama,1,315,309,304,254,322,
138354,University of West Florida,1,1503,1183,1187,1258,1199,
141334,University of West Georgia,1,1361,1423,1543,1821,1852,
240268,University of Wisconsin-Eau Claire,1,2163,2134,2253,2258,2433,
240277,University of Wisconsin-Green Bay,1,1258,1137,1208,1269,1346,
240329,University of Wisconsin-La Crosse,1,2301,2326,2217,2141,2203,
240444,University of Wisconsin-Madison,1,7964,8628,8465,7306,7550,
240453,University of Wisconsin-Milwaukee,1,3366,3349,3358,3249,3761,
240365,University of Wisconsin-Oshkosh,1,1751,1738,1786,1854,2165,
240374,University of Wisconsin-Parkside,1,565,442,467,541,657,
240462,University of Wisconsin-Platteville,1,1445,1437,1265,1389,1494,
240471,University of Wisconsin-River Falls,1,1063,1014,1016,1088,1203,
240480,University of Wisconsin-Stevens Point,1,1828,1722,1810,1838,1529,
240417,University of Wisconsin-Stout,1,1267,1252,1324,1332,1491,
240426,University of Wisconsin-Superior,1,260,319,341,276,327,
240189,University of Wisconsin-Whitewater,1,2217,2089,2127,2055,2119,
240727,University of Wyoming,1,1463,1627,1477,1424,1760,
154493,Upper Iowa University,2,158,216,200,211,211,
494685,Urshan College,2,64,54,53,60,61,
216524,Ursinus College,2,405,381,433,437,431,
206349,Ursuline College,2,114,107,121,102,92,
446604,Uta Mesivta of Kiryas Joel,2,611,566,482,455,448,
230728,Utah State University,1,4388,4626,4223,4547,4411,
230171,Utah Tech University,1,2097,2369,2559,2542,2272,
230737,Utah Valley University,1,4658,4754,4511,4815,4764,
197045,Utica University,2,577,442,456,507,515,
141264,Valdosta State University,1,1134,1127,1782,2617,1657,
138187,Valencia College,1,8980,9242,7271,7180,9066,
200572,Valley City State University,1,194,205,196,195,218,
486257,Valor Christian College,2,66,52,45,44,54,
152600,Valparaiso University,2,596,604,601,637,647,
221999,Vanderbilt University,2,1622,1619,1626,1698,1604,
149639,VanderCook College of Music,2,17,12,20,11,18,
123651,Vanguard University of Southern California,2,500,541,495,555,485,
197133,Vassar College,2,686,679,677,588,690,
188340,Vaughn College of Aeronautics and Technology,2,201,183,164,248,334,
482228,Veritas Baptist College,2,17,12,11,15,21,
231165,Vermont State University,1,562,127,142,120,208,
197142,Villa Maria College,2,161,101,107,138,134,
216597,Villanova University,2,1749,1778,1772,1700,1695,
152637,Vincennes University,1,1226,1190,1291,1374,1602,
234030,Virginia Commonwealth University,1,4519,4167,4084,3756,4401,
234085,Virginia Military Institute,1,447,347,426,463,447,
233921,Virginia Polytechnic Institute and State University,1,7196,7166,6758,6608,7651,
234155,Virginia State University,1,1448,1384,920,889,1066,
234164,Virginia Union University,2,415,363,313,359,245,
234137,Virginia University of Lynchburg,2,67,101,145,54,131,
234173,Virginia Wesleyan University,2,369,282,341,323,344,
449764,Visible Music College,2,31,44,46,61,34,
240107,Viterbo University,2,252,235,261,301,283,
218919,Voorhees University,2,129,137,81,56,163,
152673,Wabash College,2,229,258,210,240,229,
197197,Wagner College,2,398,405,355,374,410,
199847,Wake Forest University,2,1385,1370,1412,1452,1360,
236887,Walla Walla Community College,1,574,471,259,132,478,
236896,Walla Walla University,2,319,296,279,281,423,
206437,Walsh University,2,336,378,345,390,394,
210304,Warner Pacific University,2,26,31,35,65,60,
138275,Warner University,2,255,240,227,225,214,
199865,Warren Wilson College,2,196,192,225,194,235,
154527,Wartburg College,2,424,351,413,468,398,
156082,Washburn University,1,942,780,693,660,788,
216667,Washington & Jefferson College,2,314,348,328,338,291,
162210,Washington Adventist University,2,106,59,56,89,128,
234207,Washington and Lee University,2,502,476,484,459,462,
164216,Washington College,2,230,231,260,260,325,
206446,Washington State Community College,1,175,188,234,207,257,
236939,Washington State University,1,4249,3991,4007,4191,4812,
179867,Washington University in St Louis,2,1828,1813,1980,1804,1732,
229780,Wayland Baptist University,2,289,262,226,298,249,
181783,Wayne State College,1,731,778,791,813,730,
172644,Wayne State University,1,2988,2577,2732,3120,2968,
216694,Waynesburg University,2,336,299,294,329,355,
229799,Weatherford College,1,666,622,985,836,1023,
197221,Webb Institute,2,27,25,26,27,26,
138293,Webber International University,2,270,279,237,286,203,
230782,Weber State University,1,3273,3023,2985,3377,3313,
179894,Webster University,2,452,428,360,410,411,
220206,Welch College,2,87,53,61,65,80,
168218,Wellesley College,2,571,586,603,581,612,
197230,Wells College,2,129,147,140,122,132,
236975,Wenatchee Valley College,1,511,578,528,379,482,
168227,Wentworth Institute of Technology,2,980,832,917,986,968,
176451,Wesley Biblical Seminary,2,2,3,11,,,
141325,Wesleyan College,2,100,122,111,139,135,
130697,Wesleyan University,2,782,743,910,720,771,
216764,West Chester University of Pennsylvania,1,3087,3006,2628,2796,2871,
237932,West Liberty University,1,419,430,378,416,465,
125471,West Los Angeles College,1,1402,998,1078,1147,1481,
229814,West Texas A & M University,1,1266,1281,1291,1254,1335,
237899,West Virginia State University,1,322,331,305,282,273,
238032,West Virginia University,1,4377,4571,4313,4494,4949,
237686,West Virginia University at Parkersburg,1,420,294,289,390,343,
237950,West Virginia University Institute of Technology,1,308,298,303,282,321,
237969,West Virginia Wesleyan College,2,307,275,302,258,326,
200004,Western Carolina University,1,2103,1932,1729,1823,2107,
128391,Western Colorado University,1,423,439,456,420,454,
130776,Western Connecticut State University,1,711,629,733,788,845,
433387,Western Governors University,2,2027,1377,1002,100,28,
149772,Western Illinois University,1,968,1074,920,1064,895,
157951,Western Kentucky University,1,2822,2755,2832,3120,2714,
172699,Western Michigan University,1,2472,2621,2114,2618,2919,
182564,Western Nevada College,1,507,436,461,494,613,
168254,Western New England University,2,731,602,783,691,691,
188304,Western New Mexico University,1,349,310,229,223,290,
210429,Western Oregon University,1,649,563,544,722,789,
237011,Western Washington University,1,3184,3222,2874,2494,3116,
240693,Western Wyoming Community College,1,432,345,385,423,448,
168263,Westfield State University,1,712,803,802,836,1042,
179946,Westminster College,2,159,161,214,177,142,
216807,Westminster College,2,310,289,305,291,279,
230807,Westminster University,2,228,191,169,180,283,
125727,Westmont College,2,320,315,333,307,406,
237039,Whatcom Community College,1,579,523,810,200,382,
149781,Wheaton College,2,553,504,546,481,614,
168281,Wheaton College (Massachusetts),2,522,494,493,458,451,
238078,Wheeling University,2,166,181,151,188,121,
237057,Whitman College,2,444,336,477,294,425,
125763,Whittier College,2,145,249,277,239,493,
237066,Whitworth University,2,553,455,534,607,683,
156125,Wichita State University,1,1786,1847,1814,1579,1689,
216852,Widener University,2,894,536,608,600,762,
206491,Wilberforce University,2,204,181,150,117,135,
229887,Wiley University,2,243,244,195,121,75,
216931,Wilkes University,2,513,478,556,492,550,
210401,Willamette University,2,504,524,260,324,371,
231624,William & Mary,1,1619,1642,1684,1521,1530,
176479,William Carey University,2,204,178,153,175,212,
122728,William Jessup University,2,190,160,176,165,194,
179955,William Jewell College,2,229,243,222,195,168,
187444,William Paterson University of New Jersey,1,886,806,1000,1265,1537,
199272,William Peace University,2,159,136,128,144,185,
154590,William Penn University,2,298,317,320,334,363,
179964,William Woods University,2,232,225,129,165,161,
107877,Williams Baptist University,2,134,144,191,220,198,
168342,Williams College,2,541,577,574,482,546,
443340,Williamson Christian College,2,4,4,3,6,8,
206507,Wilmington College,2,262,317,226,308,341,
131113,Wilmington University,2,793,774,649,625,511,
217013,Wilson College,2,199,136,136,116,199,
199962,Wingate University,2,708,828,777,825,943,
175272,Winona State University,1,1161,1173,1093,1274,1550,
199999,Winston-Salem State University,1,883,855,912,1007,967,
218964,Winthrop University,1,867,709,818,964,1073,
240338,Wisconsin Lutheran College,2,251,309,274,281,214,
206525,Wittenberg University,2,383,405,358,384,344,
218973,Wofford College,2,510,507,459,496,474,
491631,Women's Institute of Torah Seminary and College,2,47,51,52,41,3,
125897,Woodbury University,2,107,117,116,140,203,
168421,Worcester Polytechnic Institute,2,1360,1354,1410,1294,1199,
168430,Worcester State University,1,909,799,756,807,886,
401223,World Mission University,2,7,20,9,22,32,
206613,Wright State University-Lake Campus,1,252,271,266,281,279,
206604,Wright State University-Main Campus,1,1473,1281,1132,1181,1374,
206622,Xavier University,2,1229,1191,1185,1315,1210,
160904,Xavier University of Louisiana,2,692,838,989,712,832,
237109,Yakima Valley College,1,698,701,338,531,558,
130794,Yale University,2,1641,1554,1786,1264,1550,
106148,Yavapai College,1,848,891,1142,985,1083,
490319,Yeshiva Bais Aharon,2,6,2,11,11,7,
491622,Yeshiva Chemdas Hatorah,2,21,15,25,30,23,
434937,Yeshiva College of the Nations Capital,2,9,10,11,9,,
420325,Yeshiva D'monsey Rabbinical College,2,33,25,20,25,24,
197647,Yeshiva Derech Chaim,2,24,27,27,20,22,
493716,Yeshiva Gedola Tiferes Yaakov Yitzchok,2,19,20,13,14,12,
491914,Yeshiva Gedola Tiferes Yerachmiel,2,22,23,25,25,19,
375230,Yeshiva Gedolah Imrei Yosef D'spinka,2,41,32,38,39,40,
491640,Yeshiva Gedolah Keren Hatorah,2,39,41,40,38,34,
481410,Yeshiva Gedolah Kesser Torah,2,19,18,24,21,16,
491710,Yeshiva Gedolah of Cliffwood,2,12,11,11,18,22,
247773,Yeshiva Gedolah of Greater Detroit,2,25,21,19,13,20,
493707,Yeshiva Gedolah of Woodlake Village,2,21,30,32,33,28,
488350,Yeshiva Gedolah Shaarei Shmuel,2,44,59,44,9,18,
491613,Yeshiva Gedolah Tiferes Boruch,2,19,19,19,23,18,
476692,Yeshiva Gedolah Zichron Leyma,2,16,14,17,17,4,
197601,Yeshiva Karlin Stolin,2,38,32,43,21,25,
491057,Yeshiva Kollel Tifereth Elizer,2,13,26,20,8,3,
190752,Yeshiva of Far Rockaway Derech Ayson Rabbinical Seminary,2,20,14,22,15,11,
498809,Yeshiva of Kasho,2,52,,,,,
455257,Yeshiva of Machzikai Hadas,2,86,99,60,60,90,
197674,Yeshiva of Nitra Rabbinical College,2,52,53,42,49,60,
493594,Yeshiva of Ocean,2,17,9,9,4,7,
431983,Yeshiva of the Telshe Alumni,2,,,,,2,
126076,Yeshiva Ohr Elchonon Chabad West Coast Talmudical Seminary,2,61,69,56,51,55,
490504,Yeshiva Ohr Naftoli,2,25,6,9,17,6,
486017,Yeshiva Ohr Yisrael,2,4,4,4,5,5,
490276,Yeshiva Shaar Ephraim,2,40,46,27,22,31,
441609,Yeshiva Shaarei Torah of Rockland,2,9,10,6,8,8,
486026,Yeshiva Sholom Shachna,2,39,42,19,31,30,
451398,Yeshiva Toras Chaim,2,62,59,48,44,53,
197708,Yeshiva University,2,626,622,487,558,559,
494737,Yeshiva Yesoda Hatorah Vetz Chaim,2,53,36,34,26,33,
481438,Yeshiva Yesodei Hatorah,2,20,23,26,17,28,
487746,Yeshiva Zichron Aryeh,2,3,,2,1,2,
363712,Yeshivah Gedolah Rabbinical College,2,24,18,5,18,19,
451370,Yeshivas Be'er Yitzchok,2,5,10,10,5,8,
491765,Yeshivas Emek Hatorah,2,29,23,27,19,26,
405058,Yeshivas Novominsk,2,46,39,41,48,48,
498906,Yeshivas Sanz Klauzenburg,2,24,,,,,
493664,Yeshivat Hechal Shemuel,2,3,7,3,1,,
217040,Yeshivath Beth Moshe,2,14,9,16,9,15,
197692,Yeshivath Shaar Hatorah,2,35,24,26,28,29,
197735,Yeshivath Viznitz,2,269,196,227,164,150,
197744,Yeshivath Zichron Moshe,2,12,10,10,6,8,
217059,York College of Pennsylvania,2,805,749,738,847,946,
181853,York University,2,130,108,112,129,115,
141361,Young Harris College,2,243,253,304,336,265,
206695,Youngstown State University,1,1609,1602,1607,1808,2000,
204255,Zane State College,1,256,232,257,303,338,