UnitID,Institution Name,Undergraduate enrollment (DRVEF2023),First-time degree/certificate-seeking undergraduate enrollment (DRVEF2023),Total  enrollment (DRVEF2023),Undergraduate enrollment (DRVEF2022_RV),First-time degree/certificate-seeking undergraduate enrollment (DRVEF2022_RV),Total  enrollment (DRVEF2022_RV),Undergraduate enrollment (DRVEF2021_RV),First-time degree/certificate-seeking undergraduate enrollment (DRVEF2021_RV),Total  enrollment (DRVEF2021_RV),Undergraduate enrollment (DRVEF2020_RV),First-time degree/certificate-seeking undergraduate enrollment (DRVEF2020_RV),Total  enrollment (DRVEF2020_RV),Undergraduate enrollment (DRVEF2019_RV),First-time degree/certificate-seeking undergraduate enrollment (DRVEF2019_RV),Total  enrollment (DRVEF2019_RV),
222178,Abilene Christian University,3188,862,5114,3211,894,5079,3138,833,4912,3494,859,5291,3525,932,5292,
497037,Abilene Christian University-Undergraduate Online,918,131,918,766,116,766,422,32,422,,,,,,,
138558,Abraham Baldwin Agricultural College,3768,1006,3768,3647,856,3647,3814,865,3814,3990,934,3990,3927,919,3927,
126182,Adams State University,1576,320,2950,1588,306,2854,1835,318,3138,1902,348,3164,1955,399,3114,
188429,Adelphi University,5124,1377,7406,5055,1146,7252,5251,1330,7520,5124,996,7584,5360,1132,7991,
168528,Adrian College,1678,484,1760,1747,507,1821,1801,569,1867,1781,530,1862,1784,541,1833,
133872,AdventHealth University,1221,97,1692,1110,76,1610,1144,74,1667,1249,99,1802,1234,64,1688,
138600,Agnes Scott College,911,241,1077,1006,276,1114,1063,301,1109,1014,274,1080,1005,299,1067,
100654,Alabama A & M University,5845,1990,6614,5206,1557,6007,5107,1477,5969,5093,1535,5977,5273,1694,6172,
100724,Alabama State University,3322,951,3870,3296,943,3828,3499,890,3964,3614,975,4072,3750,1019,4190,
102669,Alaska Pacific University,437,30,578,430,25,590,376,40,554,312,24,493,337,52,529,
188526,Albany College of Pharmacy and Health Sciences,547,134,875,584,111,930,647,115,1078,686,117,1118,794,185,1240,
138716,Albany State University,6018,1532,6544,5812,1383,6334,5824,1046,6297,6102,1443,6509,5778,1427,6122,
128498,Albertus Magnus College,892,176,1161,987,162,1275,1031,188,1328,1088,178,1384,1116,246,1419,
168546,Albion College,1354,363,1354,1456,418,1456,1523,468,1523,1506,478,1506,1475,415,1475,
132842,Albizu University-Miami,226,20,787,217,10,864,179,18,838,146,28,802,120,5,720,
210571,Albright College,1328,348,1652,1298,401,1498,1375,342,1465,1539,356,1584,1718,370,1758,
175342,Alcorn State University,2432,505,2894,2431,498,2933,2533,402,3074,2729,401,3230,3069,524,3523,
188641,Alfred University,1422,432,1843,1347,369,1813,1485,388,1982,1593,359,2187,1715,458,2382,
156189,Alice Lloyd College,553,178,553,565,170,565,613,203,613,569,194,569,575,199,575,
210669,Allegheny College,1231,283,1231,1353,289,1353,1575,408,1575,1667,400,1667,1775,500,1775,
217624,Allen University,635,170,677,603,174,657,563,129,621,656,173,705,754,241,817,
168591,Alma College,1235,346,1273,1245,334,1260,1340,319,1353,1435,397,1435,1442,387,1442,
210775,Alvernia University,2050,414,2485,2018,497,2484,2032,403,2536,2045,460,2560,2123,399,2731,
238193,Alverno College,887,150,1719,788,133,1596,917,113,1822,1099,128,1876,1105,171,1744,
485698,American College of the Building Arts,140,36,140,141,23,141,121,58,121,93,11,93,94,21,94,
164447,American International College,1331,277,2142,1167,331,2010,1288,342,2244,1381,337,2612,1341,379,2891,
188854,American Musical and Dramatic Academy,1502,387,1511,1471,470,1480,1656,444,1666,1395,416,1399,1773,533,1773,
131159,American University,7817,1856,13019,7917,1759,13885,8463,2372,14852,7953,1607,14001,8527,1754,14318,
164465,Amherst College,1910,488,1910,1898,467,1898,1971,514,1971,1745,434,1745,1839,470,1839,
150066,Anderson University,1095,310,1255,1129,326,1290,1159,317,1345,1205,327,1406,1311,330,1567,
217633,Anderson University,3413,849,4325,3237,798,4121,3157,776,4008,3083,698,3848,2893,639,3543,
138761,Andrew College,294,108,294,247,89,247,272,91,272,301,105,301,289,106,289,
168740,Andrews University,1312,272,2837,1295,232,2858,1358,256,2927,1579,257,3162,1693,283,3390,
222831,Angelo State University,9623,1442,11250,9066,1236,10599,9121,1286,10826,9107,1279,10775,8981,1436,10568,
164492,Anna Maria College,995,249,1332,1069,202,1436,1119,187,1521,1126,242,1492,1109,269,1441,
483018,Antioch College,127,39,127,127,31,127,133,30,133,116,44,116,95,21,95,
237136,Appalachian Bible College,215,54,218,220,39,232,192,27,199,221,39,225,225,40,227,
197869,Appalachian State University,19405,4227,21253,18558,3917,20436,18555,4099,20641,18061,3906,20023,17518,3501,19280,
168786,Aquinas College,1209,296,1295,1169,307,1265,1238,216,1362,1372,280,1517,1456,262,1600,
211088,Arcadia University,1890,420,3142,1870,489,3026,1831,389,3063,2014,478,3300,2149,530,3463,
105899,Arizona Christian University,1210,376,1233,1082,301,1082,1053,311,1053,925,284,925,870,222,870,
104151,Arizona State University Campus Immersion,65174,14102,79593,65492,15151,80065,64716,14250,77881,63124,12677,74795,44461,10044,53286,
106458,Arkansas State University,8760,1660,14032,8201,1325,13190,8241,1301,12863,8486,1293,13106,8928,1395,13356,
106467,Arkansas Tech University,8808,1467,9487,8722,1452,9445,8901,1396,9640,10110,1756,10829,11015,2091,11829,
201061,Art Academy of Cincinnati,255,57,259,259,86,263,234,64,239,227,77,235,212,76,219,
109651,Art Center College of Design,2079,319,2382,2135,281,2420,2028,273,2319,1912,233,2182,2062,267,2335,
156213,Asbury University,1638,358,1942,1404,295,1650,1472,263,1720,1492,264,1741,1724,292,1940,
201104,Ashland University,3123,519,4143,3083,528,4174,3731,699,4929,3148,437,4447,3653,613,5091,
188942,Associated Beth Rivkah Schools,289,89,289,308,116,308,277,128,277,259,96,259,192,68,192,
164562,Assumption University,1688,479,2046,1704,369,2059,1911,415,2284,2027,572,2448,2048,563,2443,
100858,Auburn University,26874,5935,33015,25379,5303,31764,24931,5311,31526,24505,4914,30737,24594,4808,30460,
100830,Auburn University at Montgomery,3407,413,5189,3754,407,5109,4086,539,5068,4375,674,5212,4523,626,5188,
173045,Augsburg University,2445,684,3161,2358,612,3088,2363,541,3166,2512,563,3346,2512,636,3425,
482149,Augusta University,5684,1224,9862,5378,1047,9140,5487,1044,8961,5674,1028,8920,5604,1119,8650,
143084,Augustana College,2446,723,2484,2318,593,2349,2338,648,2367,2377,543,2389,2546,678,2546,
219000,Augustana University,1871,456,2158,1831,553,2086,1715,467,2022,1735,323,2019,1818,432,2113,
201177,Aultman College of Nursing and Health Sciences,241,43,241,250,53,250,259,26,259,355,36,355,305,30,305,
143118,Aurora University,4098,829,5935,4048,672,5918,4114,822,6165,4158,797,6265,4104,814,6246,
222983,Austin College,1128,296,1136,1167,330,1182,1212,284,1228,1285,340,1302,1279,378,1299,
219602,Austin Peay State University,8587,1645,9945,8120,1465,9326,8418,1429,9609,9087,1438,10272,9971,1716,11048,
446048,Ave Maria University,1250,318,1335,1247,356,1310,1259,377,1302,1071,297,1108,1129,310,1177,
231420,Averett University,1180,285,1378,1140,252,1363,1114,230,1336,887,270,887,894,229,894,
176628,Avila University,1196,381,1733,978,184,1306,1024,217,1376,1058,151,1414,1153,153,1526,
109785,Azusa Pacific University,2977,420,6487,3348,518,7169,3939,634,8126,4498,624,9006,5136,692,9297,
164580,Babson College,2752,626,3943,2761,656,3989,2576,650,3684,2457,603,3340,2386,600,3325,
128586,Bais Binyomin Academy,50,24,50,60,29,60,40,23,40,35,22,35,38,17,38,
476601,Bais HaMedrash and Mesivta of Baltimore,91,27,91,86,25,86,81,30,81,60,30,60,72,24,72,
245777,Bais Medrash Elyon,41,8,95,45,9,97,40,8,88,28,4,91,47,14,105,
490513,Bais Medrash Mayan Hatorah,25,16,25,34,13,34,37,14,37,41,13,41,46,9,46,
495031,Bais Medrash of Dexter Park,22,12,22,68,15,68,62,5,62,68,7,68,,,,
449658,Bais Medrash Toras Chesed,125,33,125,110,33,110,117,30,117,152,28,152,112,27,112,
168847,Baker College,3572,356,3898,3778,323,4106,4662,483,4969,5680,605,6028,7240,690,7606,
154688,Baker University,1457,236,1945,1509,232,2105,1544,219,2364,1335,224,2279,1672,245,2595,
201195,Baldwin Wallace University,2809,732,3308,2744,643,3220,2840,730,3325,2860,659,3399,2964,665,3504,
150136,Ball State University,14874,3826,20440,14416,3477,19777,14898,3278,20319,15780,3567,21597,16702,4060,22443,
219639,Baptist Health Sciences University,733,43,755,777,38,797,910,68,935,871,70,890,971,94,989,
132408,Baptist University of Florida,331,29,352,385,25,410,422,26,446,390,28,418,430,28,455,
155070,Barclay College,163,48,187,152,22,169,168,18,199,166,28,215,189,44,225,
189088,Bard College,2453,402,2922,2296,446,2706,2171,473,2591,2118,363,2465,1957,482,2289,
167792,Bard College at Simon's Rock,312,102,312,298,94,298,328,108,328,343,122,343,398,149,398,
189097,Barnard College,3353,711,3353,3442,706,3442,3043,769,3043,2744,690,2744,2631,632,2631,
132471,Barry University,3150,582,6836,3122,596,6958,3332,716,7337,3523,645,7515,3747,717,7401,
197911,Barton College,1163,281,1259,1187,300,1265,1150,262,1213,1105,287,1177,1065,319,1161,
160977,Bates College,1753,505,1753,1790,518,1790,1821,553,1821,1876,479,1876,1820,499,1820,
164632,Bay Path University,1278,125,2643,1315,139,2465,1530,119,2745,1795,146,3224,1817,125,3324,
223232,Baylor University,15155,3317,20824,15213,3296,20709,15191,4271,20626,14399,3731,19297,14108,3307,18033,
384254,Beacon College,527,126,527,501,102,501,460,101,460,427,81,427,416,98,416,
444413,Beis Medrash Heichal Dovid,183,79,183,147,47,164,155,54,170,166,56,183,130,52,142,
175421,Belhaven University,1452,243,3616,1501,262,3627,1714,196,4278,2025,278,4999,2369,198,4574,
156286,Bellarmine University,2351,632,2993,2343,546,2970,2407,593,3149,2484,573,3293,2553,617,3331,
238324,Bellin College,612,60,836,563,47,748,514,43,697,471,38,626,516,30,649,
197984,Belmont Abbey College,1549,400,1650,1475,394,1501,1507,428,1517,1467,394,1467,1507,368,1507,
219709,Belmont University,7330,1669,8862,7384,1917,8910,7076,1834,8696,6631,1595,8204,6820,1684,8440,
238333,Beloit College,948,216,948,964,232,964,1011,290,1011,978,187,978,1143,259,1143,
173124,Bemidji State University,3610,475,3926,3677,452,4023,3877,535,4279,4165,504,4577,4490,631,4897,
217721,Benedict College,1694,339,1731,1796,384,1840,1895,582,1908,1727,356,1734,2034,729,2040,
154712,Benedictine College,2391,627,2465,2289,593,2362,2202,603,2287,2124,575,2217,2085,524,2158,
145619,Benedictine University,1842,354,2989,2042,425,3123,2185,415,3378,2299,403,3779,2493,347,4401,
197993,Bennett College,195,49,195,168,30,168,207,27,207,232,41,232,311,71,311,
230816,Bennington College,776,215,867,777,218,880,771,249,884,697,141,799,729,179,826,
164739,Bentley University,4350,1120,5264,4131,1141,5165,3996,1019,5158,4061,936,5177,4228,944,5314,
156295,Berea College,1487,413,1487,1432,352,1432,1468,338,1468,1432,295,1432,1688,413,1688,
164748,Berklee College of Music,7608,1502,8448,7499,1627,8282,7177,1707,7943,6004,1248,6631,6439,1311,6999,
139144,Berry College,2226,577,2370,2243,634,2360,2172,729,2303,2006,619,2125,1943,577,2034,
485999,Bet Medrash Gadol Ateret Torah,108,31,108,91,28,91,96,24,96,142,20,142,90,30,90,
189273,Beth Hamedrash Shaarei Yosher Institute,83,27,83,74,25,74,75,24,75,97,23,97,80,29,80,
486196,Beth Medrash Meor Yitzchok,222,84,222,189,84,189,184,75,184,187,59,187,164,96,164,
488314,Beth Medrash of Asbury Park,109,18,109,98,23,98,54,11,54,50,10,50,66,23,66,
237181,Bethany College,645,240,671,598,183,622,545,167,559,569,188,576,516,189,535,
154721,Bethany College,637,174,637,744,259,744,737,256,737,790,221,790,816,245,816,
486284,Bethany Global University,162,28,201,222,44,261,284,67,328,313,85,359,323,67,352,
173142,Bethany Lutheran College,850,189,902,792,176,830,781,199,798,769,154,769,741,179,741,
154749,Bethel College-North Newton,502,160,502,497,111,497,485,150,485,484,151,484,456,155,456,
150145,Bethel University,1107,226,1222,1181,248,1292,1206,286,1339,1195,275,1362,1273,307,1450,
173160,Bethel University,2629,434,3521,2592,448,3546,2653,505,3731,2722,479,3814,2799,586,4005,
219718,Bethel University,2719,402,2974,3290,339,3806,3446,522,4011,3457,476,4001,3809,569,4570,
132602,Bethune-Cookman University,2414,702,2515,2628,965,2727,2513,812,2624,2746,680,2845,2778,560,2901,
196079,Binghamton University,14409,3095,18456,14402,3107,18312,14307,3089,18055,14333,2896,18148,14165,2912,18124,
110097,Biola University,3395,753,5296,3499,706,5387,3596,655,5551,3683,715,5815,4043,907,6103,
100937,Birmingham-Southern College,713,148,731,975,244,975,1058,244,1058,1129,256,1129,1209,332,1209,
219046,Black Hills State University,3279,489,3475,3261,481,3425,3346,452,3539,3413,437,3608,3684,521,3858,
143288,Blackburn College,389,86,389,382,106,382,414,77,414,516,116,516,482,112,482,
183822,Bloomfield College,904,182,910,1152,235,1153,1299,277,1300,1533,376,1533,1612,400,1628,
175430,Blue Mountain Christian University,942,109,971,892,90,922,958,142,989,925,111,952,801,113,821,
237215,Bluefield State University,1249,216,1270,1281,294,1301,1358,346,1358,1243,215,1243,1241,200,1241,
231554,Bluefield University,694,180,989,705,149,991,718,116,948,851,158,1093,939,193,1156,
201371,Bluffton University,602,190,678,664,162,745,728,242,791,691,195,750,710,231,768,
142090,Boise Bible College,103,25,103,96,28,96,89,20,89,101,26,101,95,15,95,
142115,Boise State University,23491,3122,26670,22922,3174,26115,22404,3203,25794,20763,2870,24069,22896,3027,26217,
490203,Bolivar Technical College,144,9,144,130,12,130,129,12,129,156,17,156,130,7,130,
164614,Boston Baptist College,33,4,33,43,5,43,42,3,42,60,8,60,63,13,63,
164924,Boston College,10083,2335,15280,9982,2335,15287,9939,2516,15561,9780,2409,14934,9901,2297,14747,
164988,Boston University,18656,3145,36624,18459,3635,36714,18229,4011,36104,16872,2914,32718,17983,3156,33720,
161004,Bowdoin College,1850,504,1850,1915,508,1915,1951,517,1951,1777,463,1777,1835,498,1835,
162007,Bowie State University,5288,991,6408,5378,1188,6275,5381,913,6308,5354,970,6250,5227,821,6171,
201441,Bowling Green State University-Main Campus,14014,3114,17027,13853,2937,16920,14465,2760,17645,14988,3081,18142,15103,3389,17733,
143358,Bradley University,3883,833,5217,4143,1036,5552,4331,1042,5588,4574,1027,5855,4636,1048,5929,
165015,Brandeis University,3675,865,5302,3687,987,5581,3591,941,5558,3493,747,5440,3688,863,5825,
139199,Brenau University,1195,205,2420,1368,237,2704,1427,177,2551,1710,175,2813,1754,228,2817,
156356,Brescia University,551,149,638,551,101,646,752,125,841,893,156,986,937,151,1014,
198066,Brevard College,764,239,787,735,175,759,770,219,780,761,230,761,751,252,751,
139205,Brewton-Parker College,1049,244,1123,911,215,911,893,209,893,835,226,835,896,195,896,
231581,Bridgewater College,1391,429,1436,1385,422,1421,1427,398,1463,1552,420,1597,1713,487,1754,
165024,Bridgewater State University,8172,1580,9550,8116,1570,9604,8369,1382,9942,9028,1389,10651,9463,1611,10881,
230038,Brigham Young University,32221,6067,35074,31411,5565,34464,31642,5413,34811,33376,6310,36461,31292,5731,34318,
230047,Brigham Young University-Hawaii,2836,335,2836,2735,340,2735,2893,707,2893,3180,649,3180,3096,524,3096,
142522,Brigham Young University-Idaho,42996,4334,42996,43023,4380,43023,44304,4858,44304,44481,4887,44481,39145,5211,39145,
217156,Brown University,7741,1695,11516,7639,1717,11189,7349,1705,10696,6792,1751,9948,7160,1660,10333,
180878,Bryan College of Health Sciences,610,64,746,598,72,725,620,56,744,661,63,778,657,72,773,
219790,Bryan College-Dayton,1398,194,1548,1482,218,1656,1376,232,1550,1195,216,1412,1240,195,1447,
217165,Bryant University,3240,948,3592,3204,964,3536,3063,671,3441,3281,806,3674,3403,854,3784,
210492,Bryn Athyn College of the New Church,273,75,285,272,78,285,241,72,256,261,53,276,288,79,307,
211273,Bryn Mawr College,1349,361,1666,1409,396,1742,1423,422,1778,1299,359,1634,1389,374,1723,
211291,Bucknell University,3846,1030,3892,3747,1034,3787,3724,1027,3757,3695,986,3726,3627,964,3697,
153001,Buena Vista University,1442,217,1951,1474,236,1973,1506,237,1959,1456,229,1863,1478,230,1815,
209409,Bushnell University,535,83,758,482,91,699,476,85,686,538,87,717,592,113,805,
150163,Butler University,4519,1151,5763,4427,1200,5525,4537,1132,5559,4492,1104,5544,4685,1116,5515,
198109,Cabarrus College of Health Sciences,661,24,753,451,17,528,438,15,557,452,18,526,439,32,475,
211352,Cabrini University,710,76,1048,1186,282,1613,1343,302,1760,1471,372,1934,1550,365,2075,
215114,Cairn University-Langhorne,855,260,1056,820,202,1031,844,209,1116,924,215,1229,865,238,1221,
183910,Caldwell University,1448,345,1864,1605,445,2028,1631,349,2098,1745,445,2274,1709,445,2206,
110361,California Baptist University,8110,1282,11407,8334,1303,11495,8252,1372,11489,8109,1360,11317,8190,1523,11045,
110370,California College of the Arts,1012,186,1333,1145,191,1501,1249,209,1630,1239,191,1612,1466,248,1860,
110404,California Institute of Technology,1023,266,2463,982,224,2401,987,270,2397,901,225,2240,938,235,2237,
111081,California Institute of the Arts,918,177,1353,940,189,1440,965,204,1444,762,163,1166,1021,216,1520,
486488,California Jazz Conservatory,20,2,20,23,0,23,23,2,23,35,2,35,47,1,47,
110413,California Lutheran University,2380,575,3413,2513,602,3615,2592,492,3766,2804,516,4027,3078,647,4303,
110422,California Polytechnic State University-San Luis Obispo,21559,5278,22485,21026,5110,22000,21128,4884,22231,21456,4788,22440,20503,4613,21426,
115755,California State Polytechnic University-Humboldt,5594,955,6156,5461,961,6025,5354,629,5908,6008,546,6612,6580,823,7180,
110529,California State Polytechnic University-Pomona,24455,4311,26848,25181,3655,27503,26974,3463,29456,27912,4323,30014,26454,3694,28058,
111188,California State University Maritime Academy,761,143,805,808,145,849,880,195,925,907,186,952,911,190,941,
110486,California State University-Bakersfield,8336,1204,9787,8188,1107,9613,9367,1165,10972,9979,1416,11745,9981,1561,11531,
441937,California State University-Channel Islands,5290,568,5688,5734,635,6128,6471,566,6966,6947,632,7446,7112,887,7525,
110538,California State University-Chico,13160,2171,14523,12981,2020,14183,14462,1929,15702,15747,2316,16746,16164,2561,17110,
110547,California State University-Dominguez Hills,12730,1721,15181,13969,2062,16426,15238,2048,17837,16022,2254,18687,15365,2533,17977,
110574,California State University-East Bay,10562,994,13333,10796,896,13673,12114,941,15189,13141,1088,16253,13202,1438,16064,
110556,California State University-Fresno,21430,3661,23986,21354,3458,23999,22187,3451,25047,22704,3693,25497,21541,3334,24298,
110565,California State University-Fullerton,37125,7070,41962,35432,5280,40386,35600,4219,40738,36975,5425,42051,35335,4778,40445,
110583,California State University-Long Beach,34243,5756,40278,32931,5365,38973,33897,4865,40190,34216,4908,40069,33054,5161,38674,
110592,California State University-Los Angeles,21527,3614,25080,22737,3892,26460,23536,4095,27513,22832,4000,26745,22797,3287,26671,
409698,California State University-Monterey Bay,5909,943,6742,6248,904,7045,6692,779,7503,6509,879,7409,6789,1046,7650,
110608,California State University-Northridge,32429,5545,37760,32181,4972,37579,34496,4716,40108,34916,4016,40381,34799,4792,39910,
110617,California State University-Sacramento,28268,3884,31172,28921,3915,31818,29451,3581,32498,29296,3761,32293,28819,4160,31992,
110510,California State University-San Bernardino,16067,2244,18925,17034,2324,19803,16858,2001,19514,17250,2286,19689,18282,2885,20638,
366711,California State University-San Marcos,14246,2625,15431,13914,2551,15109,14963,2413,16255,15040,2255,16367,14837,2245,16053,
110495,California State University-Stanislaus,8669,1046,9841,8926,1031,10154,9198,951,10481,9903,1238,11163,9723,1568,10974,
176789,Calvary University,198,27,262,226,32,299,303,43,387,376,20,469,348,52,430,
169080,Calvin University,3053,776,3364,2960,660,3231,3068,762,3257,3181,660,3307,3467,790,3570,
198136,Campbell University,2813,603,5115,2965,519,5272,3325,563,5622,3720,676,5964,3980,742,6185,
156365,Campbellsville University,6853,684,12451,6411,682,11775,4666,681,10238,5794,689,12771,4740,664,12381,
189705,Canisius University,1798,424,2545,1788,478,2492,1866,456,2630,1980,414,2820,2213,554,3102,
201548,Capital University,1747,413,2388,1938,518,2617,2090,424,2820,2282,512,3020,2504,723,3226,
162061,Capitol Technology University,266,70,902,301,47,823,331,45,796,361,63,754,400,76,740,
173258,Carleton College,2069,538,2069,2058,532,2058,2044,555,2044,1940,453,1940,2115,525,2115,
211431,Carlow University,1344,226,2310,1247,199,2104,1247,185,1985,1277,211,1976,1298,163,2022,
211440,Carnegie Mellon University,7289,1708,15596,7059,1716,16002,6932,1896,15057,6622,1637,13519,6618,1585,14180,
489937,Carolina University,424,119,893,350,84,826,477,95,988,443,75,951,348,60,668,
433174,Carolinas College of Health Sciences,410,22,410,409,7,409,473,6,473,514,15,514,476,8,476,
180106,Carroll College,1062,273,1103,1125,296,1168,1098,280,1121,1100,270,1108,1216,312,1231,
238458,Carroll University,2623,618,3176,2771,674,3283,2884,678,3397,2957,693,3452,2960,793,3449,
219806,Carson-Newman University,1669,367,2735,1519,301,2586,1695,395,2835,1722,383,2911,1840,557,2725,
238476,Carthage College,2642,778,2771,2559,732,2667,2635,763,2746,2637,724,2763,2638,687,2742,
111638,Casa Loma College-Los Angeles,581,67,581,415,12,415,246,9,246,164,5,164,162,6,162,
201645,Case Western Reserve University,6186,1544,12266,6017,1553,12201,5792,1606,12142,5430,1305,11465,5383,1357,11874,
198215,Catawba College,1153,304,1241,1094,298,1172,1142,264,1207,1308,333,1339,1324,342,1324,
211468,Cedar Crest College,886,155,1248,953,133,1324,1053,168,1440,1088,183,1433,1216,205,1526,
201654,Cedarville University,4916,1017,5374,4533,1140,4960,4191,972,4643,4024,918,4461,3879,995,4302,
158477,Centenary College of Louisiana,620,255,648,523,173,556,523,134,542,552,153,563,549,172,574,
183974,Centenary University,951,178,1453,1026,190,1498,1128,247,1551,1190,234,1629,1193,205,1681,
232618,Centra College,212,0,212,227,3,227,304,3,304,314,4,314,369,12,369,
106713,Central Baptist College,550,104,550,564,103,564,622,138,622,604,121,604,666,105,666,
153108,Central College,1095,274,1095,1169,351,1169,1139,340,1139,1120,325,1120,1163,337,1163,
128771,Central Connecticut State University,7917,1441,9712,7665,1256,9468,7748,1093,9653,8593,1198,10652,9045,1377,11154,
445267,Central Methodist University-College of Graduate and Extended Studies,3247,218,3601,2808,5,3145,2886,4,3242,3123,4,3429,3502,3,3821,
176947,Central Methodist University-College of Liberal Arts and Sciences,1017,228,1017,1080,294,1080,1144,340,1144,1141,346,1141,1145,321,1145,
169248,Central Michigan University,10055,2044,14399,10401,2019,14557,11417,1910,15424,13031,2088,17311,14627,2473,19362,
201690,Central State University,3429,574,3454,5406,614,5434,6035,804,6044,4021,473,4021,2033,625,2033,
234827,Central Washington University,8309,1568,8796,9715,1567,10228,9566,1371,10176,10518,1522,11174,11111,2172,11658,
189857,Central Yeshiva Tomchei Tmimim Lubavitz,810,156,918,679,120,768,577,80,672,513,79,594,609,96,701,
156408,Centre College,1356,361,1356,1357,400,1357,1320,377,1320,1333,352,1333,1411,355,1411,
141486,Chaminade University of Honolulu,1764,376,2602,1583,303,2369,1549,290,2214,1634,276,2208,1572,283,2167,
230852,Champlain College,2886,546,3328,3060,580,3543,3217,440,3825,3512,429,4137,3748,524,4385,
111948,Chapman University,7874,1806,9961,7869,2076,10014,7714,1658,9991,7404,1586,9761,7505,1768,9850,
111966,Charles R Drew University of Medicine and Science,234,7,763,246,14,777,255,16,895,241,30,872,198,13,748,
217688,Charleston Southern University,2914,725,3545,2836,727,3418,2725,690,3341,2720,604,3350,2884,579,3477,
211556,Chatham University,1507,332,2319,1499,306,2387,1456,365,2439,1358,260,2353,1408,315,2437,
211583,Chestnut Hill College,972,180,1402,989,144,1420,1072,188,1505,1074,202,1528,1197,215,1600,
144005,Chicago State University,1495,222,2324,1450,173,2317,1502,168,2366,1685,163,2644,2108,191,3039,
198303,Chowan University,638,161,708,800,215,886,920,209,981,1100,238,1100,1259,400,1259,
219833,Christian Brothers University,1204,200,2043,1253,175,1934,1321,271,1794,1548,283,1918,1642,340,1968,
231712,Christopher Newport University,4407,1163,4503,4449,1161,4559,4472,1012,4584,4758,1155,4868,4837,1238,4919,
217864,Citadel Military College of South Carolina,2661,661,3727,2695,678,3721,2718,566,3693,2858,582,3740,2923,646,3767,
217873,Claflin University,1754,457,1835,1749,384,1830,1779,305,1866,1969,501,2048,1986,460,2070,
112260,Claremont McKenna College,1381,321,1384,1386,322,1389,1416,358,1422,1262,315,1264,1343,328,1346,
138947,Clark Atlanta University,3495,1069,4135,3427,1157,4000,3390,1123,4055,3096,786,3776,3318,814,3920,
165334,Clark University,2369,629,4124,2389,703,3770,2302,505,3350,2233,480,3405,2349,665,3498,
153126,Clarke University,871,199,1025,785,193,965,717,183,888,659,146,855,685,134,904,
211024,Clarks Summit University,345,66,558,402,68,600,467,86,696,507,93,768,536,105,771,
180832,Clarkson College,613,36,1078,631,37,1133,616,27,1180,616,39,1169,595,27,1108,
190044,Clarkson University,2513,608,3603,2668,596,3719,2852,740,3953,2905,691,4025,3081,790,4301,
139311,Clayton  State University,5301,500,5842,5283,579,5847,6145,671,6817,6376,795,7052,6368,597,6879,
169327,Cleary University,811,85,1040,719,103,891,612,200,751,509,120,658,462,92,610,
217882,Clemson University,22875,4494,28747,22566,4588,28466,21653,4593,27341,20868,4199,26406,20195,3932,25822,
202046,Cleveland Institute of Art,566,122,566,584,154,584,580,138,580,599,149,599,645,155,645,
202073,Cleveland Institute of Music,194,44,350,198,41,341,208,45,343,234,54,381,230,54,373,
202134,Cleveland State University,9463,1592,14117,9776,1726,14385,10481,1869,15308,11166,1799,15247,11564,1968,15433,
177038,Cleveland University-Kansas City,87,3,588,90,6,614,91,8,628,78,4,608,74,1,590,
218724,Coastal Carolina University,10306,2775,10829,9794,2662,10337,9790,2519,10473,9500,2056,10118,9760,2304,10484,
153144,Coe College,1278,359,1278,1264,363,1264,1371,397,1371,1394,392,1394,1430,379,1430,
217907,Coker University,1187,172,1263,1060,188,1160,1171,213,1280,954,244,1087,977,266,1113,
161086,Colby College,2284,605,2284,2299,673,2299,2262,667,2262,2155,566,2155,2003,522,2003,
182634,Colby-Sawyer College,834,174,950,867,186,943,788,250,838,878,234,910,851,264,855,
190099,Colgate University,3131,807,3146,3130,812,3141,3164,887,3176,3042,765,3054,2980,786,2992,
169442,College for Creative Studies,1399,262,1459,1451,260,1517,1558,277,1620,1462,334,1512,1480,293,1533,
217819,College of Charleston,10660,2637,11729,9972,2210,10885,9967,2473,10941,9300,2052,10384,9600,2051,10545,
139250,College of Coastal Georgia,3189,710,3189,3147,751,3147,3232,604,3232,3457,639,3457,3535,671,3535,
167394,College of Our Lady of the Elms,1038,196,1332,980,145,1275,1060,184,1379,1030,124,1355,1123,180,1495,
174747,College of Saint Benedict,1410,379,1451,1443,324,1470,1542,389,1557,1668,400,1668,1748,438,1748,
181604,College of Saint Mary,482,89,733,539,88,857,635,94,1011,680,95,1024,808,105,1050,
160959,College of the Atlantic,360,81,367,377,96,380,374,93,376,366,83,370,355,105,360,
166124,College of the Holy Cross,3035,823,3035,3083,902,3083,3029,819,3029,2970,733,2970,2963,829,2963,
178697,College of the Ozarks,1427,256,1427,1487,358,1487,1479,293,1479,1489,304,1489,1546,255,1546,
126678,Colorado College,2145,517,2173,2180,534,2203,2241,619,2266,2025,538,2050,2098,535,2123,
127556,Colorado Mesa University,8711,1806,8995,8681,1752,8905,8712,1855,8907,8945,1970,9110,9239,2108,9373,
126775,Colorado School of Mines,5839,1445,7599,5714,1512,7403,5487,1449,7187,5200,1163,6744,5156,1282,6628,
476975,Colorado State University Global,6568,299,9507,6433,91,9565,6897,99,10844,7970,85,12578,8114,141,12670,
128106,Colorado State University Pueblo,4816,678,6691,4772,653,6617,3928,606,6110,4113,567,5925,4310,634,7081,
126818,Colorado State University-Fort Collins,25834,5293,33500,25777,5528,33403,24954,5044,32586,24792,4455,32428,25789,5131,33426,
217934,Columbia College,1268,204,1572,1173,190,1514,1065,207,1389,979,132,1218,1102,176,1243,
144281,Columbia College Chicago,6344,1608,6529,6424,1606,6646,6493,1696,6736,6542,1826,6769,6708,1748,6947,
217925,Columbia International University,916,116,2631,1001,179,2481,905,215,2338,857,154,2098,806,132,1649,
190150,Columbia University in the City of New York,9111,1540,35279,9094,1540,35784,8833,1641,33777,8148,1521,30135,8221,1465,31456,
202170,Columbus College of Art & Design,893,189,918,956,225,972,976,192,1000,982,223,1009,1053,268,1098,
139366,Columbus State University,6008,1067,7610,6003,1029,7479,6403,1205,7898,6877,1387,8372,6501,1052,7877,
498562,Commonwealth University of Pennsylvania,9967,2441,11088,11016,2184,12074,,,,,,,,,,
177083,Conception Seminary College,41,8,41,27,4,27,26,3,26,42,3,42,47,4,47,
237330,Concord University,1472,443,1798,1399,370,1748,1387,395,1749,1463,383,1807,1570,372,1886,
173300,Concordia College at Moorhead,1799,438,1868,1827,444,1903,1883,473,1919,1943,498,1973,2010,517,2042,
169363,Concordia University Ann Arbor,1044,298,1351,951,224,1203,968,237,1135,1002,253,1165,961,223,1172,
224004,Concordia University Texas,1391,232,1614,1573,185,1863,1708,201,2137,1740,220,2257,1828,235,2518,
144351,Concordia University-Chicago,1377,327,5066,1328,267,5354,1438,339,6086,1538,274,6491,1589,351,6206,
112075,Concordia University-Irvine,1465,290,3481,1699,344,3744,1584,341,3710,1704,311,4071,1738,342,3911,
180984,Concordia University-Nebraska,2934,381,3423,2668,335,3047,2550,315,2989,2159,329,3224,2226,291,2703,
173328,Concordia University-Saint Paul,3146,377,5854,3071,302,5544,3357,288,5545,3578,396,5585,3125,351,5137,
238616,Concordia University-Wisconsin,2525,452,5063,2817,421,4988,2914,497,5204,3094,533,5492,3309,578,5777,
128902,Connecticut College,1995,555,1995,1948,630,1948,1829,492,1829,1737,434,1737,1861,508,1861,
217961,Converse University,852,225,1341,804,225,1284,822,296,1440,733,173,1443,808,188,1455,
162283,Coppin State University,1810,407,2101,1757,347,2006,1845,177,2101,2108,301,2348,2383,440,2724,
210331,Corban University,785,140,866,818,152,963,886,177,1082,966,208,1160,992,206,1146,
153162,Cornell College,1082,298,1084,1067,329,1074,1046,366,1055,999,290,1002,1020,270,1020,
190415,Cornell University,16051,3537,26264,15735,3491,25898,15503,3718,25582,14743,3249,23620,15043,3189,24027,
170037,Cornerstone University,1444,305,1735,1433,293,1781,1507,376,1930,1461,283,1917,1504,304,1998,
235024,Cornish College of the Arts,502,163,502,443,124,443,455,98,455,482,96,482,602,132,602,
177117,Cottey College,266,66,266,311,96,311,303,129,303,283,103,283,256,92,256,
139393,Covenant College,908,246,928,847,239,886,872,266,914,865,208,911,946,219,989,
176770,Cox College,637,10,795,676,0,850,749,4,956,742,6,975,728,2,956,
181002,Creighton University,4262,1045,8255,4290,1028,8397,4481,1138,8735,4458,1015,8770,4472,1076,8821,
475608,Criswell College,118,18,156,122,19,163,137,13,181,158,20,209,174,26,226,
174862,Crown College,1379,205,1727,1251,207,1583,1139,164,1476,1141,159,1485,1160,132,1522,
190503,Culinary Institute of America,2989,680,3104,3005,674,3124,2854,720,2965,3102,570,3231,3012,610,3099,
177144,Culver-Stockton College,930,250,1069,900,263,999,879,242,932,954,255,1006,971,256,1010,
219949,Cumberland University,2652,672,3072,2311,630,2588,2257,590,2540,2397,633,2704,2279,698,2550,
190512,CUNY Bernard M Baruch College,16086,2614,19698,15896,2587,19854,15859,2532,19969,15774,2055,19740,15482,2268,18679,
190549,CUNY Brooklyn College,11330,1519,13935,11661,1689,14195,13405,1554,15938,14969,2147,17735,14970,1894,17811,
190567,CUNY City College,12356,2666,15012,11929,2734,14489,12364,2565,15031,12587,2023,15227,13030,2092,15816,
190594,CUNY Hunter College,17378,3175,22879,17256,3140,22970,18152,3321,24099,17943,2616,24052,17121,2547,23193,
190600,CUNY John Jay College of Criminal Justice,11678,2033,13510,12061,1871,13921,13146,1770,15210,13662,1692,15766,13746,2056,15880,
190637,CUNY Lehman College,11227,1390,12894,11211,1484,13015,12375,1582,14392,12833,1327,15091,13002,942,15143,
190646,CUNY Medgar Evers College,3846,757,3846,3640,601,3640,4134,634,4134,5237,859,5237,5798,886,5798,
190655,CUNY New York City College of Technology,13767,3375,13767,13087,3028,13087,14277,2590,14277,15513,2898,15513,17036,3466,17036,
190664,CUNY Queens College,13998,2082,16481,14406,2334,17001,15883,2100,18772,16702,2228,19700,16866,2266,19923,
190691,CUNY York College,5906,684,6161,6199,777,6446,6769,898,7027,7529,849,7784,8116,1122,8337,
165529,Curry College,1818,524,1994,1833,490,2052,2050,516,2242,2206,519,2410,2312,576,2519,
211893,Curtis Institute of Music,106,25,159,103,33,151,109,10,151,113,13,145,131,22,173,
190716,D'Youville  University,1299,242,2544,1378,286,2518,1396,246,2619,1475,262,2785,1609,217,3048,
190725,Daemen University,1806,375,2625,1782,358,2642,1781,375,2642,1631,345,2536,1709,412,2603,
219082,Dakota State University,2950,392,3508,2757,372,3241,2751,366,3219,2740,388,3186,2818,425,3268,
219091,Dakota Wesleyan University,767,184,886,717,175,881,770,169,926,781,176,933,747,163,880,
224226,Dallas Baptist University,2850,579,4201,2971,821,4348,3067,686,4340,2844,616,4217,2883,572,4487,
224244,Dallas Christian College,278,89,278,247,79,247,317,111,317,246,50,246,194,34,194,
182670,Dartmouth College,4447,1206,6746,4458,1124,6744,4556,1221,6761,4170,1057,6292,4459,1190,6606,
169479,Davenport University,3833,588,4848,4069,540,5073,4352,521,5384,4999,633,6127,5078,670,6429,
198385,Davidson College,1904,519,1904,1927,542,1927,1973,547,1973,1983,520,1983,1837,527,1837,
237358,Davis & Elkins College,683,237,683,650,180,650,661,170,661,738,160,738,776,213,776,
194569,Davis College,137,3,137,146,4,146,147,2,147,79,1,79,88,0,88,
165574,Dean College,1151,339,1151,1189,343,1189,1206,320,1206,1180,303,1180,1320,438,1320,
202514,Defiance College,464,134,511,486,149,540,529,160,585,562,217,607,513,181,542,
130934,Delaware State University,4941,1405,5828,4996,1431,5826,4399,1023,5200,4131,1001,4739,4315,1142,4768,
211981,Delaware Valley University,1759,485,2189,1777,438,2178,1749,378,2168,1841,421,2303,1924,377,2369,
175616,Delta State University,1964,218,2716,1889,217,2556,2041,264,2727,2331,192,2999,3109,290,3751,
202523,Denison University,2405,636,2405,2416,683,2416,2321,654,2321,2258,605,2258,2293,625,2293,
144740,DePaul University,14374,2943,21348,14134,2968,20917,14294,2838,21670,14145,2774,21922,14214,2627,22064,
150400,DePauw University,1819,499,1819,1752,535,1752,1724,500,1724,1752,382,1752,1972,423,1972,
210739,DeSales University,2149,444,2919,2225,509,2991,2309,516,3101,2398,483,3302,2492,500,3460,
212009,Dickinson College,2204,525,2217,2125,577,2137,2180,677,2186,1932,490,1932,2133,453,2133,
200059,Dickinson State University,1392,228,1453,1411,242,1473,1337,269,1415,1381,244,1441,1321,202,1350,
158802,Dillard University,1117,248,1122,1224,334,1224,1202,309,1202,1215,311,1215,1225,313,1225,
153241,Divine Word College,61,3,61,68,0,68,67,3,67,69,1,69,66,0,66,
181020,Doane University,1190,246,1948,990,240,1879,1105,237,2060,1255,268,2281,1351,319,2422,
148496,Dominican University,2397,651,3424,2136,600,3196,2063,462,3066,2166,465,3189,2151,419,3029,
190761,Dominican University New York,1089,299,1378,1097,214,1407,1147,176,1527,1310,234,1724,1377,293,1868,
113698,Dominican University of California,1182,250,2026,1139,217,1877,1249,245,1855,1379,267,1837,1461,330,1879,
153250,Dordt University,1695,461,1929,1618,444,1861,1535,427,1784,1436,397,1662,1385,387,1547,
153269,Drake University,2702,638,4504,2835,733,4685,2902,787,4875,2848,738,4774,2954,782,4884,
184348,Drew University,1624,404,2226,1513,309,2092,1634,359,2244,1636,343,2229,1712,400,2319,
212054,Drexel University,13589,2882,21703,14021,2938,22344,14413,2854,23216,14616,2339,23589,15414,3178,24205,
177214,Drury University,1368,336,1596,1375,403,1595,1345,320,1615,1409,324,1691,1479,342,1743,
198419,Duke University,6488,1741,17112,6640,1745,18023,6883,1744,17620,6717,1580,16172,6649,1731,16768,
175227,Dunwoody College of Technology,1424,376,1424,1359,323,1359,1382,297,1382,1281,272,1281,1358,259,1358,
212106,Duquesne University,5226,1477,8137,5095,1441,8107,5085,1233,8300,5383,1195,8830,5839,1302,9197,
150455,Earlham College,635,202,696,612,173,677,658,171,736,736,147,815,927,172,977,
198464,East Carolina University,21328,3941,26785,21688,3788,27151,22463,4100,28021,23056,4142,28798,23081,4364,28651,
207041,East Central University,2460,370,3200,2730,501,3376,2706,438,3350,2939,458,3608,2981,494,3613,
212115,East Stroudsburg University of Pennsylvania,4697,1399,5460,4392,1153,5143,4320,679,5129,4988,952,5835,5402,1126,6199,
220075,East Tennessee State University,10633,2141,13586,10554,2056,13483,10316,1856,13303,10705,1651,13713,11153,1786,14191,
224527,East Texas Baptist University,1659,376,1833,1579,391,1771,1519,405,1688,1565,403,1714,1471,350,1593,
129215,Eastern Connecticut State University,3839,614,3979,3926,716,4082,4145,784,4319,4475,841,4644,4800,874,4971,
144892,Eastern Illinois University,6849,819,8804,6916,876,8857,6903,778,8608,6969,902,8626,6229,925,7806,
156620,Eastern Kentucky University,12726,2782,15008,12072,2737,14324,11684,2493,13984,12070,2271,14465,12662,2349,14980,
232043,Eastern Mennonite University,863,187,1292,892,203,1334,958,208,1342,896,218,1394,978,204,1358,
169798,Eastern Michigan University,11129,1898,13324,11617,2017,14018,12730,2312,15340,13572,1922,16294,14872,2152,17784,
165644,Eastern Nazarene College,379,82,458,409,73,535,492,97,647,541,123,699,608,131,772,
187648,Eastern New Mexico University-Main Campus,4072,490,5386,3833,424,5106,3756,348,4991,3927,439,5266,4465,558,5685,
208646,Eastern Oregon University,2515,267,2798,2415,252,2674,2540,267,2825,2586,309,2853,2867,330,3067,
212133,Eastern University,2068,503,6981,1848,463,5769,1726,339,4429,1879,372,3504,1752,357,3100,
235097,Eastern Washington University,7246,1354,10741,7604,1368,10910,8217,1305,10892,10036,1536,12351,10756,1826,12410,
446233,Ecclesia College,138,33,138,157,35,157,148,25,148,192,53,193,211,61,214,
133492,Eckerd College,1986,537,1986,1993,544,1993,2036,650,2036,1822,487,1822,2007,539,2007,
238661,Edgewood College,1214,219,2001,1220,241,1876,1233,257,1894,1294,289,2014,1407,239,2038,
133526,Edward Waters University,1113,313,1175,1142,320,1181,1079,323,1110,2273,241,2273,3085,218,3085,
488305,Elim Bible Institute and College,98,15,98,114,25,114,112,18,112,103,26,103,106,25,106,
198507,Elizabeth City State University,2048,347,2165,2033,350,2149,1956,324,2054,1910,364,2002,1692,385,1769,
212197,Elizabethtown College,1857,529,2152,1737,463,2021,1691,434,1933,1688,405,1881,1729,377,1844,
144962,Elmhurst University,3138,607,3906,3027,617,3731,2914,531,3518,2838,478,3421,2891,522,3453,
190983,Elmira College,613,163,657,614,172,662,634,152,673,715,173,768,794,217,860,
198516,Elon University,6402,1677,7207,6337,1692,7123,6302,1591,7127,6291,1587,7117,6277,1659,7088,
133553,Embry-Riddle Aeronautical University-Daytona Beach,10274,1931,11070,9503,1839,10271,8916,1862,9593,8155,1499,8797,6402,1710,7056,
104586,Embry-Riddle Aeronautical University-Prescott,3250,833,3286,3120,756,3162,3033,749,3071,2961,743,3004,2894,754,2946,
426314,Embry-Riddle Aeronautical University-Worldwide,9037,678,12268,8479,516,11574,9394,518,12720,10328,563,13904,10304,470,13773,
165662,Emerson College,4171,997,5670,4155,1002,5891,4123,1058,5906,3708,939,5115,3878,942,4930,
165671,Emmanuel College,1973,537,2059,1947,568,2012,1870,445,1950,1838,419,1946,2112,582,2222,
139630,Emmanuel University,861,204,896,840,188,850,918,246,918,883,221,883,958,248,958,
153302,Emmaus Bible College,197,52,197,206,43,206,193,48,193,194,44,194,215,52,215,
232025,Emory & Henry University,1107,339,1364,1082,347,1358,1084,390,1372,956,235,1230,1019,271,1292,
139658,Emory University,7359,1426,15046,7101,1424,14841,7130,1494,14779,7010,1344,13997,7118,1374,14415,
155025,Emporia State University,2412,409,4658,2740,537,5324,2948,481,5615,3181,565,5828,3405,680,5877,
165699,Endicott College,3176,896,4254,3062,871,4006,2977,799,3982,3076,777,4287,3050,848,4741,
217998,Erskine College,854,301,984,869,273,1006,820,307,945,809,302,943,784,434,912,
144971,Eureka College,527,129,527,559,151,559,476,119,476,511,132,511,513,109,513,
177339,Evangel University,1427,330,2157,1246,343,1868,1669,348,2100,1511,358,1999,1793,443,2300,
497824,Evangel University-College of Online Learning,241,5,241,240,11,240,,,,,,,,,,
385619,Everglades University,2369,388,2733,2246,280,2624,2212,258,2649,1877,762,2247,1757,620,2104,
129242,Fairfield University,4968,1436,6289,4757,1328,6019,4603,1256,5826,4354,1118,5513,4303,1176,5349,
184694,Fairleigh Dickinson University-Florham Campus,1997,512,2778,2053,467,2823,2320,488,3078,2707,561,3396,2620,579,3366,
184603,Fairleigh Dickinson University-Metropolitan Campus,5440,606,7607,5380,531,7285,5540,463,7467,5734,551,7479,6353,555,8206,
237367,Fairmont State University,3060,674,3307,3197,701,3498,3273,655,3562,3573,800,3848,3563,777,3803,
153320,Faith Baptist Bible College and Theological Seminary,518,126,586,377,111,448,384,84,446,432,95,504,319,83,362,
443058,Family of Faith Christian University,89,3,302,34,4,211,39,2,180,42,3,148,25,3,110,
196042,Farmingdale State College,9508,1676,9541,9264,1576,9314,9284,1619,9348,9948,1568,10018,9939,1482,9996,
191126,Fashion Institute of Technology,7843,1322,8108,7871,1343,8125,7908,1262,8150,7959,1290,8191,8508,1403,8726,
101189,Faulkner University,1793,249,2933,1792,225,2817,1919,213,2866,2098,288,2961,2192,276,3036,
198543,Fayetteville State University,5845,807,6847,5748,786,6787,5557,632,6748,5661,736,6726,5644,678,6551,
184612,Felician University,1833,350,2236,1746,265,2148,1999,306,2411,2115,419,2556,1852,382,2262,
169910,Ferris State University,8940,1616,9918,9000,1746,10072,9248,1408,10361,9929,1544,11165,11184,1892,12472,
232089,Ferrum College,747,239,767,835,238,855,863,216,869,962,293,972,1050,355,1050,
165802,Fisher College,1384,205,1501,1312,194,1421,1253,197,1367,1311,188,1419,1551,174,1628,
220181,Fisk University,950,320,1005,1009,304,1055,914,295,942,879,251,911,840,327,874,
165820,Fitchburg State University,3133,611,6296,3168,486,6554,3349,567,6674,3815,661,6728,4043,673,7251,
133711,Flagler College,2432,658,2441,2607,761,2623,2630,742,2641,2671,595,2687,2889,640,2902,
133650,Florida Agricultural and Mechanical University,7796,1397,9265,7709,1539,9215,7301,1167,9000,7402,1040,9184,7818,1340,9626,
133669,Florida Atlantic University,24614,4417,30790,24191,4371,29592,24799,3925,30155,25457,4252,30805,24740,3283,30061,
133809,Florida College,657,196,657,622,172,622,535,192,535,488,171,488,538,205,538,
433660,Florida Gulf Coast University,14227,2771,16167,14130,2787,15969,14228,3125,15909,13871,2595,15358,13722,2774,14977,
133881,Florida Institute of Technology,3458,882,8516,3364,778,8315,3491,756,7830,3475,689,6775,3542,668,6022,
480569,Florida Institute of Technology-Online,629,32,1071,779,40,1230,938,49,1461,1101,53,1703,1166,34,1841,
133951,Florida International University,44363,5169,53953,45688,4424,55609,46415,4061,56664,49049,3763,58836,49326,3998,58711,
133979,Florida Memorial University,1299,459,1365,1098,465,1137,992,336,1028,887,305,928,1050,325,1097,
482936,Florida Polytechnic University,1569,403,1618,1531,450,1593,1478,532,1562,1349,308,1422,1288,277,1336,
134079,Florida Southern College,2626,640,3194,2721,754,3281,2811,792,3386,2834,675,3413,2755,685,3305,
134097,Florida State University,32217,5889,43234,32936,6030,44161,33593,7617,45130,32543,6006,43569,33270,7106,42450,
177418,Fontbonne University,650,160,874,684,183,944,665,113,955,816,174,1112,868,184,1199,
191241,Fordham University,10307,2426,16153,10098,2594,16556,9904,2879,16986,9399,2086,16364,9767,2270,16972,
155061,Fort Hays State University,10206,886,12843,10427,825,12949,11402,955,14102,12211,912,15033,13128,986,15908,
127185,Fort Lewis College,3313,812,3413,3308,849,3400,3449,959,3567,3359,813,3469,3220,760,3300,
139719,Fort Valley State University,2558,728,2763,2360,552,2605,2666,756,2923,2794,1002,3079,2293,388,2624,
165866,Framingham State University,2817,499,4028,2970,490,4111,3213,580,4495,3520,615,4876,3857,776,5456,
218061,Francis Marion University,3623,632,4017,3635,612,4045,3475,699,3923,3632,727,4148,3800,716,4240,
160074,Franciscan Missionaries of Our Lady University,862,66,1204,891,73,1228,988,97,1341,1034,91,1366,1018,78,1294,
205957,Franciscan University of Steubenville,2978,674,3750,2785,663,3656,2610,588,3415,2505,585,3304,2242,494,3039,
212577,Franklin and Marshall College,1911,553,1911,1990,487,1990,2145,509,2145,2254,553,2254,2315,627,2315,
150604,Franklin College,911,256,966,896,246,959,899,255,962,938,293,994,922,270,956,
182795,Franklin Pierce University,1058,268,1637,1171,319,1717,1279,271,1777,1436,391,1928,1600,416,2114,
441982,Franklin W Olin College of Engineering,402,98,402,386,75,386,382,91,382,310,84,310,386,85,386,
220215,Freed-Hardeman University,1878,269,2294,1850,331,2330,1797,371,2320,1727,350,2188,1648,327,2117,
114813,Fresno Pacific University,1616,211,2921,1744,157,3032,2686,200,3524,2711,195,3995,2947,177,4300,
155089,Friends University,1460,248,1927,1278,265,1724,1192,283,1694,1089,212,1671,1291,177,1818,
162584,Frostburg State University,3344,613,4075,3264,498,4068,3680,587,4452,4119,628,4857,4429,740,5178,
218070,Furman University,2327,620,2505,2283,647,2443,2307,653,2463,2345,514,2567,2688,648,2828,
131450,Gallaudet University,919,149,1364,914,161,1322,1012,152,1433,1019,152,1451,1075,183,1485,
212601,Gannon University,2920,619,4548,3091,641,4665,3165,644,4596,3208,634,4251,3432,734,4444,
198561,Gardner-Webb University,1840,411,3125,1812,403,3144,1983,447,3441,2071,471,3536,1999,402,3518,
212656,Geneva College,1149,262,1258,1123,276,1232,1180,245,1315,1201,275,1349,1290,314,1432,
208822,George Fox University,3004,603,4531,2853,626,4350,2559,647,4285,2481,471,4106,2629,603,4063,
232186,George Mason University,27666,4450,39527,27014,4144,39049,26882,3986,38628,27104,3561,38541,26662,3763,37863,
131469,George Washington University,11387,2539,25568,11482,2941,25939,11502,2571,26457,11763,1978,27017,12484,2619,27814,
156745,Georgetown College,1200,307,1463,1233,356,1548,1259,481,1625,1109,426,1565,983,314,1484,
131496,Georgetown University,7968,1599,20392,7900,1576,20984,7598,1585,20935,7357,1584,19371,7513,1582,19593,
139861,Georgia College & State University,5681,1816,6811,5265,1364,6315,5586,1507,6763,5605,1363,6873,5844,1481,7031,
447689,Georgia Gwinnett College,11907,2713,11907,11030,2317,11030,10949,2195,10949,11627,2308,11627,12831,2800,12831,
139755,Georgia Institute of Technology-Main Campus,19505,3763,47946,18415,3647,45296,17447,3471,43843,16561,3260,39771,15964,3076,36302,
139931,Georgia Southern University,22295,4746,26041,21979,4357,25481,23527,5571,27076,23469,5341,26949,22715,4253,26054,
139764,Georgia Southwestern State University,2753,533,3408,2473,485,3070,2466,385,3157,2634,477,3162,2498,392,2950,
139940,Georgia State University,27588,4569,34974,28924,5479,36516,28985,6058,36973,28787,5518,36360,27961,5064,35041,
184773,Georgian Court University,1478,232,1910,1471,204,1962,1612,208,2126,1642,201,2231,1793,197,2411,
212674,Gettysburg College,2216,604,2895,2241,644,2884,2401,623,2401,2507,640,2507,2370,681,2370,
230889,Goddard College,113,4,263,112,10,320,146,6,369,155,18,366,165,8,340,
202903,Gods Bible School and College,417,62,443,419,71,443,336,48,348,314,48,335,331,56,347,
130989,Goldey-Beacom College,702,153,1074,620,103,1012,671,128,1116,676,144,1184,731,163,1327,
235316,Gonzaga University,5163,1254,7306,5084,1217,7253,4986,1311,7381,4852,1052,7295,5211,1248,7537,
202912,Good Samaritan College of Nursing and Health Science,457,32,457,342,19,342,305,23,305,372,26,372,351,8,351,
165936,Gordon College,1293,327,1610,1294,315,1628,1368,317,1804,1451,377,1816,1507,358,1857,
139968,Gordon State College,3129,727,3129,3135,851,3135,3101,584,3101,3231,660,3231,3495,885,3495,
150668,Goshen College,773,157,824,717,166,768,749,183,811,827,200,899,826,160,907,
162654,Goucher College,964,261,1500,1001,269,1727,1057,264,1917,1114,232,2015,1449,340,2168,
145336,Governors State University,2536,274,4337,2609,316,4427,2709,194,4395,3022,211,4650,3206,232,4789,
170000,Grace Christian University,891,89,954,969,112,1031,1049,105,1104,1009,78,1052,1060,126,1097,
150677,Grace College and Theological Seminary,1817,452,2271,1709,445,2065,1598,437,1919,1587,424,1901,1619,363,1957,
481058,Grace Mission University,72,6,232,100,9,342,68,7,315,88,2,234,121,72,247,
153366,Graceland University-Lamoni,902,238,1195,885,202,1237,957,249,1427,959,211,1517,1032,193,1733,
159009,Grambling State University,4279,954,5114,4201,861,5058,4405,750,5270,4511,1241,5438,4153,874,5232,
170082,Grand Valley State University,19243,4836,22269,18665,3875,21648,19379,3807,22406,20405,3786,23350,21112,4236,24033,
153375,Grand View University,1483,337,1796,1556,331,1827,1561,291,1757,1694,294,1874,1757,332,1889,
497213,Great Northern University,36,9,36,35,6,35,25,1,25,,,,,,,
198598,Greensboro College,809,208,898,730,183,826,755,162,875,793,133,944,867,181,1021,
145372,Greenville University,905,210,1053,948,230,1088,890,206,1047,823,157,994,913,226,1092,
153384,Grinnell College,1775,457,1775,1759,437,1759,1748,471,1748,1493,365,1493,1733,459,1733,
198613,Guilford College,1160,365,1208,1129,369,1167,1192,247,1198,1420,372,1429,1525,380,1536,
173647,Gustavus Adolphus College,1952,499,1952,2072,463,2072,2251,551,2251,2230,587,2230,2237,642,2237,
212832,Gwynedd Mercy University,1457,184,2165,1412,143,2091,1792,176,2521,1990,197,2737,2157,240,2990,
225201,Hallmark University,782,104,879,792,146,876,868,141,923,929,195,987,891,124,923,
191515,Hamilton College,2048,462,2048,2072,478,2072,2050,533,2050,1902,438,1902,2012,473,2012,
173665,Hamline University,1710,395,2432,1765,477,2638,1817,467,2931,1925,455,3113,2088,547,3404,
232256,Hampden-Sydney College,876,240,876,850,279,850,851,222,851,881,219,881,993,228,993,
166018,Hampshire College,717,259,717,508,228,508,472,130,472,522,67,522,745,19,745,
232265,Hampton University,3255,1206,3649,2846,867,3286,2867,615,3317,3063,631,3516,3714,926,4293,
177542,Hannibal-LaGrange University,402,78,441,452,70,494,658,130,714,671,131,739,746,125,803,
150756,Hanover College,962,264,1157,951,280,1124,1004,276,1083,1028,270,1028,1070,290,1070,
225247,Hardin-Simmons University,1283,356,1655,1347,350,1765,1476,388,1933,1618,454,2128,1742,479,2324,
107044,Harding University,3496,864,4608,3523,804,4805,3684,748,4973,3572,747,4617,3779,808,4879,
446640,Harrisburg University of Science and Technology,718,145,3558,649,139,3082,637,158,3206,745,193,3997,701,223,4291,
191533,Hartwick College,1112,360,1113,1099,340,1103,1163,360,1170,1207,389,1209,1193,376,1193,
166027,Harvard University,9095,1644,30386,9368,1644,30631,9579,1949,31345,8527,1404,30391,10063,1646,31655,
115409,Harvey Mudd College,949,224,949,922,237,922,905,225,905,854,207,854,904,224,904,
155140,Haskell Indian Nations University,878,223,878,727,205,727,701,167,701,731,146,731,789,181,789,
181127,Hastings College,990,323,1011,919,264,936,924,294,946,956,290,982,967,316,998,
212911,Haverford College,1424,373,1424,1421,362,1421,1420,411,1420,1307,334,1307,1317,363,1317,
141644,Hawaii Pacific University,3814,543,4748,4151,582,4876,4066,790,4586,3800,522,4243,3698,484,4173,
145497,Hebrew Theological College,197,19,197,160,3,160,170,4,170,181,8,181,193,7,193,
203085,Heidelberg University,905,286,1059,933,240,1086,1054,266,1197,1045,322,1230,1076,332,1247,
191597,Helene Fuld College of Nursing,722,3,722,544,2,544,557,11,557,525,0,525,615,0,615,
166054,Hellenic College-Holy Cross Greek Orthodox School of Theology,64,14,199,39,4,131,39,3,118,46,10,126,52,13,130,
107071,Henderson State University,1493,306,2136,1807,413,2519,2228,418,2919,2626,563,3163,3430,791,4037,
107080,Hendrix College,1098,275,1107,1132,363,1144,1111,315,1120,1066,310,1076,1109,284,1121,
101453,Heritage Christian University,70,6,158,82,3,143,84,3,131,71,2,111,59,1,86,
200785,Herzing University-Akron,381,87,381,369,74,369,410,78,410,502,96,502,497,79,497,
140340,Herzing University-Atlanta,499,44,555,615,59,663,572,47,608,693,64,732,721,50,787,
101365,Herzing University-Birmingham,446,83,448,570,99,578,608,116,615,612,102,619,571,41,586,
459851,Herzing University-Brookfield,379,47,383,392,40,394,348,37,351,494,77,498,553,48,559,
459842,Herzing University-Kenosha,543,39,545,627,60,630,644,47,652,667,54,679,583,10,594,
240392,Herzing University-Madison,2181,330,4238,1803,283,3473,1664,283,2939,1647,181,2392,1506,78,2174,
174154,Herzing University-Minneapolis,748,115,752,808,136,815,750,106,759,620,78,626,514,10,515,
433536,Herzing University-New Orleans,361,27,368,364,39,375,372,22,391,443,41,462,431,22,452,
386472,Herzing University-Orlando,702,78,709,735,114,746,728,92,732,693,77,698,609,17,612,
496973,Herzing University-Tampa,237,27,237,185,31,185,68,18,68,,,,,,,
198695,High Point University,5006,1468,6052,5036,1501,5981,4910,1441,5860,4628,1387,5617,4591,1400,5330,
191621,Hilbert College,939,250,973,841,280,877,728,155,784,746,196,801,723,160,766,
203128,Hiram College,983,231,1011,1002,192,1018,1315,236,1335,1091,232,1110,1267,228,1284,
191630,Hobart William Smith Colleges,1618,462,1669,1559,438,1607,1660,367,1684,1824,391,1833,2061,458,2070,
367884,Hodges University,173,10,232,339,31,443,432,23,551,595,44,700,834,72,977,
191649,Hofstra University,6224,1593,10393,6110,1710,10238,6050,1659,10243,6120,1390,10444,6498,1523,10804,
232308,Hollins University,673,192,782,691,210,803,713,231,855,687,203,795,668,185,798,
150774,Holy Cross College,547,247,547,434,186,434,468,214,468,455,198,455,447,189,447,
212984,Holy Family University,2446,469,3148,2176,339,2948,2171,355,3011,2138,362,3087,2136,344,3110,
162760,Hood College,1209,303,2078,1202,297,2056,1217,324,2095,1187,293,2042,1126,320,2002,
170301,Hope College,3368,834,3368,3251,955,3251,3132,847,3132,3061,788,3061,3056,727,3056,
120537,Hope International University,549,88,1140,590,90,1116,619,98,1138,657,93,1201,633,109,1130,
191676,Houghton University,975,234,1014,805,175,833,863,210,895,870,195,902,940,270,969,
225399,Houston Christian University,2787,729,4189,2823,732,4257,2780,802,4120,2733,668,3963,2632,727,3741,
225548,Howard Payne University,768,209,833,773,216,838,863,235,931,981,213,1060,969,249,1035,
131520,Howard University,10190,2268,13416,9809,2493,12886,8964,2768,12065,7857,2360,10859,6526,1925,9399,
164368,Hult International Business School,694,157,2003,682,180,2176,638,155,2214,624,143,1814,761,192,2349,
101435,Huntingdon College,866,309,869,812,258,817,839,250,844,920,219,920,1008,256,1008,
150941,Huntington University,1286,268,1504,1229,272,1472,1120,251,1350,1150,253,1391,1126,238,1384,
487524,Husson University,2525,586,3133,2429,591,3065,2588,596,3311,2679,536,3473,2872,591,3744,
225575,Huston-Tillotson University,982,177,1029,987,186,1021,991,150,1001,1045,169,1058,1112,204,1121,
145691,Illinois College,956,253,958,1028,233,1029,1097,249,1097,1154,294,1154,1057,323,1057,
145725,Illinois Institute of Technology,3316,534,8563,3125,620,6943,2998,505,6486,3122,518,6325,3144,583,6515,
145813,Illinois State University,18450,4147,20989,18055,3983,20683,17674,3374,20233,17987,3353,20720,18250,3860,20878,
145646,Illinois Wesleyan University,1576,441,1576,1527,382,1527,1653,433,1653,1636,441,1636,1629,409,1629,
213011,Immaculata University,1529,281,2407,1496,207,2361,1576,290,2478,1614,239,2563,1503,259,2479,
151290,Indiana Institute of Technology,1642,443,2862,1490,444,2595,1522,446,2450,1612,456,2370,1576,435,2223,
151324,Indiana State University,6668,1568,8304,6965,1535,8658,7704,1430,9459,8938,1775,10829,10214,1892,12144,
213020,Indiana University of Pennsylvania-Main Campus,7432,2025,9246,7038,1761,8816,7333,1703,9298,8002,1881,10037,8491,1921,10559,
151351,Indiana University-Bloomington,36833,9550,47527,35660,9736,47005,34253,9482,45328,32986,7928,43064,33084,8291,43260,
151388,Indiana University-East,2746,336,2985,2786,349,3039,2887,329,3111,3200,385,3434,3500,451,3766,
151111,Indiana University-Indianapolis,17037,3283,25497,17727,3523,25979,19197,3496,27690,20966,3811,29390,21173,4295,29537,
151333,Indiana University-Kokomo,2674,482,2892,2669,517,2846,2817,587,2995,3016,629,3227,2969,637,3164,
151360,Indiana University-Northwest,2787,470,3045,2860,420,3198,3063,482,3460,3414,663,3801,3454,686,3877,
151342,Indiana University-South Bend,3918,886,4446,3753,771,4326,3865,697,4449,4375,805,4942,4551,854,5092,
151379,Indiana University-Southeast,3286,645,3752,3227,606,3672,3514,588,4051,4090,800,4678,4397,948,4882,
151801,Indiana Wesleyan University-Marion,2079,500,2207,2236,580,2603,2461,565,2862,2677,567,3108,2762,670,3165,
187745,Institute of American Indian and Alaska Native Culture and Arts Development,755,58,831,800,61,868,742,46,803,649,42,693,557,71,605,
191931,Iona University,3134,803,3720,3032,809,3621,2994,697,3617,2959,743,3590,2981,641,3613,
153603,Iowa State University,25332,5859,30177,25241,5728,29969,25808,5387,30708,26843,5070,31822,28294,5597,33372,
191968,Ithaca College,4368,1197,4828,4619,1311,5054,4818,1166,5239,4957,992,5354,5852,1509,6266,
175856,Jackson State University,4769,978,6564,4927,1132,6906,4763,793,7080,4668,623,6921,5152,854,7020,
101480,Jacksonville State University,8378,1815,9672,8310,1941,9632,8067,1818,9540,7747,1313,9238,7749,1493,9021,
134945,Jacksonville University,2662,755,3957,2563,705,3837,2646,635,3995,2771,686,4053,2928,657,4164,
232423,James Madison University,21006,4922,22758,20346,4863,22224,20070,4767,22166,19727,4505,21594,19895,4456,21820,
192040,Jewish Theological Seminary of America,172,47,316,149,40,318,144,44,348,133,33,360,144,38,335,
107141,John Brown University,1882,384,2341,1801,306,2326,1774,333,2459,1820,315,2343,1777,319,2319,
203368,John Carroll University,2287,556,2773,2417,566,2922,2660,586,3171,2771,631,3278,3017,725,3506,
462354,John Paul the Great Catholic University,298,75,298,300,117,300,292,112,292,274,68,274,272,74,278,
162928,Johns Hopkins University,6089,1418,30362,6044,1406,31275,6132,1420,32049,6331,1405,28890,6256,1475,27079,
445708,Johnson & Wales University-Charlotte,1128,432,1128,1140,389,1140,1262,421,1262,1391,483,1396,1523,428,1523,
460349,Johnson & Wales University-Online,1990,155,2597,1843,175,2505,1571,79,2349,1318,43,2152,1070,19,1752,
217235,Johnson & Wales University-Providence,3952,1056,4372,4158,979,4566,4645,1148,5110,5120,1219,5676,6123,1494,6695,
198756,Johnson C Smith University,1058,283,1102,1052,266,1093,1122,245,1166,1253,237,1306,1435,328,1494,
220473,Johnson University,708,181,950,669,163,939,658,149,942,720,160,1039,725,145,1037,
132879,Johnson University Florida,136,22,136,155,33,155,149,33,149,160,38,160,182,56,182,
146339,Judson University,793,178,1058,798,175,973,932,188,1173,954,155,1173,1046,189,1233,
213251,Juniata College,1212,390,1292,1179,296,1212,1259,332,1293,1303,328,1356,1409,398,1429,
170532,Kalamazoo College,1196,370,1196,1210,372,1210,1241,382,1241,1451,384,1451,1286,395,1286,
177746,Kansas City Art Institute,789,240,789,738,187,738,726,206,726,698,185,698,699,183,699,
155399,Kansas State University,15113,3187,19745,15046,2909,19722,15619,2848,20229,16257,2986,20854,17210,3202,21719,
155414,Kansas Wesleyan University,899,263,951,791,234,859,760,254,812,749,191,803,653,141,716,
185262,Kean University,11234,1968,13352,10845,1968,12884,10573,1502,12759,11686,1702,14064,12120,1770,14309,
183062,Keene State College,2718,728,2846,2737,709,2872,2964,749,3100,3096,737,3210,3378,843,3502,
135081,Keiser University-Ft Lauderdale,17634,1958,20102,16960,1813,19020,17990,2129,19861,18146,2304,20330,17490,2026,19567,
486840,Kennesaw State University,40509,8234,45069,38927,7024,43190,38891,8628,42899,37390,8018,41181,34499,6533,37807,
203517,Kent State University at Kent,20485,4278,26106,20418,4281,25854,21133,4050,26597,21621,3870,26822,22262,4307,27716,
157100,Kentucky Christian University,503,166,541,577,114,629,603,189,674,600,155,689,630,215,725,
157030,Kentucky Mountain Bible College,87,12,87,78,16,78,81,14,81,87,11,87,72,15,72,
157058,Kentucky State University,1546,344,1689,1610,367,1726,2135,476,2279,2148,568,2290,2029,525,2171,
157076,Kentucky Wesleyan College,834,234,834,813,222,813,811,205,811,887,239,887,863,245,863,
203535,Kenyon College,2184,455,2184,1885,531,1885,1875,508,1875,1615,446,1615,1750,487,1750,
461847,Keser Torah-Mayan Hatalmud,59,5,59,54,13,54,66,15,66,88,8,88,89,7,89,
203544,Kettering College,639,35,812,645,98,832,617,78,811,566,71,763,615,72,815,
169983,Kettering University,1290,228,1605,1422,294,1769,1516,305,1858,1659,340,2030,1799,346,2221,
192192,Keuka College,922,229,1284,985,211,1250,1119,230,1287,1301,300,1535,1529,299,1777,
213303,Keystone College,978,191,1051,1060,199,1131,1171,216,1244,1324,232,1386,1288,343,1364,
220516,King University,1076,166,1295,1120,152,1357,1356,185,1656,1435,158,1746,1603,202,1960,
213321,King's College,1590,396,1932,1671,369,1993,1831,418,2130,2059,487,2320,2231,560,2519,
146427,Knox College,1001,249,1001,1058,249,1058,1156,270,1156,1154,274,1154,1258,320,1258,
213349,Kutztown University of Pennsylvania,6420,1594,7416,6497,1599,7455,6695,1490,7673,6945,1532,7890,7200,1398,8195,
171881,Kuyper College,153,37,153,79,7,82,114,13,127,140,24,152,137,18,143,
213358,La Roche University,2300,172,2618,1739,128,2068,934,151,1235,1085,196,1292,1241,205,1401,
213367,La Salle University,2426,465,3554,2773,557,4049,2746,483,4043,3293,582,4624,3665,793,4933,
117627,La Sierra University,1244,258,1611,1263,329,1614,1351,284,1738,1577,282,1993,1743,343,2156,
165264,Laboure College of Healthcare,717,6,717,983,5,983,1038,1,1038,1188,9,1188,988,0,988,
213385,Lafayette College,2764,697,2764,2729,757,2729,2725,782,2725,2514,606,2514,2662,698,2662,
140234,LaGrange College,582,183,671,607,220,679,583,130,643,750,175,854,872,250,995,
117168,Laguna College of Art and Design,776,135,807,729,116,760,735,123,766,732,113,769,784,139,834,
203580,Lake Erie College,744,187,942,738,225,906,726,187,920,759,172,949,833,207,1056,
146481,Lake Forest College,1796,425,1818,1727,445,1753,1661,417,1690,1558,388,1583,1538,379,1562,
170639,Lake Superior State University,1669,254,1669,1655,273,1655,1812,373,1812,1909,334,1909,1984,320,1984,
238980,Lakeland University,2318,206,2786,1898,229,2406,1488,164,2094,2112,198,2753,1787,213,2511,
226091,Lamar University,7998,1555,17473,8264,1482,16803,8377,1569,16320,8588,1472,16637,8701,1297,15460,
213400,Lancaster Bible College,1778,179,2455,1546,186,2066,1545,152,1967,1610,164,2038,1568,171,2000,
218229,Lander University,3669,846,4363,3562,842,4167,3599,899,3825,3391,861,3513,3144,943,3226,
247649,Landmark College,598,102,650,585,111,624,564,98,619,501,85,559,502,95,540,
166391,Lasell University,1183,314,1527,1247,314,1591,1301,304,1695,1492,329,1951,1639,454,2041,
117283,Latin American Bible Institute,78,18,78,45,8,45,49,6,49,60,9,60,,,,
170675,Lawrence Technological University,2367,312,3260,2298,427,2966,2356,475,2955,2138,371,2812,2136,361,2848,
239017,Lawrence University,1410,336,1410,1426,364,1426,1483,402,1483,1430,377,1430,1387,386,1387,
192323,Le Moyne College,2551,607,3154,2600,604,3203,2713,613,3301,2801,637,3409,2765,654,3326,
220604,Le Moyne-Owen College,646,159,646,609,121,609,613,75,613,654,58,654,835,150,835,
213507,Lebanon Valley College,1710,480,2142,1683,428,2080,1691,474,2041,1699,413,1959,1729,478,1915,
220613,Lee University,3253,553,3680,3446,517,3927,3950,620,4505,4670,685,5204,4686,792,5189,
198808,Lees-McRae College,818,199,839,855,212,855,872,247,873,836,195,838,848,174,848,
213543,Lehigh University,5811,1531,7590,5624,1511,7394,5451,1519,7263,5203,1370,7067,5178,1406,6953,
198835,Lenoir-Rhyne University,1477,377,2230,1529,395,2354,1579,383,2405,1783,457,2686,1846,481,2742,
166452,Lesley University,1342,187,3134,1554,240,3406,1757,280,4010,1861,320,4200,2128,320,4510,
226231,LeTourneau University,3227,343,3389,3350,314,3536,2991,328,3209,2853,355,3122,2862,362,3150,
209056,Lewis & Clark College,2194,553,3526,2204,626,3595,2116,677,3499,1830,512,3157,1935,507,3223,
146612,Lewis University,3948,620,6636,3933,605,6513,3907,567,6183,4306,610,6437,4274,639,6359,
142328,Lewis-Clark State College,3702,438,3706,3744,496,3746,3709,464,3710,3856,481,3856,3748,516,3748,
232557,Liberty University,52823,6419,103068,48906,6114,96709,48135,5461,95148,47988,5261,93349,47025,5280,85586,
117104,Life Pacific University,396,74,504,397,74,500,420,76,551,490,77,604,459,77,552,
140252,Life University,873,205,2711,915,168,2753,921,173,2787,941,183,2761,879,164,2724,
218238,Limestone University,1598,348,1782,1602,334,1786,1680,286,1840,1818,324,1943,2116,353,2206,
220631,Lincoln Memorial University,1605,368,5805,1560,327,5418,1673,289,5118,1817,229,4885,1975,267,4867,
213598,Lincoln University,1717,551,1848,1712,401,1824,1767,477,1916,1895,447,2077,2040,445,2241,
177968,Lindenwood University,4933,891,7288,4808,886,7000,4619,730,7003,4822,680,7382,5654,798,8392,
209065,Linfield University,1678,345,1726,1720,379,1754,1283,315,1297,1392,392,1392,1414,459,1414,
219976,Lipscomb University,3270,711,5047,3149,699,4898,2952,663,4778,2997,692,4884,2859,615,4595,
198862,Livingstone College,799,269,814,839,217,839,890,204,890,845,208,845,1122,344,1122,
177986,Logan University,272,13,1582,310,15,1735,372,19,1878,320,18,1806,256,16,1664,
192448,Long Island University,11753,1120,16322,11319,1107,15737,10707,1198,15191,10403,1155,15066,10707,1280,15546,
232566,Longwood University,3223,793,4545,3154,794,4358,3486,718,4612,3940,819,4841,3859,799,4468,
166489,Longy School of Music of Bard College,34,12,318,40,8,315,39,11,277,40,9,202,37,9,255,
153825,Loras College,1130,257,1213,1207,286,1299,1296,296,1386,1314,294,1404,1333,326,1416,
159568,Louisiana Christian University,803,220,950,832,177,1026,959,261,1135,943,238,1153,999,257,1224,
159391,Louisiana State University and Agricultural & Mechanical College,32574,7521,39418,30952,7401,37348,29273,7045,35912,27825,6701,34285,25826,6132,31756,
159382,Louisiana State University-Alexandria,5330,482,5330,4289,414,4289,3771,410,3771,3706,480,3706,3381,472,3381,
159416,Louisiana State University-Shreveport,2548,285,9736,2465,306,8721,2477,306,8881,2553,339,9955,2577,338,8579,
159647,Louisiana Tech University,10401,2263,11427,9924,1772,10839,10053,1871,11037,10013,1863,11126,10289,2050,11510,
203757,Lourdes University,827,149,1014,953,170,1136,912,177,1112,1042,182,1253,1115,208,1547,
117946,Loyola Marymount University,7336,1535,10256,7299,1608,10165,7127,1610,10184,6673,1468,9686,6778,1467,9822,
146719,Loyola University Chicago,12487,3132,17397,11703,3099,16899,11819,2867,17498,11612,2129,16893,12240,2630,17159,
163046,Loyola University Maryland,3987,1112,5107,3977,1271,5238,3787,954,5140,3822,1008,5282,3925,1081,5473,
159656,Loyola University New Orleans,3205,695,4351,3289,797,4397,3365,928,4570,3219,767,4497,3172,830,4367,
226383,Lubbock Christian University,1320,284,1589,1346,279,1596,1393,310,1661,1382,280,1664,1473,282,1770,
153834,Luther College,1463,352,1463,1610,400,1610,1744,419,1744,1802,453,1802,1951,527,1951,
135364,Luther Rice College & Seminary,214,9,556,212,17,581,203,7,611,221,0,693,236,5,782,
213668,Lycoming College,1063,293,1063,1059,296,1059,1089,319,1089,1065,334,1065,1140,340,1140,
132657,Lynn University,2823,781,3501,2792,804,3520,2640,797,3385,2459,701,3232,2422,739,3247,
106342,Lyon College,584,237,584,496,146,496,579,138,579,665,183,665,662,173,662,
173902,Macalester College,2142,518,2142,2175,552,2175,2244,601,2244,2049,547,2049,2098,502,2098,
192624,Machzikei Hadath Rabbinical College,129,25,129,142,33,142,172,30,172,158,36,158,138,34,138,
170806,Madonna University,1740,265,2054,1766,249,2109,2040,253,2444,2291,281,2792,2441,266,2992,
182917,Magdalen College,58,20,58,59,15,59,67,15,67,71,20,71,83,31,83,
153861,Maharishi International University,777,63,2666,681,36,2673,655,38,2403,541,33,2015,457,20,1861,
161509,Maine College of Art & Design,422,121,474,380,98,436,409,104,491,380,129,435,432,119,497,
161022,Maine College of Health Professions,228,6,228,237,9,237,235,11,235,216,8,216,183,12,183,
161299,Maine Maritime Academy,889,230,913,878,219,897,871,207,888,928,217,941,992,262,1006,
203775,Malone University,987,219,1205,947,211,1199,1018,222,1306,1114,193,1463,1147,244,1524,
151777,Manchester University,915,288,1175,942,257,1217,981,307,1303,1084,350,1449,1078,334,1415,
155496,Manhattan Christian College,145,30,145,132,28,132,177,42,177,170,50,170,171,37,171,
192703,Manhattan College,2928,729,3495,3066,758,3575,3166,777,3694,3352,764,3965,3543,905,4117,
192712,Manhattan School of Music,543,142,1097,508,154,1115,500,121,1047,497,121,939,518,115,1009,
192749,Manhattanville College,1329,333,2379,1290,314,2240,1342,228,2350,1409,265,2408,1541,401,2535,
461528,Manna University,172,18,230,191,24,256,184,12,235,187,10,247,145,16,187,
213774,Manor College,599,119,599,583,126,583,660,118,660,833,142,834,740,174,746,
239071,Maranatha Baptist University,759,102,977,736,157,965,818,147,1066,716,126,916,793,147,985,
192785,Maria College of Albany,703,46,752,761,58,805,752,31,792,844,40,864,796,61,796,
151786,Marian University,2492,620,3586,2633,464,3701,2980,587,4071,2566,460,3706,2405,385,3519,
239080,Marian University,1074,208,1319,1068,225,1340,1149,221,1445,1290,254,1593,1327,324,1656,
497833,Marian University-Ancilla,218,117,218,227,122,227,,,,,,,,,,
203845,Marietta College,1085,314,1171,1109,321,1198,1173,328,1265,1168,338,1254,1141,348,1217,
192819,Marist College,5545,1287,6452,5475,1334,6464,5510,1272,6396,5682,1101,6600,5824,1358,6738,
239105,Marquette University,7652,1886,11373,7528,1983,11167,7660,1657,11320,8024,1651,11550,8515,1977,11819,
198899,Mars Hill University,1002,318,1049,994,255,1032,1025,301,1072,1021,288,1051,1042,278,1066,
237525,Marshall University,8235,1735,11027,7952,1549,10691,8008,1592,11023,8771,1728,11957,9415,1769,12852,
173452,Martin Luther College,743,150,860,755,142,880,795,151,920,850,185,968,857,168,994,
232672,Mary Baldwin University,1217,299,1792,1314,260,1957,1489,315,2142,1477,358,2110,1407,389,1986,
163295,Maryland Institute College of Art,1324,277,1861,1403,227,1952,1540,311,2147,1331,289,1892,1749,405,2227,
192864,Marymount Manhattan College,1648,509,1648,1608,423,1608,1770,454,1770,1722,413,1722,1892,437,1892,
232706,Marymount University,2216,410,3667,2275,355,3711,2221,331,3555,2041,367,3294,2158,392,3363,
220710,Maryville College,1142,317,1147,1065,279,1069,1046,274,1046,1072,271,1072,1143,272,1143,
178059,Maryville University of Saint Louis,6062,846,9883,5809,870,9959,5685,834,10596,5504,720,10979,4454,683,10013,
213826,Marywood University,1874,422,2850,1857,445,2729,1790,456,2647,1808,410,2613,1803,361,2679,
166674,Massachusetts College of Art and Design,1876,432,1986,1833,409,1939,1778,387,1907,1770,331,1894,1955,383,2095,
167288,Massachusetts College of Liberal Arts,836,191,933,838,177,938,870,167,994,1076,171,1202,1345,285,1507,
166683,Massachusetts Institute of Technology,4576,1091,11920,4657,1136,11858,4638,1177,11934,4361,1070,11254,4530,1102,11520,
166692,Massachusetts Maritime Academy,1271,356,1362,1326,317,1425,1440,321,1538,1538,327,1637,1695,404,1792,
173957,Mayo Clinic College of Medicine and Science,296,45,1480,216,30,1237,258,22,1250,283,36,1223,265,36,1150,
200226,Mayville State University,963,90,1025,1077,107,1123,1147,199,1172,1145,142,1168,1187,109,1212,
164270,McDaniel College,1665,424,2882,1766,467,3000,1757,501,3053,1804,581,2931,1679,575,2851,
147013,McKendree University,1605,436,2075,1534,462,1960,1443,268,1958,1701,374,2200,1788,332,2292,
226587,McMurry University,2544,318,2549,1231,276,1237,1142,302,1145,1087,227,1094,1166,259,1175,
159717,McNeese State University,5560,1063,6060,5696,1054,6230,5893,1020,6454,6674,1231,7284,6663,1215,7295,
155511,McPherson College,788,241,788,815,250,822,830,271,842,838,230,868,819,225,845,
166656,MCPHS University,3477,670,6321,3522,730,6824,3668,737,7304,3970,714,7501,4034,692,7366,
118693,Menlo College,831,174,840,800,203,800,745,148,745,826,129,826,894,240,894,
140447,Mercer University,4807,1041,9124,4859,927,8889,4941,969,9009,4911,888,9006,4865,925,8740,
153977,Mercy College of Health Sciences,905,81,907,909,69,911,951,51,951,869,36,869,795,59,795,
203960,Mercy College of Ohio,999,58,1150,1120,50,1261,1224,47,1311,1502,54,1561,1500,44,1560,
193016,Mercy University,6482,1165,8774,6379,929,8615,6505,851,8772,7080,993,9547,7993,999,10557,
213987,Mercyhurst University,2292,580,2668,2446,543,2801,2641,629,3041,2370,685,2790,2378,586,2704,
198950,Meredith College,1309,325,1576,1322,332,1587,1427,344,1711,1521,372,1802,1528,376,1810,
166850,Merrimack College,4199,1071,5688,4229,1182,5505,4120,965,5452,4202,1087,5418,4230,1179,5186,
193061,Mesivta of Eastern Parkway-Yeshiva Zichron Meilech,41,5,42,47,6,47,49,11,49,43,7,45,34,10,36,
193052,Mesivta Torah Vodaath Rabbinical Seminary,337,30,538,344,27,549,369,16,534,364,30,525,257,13,405,
193070,Mesivtha Tifereth Jerusalem of America,45,14,66,52,15,81,44,16,67,44,14,62,44,12,63,
417752,Messenger College,26,7,26,19,4,19,31,4,31,33,4,33,46,3,46,
213996,Messiah University,2586,596,3344,2495,587,3231,2495,551,3276,2614,614,3370,2709,606,3374,
147129,Methodist College,374,14,391,433,10,456,514,7,550,557,5,595,676,12,700,
198969,Methodist University,1436,344,1768,1448,326,1811,1520,416,1916,1426,352,1773,1646,378,1968,
190114,Metropolitan College of New York,430,23,663,426,31,632,402,19,660,528,15,856,626,30,980,
174020,Metropolitan State University,5271,154,6005,5488,135,6294,6000,130,6914,6649,150,7552,6770,181,7592,
127565,Metropolitan State University of Denver,16430,2324,17593,15848,2197,16995,16515,2012,17678,17988,2204,19086,19194,2435,20080,
204024,Miami University-Oxford,16478,3937,18618,16864,4035,19107,17003,4519,19264,16522,3824,18880,17246,4309,19716,
171100,Michigan State University,40483,9533,51316,39201,9829,50023,38574,9225,49659,38491,8389,49695,39176,8801,49809,
171128,Michigan Technological University,5892,1463,7313,5699,1388,7063,5777,1479,7008,5640,1201,6873,5750,1301,7027,
199458,Mid-Atlantic Christian University,177,46,177,133,27,133,145,42,145,165,35,165,198,55,198,
481225,Mid-South Christian College,24,6,32,17,5,17,17,3,17,22,2,22,24,1,24,
155520,MidAmerica Nazarene University,1185,209,1539,1159,233,1508,1171,209,1584,1222,209,1636,1252,192,1909,
482158,Middle Georgia State University,7485,1313,8033,7259,1281,7688,7457,1024,7843,8015,1448,8404,7787,1442,8066,
220978,Middle Tennessee State University,17668,3126,20183,17438,2805,20086,18603,2752,21568,19188,3093,22080,19461,3312,21721,
230959,Middlebury College,2800,615,2857,2773,639,2843,2858,680,2937,2580,602,2669,2580,605,2657,
181330,Midland University,1333,283,1557,1340,324,1615,1401,341,1671,1512,370,1765,1663,317,1809,
157377,Midway University,1687,265,1945,1203,239,1441,1181,237,1390,1164,225,1381,1141,219,1357,
178208,Midwestern Baptist Theological Seminary,1067,84,3840,1009,61,3772,942,164,3514,880,202,3432,670,68,3038,
226833,Midwestern State University,4508,806,5573,4818,785,5784,5041,755,5797,5141,800,5860,5226,866,5969,
480985,Midwives College of Utah,253,4,258,279,1,282,252,5,258,232,5,238,213,6,217,
214041,Millersville University of Pennsylvania,5724,1175,6732,5814,1199,6775,6237,1226,7191,6454,1160,7456,6760,1334,7783,
486901,Milligan University,834,238,1200,755,175,1105,789,176,1162,941,198,1338,882,226,1310,
147244,Millikin University,1570,329,1659,1708,362,1807,1812,409,1906,1875,387,1982,1995,487,2083,
175980,Millsaps College,582,153,626,627,192,661,697,231,728,669,168,712,779,203,820,
239309,Milwaukee Institute of Art & Design,885,200,885,896,221,896,898,221,898,925,292,925,870,284,870,
239318,Milwaukee School of Engineering,2653,672,2834,2575,672,2729,2564,649,2746,2510,573,2673,2566,582,2746,
174127,Minneapolis College of Art and Design,714,169,824,702,160,821,675,163,775,670,154,760,709,178,796,
174358,Minnesota State University Moorhead,3413,609,4410,3729,631,4682,4026,613,5088,4445,730,5547,4673,787,5747,
173920,Minnesota State University-Mankato,12897,2411,14709,12676,2307,14590,12620,2112,14576,12938,2284,14761,12490,2281,14325,
200253,Minot State University,2474,365,2741,2530,378,2777,2576,374,2836,2656,396,2920,2836,399,3125,
193247,Mirrer Yeshiva Cent Institute,102,27,121,115,39,139,125,37,146,131,43,156,119,26,148,
214069,Misericordia University,1670,408,2107,1776,371,2242,1773,361,2239,1845,354,2374,1964,414,2503,
176053,Mississippi College,2706,674,4087,2396,376,3946,2523,434,4250,2757,422,4667,2944,465,4733,
176080,Mississippi State University,18230,3751,22657,18305,3367,22649,18584,3388,23086,18803,3223,22986,18792,3500,22226,
176035,Mississippi University for Women,1995,159,2227,2080,125,2339,2178,171,2477,2418,190,2704,2594,175,2811,
176044,Mississippi Valley State University,2005,341,2196,1654,225,1879,1714,199,2064,1694,246,2032,1833,333,2147,
178244,Missouri Baptist University,4889,264,5641,4549,317,5231,4238,236,4970,4046,249,4860,4436,290,5309,
178341,Missouri Southern State University,3930,579,4090,4052,605,4144,4245,578,4352,4927,710,5045,5475,729,5604,
179566,Missouri State University-Springfield,19259,2841,23418,18419,2332,22535,18837,2562,22925,19621,2649,23505,19801,2679,23453,
178411,Missouri University of Science and Technology,5510,1196,7156,5498,1146,7080,5696,1188,7241,6083,1111,7642,6454,1145,8088,
178369,Missouri Valley College,1558,422,1619,1494,381,1527,1741,548,1776,1640,408,1682,1740,437,1768,
129774,Mitchell College,500,83,500,539,100,539,526,109,526,599,105,599,642,124,642,
193292,Molloy College,3259,608,4970,3271,642,4807,3308,541,4910,3510,545,5115,3496,581,5113,
147341,Monmouth College,727,211,727,767,231,767,755,179,755,860,233,860,908,255,908,
185572,Monmouth University,3842,975,4981,3811,896,5027,4080,954,5436,4263,921,5674,4450,994,5953,
180461,Montana State University,14872,3634,16960,14625,3752,16681,14648,3866,16788,14228,3257,16216,14760,3366,16692,
180416,Montana Technological University,1435,294,1622,1437,309,1625,1474,325,1683,1431,275,1650,1493,275,1714,
185590,Montclair State University,18062,4039,22570,17290,3946,21784,16093,3491,20744,16374,3136,21005,16687,3101,21007,
199032,Montreat College,759,201,932,820,210,972,853,220,1013,830,223,950,811,171,930,
147369,Moody Bible Institute,1624,162,2216,1753,164,2410,1903,170,2606,2161,207,2870,2275,195,3009,
214148,Moore College of Art and Design,390,108,399,355,113,368,357,100,382,365,67,389,387,103,408,
214157,Moravian University,2006,515,2658,1904,426,2533,1928,449,2560,1997,428,2605,2073,428,2595,
157386,Morehead State University,8058,1227,8618,8215,1199,8807,8312,1184,8982,8618,1199,9304,8958,1315,9654,
140553,Morehouse College,2738,682,2738,2567,674,2567,2554,629,2554,2151,535,2151,2238,568,2238,
163453,Morgan State University,8300,2282,9808,7609,2201,9101,7034,2326,8469,6270,1213,7634,6461,1374,7763,
154004,Morningside University,1177,337,2158,1186,346,2249,1245,370,2319,1281,358,2411,1277,367,2599,
214166,Mount Aloysius College,2942,324,2967,2720,295,2752,2678,270,2706,2770,243,2806,1791,246,1834,
209241,Mount Angel Seminary,34,2,116,33,0,120,34,2,119,33,4,127,38,6,149,
204176,Mount Carmel College of Nursing,575,26,712,628,30,766,621,33,790,705,68,903,733,44,946,
166939,Mount Holyoke College,2209,587,2330,2193,544,2392,2220,608,2342,1915,456,2040,2190,496,2300,
219198,Mount Marty University,1096,163,1314,1080,156,1252,1061,191,1236,987,158,1167,867,131,1049,
239390,Mount Mary University,781,172,1224,716,155,1198,716,190,1273,639,139,1200,659,126,1246,
154013,Mount Mercy University,1185,208,1451,1271,224,1526,1290,222,1580,1381,225,1705,1442,219,1807,
193353,Mount Saint Mary College,1897,188,2246,1542,236,1918,1568,258,1941,1781,284,2125,1881,339,2236,
119173,Mount Saint Mary's University,1767,448,2308,1795,380,2435,1930,367,2625,2071,370,2745,2238,402,2855,
204200,Mount St. Joseph University,1446,323,2083,1423,296,2027,1475,300,2064,1473,266,2031,1450,290,2100,
163462,Mount St. Mary's University,1873,480,2499,1896,459,2456,2055,532,2570,2071,647,2560,1898,513,2362,
204194,Mount Vernon Nazarene University,1631,278,1845,1628,290,1941,1699,294,2064,1771,345,2140,1816,324,2205,
214175,Muhlenberg College,1788,427,1818,1945,420,1959,2074,450,2095,2046,517,2067,2251,538,2251,
209287,Multnomah University,330,54,532,378,90,608,336,78,595,336,46,623,365,64,635,
157401,Murray State University,7878,1659,9841,7679,1366,9479,7657,1395,9420,7863,1503,9449,8139,1421,9556,
204264,Muskingum University,1524,373,2108,1484,412,2117,1580,422,2171,1549,351,2231,1603,388,2370,
127653,Naropa University,368,24,1117,343,30,1065,325,29,964,320,28,855,381,30,904,
147536,National Louis University,4239,790,8270,3984,727,7525,3607,558,7315,3604,655,7402,3363,688,7005,
119605,National University,10151,82,19924,8485,74,18631,7648,38,17135,8441,18,18070,7356,24,16670,
193584,Nazareth University,1900,461,2439,1987,470,2522,2057,503,2639,2147,482,2791,2282,516,2979,
181297,Nebraska Methodist College of Nursing & Allied Health,752,55,1040,808,44,1146,857,50,1229,814,50,1212,766,48,1128,
181446,Nebraska Wesleyan University,1531,440,1690,1545,358,1688,1706,405,1816,1773,427,1924,1842,487,2044,
163532,Ner Israel Rabbinical College,292,43,449,246,40,422,261,38,449,305,49,471,290,31,443,
214272,Neumann University,1695,369,2171,1682,392,2155,1738,359,2212,1942,412,2506,1901,418,2391,
441900,Nevada State University,7224,519,7283,7115,436,7169,7158,347,7227,7218,507,7289,5531,473,5584,
262129,New College of Florida,710,221,732,669,188,689,632,160,659,646,157,675,702,147,726,
182980,New England College,986,237,2856,1043,257,2852,1311,211,3806,1774,288,4483,1858,472,3527,
217305,New England Institute of Technology,1712,493,1850,1720,439,1895,1739,381,1907,1843,381,2031,2326,481,2516,
208725,New Hope Christian College-Eugene,46,10,46,38,12,38,44,7,44,52,13,52,92,23,92,
185129,New Jersey City University,4209,576,5833,4895,768,6539,5262,761,6918,5844,1077,7550,6137,1008,7949,
185828,New Jersey Institute of Technology,9523,1762,13007,9019,1575,12332,9183,1374,11901,9084,1190,11652,8794,1343,11518,
187967,New Mexico Institute of Mining and Technology,1227,222,1713,1218,301,1689,1244,301,1734,1229,284,1686,1324,250,1834,
188030,New Mexico State University-Main Campus,12113,2391,14779,11591,2325,14268,11231,2013,13904,11575,2169,14227,11675,2178,14296,
194091,New York Institute of Technology,3355,886,6757,3453,878,6906,3414,952,6696,3473,724,6851,3694,849,7230,
194116,New York School of Interior Design,440,32,593,480,27,633,487,20,670,456,26,621,417,22,588,
193900,New York University,29760,5818,57335,29401,6184,59144,28772,6097,58226,27444,6701,52775,26981,5752,52885,
218414,Newberry College,1462,470,1507,1296,415,1312,1237,328,1242,1256,309,1256,1271,340,1271,
155335,Newman University,2398,177,2787,2444,177,2848,2154,150,2617,1577,148,2053,2705,184,3205,
193973,Niagara University,2747,580,4221,2709,545,3858,2785,625,3708,2726,624,3544,2808,626,3723,
159966,Nicholls State University,5612,1169,6180,5314,972,5883,5567,958,6225,6134,1200,6769,5906,1242,6491,
167260,Nichols College,1152,334,1354,1164,317,1403,1207,316,1434,1279,312,1518,1325,343,1560,
232937,Norfolk State University,5510,1503,6045,5337,1300,5783,5016,1113,5458,4992,1066,5457,5112,1225,5601,
199102,North Carolina A & T State University,12216,2755,13885,11833,3075,13487,11596,2930,13322,11130,2136,12753,11039,2289,12556,
199157,North Carolina Central University,5973,1465,7965,5634,1079,7553,5892,1130,7953,6067,1232,8078,6101,1027,8011,
199193,North Carolina State University at Raleigh,27323,5728,37323,26254,5627,36700,26505,5046,36831,26150,4747,36042,25973,4873,36304,
199209,North Carolina Wesleyan University,1212,250,1345,1249,249,1337,1424,193,1531,1603,259,1720,1822,286,1886,
147660,North Central College,2397,516,2856,2368,483,2695,2404,512,2728,2475,534,2832,2615,557,2888,
174437,North Central University,865,222,984,893,172,992,950,180,1034,1007,209,1062,1085,245,1155,
200332,North Dakota State University-Main Campus,9791,2214,11952,10096,2513,12242,10199,2491,12461,10555,2307,12846,10831,2218,13173,
218441,North Greenville University,1944,438,2219,1839,495,2125,1982,431,2273,1993,387,2280,2166,404,2426,
147679,North Park University,1876,448,2624,1864,471,2656,1849,464,2749,1846,351,2831,1912,371,2892,
147776,Northeastern Illinois University,4042,553,5504,4207,516,5756,4608,330,6440,5220,378,7119,5700,452,7423,
207263,Northeastern State University,5006,666,6466,5242,707,6702,5523,707,7025,6004,685,7349,6289,733,7517,
167358,Northeastern University,15891,2744,31159,16302,2519,30013,15747,4492,28167,15156,3128,22905,14202,2995,22207,
118888,Northeastern University Oakland,542,487,658,,,,446,38,817,613,130,961,723,134,1122,
105330,Northern Arizona University,23128,5473,28186,23204,5575,28086,24162,5297,28711,25228,5217,29566,26511,5455,30733,
147703,Northern Illinois University,11358,2202,15504,11429,2440,15649,11834,2285,16234,12277,2047,16769,12131,1897,16609,
157447,Northern Kentucky University,9927,1295,14961,10776,1638,15801,10814,1690,15979,11507,1836,16211,11868,1950,15664,
171456,Northern Michigan University,6584,1551,7197,6434,1416,6970,6611,1496,7214,6734,1360,7368,7136,1610,7732,
219259,Northern State University,2932,319,3521,2851,299,3344,2867,337,3340,2968,341,3431,3008,342,3427,
239512,Northland College,485,103,485,518,122,518,531,124,531,570,149,570,609,165,609,
178624,Northwest Missouri State University,5599,1035,9664,5308,1095,8505,5306,964,7870,5482,1221,7267,5710,1335,7104,
142461,Northwest Nazarene University,1156,246,1774,1140,239,1778,1323,275,2044,1389,283,2109,1423,278,2111,
236133,Northwest University,679,152,999,720,152,1014,778,157,1083,838,159,1184,947,190,1339,
154101,Northwestern College,1146,283,1665,1153,288,1650,1053,268,1513,1069,273,1496,1061,293,1412,
207306,Northwestern Oklahoma State University,1724,340,1929,1647,337,1852,1590,277,1791,1640,326,1833,1767,346,1970,
160038,Northwestern State University of Louisiana,7898,1066,8847,8405,1020,9389,9622,1300,10735,10339,1518,11447,9825,1515,10900,
147767,Northwestern University,9157,2111,23203,8993,2038,23161,8847,2086,23409,8559,1901,22603,8682,2006,22448,
171492,Northwood University,1989,341,2360,1940,247,2246,2116,293,2422,2254,263,2541,2623,300,2934,
230995,Norwich University,2642,521,3274,2863,574,3464,2988,572,3672,3236,649,3975,3266,663,3933,
163578,Notre Dame of Maryland University,686,191,1836,660,56,1733,807,90,2184,755,71,2233,783,87,2277,
136215,Nova Southeastern University,7219,2029,20877,6971,1978,20948,6637,1672,20898,6314,1689,20888,5666,1526,20576,
174525,Oak Hills Christian College,117,23,117,102,24,102,94,18,94,103,25,103,90,13,90,
152099,Oakland City University,522,124,650,699,128,880,694,168,867,1100,107,1241,1265,146,1435,
171571,Oakland University,12719,2236,15922,12841,2117,16108,13771,2025,17170,15100,2258,18552,15543,2667,19013,
101912,Oakwood University,1279,290,1319,1431,378,1470,1378,284,1452,1339,303,1414,1461,299,1526,
204501,Oberlin College,2966,778,2976,2986,882,2992,2942,863,2953,2647,679,2658,2846,798,2863,
120254,Occidental College,1854,532,1854,1942,531,1942,1964,535,1964,1839,402,1839,1985,562,1985,
140696,Oglethorpe University,1499,391,1522,1491,425,1491,1446,404,1446,1452,418,1452,1385,401,1385,
201964,Ohio Christian University,1340,183,1483,1439,143,1600,1711,149,1900,1961,140,2186,2531,224,2843,
204617,Ohio Dominican University,894,236,1258,846,209,1276,904,180,1332,951,205,1415,1080,287,1640,
204635,Ohio Northern University,2592,587,3042,2569,666,3015,2426,738,3116,2130,579,2817,2239,608,2958,
204796,Ohio State University-Main Campus,45728,8062,60046,46123,8060,60540,47106,8423,61677,46984,8679,61369,46818,7716,61391,
204857,Ohio University-Main Campus,19100,4591,24937,18113,4506,24145,18399,3703,24797,19284,3132,25714,20989,3679,27367,
204909,Ohio Wesleyan University,1452,428,1452,1410,453,1410,1339,364,1339,1426,403,1426,1494,389,1494,
207403,Oklahoma Baptist University,1409,428,1526,1330,368,1399,1430,302,1510,1647,417,1763,1754,449,1868,
207324,Oklahoma Christian University,2012,323,2743,1950,357,2537,1862,415,2184,1755,359,2055,1742,397,2064,
207458,Oklahoma City University,1447,375,2763,1361,300,2550,1429,264,2551,1527,325,2617,1597,327,2687,
207388,Oklahoma State University-Main Campus,21354,4671,26043,20786,4641,25372,20216,4268,24577,20323,4154,24535,20041,4183,24079,
206835,Oklahoma Wesleyan University,824,195,947,850,199,976,782,200,902,791,168,934,864,165,1021,
232982,Old Dominion University,17736,2717,22541,18375,3084,23107,18678,2899,23494,19622,3147,24286,19176,3145,23675,
147828,Olivet Nazarene University,2569,649,3275,2519,682,3255,2643,660,3462,2802,558,3764,3110,696,4317,
207582,Oral Roberts University,4565,853,5365,4289,719,5051,4009,743,4711,3682,643,4317,3581,554,4160,
209506,Oregon Institute of Technology,5012,433,5103,4802,463,4911,4776,443,4910,5184,462,5323,5172,416,5313,
209542,Oregon State University,30021,4689,35622,28905,4513,34292,27564,3965,33193,26644,3574,32312,26247,3423,31719,
440828,Oregon State University-Cascades Campus,1058,211,1313,1042,188,1273,1044,158,1248,1050,161,1374,1026,135,1311,
120403,Otis College of Art and Design,1243,236,1284,1268,314,1312,1197,263,1252,1030,225,1073,1125,274,1183,
155627,Ottawa University-Ottawa,936,293,1055,853,261,953,787,231,880,720,201,797,673,189,731,
464226,Ottawa University-Surprise,768,211,836,798,246,879,830,262,909,726,260,831,721,195,806,
204936,Otterbein University,2119,519,2357,2173,550,2458,2253,570,2605,2313,495,2652,2501,623,2853,
107512,Ouachita Baptist University,1734,469,1815,1730,445,1784,1716,485,1764,1664,389,1704,1633,441,1633,
227331,Our Lady of the Lake University,1147,290,2096,1195,296,2326,1217,254,2550,1294,295,2771,1368,330,2974,
178679,Ozark Christian College,614,146,701,608,147,689,559,116,559,629,126,629,675,183,675,
194310,Pace University,8176,1949,14092,8223,2106,13609,8260,2203,13479,7994,1786,12835,8528,1948,13395,
236230,Pacific Lutheran University,2393,624,2737,2301,526,2633,2373,510,2706,2544,589,2907,2695,598,3062,
209603,Pacific Northwest College of Art,412,119,524,376,90,487,388,64,472,445,89,569,514,109,650,
457484,Pacific Rim Christian University,114,31,169,95,14,131,111,6,135,123,15,147,116,15,145,
120865,Pacific Union College,910,139,938,848,112,870,825,130,829,955,163,959,906,169,909,
209612,Pacific University,1613,400,3479,1639,393,3559,1741,363,3751,1758,348,3808,1864,416,3832,
140720,Paine College,344,120,344,310,90,310,251,79,251,189,22,189,448,105,448,
136330,Palm Beach Atlantic University,3094,680,3875,3027,708,3828,2837,505,3687,2916,526,3704,2883,520,3691,
227429,Paul Quinn College,600,157,602,938,111,938,384,66,384,468,61,468,554,147,554,
194392,Paul Smiths College of Arts and Science,582,135,597,1147,165,1165,711,242,745,667,175,680,716,185,716,
214971,Pennsylvania Academy of the Fine Arts,99,18,141,114,19,172,121,10,178,135,19,188,193,32,273,
215053,Pennsylvania College of Art and Design,323,95,323,245,66,245,228,41,228,242,72,242,246,64,246,
442356,Pennsylvania College of Health Sciences,1648,94,1770,1640,92,1775,1670,101,1816,1848,114,2011,1688,115,1811,
214777,Pennsylvania State University-Main Campus,42223,9040,50399,41745,9230,50028,,,,,,,76099,15989,91427,
214801,Pennsylvania State University-Penn State Abington,3095,909,3095,3090,885,3090,,,,,,,0,0,0,
214689,Pennsylvania State University-Penn State Altoona,2421,859,2421,2577,905,2577,,,,,,,0,0,0,
214698,Pennsylvania State University-Penn State Beaver,504,165,504,522,168,522,,,,,,,0,0,0,
214704,Pennsylvania State University-Penn State Berks,1940,591,1944,2071,632,2077,,,,,,,0,0,0,
214731,Pennsylvania State University-Penn State Brandywine,1223,442,1223,1196,399,1196,,,,,,,0,0,0,
214740,Pennsylvania State University-Penn State DuBois,353,98,353,366,98,366,,,,,,,0,0,0,
214591,Pennsylvania State University-Penn State Erie-Behrend College,3226,866,3323,3188,829,3295,,,,,,,0,0,0,
214759,Pennsylvania State University-Penn State Fayette- Eberly,419,117,419,424,102,424,,,,,,,0,0,0,
214786,Pennsylvania State University-Penn State Greater Allegheny,361,124,361,363,115,363,,,,,,,0,0,0,
214713,Pennsylvania State University-Penn State Harrisburg,4164,1210,4651,4063,1197,4572,,,,,,,0,0,0,
214768,Pennsylvania State University-Penn State Hazleton,510,200,510,473,149,473,,,,,,,0,0,0,
214670,Pennsylvania State University-Penn State Lehigh Valley,954,283,954,888,267,888,,,,,,,0,0,0,
214795,Pennsylvania State University-Penn State Mont Alto,587,133,588,670,190,670,,,,,,,0,0,0,
214625,Pennsylvania State University-Penn State New Kensington,456,125,456,460,134,460,,,,,,,0,0,0,
214810,Pennsylvania State University-Penn State Schuylkill,650,157,650,623,177,623,,,,,,,0,0,0,
214652,Pennsylvania State University-Penn State Scranton,837,237,838,875,229,875,,,,,,,0,0,0,
214634,Pennsylvania State University-Penn State Shenango,332,73,332,281,51,281,,,,,,,0,0,0,
214643,Pennsylvania State University-Penn State Wilkes-Barre,348,90,353,363,127,368,,,,,,,0,0,0,
214829,Pennsylvania State University-Penn State York,702,185,707,711,192,718,,,,,,,0,0,0,
479956,Pennsylvania State University-World Campus,7945,335,13564,8210,299,13979,,,,,,,0,0,0,
498571,Pennsylvania Western University,8336,1617,11305,9404,2035,12778,,,,,,,,,,
121150,Pepperdine University,3629,732,9545,3662,942,10030,3708,1024,10446,3459,733,9554,3583,726,8824,
199306,Pfeiffer University,654,195,954,683,165,1076,744,189,1122,812,173,1185,897,254,1277,
140818,Piedmont University,1261,286,1840,1245,301,1843,1255,249,2060,1278,249,2350,1283,275,2510,
155681,Pittsburg State University,4426,877,5722,4489,847,5858,4560,812,6017,4825,803,6398,5181,880,6645,
121257,Pitzer College,1204,275,1204,1212,309,1212,1168,357,1168,922,225,922,1086,276,1086,
183080,Plymouth State University,3336,985,3839,3308,870,3872,3536,936,4224,3739,1075,4491,3802,1037,4648,
121309,Point Loma Nazarene University,3158,657,4494,3154,690,4319,3174,662,4445,3216,554,4616,3203,612,4567,
215442,Point Park University,2323,519,3299,2418,559,3288,2575,601,3505,2791,522,3591,3100,633,3929,
138868,Point University,2617,1084,2827,1943,262,2015,1641,157,1666,1916,152,1946,2340,216,2389,
121345,Pomona College,1664,408,1664,1716,412,1716,1761,451,1761,1475,399,1475,1637,416,1637,
205027,Pontifical College Josephinum,45,4,73,34,6,161,32,1,150,50,4,86,63,7,106,
209807,Portland State University,15960,1580,20519,16862,1634,21609,17753,1741,22858,18656,1515,23640,20320,1674,25321,
227526,Prairie View A & M University,8527,2112,9517,8103,1559,9056,8444,1811,9400,8372,1882,9248,8109,1727,8940,
194578,Pratt Institute-Main,3814,781,5232,3934,886,5494,3908,1132,5370,3122,727,4353,3677,843,5069,
218539,Presbyterian College,903,265,1136,955,269,1199,991,215,1231,1048,313,1309,1102,342,1353,
105589,Prescott College,257,23,909,313,33,969,388,37,1047,422,53,970,503,51,993,
186131,Princeton University,5671,1364,8922,5604,1497,8842,5321,1288,8478,4774,1146,7853,5422,1335,8419,
455770,Providence Christian College,147,28,147,136,38,136,117,35,117,121,21,121,151,35,151,
217402,Providence College,4191,1197,4635,3996,1156,4473,4179,1040,4671,4298,1000,4821,4096,1094,4618,
151102,Purdue University Fort Wayne,8110,1378,8874,8390,1210,9069,7768,1293,8298,7584,1388,8093,9697,1609,10208,
490805,Purdue University Northwest,7902,1192,8679,8176,1292,8911,8044,1067,8794,8539,1099,9363,9106,1235,10006,
243780,Purdue University-Main Campus,39864,9381,52905,38593,9447,51528,37806,10278,50344,35706,8982,46655,34596,8195,45500,
199412,Queens University of Charlotte,1373,399,1846,1317,303,1873,1440,293,2063,1670,335,2338,1733,338,2463,
148131,Quincy University,1130,327,1280,1147,304,1307,1055,232,1188,1092,217,1273,1042,215,1148,
130226,Quinnipiac University,6248,1797,8918,6073,1605,8788,6298,1492,9217,6843,1757,9746,6845,1552,9708,
384421,Rabbi Jacob Joseph School,96,31,96,95,32,95,93,28,93,73,20,73,73,23,73,
194657,Rabbinical Academy Mesivta Rabbi Chaim Berlin,160,40,276,135,43,247,167,42,378,138,48,336,157,36,291,
194693,Rabbinical College Beth Shraga,48,25,48,38,13,38,52,24,52,40,18,40,41,17,41,
186186,Rabbinical College of America,197,53,206,193,59,202,217,58,228,249,60,258,216,46,222,
194736,Rabbinical College of Long Island,161,45,161,148,37,148,157,37,157,160,40,160,158,38,158,
205124,Rabbinical College Telshe,57,18,70,55,27,74,51,24,72,39,15,59,36,12,54,
194718,Rabbinical Seminary Mkor Chaim,81,31,81,72,27,72,49,30,49,34,20,34,,,,
194763,Rabbinical Seminary of America,379,101,601,346,90,590,415,104,620,281,105,502,268,97,464,
233277,Radford University,5704,1103,7531,6008,1226,7718,6513,1292,8998,7307,1336,10695,7250,1502,10802,
186201,Ramapo College of New Jersey,5013,1012,5521,4932,850,5478,5145,900,5732,5412,997,6042,5574,1030,6142,
207157,Randall University,281,55,297,269,44,281,285,38,301,295,36,311,313,57,331,
233301,Randolph College,541,200,634,478,147,553,482,138,550,508,137,566,565,143,617,
233295,Randolph-Macon College,1500,431,1523,1490,415,1490,1501,345,1501,1554,441,1554,1543,432,1543,
497480,Reach University,1226,82,1358,774,39,896,,,,,,,,,,
209922,Reed College,1439,350,1458,1523,394,1534,1548,502,1566,1366,364,1385,1457,394,1471,
231651,Regent University,4577,643,10168,4541,521,10337,4507,437,10330,4533,401,10496,4408,415,10365,
167598,Regis College,1096,209,2842,1121,203,3230,1271,220,3599,1308,207,3461,1352,212,3194,
127918,Regis University,2680,499,4631,2398,428,4668,2745,436,5566,3197,481,6310,3500,481,6908,
140872,Reinhardt University,1082,318,1170,1059,275,1141,1099,222,1218,1292,292,1399,1430,338,1521,
194824,Rensselaer Polytechnic Institute,5954,1552,7024,5902,2002,6968,5614,1322,6774,6283,1464,7501,6241,1665,7528,
217420,Rhode Island College,4785,813,5767,4719,674,5787,5252,609,6331,5998,819,7072,6432,953,7523,
217493,Rhode Island School of Design,2092,504,2540,2108,481,2620,2044,497,2576,1736,414,2227,2009,480,2501,
221351,Rhodes College,1936,483,1952,1996,478,2008,2050,592,2073,1840,442,1875,1973,517,2010,
227757,Rice University,4574,1121,8556,4494,1201,8672,4247,1217,8285,4076,993,7643,3989,961,7282,
186283,Rider University,3244,806,4083,3169,779,4054,3222,637,4204,3630,837,4636,3770,863,4674,
136774,Ringling College of Art and Design,1722,447,1722,1705,415,1705,1663,401,1663,1624,432,1624,1658,442,1658,
239628,Ripon College,734,195,734,766,196,766,810,247,810,816,242,816,787,221,787,
233408,Riverside College of Health Careers,325,5,325,338,11,338,322,5,322,303,0,303,305,5,305,
183211,Rivier University,1335,292,2879,1340,275,2551,1454,321,2424,1296,176,2178,1438,243,2332,
233426,Roanoke College,1824,531,1835,1826,502,1826,1863,465,1863,1920,468,1920,2003,553,2003,
215655,Robert Morris University,3769,766,4737,3449,596,4099,3005,676,3764,3312,565,4134,3770,732,4608,
194958,Roberts Wesleyan University,1092,211,1619,1048,211,1573,1118,207,1662,1197,233,1706,1293,222,1780,
195003,Rochester Institute of Technology,14076,3056,16863,13940,3202,16615,14000,3355,16790,13412,3115,16158,13313,2683,16254,
170967,Rochester University,1144,142,1173,1140,233,1167,1087,162,1114,1198,196,1231,1044,142,1087,
148405,Rockford University,968,191,1249,951,168,1181,987,202,1231,1019,212,1272,982,170,1204,
179043,Rockhurst University,2430,340,3496,2545,287,3405,2704,408,3626,2746,442,3688,2185,394,2990,
180595,Rocky Mountain College,794,211,991,845,261,1054,817,220,1058,839,235,1014,850,245,1000,
217518,Roger Williams University,4050,1022,4344,4103,1074,4397,4207,1003,4529,4346,999,4702,4523,1113,4838,
136950,Rollins College,2595,638,3013,2583,632,3029,2510,549,3057,2559,504,3104,2598,556,3127,
148487,Roosevelt University,2605,599,4015,2413,408,3725,2656,507,4127,3068,496,4680,2381,305,4071,
152318,Rose-Hulman Institute of Technology,2235,552,2250,2169,598,2188,2081,637,2101,1972,531,1990,2000,496,2038,
215691,Rosemont College,484,101,777,446,80,754,425,107,635,480,112,777,518,109,902,
184782,Rowan University,14869,2555,19660,15231,2585,19535,15119,2191,19052,15939,2238,19654,16011,2695,19618,
195128,Russell Sage College,1080,190,2064,1123,238,2159,1197,263,2266,1271,260,2389,1332,234,2448,
176318,Rust College,429,99,429,755,184,755,768,349,768,623,140,623,738,215,738,
186371,Rutgers University-Camden,3922,580,5776,4185,528,5966,4856,604,6569,5502,598,7076,5739,749,7233,
186380,Rutgers University-New Brunswick,36588,7681,50617,36344,7780,50637,36152,7105,50804,35844,6551,50411,36158,7315,50173,
186399,Rutgers University-Newark,7417,1408,10809,7511,1239,11017,8334,1300,12168,9118,1321,13231,9319,1402,13605,
172033,Sacred Heart Major Seminary,188,2,357,172,4,338,179,1,289,253,2,418,279,19,450,
130253,Sacred Heart University,6960,1905,11179,6782,1775,10721,6761,1842,9785,6417,1650,9313,6158,1601,9156,
172051,Saginaw Valley State University,6184,1292,6889,6468,1337,7147,6789,1336,7523,7203,1383,8028,7476,1470,8251,
154235,Saint Ambrose University,2114,422,2703,2118,459,2747,2228,493,2913,2305,521,3003,2260,477,2968,
183239,Saint Anselm College,2052,573,2078,1959,528,1977,1954,480,1977,2019,530,2019,2033,509,2033,
149028,Saint Anthony College of Nursing,152,2,228,181,0,242,189,1,262,210,2,291,202,1,280,
199582,Saint Augustine's University,930,162,943,1085,341,1108,1239,774,1261,1110,384,1110,1044,267,1044,
216047,Saint Charles Borromeo Seminary-Overbrook,41,12,173,32,3,158,47,6,174,39,5,180,48,5,192,
174783,Saint Cloud State University,8430,895,10514,8569,763,10420,8956,819,10774,10187,1007,11841,11346,1224,13049,
227845,Saint Edward's University,2731,659,3309,2769,640,3470,2870,613,3577,3014,595,3591,3443,697,3976,
186618,Saint Elizabeth University,670,140,1009,737,164,1122,752,107,1198,786,142,1272,834,170,1287,
215743,Saint Francis University,2429,379,2835,2461,327,2857,2552,398,3034,2279,335,2769,2373,405,2930,
174792,Saint Johns University,1481,365,1624,1528,383,1645,1538,410,1643,1569,414,1668,1629,414,1727,
161518,Saint Joseph's College of Maine,1059,279,1463,990,201,1478,1066,222,1235,1329,224,1967,1360,212,2030,
215770,Saint Joseph's University,4828,1196,7201,5071,1096,7861,4196,1038,6464,4299,847,6779,4784,1103,7362,
137032,Saint Leo University,7603,632,10231,7320,869,10242,6740,823,9523,6945,729,9832,7843,782,10912,
179159,Saint Louis University,10519,1775,17202,10662,1665,15755,8745,1794,13474,7723,1542,12229,8332,1902,12799,
236452,Saint Martin's University,1267,263,1505,1365,294,1609,1358,348,1616,1394,292,1638,1389,337,1629,
152390,Saint Mary's College,1424,420,1518,1406,397,1519,1402,375,1527,1438,392,1581,1452,381,1580,
123554,Saint Mary's College of California,2044,503,2775,2003,451,2765,2199,421,3165,2468,468,3439,2646,517,3692,
174817,Saint Mary's University of Minnesota,1075,277,3831,1100,215,4133,1246,234,4701,1329,239,5152,1467,301,5548,
152381,Saint Mary-of-the-Woods College,898,211,1227,815,200,1147,793,194,1127,761,158,1099,767,146,1094,
231059,Saint Michael's College,1178,325,1370,1209,258,1399,1421,316,1573,1537,374,1724,1583,392,1875,
239716,Saint Norbert College,2089,490,2165,2173,476,2241,1941,584,2009,1867,458,1939,2000,538,2081,
186432,Saint Peter's University,2101,453,3673,2071,401,3430,2134,404,3009,2355,425,3197,2423,431,3233,
215798,Saint Vincent College,1280,293,1442,1359,342,1536,1430,376,1592,1462,360,1634,1560,359,1739,
148627,Saint Xavier University,3039,759,3457,2981,657,3523,3101,747,3749,3080,721,3764,2957,668,3623,
199607,Salem College,436,156,519,363,93,467,374,45,506,492,121,636,590,109,709,
167729,Salem State University,4853,810,6239,5078,863,6539,5555,939,7131,5716,996,7242,6273,1011,7706,
163851,Salisbury University,6281,1376,7030,6378,1382,7123,6695,1217,7570,7150,1218,8124,7686,1470,8617,
217536,Salve Regina University,2117,552,2836,2190,592,2872,2149,562,2828,2150,549,2771,2167,655,2771,
227881,Sam Houston State University,18179,3601,21403,18235,3394,21480,18288,2909,21612,18811,2843,21912,18805,2928,21558,
102049,Samford University,3832,1080,5791,3672,974,5682,3607,920,5758,3576,971,5729,3591,901,5692,
112084,San Diego Christian College,93,9,102,328,44,355,449,120,462,464,84,512,488,63,551,
122409,San Diego State University,34050,6162,39241,32194,6573,37402,31321,5269,36484,31491,4852,36334,30848,5275,35544,
122506,San Francisco Conservatory of Music,215,50,403,221,46,437,228,46,442,243,57,410,233,57,452,
122597,San Francisco State University,20756,2985,23908,21961,3339,25282,23424,3149,26899,24024,2779,27349,25924,3694,29032,
122755,San Jose State University,27111,4520,36062,26863,4037,35751,28288,4222,37133,27701,3328,36208,27905,3964,36085,
122931,Santa Clara University,6249,1552,9340,6115,1641,9178,5895,1554,8918,5608,1259,8616,5694,1391,8669,
195304,Sarah Lawrence College,1521,411,1743,1462,384,1696,1529,438,1766,1292,385,1506,1433,398,1670,
140951,Savannah College of Art and Design,14657,3651,17575,13582,3469,16414,12772,2685,15636,11679,2128,14265,12167,2769,14840,
140960,Savannah State University,2857,732,3078,2740,588,2945,3138,794,3385,3245,745,3488,3482,812,3668,
143048,School of the Art Institute of Chicago,2762,676,3401,2819,651,3532,2795,668,3559,2487,454,3132,2983,619,3682,
228042,Schreiner University,1062,282,1208,1098,373,1193,1017,251,1103,1145,298,1244,1257,310,1342,
123165,Scripps College,1082,275,1103,1081,260,1100,1095,316,1116,936,220,958,1089,283,1109,
236577,Seattle Pacific University,2082,382,2659,2432,538,3118,2640,579,3443,2702,655,3601,2717,638,3529,
236595,Seattle University,4137,1041,7182,4046,1004,7121,4241,994,7268,4244,805,7050,4633,930,7199,
186584,Seton Hall University,6061,1572,9494,6012,1512,9623,6063,1684,9881,5913,1336,9814,6102,1631,10219,
215947,Seton Hill University,1597,319,1984,1627,386,1988,1653,359,2012,1635,385,1935,1728,397,2073,
195438,Sh'or Yoshuv Rabbinical College,147,0,151,177,2,226,241,0,287,178,1,183,162,1,171,
123280,Shasta Bible College and Graduate School,13,1,20,24,3,33,29,1,39,31,3,41,29,2,41,
199643,Shaw University,843,186,962,924,200,1067,998,142,1141,1152,286,1283,1174,254,1291,
233541,Shenandoah University,2590,485,4343,2461,475,4260,2416,509,4287,2267,519,4174,2040,503,3791,
237792,Shepherd University,2906,566,3318,2718,553,3235,2450,419,3015,2716,523,3159,3200,494,3554,
216010,Shippensburg University of Pennsylvania,4421,1096,5184,4443,1079,5162,4900,1022,5667,5324,1219,6130,5274,1296,6084,
140988,Shorter University,1322,269,1447,1373,267,1515,1332,309,1460,1306,302,1410,1394,324,1487,
195474,Siena College,3497,809,3623,3516,864,3648,3496,1055,3634,3297,898,3425,3188,841,3296,
172264,Siena Heights University,1669,281,1832,1702,279,1857,1782,273,1966,1878,248,2073,2103,327,2337,
461759,Simmons College of Kentucky,389,169,389,237,61,237,163,22,163,140,17,140,209,46,209,
167783,Simmons University,1760,363,5053,1788,395,5710,1748,403,5984,1736,445,6263,1761,433,6535,
154350,Simpson College,1140,342,1163,1127,302,1151,1172,287,1218,1225,295,1267,1307,294,1355,
123457,Simpson University,755,145,907,706,110,874,745,119,858,696,103,855,702,109,854,
195526,Skidmore College,2776,735,2776,2758,784,2758,2686,719,2686,2582,718,2582,2662,735,2663,
216038,Slippery Rock University of Pennsylvania,6803,1537,8350,6757,1460,8221,6901,1370,8405,7399,1463,8860,7440,1580,8778,
167835,Smith College,2506,649,2830,2523,619,2873,2566,676,2924,2183,527,2504,2531,633,2894,
399911,Soka University of America,464,126,476,445,129,455,435,133,445,392,102,403,406,108,419,
123572,Sonoma State University,5412,911,5990,5934,967,6637,6587,822,7371,7255,913,8018,8143,1551,8887,
218733,South Carolina State University,2762,1079,3041,2374,902,2649,2074,586,2374,2020,479,2339,2155,371,2479,
219347,South Dakota School of Mines and Technology,2170,496,2492,2163,538,2492,2083,491,2416,2146,455,2475,2202,474,2525,
219356,South Dakota State University,10177,2274,11498,9917,2191,11327,9847,2019,11465,9976,2087,11405,10067,2123,11512,
417734,Southeast Missouri Hospital College of Nursing and Health Sciences,147,18,147,134,5,134,158,12,158,203,7,203,154,15,154,
179557,Southeast Missouri State University,8099,1287,9686,8454,1447,9927,8629,1487,9851,8929,1490,10001,9524,1508,10637,
176336,Southeastern Baptist College,69,5,69,97,32,97,90,11,90,62,16,62,63,15,63,
199759,Southeastern Baptist Theological Seminary,758,77,2926,679,33,2764,775,53,3048,893,156,3319,557,129,3164,
160612,Southeastern Louisiana University,12684,2352,13861,12426,2363,13465,12459,2226,13456,13456,2577,14426,13257,2732,14220,
207847,Southeastern Oklahoma State University,3207,530,5794,3022,408,5479,3021,352,5420,3274,512,5607,3168,518,5049,
137564,Southeastern University,9167,1034,10400,8840,1132,10044,8118,1205,9365,8312,1267,9546,8717,1389,9894,
221661,Southern Adventist University,2827,758,3154,2571,628,2903,2400,571,2719,2384,493,2730,2448,512,2834,
107983,Southern Arkansas University Main Campus,3224,797,5127,3148,707,5094,3160,632,4434,3447,776,4432,3586,833,4475,
123952,Southern California Institute of Architecture,239,35,457,250,28,507,256,30,522,249,27,481,240,30,497,
130493,Southern Connecticut State University,6781,1227,8820,6920,1106,8889,6800,1022,8788,7440,1081,9331,7962,1523,9817,
149222,Southern Illinois University-Carbondale,8195,1621,11359,8000,1518,11107,8147,1422,11266,8299,1361,11366,8466,1037,11695,
149231,Southern Illinois University-Edwardsville,8975,1602,12045,9321,1866,12519,9967,1992,13010,9942,1554,12860,10400,1667,13061,
228246,Southern Methodist University,7115,1592,11842,7056,1639,12053,6908,1572,12385,6827,1531,12373,6710,1544,11824,
183026,Southern New Hampshire University,159653,15343,184099,140865,13583,164091,121884,10607,145533,111519,10891,134247,92902,10485,113514,
210146,Southern Oregon University,4368,657,5371,4285,559,5204,4396,519,5179,4518,574,5140,5088,647,6093,
160621,Southern University and A & M College,5848,1523,7341,5757,1493,7320,5837,1436,7400,6145,1370,6917,6324,1338,7140,
160630,Southern University at New Orleans,1773,154,2059,1680,134,1950,1812,111,2106,1941,193,2264,1894,221,2309,
230603,Southern Utah University,13043,2281,15033,12649,2165,14330,12080,2577,13611,11249,2264,12582,10274,1902,11224,
233611,Southern Virginia University,967,301,967,1053,327,1053,1170,342,1170,1140,299,1140,1111,328,1111,
217776,Southern Wesleyan University,887,159,1188,896,148,1175,1043,163,1300,1085,194,1345,1150,199,1430,
179326,Southwest Baptist University,1622,266,2155,1836,279,2386,2101,298,2709,2379,356,3039,2588,458,3281,
175078,Southwest Minnesota State University,6884,367,7324,6518,330,6930,6556,422,6986,6846,347,7259,6636,295,7058,
228468,Southwestern Adventist University,813,151,817,786,125,793,838,132,855,745,138,754,673,107,687,
228325,Southwestern Assemblies of God University,1413,286,1725,1491,300,1794,1519,282,1843,1632,317,1985,1683,317,2050,
207856,Southwestern Christian University,351,99,364,404,116,425,460,116,482,458,136,486,498,113,518,
155900,Southwestern College,1038,204,1139,1067,203,1174,1164,204,1282,1272,226,1413,1359,160,1512,
207865,Southwestern Oklahoma State University,3995,734,4811,3941,743,4777,3749,685,4648,4015,811,4898,4116,865,4953,
228343,Southwestern University,1457,403,1457,1483,436,1483,1504,355,1504,1506,361,1506,1511,444,1511,
157757,Spalding University,734,117,1555,767,132,1532,765,104,1562,855,138,1596,925,139,1629,
218821,Spartanburg Methodist College,1029,445,1029,1064,504,1064,1042,507,1042,1051,521,1051,933,513,933,
141060,Spelman College,3633,727,3633,3102,577,3102,2417,794,2417,2207,576,2207,2120,516,2120,
172334,Spring Arbor University,1091,206,2390,1127,228,2396,1215,231,2685,1350,208,3118,1614,216,3333,
102234,Spring Hill College,851,216,977,933,226,1046,990,216,1107,1061,251,1191,1160,296,1290,
167899,Springfield College,1924,476,2785,2005,525,2921,2059,507,2965,2188,616,3068,2175,596,3110,
195164,St Bonaventure University,1914,574,2603,1856,571,2602,1796,484,2594,1839,488,2540,1826,492,2404,
175005,St Catherine University,2431,377,3533,2404,346,3577,2585,313,3904,2983,327,4277,3153,335,4401,
195216,St Lawrence University,2060,545,2089,2145,533,2175,2247,602,2279,2280,571,2319,2392,605,2434,
154262,St Luke's College,196,7,196,196,8,196,202,19,202,211,10,211,235,6,235,
174844,St Olaf College,3074,825,3074,3046,868,3046,2988,755,2988,2953,729,2953,3072,806,3072,
199698,St. Andrews University,806,229,832,780,180,809,876,261,911,862,284,887,744,209,758,
195173,St. Francis College,1934,507,3552,2276,495,2661,2372,409,2489,2646,748,2735,2507,616,2596,
195720,St. John Fisher University,2590,611,3674,2629,643,3621,2597,596,3539,2690,624,3610,2656,601,3618,
137272,St. John Vianney College Seminary,18,7,29,42,8,51,37,11,45,57,11,77,46,7,68,
163976,St. John's College,488,136,578,462,130,541,473,140,540,383,85,446,494,127,542,
245652,St. John's College,369,74,447,364,88,439,368,119,449,268,64,355,317,74,363,
195809,St. John's University-New York,15699,2674,19691,15652,2905,19663,15452,2715,19658,15693,2082,20143,17086,3135,21718,
195544,St. Joseph's University-New York,3369,491,4050,3556,575,4348,3774,662,4687,3903,666,5012,961,212,1185,
163912,St. Mary's College of Maryland,1577,442,1587,1497,410,1520,1519,381,1544,1486,381,1508,1467,320,1489,
228149,St. Mary's University,2147,530,3411,2001,529,3253,2093,606,3432,2139,514,3458,2270,545,3513,
195243,St. Thomas Aquinas College,1795,244,1950,1859,245,2033,1848,233,2026,1612,229,1779,1797,243,1937,
137476,St. Thomas University,3967,578,6455,3950,535,6370,3583,536,5896,3670,471,5601,3100,468,4824,
243744,Stanford University,8054,1699,18446,8049,1733,18283,7645,2125,17680,6366,1606,15953,6996,1698,17249,
196149,State University of New York at Cortland,5905,1216,6780,5993,1341,6690,5984,1221,6658,6256,1286,6832,6295,1208,6834,
196176,State University of New York at New Paltz,6504,1119,7420,6090,1163,6964,6256,1133,7075,6597,973,7489,6807,1125,7757,
196194,State University of New York at Oswego,5652,1191,6756,5985,1468,6906,6135,1168,7058,6673,1270,7636,6920,1422,7830,
228431,Stephen F Austin State University,9575,2072,10888,9905,1867,11327,10353,1713,12000,10987,1764,12620,11494,2062,12969,
179548,Stephens College,354,74,532,381,80,564,409,102,593,443,75,622,480,111,652,
155937,Sterling College,680,142,707,682,153,706,686,206,700,665,150,678,643,139,653,
231095,Sterling College,78,7,78,101,10,101,126,17,126,139,15,139,146,24,146,
137546,Stetson University,2338,638,3669,2561,666,3928,2876,637,4257,3125,859,4440,3183,934,4429,
186867,Stevens Institute of Technology,4092,1024,8842,4070,1010,9314,4064,1091,8287,3791,918,7257,3659,969,7283,
164173,Stevenson University,3028,793,3507,2985,744,3483,2979,628,3454,3027,672,3492,3107,694,3579,
102270,Stillman College,779,200,779,744,149,744,728,134,728,712,122,712,861,235,861,
186876,Stockton University,7812,1530,8788,8138,1562,9080,8392,1358,9352,8846,1411,9893,8893,1537,9934,
167996,Stonehill College,2515,647,2584,2500,737,2543,2423,640,2479,2428,685,2504,2467,652,2500,
196097,Stony Brook University,17549,3569,25865,17509,3347,25710,17999,3416,26608,18010,3322,26782,17909,3372,26814,
168005,Suffolk University,4484,1214,6697,4381,1260,6734,4227,980,6647,4397,904,6830,4862,1084,7169,
228501,Sul Ross State University,1441,223,1942,1550,249,1987,1608,196,2100,1789,242,2345,1849,279,2406,
447953,SUM Bible College and Theological Seminary,318,44,508,416,68,662,416,81,628,417,40,584,459,74,626,
181543,Summit Christian College,23,1,23,22,4,22,26,7,26,34,5,34,25,5,25,
196158,SUNY at Fredonia,2877,644,3220,3212,716,3491,3552,806,3764,3853,758,4055,4221,999,4446,
196219,SUNY at Purchase College,3165,777,3229,3107,687,3182,3439,680,3522,3600,647,3685,4051,798,4157,
196121,SUNY Brockport,5429,1272,6931,5149,1015,6424,5714,1002,6991,6289,1076,7592,6673,1077,7924,
196130,SUNY Buffalo State University,5572,1456,6470,5464,1252,6445,6147,1344,7173,7309,1628,8339,7647,1657,8658,
196167,SUNY College at Geneseo,3868,982,3928,4110,872,4184,4466,1007,4537,4829,891,4911,5294,1233,5398,
196246,SUNY College at Plattsburgh,3856,789,4417,4004,845,4474,4323,920,4738,4680,893,5109,4871,961,5258,
196200,SUNY College at Potsdam,2211,430,2751,2082,444,2427,2352,416,2607,2842,530,3084,3063,622,3339,
196033,SUNY College of Agriculture and Technology at Cobleskill,1792,540,1792,1783,488,1783,1820,460,1820,2079,510,2079,2267,614,2267,
196103,SUNY College of Environmental Science and Forestry,2346,398,2737,1621,356,1976,1638,304,2012,1754,287,2127,1812,353,2209,
196006,SUNY College of Technology at Alfred,3749,1256,3749,3348,1029,3348,3414,1033,3414,3667,1011,3667,3780,1180,3780,
196015,SUNY College of Technology at Canton,2919,474,2919,2836,477,2836,2863,450,2863,3135,538,3135,3223,707,3223,
196024,SUNY College of Technology at Delhi,2634,818,2777,2478,682,2612,2503,543,2634,2976,584,3077,2999,783,3086,
196291,SUNY Maritime College,1243,277,1350,1295,284,1427,1401,275,1545,1511,343,1671,1522,345,1674,
196051,SUNY Morrisville,2030,733,2040,1803,520,1803,1957,543,1957,2486,675,2486,2781,785,2781,
196237,SUNY Old Westbury,4040,720,4449,3907,611,4270,4033,474,4381,4659,536,5007,4809,609,5126,
196185,SUNY Oneonta,4904,1319,5514,4859,1106,5430,5380,937,5918,6190,1475,6718,6064,1451,6528,
196112,SUNY Polytechnic Institute,1904,389,2704,1982,381,2842,2037,307,2850,2239,350,3044,2216,404,3006,
216278,Susquehanna University,2241,578,2247,2224,578,2231,2197,555,2202,2239,573,2241,2312,620,2315,
216287,Swarthmore College,1644,415,1644,1625,433,1625,1651,454,1651,1437,373,1437,1594,417,1594,
233718,Sweet Briar College,464,138,464,457,154,460,452,177,454,356,122,362,351,103,354,
196413,Syracuse University,15739,3672,22948,15421,4108,22698,14778,3765,21772,14479,3499,21322,15275,3660,22850,
155973,Tabor College,581,129,664,571,151,637,621,183,688,586,171,642,577,128,642,
102298,Talladega College,782,204,837,835,117,903,1144,311,1203,1161,351,1175,1230,291,1239,
186900,Talmudical Academy-New Jersey,78,10,78,73,12,73,76,8,76,63,7,63,60,6,60,
196440,Talmudical Institute of Upstate New York,16,3,18,14,7,16,14,4,14,8,2,8,8,3,15,
451404,Talmudical Seminary of Bobov,515,198,515,459,152,459,473,162,473,423,116,423,418,94,418,
196431,Talmudical Seminary Oholei Torah,353,36,353,348,37,348,385,44,385,331,42,331,359,50,359,
216311,Talmudical Yeshiva of Philadelphia,120,34,120,123,32,123,117,34,117,132,38,132,130,36,130,
228529,Tarleton State University,13688,2702,15937,11880,2448,14092,11666,2150,13995,11893,2274,14016,11350,2073,13166,
152530,Taylor University,2372,562,2398,2188,519,2221,1944,398,1982,2076,416,2110,2147,490,2173,
149329,Telshe Yeshiva-Chicago,78,18,88,79,33,90,73,14,88,82,22,94,71,19,86,
216339,Temple University,21720,3763,30205,24106,4664,33196,25967,4922,35626,27306,4856,37236,28726,4967,38794,
221838,Tennessee State University,6765,1770,8198,7678,3568,9218,6375,1637,8077,6000,1703,7615,5875,1268,8081,
221847,Tennessee Technological University,8838,1988,10117,8537,2050,9902,8394,1661,9840,8778,1720,10177,8957,1705,10140,
221731,Tennessee Wesleyan University,857,168,1074,929,197,1052,974,183,1086,990,189,1116,1060,206,1141,
226152,Texas A & M International University,7004,1382,8536,6979,1307,8505,6890,1139,8455,7084,1263,8525,7220,1379,8305,
228723,Texas A & M University-College Station,59933,13753,76633,57512,12490,74014,56723,12323,72530,55568,11110,70418,53791,10613,68726,
224554,Texas A & M University-Commerce,8318,1104,12013,7383,866,11306,7584,817,11504,8349,779,12249,8390,971,12109,
224147,Texas A & M University-Corpus Christi,7822,2064,10855,7824,1984,10778,8027,1857,10762,8483,1612,10820,9323,1915,11452,
228705,Texas A & M University-Kingsville,5187,1203,6562,4847,1099,6092,5085,936,6405,5675,1055,6932,6178,987,7479,
483036,Texas A&M University-Central Texas,1702,24,2255,1712,33,2198,1774,33,2219,1886,37,2339,1954,24,2440,
459949,Texas A&M University-San Antonio,6706,1025,7584,6616,1028,7309,6404,1058,6893,6078,632,6759,5965,705,6710,
224545,Texas A&M University-Texarkana,1760,262,2109,1761,302,2110,1769,230,2112,1801,287,2171,1716,212,2068,
228875,Texas Christian University,10937,2488,12785,10523,2491,12273,10222,2560,11938,9704,2287,11379,9474,2159,11024,
228981,Texas Lutheran University,1290,288,1361,1329,344,1369,1427,313,1468,1455,361,1499,1445,419,1476,
229063,Texas Southern University,6619,1657,8469,6830,2372,8632,5726,1294,7524,5298,724,7015,7092,1475,9034,
228459,Texas State University,34547,7930,38722,33834,7604,38171,33175,6650,37864,33193,5861,37812,33917,6362,38187,
229115,Texas Tech University,32635,7220,40773,32579,6813,40378,33132,6649,40542,33174,6504,40227,32125,6145,38742,
229160,Texas Wesleyan University,1910,497,2595,1879,464,2578,1775,375,2531,1406,243,2197,1494,327,2276,
229179,Texas Woman's University,10260,1473,15664,10153,1343,15958,10290,1287,16338,10664,1130,16433,10598,1301,15886,
131283,The Catholic University of America,3139,861,5171,3011,765,4968,2929,691,5059,3055,630,5366,3279,818,5771,
455664,The Chicago School at Los Angeles,324,36,3392,284,27,3326,223,16,3260,182,18,3131,180,1,2999,
201821,The Christ College of Nursing and Health Sciences,765,88,765,866,102,866,879,69,879,1015,100,1015,938,103,938,
142294,The College of Idaho,1049,297,1076,1052,269,1082,1119,295,1145,1100,267,1114,1077,361,1091,
187134,The College of New Jersey,7073,1547,7652,7039,1583,7629,6959,1476,7589,7105,1428,7783,7189,1605,7821,
195234,The College of Saint Rose,1250,288,2538,1432,240,2786,1798,310,3307,2249,491,3863,2433,640,4004,
174899,The College of Saint Scholastica,1755,349,2979,1938,367,3207,2144,355,3512,2244,330,3712,2481,450,3906,
206589,The College of Wooster,1876,452,1876,1967,578,1967,1968,583,1968,1924,530,1924,1942,543,1942,
190372,The Cooper Union for the Advancement of Science and Art,901,186,983,899,195,958,876,221,936,806,218,887,857,198,952,
235167,The Evergreen State College,2108,364,2320,1851,271,2105,1849,234,2116,2080,228,2281,2576,260,2854,
192110,The Juilliard School,619,95,1028,586,107,986,602,110,979,589,125,961,588,116,960,
439701,The King's University,272,22,579,255,9,532,299,15,650,319,19,666,316,23,610,
117751,The Master's University and Seminary,1914,368,2799,1765,327,2606,1582,345,2435,1649,681,2449,1305,218,2006,
167057,The New England Conservatory of Music,393,101,784,382,47,796,423,90,827,404,86,701,497,121,843,
193654,The New School,6841,1470,9434,7171,1424,10108,7381,1902,10493,6399,1239,9047,7409,1467,10432,
100751,The University of Alabama,33435,8279,39622,32458,8037,38644,31685,7593,38316,31670,6507,37840,32795,6764,38100,
202763,The University of Findlay,3954,613,5057,3795,672,4869,3778,645,4811,3732,611,4829,3524,520,4714,
180489,The University of Montana,7570,1652,10327,7215,1621,9955,7223,1542,10106,6975,1225,9808,7714,1451,10487,
180692,The University of Montana-Western,1440,299,1458,1424,271,1424,1399,229,1399,1334,245,1334,1358,268,1358,
171599,The University of Olivet,938,334,973,860,268,919,851,210,885,968,298,1023,1071,339,1120,
137847,The University of Tampa,10111,2505,11054,9602,1878,10566,9838,3102,10794,8657,2069,9605,8697,2184,9628,
220701,The University of Tennessee Southern,946,185,978,896,209,934,852,215,876,791,186,812,890,233,904,
221740,The University of Tennessee-Chattanooga,9982,2381,11380,9884,2246,11283,10016,2074,11457,10341,2222,11728,10297,2310,11651,
221759,The University of Tennessee-Knoxville,28883,6694,36304,27039,6846,33805,25067,5948,31701,24254,5512,30559,23290,5254,29460,
221768,The University of Tennessee-Martin,6234,1118,6941,6165,1107,6868,6007,1042,6712,6395,1110,7117,6763,1160,7280,
228769,The University of Texas at Arlington,31112,5233,43992,30791,4858,43946,32962,4579,45949,35064,3900,48072,34820,3707,48635,
228778,The University of Texas at Austin,42444,9385,53082,41309,9109,52384,40916,9060,51991,40048,8459,50476,40163,8170,51090,
228787,The University of Texas at Dallas,21330,4160,30885,21617,4218,31570,21446,4042,29696,21187,3476,28669,20996,4073,29543,
228796,The University of Texas at El Paso,20609,3947,24351,20165,3782,23880,20065,3095,24003,21117,3344,24879,21427,3616,25177,
229027,The University of Texas at San Antonio,30310,5866,34864,29686,5692,34393,29801,5522,34734,29959,5333,34742,28275,4599,32594,
228802,The University of Texas at Tyler,7287,1324,9678,6971,1118,9322,7185,1169,9687,7237,1065,9781,6995,843,9617,
229018,The University of Texas Permian Basin,4654,674,5899,4640,673,5848,4249,386,5534,4496,559,5530,4347,402,5283,
227368,The University of Texas Rio Grande Valley,27040,5634,31931,26434,5770,31559,26405,5439,31940,26762,5338,32441,24965,4793,29113,
221519,The University of the South,1615,449,1693,1613,416,1704,1735,474,1820,1716,490,1800,1695,438,1768,
216357,Thiel College,819,219,920,804,229,907,783,241,845,744,250,768,729,248,729,
124292,Thomas Aquinas College,539,143,539,516,139,516,497,131,497,462,123,462,439,117,439,
161563,Thomas College,1581,194,1669,1623,234,1737,1304,206,1394,1601,245,1705,1819,215,1949,
216366,Thomas Jefferson University,3731,782,8315,3771,757,8286,3754,684,8270,3783,641,8286,3665,632,8026,
183275,Thomas More College of Liberal Arts,95,25,95,89,25,89,89,21,89,80,20,80,88,21,88,
157809,Thomas More University,1823,398,1947,1829,384,1958,1836,389,1980,1892,411,2037,2030,377,2238,
141167,Thomas University,882,145,1583,793,101,1531,763,94,1388,732,76,1303,935,96,1521,
206048,Tiffin University,2669,504,3598,2339,647,3044,2204,488,2934,2194,511,2933,2182,442,2926,
141185,Toccoa Falls College,2489,212,2532,2008,238,2046,1735,177,1764,1677,205,1698,1833,218,1833,
196583,Torah Temimah Talmudical Seminary,73,14,73,67,10,67,39,1,39,45,3,45,25,7,25,
176406,Tougaloo College,711,129,725,657,133,677,687,98,713,762,141,775,708,125,716,
196592,Touro University,5098,532,11953,4860,526,11111,5179,544,11222,5520,623,11699,5689,660,11631,
164076,Towson University,16517,3014,19527,16861,2671,19793,17907,2592,20856,18730,2394,21917,19619,2795,22709,
157818,Transylvania University,1022,279,1022,979,278,979,970,286,970,958,266,958,946,269,946,
221892,Trevecca Nazarene University,1825,375,3196,1866,378,3326,1917,425,3717,2103,350,3968,2350,392,4088,
152567,Trine University,4157,683,4471,3819,653,4088,3811,643,4024,3370,632,3573,3808,618,3970,
414878,Trine University-Regional/Non-Traditional Campuses,444,10,8230,470,6,4344,383,5,1367,334,7,1041,279,1,747,
137953,Trinity Baptist College,385,98,397,340,92,350,355,77,365,351,80,362,334,73,344,
200484,Trinity Bible College and Graduate School,144,40,244,150,31,269,161,22,279,151,34,231,173,37,252,
149505,Trinity Christian College,827,159,883,854,129,908,921,180,985,1015,178,1086,1005,160,1068,
130590,Trinity College,2237,579,2276,2167,565,2205,2159,523,2190,2200,572,2241,2195,580,2234,
137962,Trinity College of Florida,189,32,189,204,34,204,204,34,204,214,36,214,220,34,220,
149514,Trinity International University-Illinois,140,14,852,450,94,1242,517,96,1330,571,101,1454,722,108,1722,
229267,Trinity University,2531,659,2694,2512,655,2692,2527,663,2704,2504,634,2677,2443,646,2606,
131876,Trinity Washington University,1604,250,1865,1561,157,1895,1441,213,1862,1444,237,1846,1356,246,1707,
196653,Trocaire College,1104,65,1104,1022,52,1022,1101,58,1101,1376,95,1376,1322,88,1322,
102368,Troy University,10468,1717,13923,10768,1683,14156,11297,1596,14901,12712,1857,16497,12995,1679,16436,
141237,Truett McConnell University,2612,217,2714,2683,217,2796,2605,241,2710,2826,271,2923,2983,215,3055,
178615,Truman State University,3302,645,3636,3622,699,3960,3890,665,4225,4389,727,4655,4939,898,5231,
168148,Tufts University,6877,1735,13274,6815,1694,13431,6676,1800,13293,6114,1613,12219,5907,1613,11878,
160755,Tulane University of Louisiana,8077,1867,13078,8165,1843,13407,8777,2027,14124,8537,1801,13927,7980,1821,12923,
221953,Tusculum University,1022,216,1200,1111,141,1303,1234,200,1494,1353,278,1664,1388,292,1717,
102377,Tuskegee University,2400,859,2846,2100,533,2570,2184,551,2654,2280,485,2747,2394,526,2876,
181738,Union Adventist University,536,91,635,607,90,694,685,117,774,669,124,757,680,126,770,
491525,Union Bible College,164,84,164,102,40,102,77,20,77,64,14,64,66,16,66,
196866,Union College,2082,550,2082,2107,575,2107,2096,565,2096,2047,466,2047,2189,550,2189,
157863,Union College,737,198,1129,724,201,970,789,140,1024,945,258,1179,946,172,1140,
221971,Union University,1891,329,2674,1900,334,2731,1993,360,2930,2096,331,3071,2164,326,3172,
197027,United States Merchant Marine Academy,947,251,961,931,200,943,1006,239,1023,1028,261,1045,1007,255,1025,
161572,Unity Environmental University,5655,723,6359,3698,415,4281,1991,244,2439,1193,229,1429,787,206,931,
196060,University at Albany,12190,2836,16880,12264,2651,16658,12654,3030,17075,13182,2695,17688,13286,2669,17544,
196088,University at Buffalo,20463,4271,31889,20761,4215,32099,21467,4309,32332,22306,4415,32347,21921,4289,31923,
200800,University of Akron Main Campus,11452,2091,13518,11328,2108,13470,12268,2163,14516,13651,2343,16094,14794,2739,17600,
100663,University of Alabama at Birmingham,12382,2095,21160,13032,2217,21639,13547,2415,22289,13878,2154,22563,13836,2346,22080,
100706,University of Alabama in Huntsville,6851,1176,8743,7169,1172,9237,7569,1204,9636,8027,1345,9999,7989,1497,9988,
102553,University of Alaska Anchorage,10162,1306,10796,9925,1072,10464,10259,990,10845,11323,1057,11953,12103,1356,12766,
102614,University of Alaska Fairbanks,5638,770,6640,5636,685,6607,5844,678,6826,5850,668,6813,6206,686,7179,
102632,University of Alaska Southeast,1678,148,1918,1724,165,1923,1757,149,1997,1805,155,2070,1886,172,2150,
104179,University of Arizona,41899,9158,53001,38751,9069,49403,37434,8483,48274,35357,7334,45601,34516,7683,44577,
106397,University of Arkansas,27472,6337,32140,26269,7099,30936,24265,6065,29068,22825,4728,27562,23025,4605,27559,
106245,University of Arkansas at Little Rock,5789,478,8158,5825,549,8197,5969,481,8295,6568,516,8899,7120,584,9581,
106412,University of Arkansas at Pine Bluff,1905,411,2100,2182,575,2387,2484,677,2670,2507,685,2668,2382,488,2498,
108092,University of Arkansas-Fort Smith,5463,886,5506,5335,832,5379,5403,813,5447,5830,883,5887,6229,934,6265,
161873,University of Baltimore,1292,41,3101,1369,31,3288,1605,66,3710,1899,74,4169,2097,46,4476,
128744,University of Bridgeport,1479,231,4103,1637,283,3988,1873,238,3563,2350,310,4155,3233,368,5089,
110635,University of California-Berkeley,33078,6641,45699,32479,6726,45307,31814,6931,45036,30799,6117,42327,31348,6454,43185,
110644,University of California-Davis,31797,6577,39707,31532,6399,39679,31657,7482,40050,31162,6144,39074,30982,5957,38634,
110653,University of California-Irvine,29503,6796,36582,28662,5664,35937,29449,6489,36505,29638,5765,36303,30382,6069,36908,
110662,University of California-Los Angeles,33040,6585,46678,32423,6462,46430,32122,6584,46116,31636,6386,44589,31543,5919,44371,
445188,University of California-Merced,8372,2419,9147,8343,2393,9103,8321,2410,9093,8276,1951,9018,8151,2105,8847,
110671,University of California-Riverside,22646,5521,26426,22911,5573,26809,22868,5204,26847,22693,4852,26434,22055,4769,25547,
110680,University of California-San Diego,33792,7005,42376,33096,6546,42006,33343,7542,41885,31842,6447,39576,30794,6023,38736,
110705,University of California-Santa Barbara,23232,5043,26068,23459,4966,26420,23091,4898,26124,23196,4847,26179,23349,4935,26314,
110714,University of California-Santa Cruz,17812,4381,19764,17502,3859,19478,17864,4188,19841,17207,4194,19161,17517,3713,19494,
106704,University of Central Arkansas,7884,1737,9790,7994,1803,9913,8244,1854,10105,8615,1715,10335,9134,1840,10869,
132903,University of Central Florida,59470,8196,69233,58662,7511,68346,59995,7089,70309,61401,8037,71881,59371,7323,69402,
176965,University of Central Missouri,7203,1061,12788,7345,1028,11637,7577,1158,10530,7629,1084,9959,8904,1249,11229,
206941,University of Central Oklahoma,10454,1894,12148,10739,1613,12250,11771,1792,13250,12564,1940,14132,13339,1982,14821,
237312,University of Charleston,2087,234,2758,2365,266,3059,2162,246,2926,2115,294,2967,1907,282,2718,
144050,University of Chicago,7643,1625,18339,7595,1729,18339,7636,2053,18832,7056,1848,17834,6890,1725,17451,
201885,University of Cincinnati-Main Campus,31184,6922,43338,29663,6369,41155,28968,5400,40329,29262,5242,40151,28376,5480,39263,
126614,University of Colorado Boulder,32105,7546,41432,31034,7102,39585,30886,6727,39000,30307,6320,37437,31098,7104,37883,
126580,University of Colorado Colorado Springs,9398,1747,11213,9540,1663,11431,10002,1429,12031,10288,1305,12380,10706,1787,12807,
126562,University of Colorado Denver/Anschutz Medical Campus,14027,1609,23409,14055,1676,23744,14289,1662,24267,14994,1383,24723,15818,1572,24910,
129020,University of Connecticut,19388,4189,27364,18983,4069,27003,18567,3663,26876,18917,3825,27215,18847,3603,27280,
436827,University of Connecticut-Avery Point,474,174,474,493,182,493,522,209,522,564,219,564,559,196,559,
463056,University of Connecticut-Hartford Campus,1494,545,1494,1535,616,1535,1548,555,1548,1683,666,1683,1562,631,1562,
436836,University of Connecticut-Stamford,2240,622,2240,2297,657,2297,2405,764,2405,2354,781,2354,2126,674,2126,
436818,University of Connecticut-Waterbury Campus,760,243,760,768,240,768,795,272,795,853,355,853,806,237,806,
224323,University of Dallas,1427,348,2182,1453,404,2328,1500,476,2538,1447,379,2489,1475,382,2481,
202480,University of Dayton,8176,1904,11304,8416,1996,11674,8637,2126,11971,8644,2134,11650,8483,2035,11473,
130943,University of Delaware,19772,4548,24221,19482,4906,24039,19410,4617,23996,19328,4175,23613,19678,4617,23808,
127060,University of Denver,6415,1458,13387,6151,1638,13734,5867,1621,14130,5699,1375,13856,5774,1351,12931,
169716,University of Detroit Mercy,3352,552,5528,3156,508,5360,2924,565,5227,2633,419,4987,2745,530,5080,
153278,University of Dubuque,1477,325,1795,1444,318,1776,1594,330,2001,1778,429,2180,1900,398,2302,
150534,University of Evansville,1741,462,2109,1716,377,2016,1796,327,2078,2041,395,2323,2124,445,2371,
134130,University of Florida,34924,6762,54814,34552,6612,55211,34876,6787,55781,34931,6333,53372,35405,6526,52407,
484473,University of Florida-Online,5462,826,5462,5356,886,5356,5168,1060,5168,4407,718,4407,3926,761,3926,
139959,University of Georgia,31514,6146,41615,30714,6273,40607,30166,5819,40118,29765,5646,39147,29848,5499,38920,
129525,University of Hartford,4131,1311,5913,3969,1148,5732,4003,977,5917,4521,1141,6493,4793,1234,6773,
141565,University of Hawaii at Hilo,2424,367,2781,2593,392,2977,2763,459,3243,2671,462,3165,2818,449,3372,
141574,University of Hawaii at Manoa,14576,3042,19256,14198,3106,19074,14120,2939,19098,13203,2184,18025,12631,2020,17490,
141981,University of Hawaii-West Oahu,2863,238,2863,2913,216,2913,3008,224,3008,3168,232,3168,3049,217,3049,
179265,University of Health Sciences and Pharmacy in St. Louis,275,117,631,264,106,695,255,77,799,286,94,998,333,90,1037,
160065,University of Holy Cross,806,33,1152,776,47,1122,881,61,1236,784,62,1137,773,62,1100,
225511,University of Houston,37946,5652,46676,37943,5555,46700,38581,5437,47031,39165,5225,47090,38597,5680,46148,
225414,University of Houston-Clear Lake,6108,438,8211,6352,353,8562,6764,335,9279,6582,363,9053,6439,336,9082,
225432,University of Houston-Downtown,12880,1491,14105,12856,1373,14208,13612,1360,15077,13663,1491,15239,13136,1467,14640,
225502,University of Houston-Victoria,2707,173,3784,2845,211,4057,3037,149,4189,3513,266,4922,3367,367,4506,
142285,University of Idaho,9269,1869,11849,8809,1951,11507,8631,1656,11303,8366,1425,10791,9392,1475,11926,
145600,University of Illinois Chicago,22107,4647,33522,21807,4244,33747,22279,4177,34199,21921,3541,33518,21641,4407,32324,
148654,University of Illinois Springfield,2342,259,4661,2393,245,4198,2503,264,3944,2654,298,4146,2674,373,4275,
145637,University of Illinois Urbana-Champaign,35564,8325,56563,35120,7957,56916,34779,8297,56607,33683,7529,52679,34120,7665,51605,
151263,University of Indianapolis,3957,807,5447,3771,856,5176,4063,1052,5325,4271,945,5638,4402,1174,5801,
153658,University of Iowa,22130,5064,30042,21973,5178,30015,21608,4521,29909,22304,4510,30318,23482,4986,31240,
200156,University of Jamestown,964,247,1215,978,257,1242,1018,318,1276,912,262,1147,908,256,1115,
155317,University of Kansas,20696,5259,28406,19241,4457,26708,19158,4119,26780,19135,3829,26744,19667,4125,27552,
157085,University of Kentucky,23930,6437,32703,22735,6061,31547,21900,4721,30390,22227,4891,29986,22236,5348,29402,
117140,University of La Verne,3352,743,5596,3365,662,5662,3691,680,6201,4120,660,6983,4528,495,7396,
160658,University of Louisiana at Lafayette,13179,3064,15345,12950,2885,15219,13700,2693,16225,14020,2338,16450,14603,2536,16933,
159993,University of Louisiana at Monroe,6550,1049,8272,6552,1018,8398,6728,1140,8718,6929,1155,8888,6948,1144,8673,
157289,University of Louisville,16194,3117,22139,15921,2931,22017,15634,2695,22140,15927,2866,22211,15860,2803,21670,
232609,University of Lynchburg,1792,478,2592,1589,410,2394,1640,338,2553,1822,439,2692,1935,477,2956,
161253,University of Maine,9267,1869,11760,9774,1939,12231,10115,2316,12657,9465,2059,11741,9430,2140,11561,
161226,University of Maine at Farmington,1605,230,1950,1558,264,1837,1580,345,1878,1582,373,1862,1674,384,1930,
161235,University of Maine at Fort Kent,1357,71,1406,1194,57,1210,2216,99,2216,1624,91,1624,1589,132,1589,
161341,University of Maine at Presque Isle,2152,132,2187,1824,141,1847,1573,162,1590,1467,179,1467,1445,189,1445,
200217,University of Mary,2650,559,3794,2506,458,3652,2579,516,3794,2535,440,3799,2543,433,3813,
226471,University of Mary Hardin-Baylor,3024,825,3520,3072,744,3575,3224,861,3732,3379,741,3876,3361,868,3846,
232681,University of Mary Washington,3611,758,3808,3493,749,3757,3660,654,3956,3993,774,4293,4182,891,4488,
163338,University of Maryland Eastern Shore,2233,728,2844,1933,588,2518,1811,451,2384,2069,469,2646,2333,509,2886,
163268,University of Maryland-Baltimore County,10490,1977,14148,10625,2144,13991,10835,2052,13638,10932,1675,13497,11060,1701,13602,
163286,University of Maryland-College Park,30608,6197,40813,30353,5849,40792,30922,6072,41272,30875,5369,40709,30511,5340,40743,
262086,University of Massachusetts Global,5511,376,9069,4822,216,8689,5237,85,9798,6114,101,10986,6060,60,10231,
166629,University of Massachusetts-Amherst,23936,5286,31810,24391,5589,32229,24231,4872,32045,24233,5055,31642,24209,5766,31350,
166638,University of Massachusetts-Boston,12373,2463,15810,12221,2441,15586,12269,2246,15637,12871,2229,16259,12595,2123,15989,
167987,University of Massachusetts-Dartmouth,5602,1376,7759,5517,1319,7457,5833,1265,7717,6027,1282,7869,6405,1320,8154,
166513,University of Massachusetts-Lowell,12128,2083,16770,12389,1937,17153,12884,1907,17597,13813,2082,18150,14170,2395,18352,
220862,University of Memphis,16771,2591,21736,16708,2414,21917,16702,2593,21622,17383,2540,22205,17378,2683,21685,
135726,University of Miami,12883,2328,19593,12504,2371,19402,12089,2766,19096,11334,2358,17809,11307,2204,17811,
170976,University of Michigan-Ann Arbor,33730,7466,52065,32695,7050,51225,32282,7290,50278,31329,6879,47907,31266,6830,48090,
171137,University of Michigan-Dearborn,6071,1157,8035,6116,1005,8223,6355,1084,8331,6725,1003,8783,6910,1014,9191,
171146,University of Michigan-Flint,4751,533,6130,4609,521,5985,4995,493,6418,5424,559,6829,5862,604,7297,
174075,University of Minnesota-Crookston,2518,246,2518,2303,195,2303,2304,168,2304,2530,200,2530,2768,214,2768,
174233,University of Minnesota-Duluth,8525,1821,9350,8810,1980,9675,9024,2029,9884,9301,1780,10275,9847,2043,10858,
174251,University of Minnesota-Morris,1020,273,1020,1068,273,1068,1286,293,1286,1339,269,1339,1499,322,1499,
456959,University of Minnesota-Rochester,588,163,588,630,193,630,646,174,646,632,217,632,572,164,572,
174066,University of Minnesota-Twin Cities,39556,6740,54890,39248,6741,54955,36209,6883,52376,36061,5966,52017,35165,6278,51327,
176017,University of Mississippi,19094,5237,24043,17302,4465,22300,16092,3580,21203,16179,3024,21014,17139,3232,21617,
178396,University of Missouri-Columbia,23613,5139,31013,23745,4983,31304,23696,4843,31401,23383,5315,31089,22589,5431,30014,
178402,University of Missouri-Kansas City,10149,1289,15277,10179,1165,15703,10698,1148,16003,11027,1059,16147,11301,1196,16388,
178420,University of Missouri-St Louis,12137,464,14800,12415,443,15181,12347,296,15189,10973,417,13874,13026,447,15988,
101693,University of Mobile,1688,288,1911,1584,272,1804,1654,253,1911,1750,250,2016,1769,266,1989,
101709,University of Montevallo,2545,501,2942,2172,544,2586,2215,493,2625,2228,471,2600,2236,493,2553,
199069,University of Mount Olive,1937,277,2128,2019,268,2239,2085,239,2288,2350,287,2536,2612,296,2805,
193399,University of Mount Saint Vincent,2398,489,3202,2259,494,2877,2281,374,2948,2277,417,2683,1867,441,2077,
204185,University of Mount Union,1927,536,2169,1891,551,2130,1891,491,2133,1958,550,2178,2035,555,2243,
181215,University of Nebraska at Kearney,4224,910,6017,4269,863,6041,4427,958,6275,4385,833,6225,4429,863,6279,
181394,University of Nebraska at Omaha,11859,2156,15015,12026,2343,15058,12197,2166,15328,12768,2223,15892,12245,2067,15153,
181464,University of Nebraska-Lincoln,19338,4699,23986,19189,4640,23805,19552,4736,24431,20286,4771,25108,20478,4775,25390,
182281,University of Nevada-Las Vegas,25794,4583,31094,25365,4312,30660,25312,4125,30679,25864,4475,31142,25827,4465,31171,
182290,University of Nevada-Reno,17965,3421,21778,16973,3296,20945,17025,3412,21034,16845,3342,20722,17297,3547,20993,
161457,University of New England,3863,589,6473,3718,731,6434,3671,595,6642,4065,564,7208,4275,712,7483,
183071,University of New Hampshire at Manchester,522,72,748,524,54,557,653,66,664,704,93,717,723,87,753,
183044,University of New Hampshire-Main Campus,11376,2607,13626,11512,2942,13930,11528,2795,14001,11787,2630,14348,12238,2731,14788,
129941,University of New Haven,4865,1296,9830,4817,1242,8819,5023,1277,7513,5097,1371,6961,4912,1285,6793,
187985,University of New Mexico-Main Campus,16905,3579,22700,15910,3506,21488,15793,3077,22139,16209,2790,22311,17330,2594,22729,
159939,University of New Orleans,5476,829,6601,5804,1012,7111,6508,1151,7953,6895,1123,8375,6713,935,8231,
101879,University of North Alabama,7451,1104,10059,7214,1140,9830,6084,1013,8526,5946,932,8086,6050,1030,7702,
199111,University of North Carolina Asheville,2907,630,2925,2914,507,2914,3233,605,3233,3358,586,3363,3587,654,3600,
199120,University of North Carolina at Chapel Hill,20681,4699,32234,20029,4435,31705,19845,4690,31641,19395,4445,30092,19154,4182,29877,
199139,University of North Carolina at Charlotte,23981,4501,30298,23461,4157,29551,24116,4256,30448,24175,3999,30146,24070,3653,29615,
199148,University of North Carolina at Greensboro,14156,2613,17743,14198,2343,17978,15178,2543,19038,15995,2432,19764,16581,2746,20196,
199281,University of North Carolina at Pembroke,5485,908,7630,5643,714,7666,6317,896,8318,6436,901,8262,6353,1131,7698,
199184,University of North Carolina School of the Arts,902,221,1074,920,210,1104,938,208,1119,920,219,1070,929,234,1086,
199218,University of North Carolina Wilmington,14494,2701,17987,14294,2370,17843,14488,2435,18030,14650,2025,17915,14785,2342,17499,
200280,University of North Dakota,10216,1766,14172,9928,1753,13876,9718,1755,13772,9796,1614,13615,10163,1673,13581,
136172,University of North Florida,14264,2816,16453,14171,3133,16406,14167,2578,16594,14550,2741,16926,14734,2641,17117,
482680,University of North Georgia,17242,3914,18074,17240,3873,18029,18143,4067,18972,19019,4320,19793,19036,4157,19748,
227216,University of North Texas,33858,6926,47507,33023,6624,44767,32590,5563,42441,32814,5304,40953,32159,5613,39336,
484905,University of North Texas at Dallas,3018,469,3797,3001,346,3685,3368,366,4120,3387,327,4164,3419,1085,4209,
127741,University of Northern Colorado,6616,1229,9067,6728,1191,9380,7357,1256,10348,8494,1358,11460,9810,1814,12930,
154095,University of Northern Iowa,7734,1552,9013,7735,1436,8945,7967,1553,9217,8289,1482,9507,8953,1465,10477,
174491,University of Northwestern-St Paul,3173,364,3262,3161,398,3253,3289,396,3398,3363,368,3506,3376,408,3525,
152080,University of Notre Dame,8968,2075,13174,8971,2037,13105,8973,2059,13139,8874,2193,12809,8732,2051,12683,
207500,University of Oklahoma-Norman Campus,22025,5198,29145,21282,4683,28308,21152,4582,28042,21383,4422,27772,21768,4523,28079,
209551,University of Oregon,19963,5032,23786,19565,5313,23163,18602,4589,22257,18045,3920,21752,18888,4525,22517,
215062,University of Pennsylvania,11611,2415,28711,11250,2415,28201,11292,2399,28038,11155,2316,26552,11872,2389,26675,
215266,University of Pittsburgh-Bradford,1003,310,1003,1074,297,1074,1164,311,1164,1305,366,1305,1326,432,1326,
215275,University of Pittsburgh-Greensburg,1326,388,1326,1328,409,1328,1320,328,1320,1408,363,1408,1454,412,1454,
215284,University of Pittsburgh-Johnstown,1940,474,1940,2043,518,2043,2121,465,2121,2356,520,2356,2465,605,2465,
215293,University of Pittsburgh-Pittsburgh Campus,25171,4549,34525,24420,4390,33767,23885,4875,33230,23157,4230,32277,23385,4026,32686,
209825,University of Portland,3136,729,3457,3390,813,3793,3589,911,4033,3559,809,3999,3798,1004,4254,
180258,University of Providence,562,113,677,593,99,955,665,103,888,790,149,1005,785,104,998,
236328,University of Puget Sound,1632,463,1914,1712,405,2023,1866,409,2173,1898,393,2210,2299,615,2608,
121691,University of Redlands,2100,442,3192,2313,513,3460,2644,550,4059,2842,523,4566,3141,708,4832,
217484,University of Rhode Island,14670,3289,17351,14768,3420,17473,14744,3340,17511,14904,3302,17649,14548,3140,17465,
233374,University of Richmond,3054,833,3776,3145,851,3876,3166,874,3890,3323,811,4056,3202,832,3914,
195030,University of Rochester,6764,1543,12160,6767,1625,12197,6568,1623,12039,6521,1363,11741,6780,1500,12233,
152336,University of Saint Francis-Fort Wayne,1601,418,1852,1576,366,1903,1726,450,2196,1753,404,2271,1745,394,2249,
130314,University of Saint Joseph,879,173,1939,831,189,1992,906,186,2132,898,185,2305,904,204,2398,
488785,University of Saint Katherine,230,41,262,205,35,232,245,39,267,238,32,249,235,49,235,
155812,University of Saint Mary,1015,221,1414,903,197,1267,858,242,1280,810,196,1229,782,149,1240,
122436,University of San Diego,5726,1245,9110,5669,1234,8815,5702,1166,9041,5529,997,8861,5919,1142,9181,
122612,University of San Francisco,5729,1124,9212,6018,1555,9688,5969,1452,10034,5852,1142,10068,6577,1293,10636,
207722,University of Science and Arts of Oklahoma,914,272,914,825,217,825,849,249,849,733,134,733,800,184,800,
215929,University of Scranton,3666,1028,4825,3593,1057,4731,3487,825,4692,3658,884,4957,3792,996,5253,
219383,University of Sioux Falls,1276,310,1509,1325,308,1594,1337,309,1625,1354,263,1628,1390,297,1675,
102094,University of South Alabama,8914,1920,13768,8480,1614,13438,8833,1778,13992,9050,1578,14224,9601,1617,14397,
218645,University of South Carolina Aiken,3109,616,3855,3145,552,3840,3101,526,3869,3284,542,3944,3252,558,3720,
218654,University of South Carolina Beaufort,2067,503,2121,2053,476,2124,2023,424,2037,1999,358,2006,2112,449,2119,
218663,University of South Carolina-Columbia,28470,7319,36579,27343,6574,35653,26864,6174,35471,27271,5742,35470,27502,6286,35364,
218742,University of South Carolina-Upstate,4471,674,4946,4481,688,4913,4981,597,5438,5519,754,6038,5853,881,6308,
219471,University of South Dakota,7095,1367,9868,7132,1326,9856,6987,1231,9464,7103,1238,9459,7475,1308,9920,
137351,University of South Florida,37269,5803,48572,38047,6800,49600,38011,6279,49708,38582,5734,50626,32684,5139,44246,
123961,University of Southern California,21023,3633,47147,20699,3420,48945,20790,3668,49318,19786,3459,46287,20351,3165,48321,
151306,University of Southern Indiana,7428,1283,9282,7355,1251,9178,7908,1327,9756,8431,1286,10203,9162,1585,10705,
161554,University of Southern Maine,5520,718,7528,5616,751,7583,5956,895,7996,6098,808,8022,6675,893,8429,
176372,University of Southern Mississippi,10012,1733,13110,10258,1624,13526,10693,1587,14146,11451,1675,14606,11594,1888,14133,
148584,University of St Francis,1306,238,3185,1414,216,3297,1572,204,3426,1627,210,3529,1744,235,3776,
174914,University of St Thomas,6044,1681,9121,5906,1586,9025,6056,1349,9336,6333,1487,9792,6355,1579,9824,
227863,University of St Thomas,2969,672,3813,2646,515,3588,2667,443,3877,2411,401,3692,2124,343,3448,
215105,University of the Arts,1072,250,1207,1170,182,1313,1397,270,1557,1380,297,1530,1699,401,1861,
156541,University of the Cumberlands,6091,645,20327,5174,637,18053,4838,613,19272,4511,610,19110,3874,756,16966,
225627,University of the Incarnate Word,4726,1067,7251,4724,977,7305,4846,966,7508,5081,922,7917,5368,1012,8175,
107558,University of the Ozarks,763,188,763,784,229,784,784,201,784,836,195,836,824,209,824,
120883,University of the Pacific,3297,773,6755,3294,847,6277,3306,781,6066,3524,718,6263,3640,808,6447,
188182,University of the Southwest,337,94,1034,321,82,1018,414,131,1064,370,89,904,331,93,875,
449870,University of the West,53,4,154,62,5,164,77,7,180,114,7,238,142,8,273,
206084,University of Toledo,11447,2117,14939,11965,2126,15545,13161,2324,16979,14406,2363,18319,15568,3037,19694,
207971,University of Tulsa,2485,594,3559,2647,651,3769,2728,583,3832,2929,491,3960,3268,831,4379,
230764,University of Utah,26827,5560,35260,26355,5520,34734,25826,5361,34464,24643,4483,33081,24485,4249,32852,
216542,University of Valley Forge,498,97,573,508,133,583,508,128,583,495,100,557,550,110,601,
231174,University of Vermont,12168,2896,14320,11898,3000,14088,11626,2932,13826,11136,2487,13292,11443,2636,13548,
233897,University of Virginia's College at Wise,1911,290,1911,1704,251,1704,1814,329,1814,1905,256,1905,1978,282,1978,
234076,University of Virginia-Main Campus,17612,3966,25924,17444,4022,26082,17294,3889,26005,17310,3785,25628,17010,3920,25012,
377555,University of Washington-Bothell Campus,5248,1186,5809,5192,980,5735,5454,900,6052,5659,985,6304,5350,829,5913,
236948,University of Washington-Seattle Campus,39515,7011,55620,36213,7386,52319,36201,7252,52434,32244,7027,48149,32046,6992,47576,
377564,University of Washington-Tacoma Campus,4014,666,4777,4083,625,4794,4327,628,5027,4567,621,5364,4588,655,5329,
101587,University of West Alabama,2673,315,6194,2427,309,5860,2322,304,5594,2248,254,5734,2239,322,5653,
138354,University of West Florida,9661,1503,14371,9291,1183,13521,9319,1187,13288,9637,1258,13061,9521,1199,12557,
141334,University of West Georgia,8413,1361,12728,8666,1423,11893,9538,1543,12687,10331,1821,13419,10411,1852,13238,
240268,University of Wisconsin-Eau Claire,9304,2163,9991,9423,2134,10104,9869,2253,10569,10310,2258,11017,10591,2433,11255,
240277,University of Wisconsin-Green Bay,9853,1258,10326,9146,1137,9599,9257,1208,9780,8498,1269,8954,8370,1346,8766,
240329,University of Wisconsin-La Crosse,9378,2301,10299,9347,2326,10274,9400,2217,10337,9562,2141,10531,9668,2203,10623,
240444,University of Wisconsin-Madison,36797,7964,49605,36306,8628,48956,34561,8465,47016,32688,7306,44640,32399,7550,44257,
240453,University of Wisconsin-Milwaukee,18047,3366,22481,18348,3349,22676,19411,3358,23829,20056,3249,24565,21107,3761,25731,
240365,University of Wisconsin-Oshkosh,12674,1751,13761,12627,1738,13705,12946,1786,14142,14068,1854,15314,14267,2165,15521,
240374,University of Wisconsin-Parkside,3263,565,4008,3236,442,3947,3365,467,4132,3791,541,4452,3906,657,4388,
240462,University of Wisconsin-Platteville,6270,1445,6696,6028,1437,6486,6266,1265,6773,6892,1389,7547,7479,1494,8271,
240471,University of Wisconsin-River Falls,4675,1063,5064,4776,1014,5188,4988,1016,5394,5421,1088,5855,5588,1203,5980,
240480,University of Wisconsin-Stevens Point,7419,1828,8109,7313,1722,7964,7489,1810,8129,7698,1838,8302,7838,1529,8332,
240417,University of Wisconsin-Stout,6093,1267,6951,6254,1252,7234,6634,1324,7695,6889,1332,7970,7309,1491,8413,
240426,University of Wisconsin-Superior,2086,260,2726,2213,319,2710,2204,341,2613,2165,276,2560,2263,327,2614,
240189,University of Wisconsin-Whitewater,9812,2217,11519,9367,2089,11079,9751,2127,11446,10423,2055,11989,11024,2119,12452,
240727,University of Wyoming,8250,1463,10913,8518,1627,11100,8869,1477,11479,9342,1424,11829,9807,1760,12249,
154493,Upper Iowa University,2504,158,3102,2463,216,3072,2510,200,3031,3077,211,3610,3680,211,4279,
494685,Urshan College,514,64,514,473,54,473,445,53,445,365,60,365,309,61,309,
216524,Ursinus College,1492,405,1492,1527,381,1527,1556,433,1556,1493,437,1493,1472,431,1472,
206349,Ursuline College,637,114,923,625,107,950,663,121,1079,674,102,1100,651,92,1050,
230728,Utah State University,25048,4388,28063,24835,4626,27943,24255,4223,27426,24647,4547,27691,24669,4411,27810,
197045,Utica University,2580,577,3733,2678,442,3861,2986,456,4242,3303,507,4613,3488,515,4947,
141264,Valdosta State University,7230,1134,10151,7573,1127,10209,8760,1782,11557,9570,2617,12304,8590,1657,11270,
200572,Valley City State University,1628,194,1754,1521,205,1658,1523,196,1686,1541,195,1676,1524,218,1665,
152600,Valparaiso University,2255,596,2846,2349,604,2958,2507,601,2924,2723,637,3122,2992,647,3502,
221999,Vanderbilt University,7152,1622,13456,7151,1619,13710,7111,1626,13796,7057,1698,13537,6886,1604,13131,
149639,VanderCook College of Music,99,17,340,94,12,263,88,20,252,82,11,313,109,18,144,
123651,Vanguard University of Southern California,1987,500,2219,2001,541,2256,1975,495,2268,1997,555,2289,1920,485,2175,
197133,Vassar College,2456,686,2456,2459,679,2459,2516,677,2516,2463,588,2463,2439,690,2439,
482228,Veritas Baptist College,140,17,200,138,12,182,141,11,186,164,15,216,191,21,225,
231165,Vermont State University,4087,562,5136,1412,127,1414,1449,142,1452,1516,120,1520,1696,208,1704,
197142,Villa Maria College,545,161,545,465,101,465,452,107,452,508,138,508,520,134,520,
216597,Villanova University,7063,1749,10111,6989,1778,10383,7032,1772,10870,7037,1700,11032,6865,1695,10848,
234030,Virginia Commonwealth University,21205,4519,28238,20958,4167,28082,21394,4084,28594,21943,3756,29070,22837,4401,29757,
234085,Virginia Military Institute,1560,447,1560,1512,347,1512,1652,426,1652,1698,463,1698,1698,447,1698,
233921,Virginia Polytechnic Institute and State University,30504,7196,38294,30434,7166,38170,29760,6758,37279,30020,6608,37024,29300,7651,36383,
234155,Virginia State University,4829,1448,5190,4300,1384,4648,3899,920,4300,3659,889,4020,4025,1066,4365,
234164,Virginia Union University,1170,415,1662,1329,363,1860,1243,313,1730,1209,359,1516,1136,245,1451,
234173,Virginia Wesleyan University,1626,369,1711,1479,282,1538,1241,341,1324,1274,323,1347,1387,344,1487,
449764,Visible Music College,168,31,182,211,44,230,244,46,261,310,61,336,229,34,241,
240107,Viterbo University,1443,252,2301,1485,235,2456,1660,261,2520,1736,301,2516,1751,283,2592,
152673,Wabash College,845,229,845,835,258,835,840,210,840,868,240,868,867,229,867,
197197,Wagner College,1592,398,1932,1590,405,1946,1568,355,1958,1643,374,2070,1740,410,2159,
199847,Wake Forest University,5471,1385,9121,5447,1370,8963,5472,1412,8947,5441,1452,8789,5287,1360,8495,
206437,Walsh University,1423,336,2160,1558,378,2309,1639,345,2440,1850,390,2651,1937,394,2694,
210304,Warner Pacific University,350,26,350,360,31,360,406,35,410,464,65,466,401,60,407,
138275,Warner University,798,255,891,761,240,849,782,227,907,820,225,978,870,214,1058,
199865,Warren Wilson College,742,196,797,723,192,793,723,225,803,625,194,703,706,235,791,
154527,Wartburg College,1454,424,1472,1416,351,1444,1516,413,1541,1562,468,1563,1505,398,1505,
216667,Washington & Jefferson College,1162,314,1162,1149,348,1151,1156,328,1157,1165,338,1167,1262,291,1265,
162210,Washington Adventist University,605,106,695,582,59,671,690,56,785,845,89,968,945,128,1078,
234207,Washington and Lee University,1898,502,2277,1867,476,2243,1857,484,2238,1822,459,2183,1860,462,2264,
164216,Washington College,916,230,916,955,231,955,1026,260,1026,1089,260,1089,1288,325,1288,
236939,Washington State University,21923,4249,26490,22612,3991,27539,24278,4007,29843,25470,4191,31159,26062,4812,31607,
179867,Washington University in St Louis,8267,1828,16500,8132,1813,17012,8034,1980,16973,7653,1804,15449,7822,1732,16191,
229780,Wayland Baptist University,2162,289,2861,2275,262,2978,2690,226,3508,3015,298,4062,3012,249,4084,
172644,Wayne State University,16117,2988,23553,15958,2577,23630,16839,2732,24919,17503,3120,26241,17643,2968,26824,
216694,Waynesburg University,1088,336,1315,1116,299,1366,1182,294,1470,1257,329,1576,1277,355,1628,
197221,Webb Institute,105,27,105,102,25,102,105,26,105,101,27,101,102,26,102,
138293,Webber International University,879,270,930,1100,279,1133,776,237,812,735,286,812,665,203,735,
179894,Webster University,2204,452,7606,2197,428,6396,2346,360,6779,2563,410,8197,2832,411,9860,
168218,Wellesley College,2418,571,2418,2447,586,2447,2461,603,2461,2280,581,2280,2519,612,2519,
197230,Wells College,357,129,357,357,147,357,342,140,342,357,122,357,419,132,419,
168227,Wentworth Institute of Technology,3813,980,4018,3713,832,3920,3958,917,4163,4222,986,4389,4303,968,4449,
141325,Wesleyan College,595,100,641,614,122,660,695,111,734,745,139,779,754,135,797,
130697,Wesleyan University,3066,782,3271,3069,743,3253,3385,910,3581,2852,720,3053,3018,771,3230,
216764,West Chester University of Pennsylvania,14344,3087,17076,14392,3006,17275,14471,2628,17614,14712,2796,17719,14615,2871,17669,
237932,West Liberty University,1944,419,2348,1919,430,2315,2087,378,2291,2125,416,2481,2183,465,2496,
229814,West Texas A & M University,6786,1266,8997,6901,1281,9242,7083,1291,9602,7326,1254,10036,7355,1335,9970,
237899,West Virginia State University,3322,322,3458,3634,331,3785,3281,305,3415,3502,282,3638,4009,273,4120,
238032,West Virginia University,18615,4377,24200,19059,4571,24741,19601,4313,25476,20495,4494,26269,21086,4949,26839,
237950,West Virginia University Institute of Technology,1448,308,1448,1481,298,1481,1619,303,1619,1645,282,1645,1794,321,1794,
237969,West Virginia Wesleyan College,938,307,991,889,275,951,982,302,1054,979,258,1066,1131,326,1226,
200004,Western Carolina University,10009,2103,11628,9956,1932,11635,10145,1729,11877,10517,1823,12243,10469,2107,12167,
128391,Western Colorado University,3569,423,4053,3095,439,3548,3241,456,3689,2749,420,3203,3073,454,3487,
130776,Western Connecticut State University,3542,711,4137,3799,629,4417,4172,733,4802,4640,788,5246,4982,845,5631,
149772,Western Illinois University,5025,968,7073,5309,1074,7643,5394,920,7455,5854,1064,7490,5958,895,7624,
157951,Western Kentucky University,14590,2822,16759,14440,2755,16493,14729,2832,16750,15286,3120,17517,15895,2714,18171,
172699,Western Michigan University,13026,2472,16693,13589,2621,17000,14587,2114,18266,15969,2618,19887,17051,2919,21470,
168254,Western New England University,2584,731,3574,2406,602,3430,2601,783,3675,2552,691,3673,2698,691,3801,
210429,Western Oregon University,3249,649,3857,3320,563,3751,3615,544,4029,4070,722,4554,4343,789,4929,
237011,Western Washington University,13704,3184,14651,13800,3222,14746,14019,2874,15125,14194,2494,15197,15240,3116,16142,
168263,Westfield State University,3788,712,4555,3943,803,4702,4239,802,5013,4633,836,5395,5069,1042,5795,
216807,Westminster College,1155,310,1203,1161,289,1211,1163,305,1225,1149,291,1228,1165,279,1231,
179946,Westminster College,593,159,593,610,161,610,654,214,654,609,177,609,655,142,655,
230807,Westminster University,895,228,1214,961,191,1280,1166,169,1535,1426,180,1849,1740,283,2215,
125727,Westmont College,1310,320,1310,1284,315,1284,1238,333,1238,1226,307,1226,1317,406,1317,
149781,Wheaton College,2119,553,2799,2163,504,2885,2341,546,3047,2265,481,2908,2395,614,3004,
168281,Wheaton College (Massachusetts),1778,522,1778,1667,494,1667,1701,493,1701,1670,458,1670,1774,451,1774,
238078,Wheeling University,588,166,748,708,181,863,599,151,700,582,188,857,532,121,798,
237057,Whitman College,1544,444,1544,1493,336,1493,1559,477,1559,1360,294,1360,1579,425,1579,
125763,Whittier College,813,145,859,1131,249,1192,1325,277,1387,1490,239,1564,1776,493,1841,
237066,Whitworth University,1939,553,2345,2047,455,2415,2309,534,2681,2368,607,2756,2417,683,2814,
156125,Wichita State University,12856,1786,16741,12049,1847,16216,12098,1814,15415,11946,1579,14999,12623,1689,15342,
216852,Widener University,2811,894,5610,2555,536,5416,2766,608,5875,2912,600,6150,3223,762,6496,
206491,Wilberforce University,602,204,617,472,181,485,544,150,557,439,117,453,553,135,566,
216931,Wilkes University,1956,513,5198,2000,478,5207,2232,556,5276,2243,492,4781,2351,550,4680,
210401,Willamette University,1571,504,2112,1367,524,1909,1236,260,1785,1302,324,1866,1624,371,2179,
231624,William & Mary,6963,1619,9762,6797,1642,9654,6543,1684,9517,6236,1521,8939,6256,1530,8773,
176479,William Carey University,3113,204,5448,3291,178,5662,3337,153,5738,3233,175,5472,3210,212,5040,
122728,William Jessup University,1056,190,1484,1169,160,1624,1210,176,1676,1289,165,1840,1261,194,1743,
179955,William Jewell College,868,229,886,824,243,853,779,222,805,738,195,751,734,168,739,
187444,William Paterson University of New Jersey,6546,886,9426,6604,806,9070,7219,1000,9369,7971,1265,9635,8605,1537,10105,
199272,William Peace University,730,159,730,713,136,713,742,128,742,830,144,830,889,185,889,
154590,William Penn University,1449,298,1536,1404,317,1473,1304,320,1372,1276,334,1350,1195,363,1258,
179964,William Woods University,1097,232,1729,791,225,1508,781,129,1737,882,165,2114,873,161,2153,
107877,Williams Baptist University,491,134,514,562,144,584,604,191,629,589,220,618,526,198,550,
168342,Williams College,2112,541,2168,2169,577,2222,2174,574,2224,1962,482,1987,2094,546,2150,
206507,Wilmington College,924,262,964,1015,317,1046,1032,226,1036,1165,308,1165,1231,341,1231,
217013,Wilson College,1180,199,1694,966,136,1360,977,136,1403,1041,116,1535,1072,199,1618,
199962,Wingate University,2464,708,3322,2510,828,3396,2483,777,3439,2683,825,3653,2764,943,3681,
175272,Winona State University,5267,1161,6058,5403,1173,6154,5748,1093,6545,6391,1274,7106,6978,1550,7605,
199999,Winston-Salem State University,4260,883,4776,4513,855,5004,4726,912,5226,4689,1007,5169,4656,967,5121,
218964,Winthrop University,3787,867,4694,3741,709,4712,3973,818,5174,4406,964,5576,4764,1073,5865,
240338,Wisconsin Lutheran College,1021,251,1094,1003,309,1086,1031,274,1147,1034,281,1166,1003,214,1148,
206525,Wittenberg University,1288,383,1333,1258,405,1299,1286,358,1326,1445,384,1488,1577,344,1619,
218973,Wofford College,1873,510,1873,1823,507,1823,1765,459,1765,1764,496,1764,1720,474,1720,
491631,Women's Institute of Torah Seminary and College,191,47,191,173,51,173,189,52,189,147,41,147,100,3,100,
125897,Woodbury University,825,107,898,868,117,943,937,116,1036,1019,140,1131,1108,203,1225,
168421,Worcester Polytechnic Institute,5453,1360,7353,5246,1354,7308,5224,1410,7230,4892,1294,6920,4761,1199,6894,
168430,Worcester State University,4734,909,5611,4478,799,5311,4640,756,5417,4958,807,5724,5332,886,6204,
206613,Wright State University-Lake Campus,1398,252,1398,1294,271,1294,1435,266,1444,1739,281,1749,1648,279,1661,
206604,Wright State University-Main Campus,7012,1473,9884,6938,1281,9678,7477,1132,10295,8332,1181,10936,9371,1374,12356,
206622,Xavier University,4748,1229,6000,4852,1191,6114,5140,1185,6633,5272,1315,7061,5043,1210,6973,
160904,Xavier University of Louisiana,2591,692,3181,2696,838,3419,2755,989,3604,2517,712,3384,2530,832,3325,
130794,Yale University,6818,1641,15081,6645,1554,14776,6536,1786,14567,4703,1264,12060,6092,1550,13609,
490319,Yeshiva Bais Aharon,13,6,13,12,2,12,18,11,18,24,11,24,31,7,31,
491622,Yeshiva Chemdas Hatorah,79,21,79,81,15,81,85,25,85,74,30,74,71,23,71,
420325,Yeshiva D'monsey Rabbinical College,86,33,86,85,25,85,77,20,77,71,25,71,80,24,85,
197647,Yeshiva Derech Chaim,119,24,152,111,27,137,110,27,142,91,20,127,89,22,133,
493716,Yeshiva Gedola Tiferes Yaakov Yitzchok,69,19,69,68,20,68,68,13,68,71,14,71,70,12,70,
491914,Yeshiva Gedola Tiferes Yerachmiel,172,22,172,178,23,178,167,25,167,154,25,154,135,19,135,
491640,Yeshiva Gedolah Keren Hatorah,189,39,189,186,41,186,169,40,169,156,38,156,155,34,155,
481410,Yeshiva Gedolah Kesser Torah,82,19,82,79,18,79,77,24,77,85,21,85,83,16,83,
491710,Yeshiva Gedolah of Cliffwood,55,12,55,72,11,72,63,11,63,111,18,111,93,22,93,
247773,Yeshiva Gedolah of Greater Detroit,71,25,71,68,21,68,54,19,58,50,13,55,55,20,62,
493707,Yeshiva Gedolah of Woodlake Village,79,21,79,82,30,82,90,32,90,81,33,81,65,28,65,
488350,Yeshiva Gedolah Shaarei Shmuel,132,44,132,126,59,126,99,44,99,77,9,77,90,18,90,
491613,Yeshiva Gedolah Tiferes Boruch,70,19,70,69,19,69,74,19,74,76,23,76,65,18,65,
476692,Yeshiva Gedolah Zichron Leyma,47,16,47,40,14,40,36,17,36,34,17,34,22,4,22,
197601,Yeshiva Karlin Stolin,136,38,166,122,32,154,129,43,156,132,21,132,129,25,129,
491057,Yeshiva Kollel Tifereth Elizer,373,13,373,292,26,292,208,20,208,171,8,171,128,3,128,
190752,Yeshiva of Far Rockaway Derech Ayson Rabbinical Seminary,57,20,57,51,14,51,55,22,55,43,15,43,36,11,36,
455257,Yeshiva of Machzikai Hadas,461,86,461,431,99,431,370,60,370,457,60,457,468,90,468,
493594,Yeshiva of Ocean,57,17,57,40,9,40,36,9,36,33,4,33,40,7,40,
431983,Yeshiva of the Telshe Alumni,78,0,78,74,0,74,88,0,88,75,0,75,74,2,74,
126076,Yeshiva Ohr Elchonon Chabad West Coast Talmudical Seminary,157,61,157,142,69,142,142,56,142,135,51,135,138,55,138,
490504,Yeshiva Ohr Naftoli,43,25,43,40,6,40,46,9,46,37,17,37,35,6,35,
486017,Yeshiva Ohr Yisrael,17,4,17,23,4,23,32,4,32,36,5,36,46,5,46,
441609,Yeshiva Shaarei Torah of Rockland,141,9,141,183,10,183,102,6,102,90,8,90,89,8,89,
486026,Yeshiva Sholom Shachna,118,39,118,127,42,127,111,19,111,106,31,106,112,30,112,
451398,Yeshiva Toras Chaim,225,62,225,213,59,213,230,48,230,213,44,213,236,53,236,
197708,Yeshiva University,3091,626,6826,2866,622,6056,2657,487,5501,2840,558,5524,2829,559,5357,
481438,Yeshiva Yesodei Hatorah,72,20,72,67,23,67,69,26,69,52,17,52,62,28,62,
487746,Yeshiva Zichron Aryeh,36,3,36,28,0,28,28,2,28,28,1,28,27,2,27,
451370,Yeshivas Be'er Yitzchok,52,5,52,59,10,59,68,10,68,57,5,57,62,8,62,
491765,Yeshivas Emek Hatorah,93,29,93,93,23,93,98,27,98,95,19,95,87,26,87,
405058,Yeshivas Novominsk,163,46,163,149,39,149,155,41,155,165,48,165,157,48,157,
493664,Yeshivat Hechal Shemuel,65,3,65,60,7,60,63,3,63,70,1,70,60,0,60,
217040,Yeshivath Beth Moshe,39,14,41,35,9,37,36,16,38,39,9,42,40,15,42,
197692,Yeshivath Shaar Hatorah,84,35,96,71,24,85,68,26,82,88,28,106,75,29,105,
197735,Yeshivath Viznitz,921,269,1148,778,196,991,744,227,989,646,164,850,566,150,727,
197744,Yeshivath Zichron Moshe,176,12,222,161,10,206,174,10,227,182,6,240,182,8,233,
217059,York College of Pennsylvania,3308,805,3720,3335,749,3656,3527,738,3852,3748,847,4039,4038,946,4307,
181853,York University,443,130,585,442,108,626,435,112,648,457,129,652,422,115,507,
141361,Young Harris College,1403,243,1420,1496,253,1511,1388,304,1407,1396,336,1417,1402,265,1415,
206695,Youngstown State University,8436,1609,11040,8822,1602,11071,9377,1607,11298,10401,1808,11835,10938,2000,12110,