unit_id,institution_name,year,pct_pell,enrollment,pct_race_minority,avg_net_price_w_aid,applicants,admissions_rate,stabbr,locale_rural,hs_grad_state,pct_bachelors_2018_state,carnegie
222178,Abilene Christian University,2023,22,3188,37,28311,10510,0.6388201712654614,TX,City/Suburb,385604,30.3,R0
222178,Abilene Christian University,2022,24,3211,36,28978,11226,0.65793693212186,TX,City/Suburb,375741,30.3,R0
222178,Abilene Christian University,2021,26,3138,37,29734,8208,0.70114522417154,TX,City/Suburb,377064,30.3,R0
222178,Abilene Christian University,2020,26,3494,39,28725,10534,0.6340421492310613,TX,City/Suburb,372402,30.3,R0
222178,Abilene Christian University,2019,26,3525,37,27883,11379,0.614816767730029,TX,City/Suburb,364979,30.3,R0
497037,Abilene Christian University-Undergraduate Online,2023,60,918,55,12764,150,1,TX,City/Suburb,385604,30.3,Not Carnegie
497037,Abilene Christian University-Undergraduate Online,2022,73,766,62,13118,117,0.9914529914529915,TX,City/Suburb,375741,30.3,Not Carnegie
138558,Abraham Baldwin Agricultural College,2023,34,3768,22,6923,2618,0.771581359816654,GA,Town/Rural,126146,31.9,Baccalaureate
138558,Abraham Baldwin Agricultural College,2022,37,3647,21,7260,2349,0.6696466581524053,GA,Town/Rural,122695,31.9,Baccalaureate
138558,Abraham Baldwin Agricultural College,2021,37,3814,20,7744,2200,0.7536363636363637,GA,Town/Rural,124712,31.9,Baccalaureate
138558,Abraham Baldwin Agricultural College,2020,39,3990,22,8106,2403,0.7598834789846026,GA,Town/Rural,126126,31.9,Baccalaureate
138558,Abraham Baldwin Agricultural College,2019,40,3927,21,6823,2009,0.7341961174713788,GA,Town/Rural,121897,31.9,Baccalaureate
126182,Adams State University,2022,36,1588,63,13224,1580,0.9917721518987341,CO,Town/Rural,64869,41.7,M
126182,Adams State University,2021,37,1835,62,14492,1717,0.9982527664531159,CO,Town/Rural,63204,41.7,M
126182,Adams State University,2020,41,1902,57,13193,1690,0.9988165680473373,CO,Town/Rural,61237,41.7,M
126182,Adams State University,2019,44,1955,61,13383,1765,0.9909348441926346,CO,Town/Rural,60962,41.7,M
188429,Adelphi University,2023,29,5124,57,28671,17111,0.775115422827421,NY,City/Suburb,211853,37.2,R0
188429,Adelphi University,2022,29,5055,56,26953,17301,0.7277614010750824,NY,City/Suburb,213993,37.2,R0
188429,Adelphi University,2021,28,5251,55,28261,16084,0.7746207411091768,NY,City/Suburb,217586,37.2,R0
188429,Adelphi University,2020,27,5124,52,29821,15329,0.7461021593058907,NY,City/Suburb,209688,37.2,R0
188429,Adelphi University,2019,32,5360,51,28130,13919,0.7430131474962282,NY,City/Suburb,212104,37.2,R0
168528,Adrian College,2023,31,1678,40,22053,3054,0.6836935166994106,MI,Town/Rural,108265,29.6,Baccalaureate
168528,Adrian College,2022,31,1747,40,24870,3329,0.6905977771102433,MI,Town/Rural,103443,29.6,Baccalaureate
168528,Adrian College,2021,32,1801,36,24050,2736,0.7598684210526315,MI,Town/Rural,107239,29.6,Baccalaureate
168528,Adrian College,2020,35,1781,33,25520,4439,0.6120747916197342,MI,Town/Rural,108725,29.6,Baccalaureate
168528,Adrian College,2019,36,1784,33,24520,5219,0.5593025483809159,MI,Town/Rural,112177,29.6,Baccalaureate
133872,AdventHealth University,2022,37,1110,72,27329,694,0.3371757925072046,FL,City/Suburb,217330,30.4,Special or Tribal
133872,AdventHealth University,2021,36,1144,69,25111,257,0.9027237354085603,FL,City/Suburb,223891,30.4,Special or Tribal
133872,AdventHealth University,2020,35,1249,66,23897,263,0.908745247148289,FL,City/Suburb,215797,30.4,Special or Tribal
133872,AdventHealth University,2019,40,1234,67,17298,283,0.5053003533568905,FL,City/Suburb,213187,30.4,Special or Tribal
138600,Agnes Scott College,2023,36,911,60,25609,1857,0.6731287022078621,GA,City/Suburb,126146,31.9,Baccalaureate
138600,Agnes Scott College,2022,39,1006,65,24305,1879,0.6652474720596062,GA,City/Suburb,122695,31.9,Baccalaureate
138600,Agnes Scott College,2021,41,1063,67,13420,1625,0.6984615384615385,GA,City/Suburb,124712,31.9,Baccalaureate
138600,Agnes Scott College,2020,41,1014,69,21816,1838,0.6751904243743199,GA,City/Suburb,126126,31.9,Baccalaureate
138600,Agnes Scott College,2019,40,1005,69,21893,1751,0.6482010279840091,GA,City/Suburb,121897,31.9,Baccalaureate
100654,Alabama A & M University,2023,64,5845,98,14064,15628,0.6622088558996673,AL,City/Suburb,52181,25.5,M
100654,Alabama A & M University,2022,65,5206,98,14600,8907,0.6839564387560346,AL,City/Suburb,53739,25.5,M
100654,Alabama A & M University,2021,69,5107,98,12921,6560,0.7160060975609757,AL,City/Suburb,54466,25.5,M
100654,Alabama A & M University,2020,71,5093,98,15373,9855,0.8964992389649924,AL,City/Suburb,52925,25.5,M
100654,Alabama A & M University,2019,70,5273,99,14604,9579,0.917527925670738,AL,City/Suburb,55331,25.5,M
100724,Alabama State University,2023,72,3322,98,13504,5346,0.9564160119715676,AL,City/Suburb,52181,25.5,R0
100724,Alabama State University,2022,70,3296,98,13176,6731,0.9659783093151092,AL,City/Suburb,53739,25.5,R0
100724,Alabama State University,2021,72,3499,98,12875,5974,0.9799129561432876,AL,City/Suburb,54466,25.5,R0
100724,Alabama State University,2020,74,3614,98,13282,7027,0.988757649067881,AL,City/Suburb,52925,25.5,R0
100724,Alabama State University,2019,76,3750,98,13476,6674,0.9689841174707822,AL,City/Suburb,55331,25.5,R0
102669,Alaska Pacific University,2023,34,437,66,23667,841,0.8620689655172413,AK,City/Suburb,8150,30.2,Baccalaureate
102669,Alaska Pacific University,2022,38,430,67,22388,434,0.9930875576036866,AK,City/Suburb,8174,30.2,Baccalaureate
102669,Alaska Pacific University,2021,41,376,68,19830,504,0.9603174603174603,AK,City/Suburb,8108,30.2,Baccalaureate
102669,Alaska Pacific University,2020,44,312,69,20944,428,0.9065420560747663,AK,City/Suburb,8612,30.2,Baccalaureate
102669,Alaska Pacific University,2019,40,337,61,20426,353,0.8923512747875354,AK,City/Suburb,8589,30.2,Baccalaureate
188526,Albany College of Pharmacy and Health Sciences,2023,29,547,60,26804,2292,0.5907504363001745,NY,City/Suburb,211853,37.2,Special or Tribal
188526,Albany College of Pharmacy and Health Sciences,2022,28,584,56,29175,2041,0.6629103380695738,NY,City/Suburb,213993,37.2,Special or Tribal
188526,Albany College of Pharmacy and Health Sciences,2021,26,647,51,26961,1771,0.7182382834556748,NY,City/Suburb,217586,37.2,Special or Tribal
188526,Albany College of Pharmacy and Health Sciences,2020,27,686,49,30891,1693,0.7519196692262257,NY,City/Suburb,209688,37.2,Special or Tribal
188526,Albany College of Pharmacy and Health Sciences,2019,27,794,46,30358,2216,0.7107400722021661,NY,City/Suburb,212104,37.2,Special or Tribal
138716,Albany State University,2020,66,6102,89,13678,7655,0.7302416721097322,GA,City/Suburb,126126,31.9,M
138716,Albany State University,2019,62,5778,87,12500,6497,0.6567646606125904,GA,City/Suburb,121897,31.9,M
128498,Albertus Magnus College,2023,47,892,64,30179,2338,0.6437125748502994,CT,City/Suburb,44962,39.6,M
128498,Albertus Magnus College,2022,47,987,66,27469,1487,0.8049764626765299,CT,City/Suburb,44540,39.6,M
128498,Albertus Magnus College,2021,48,1031,67,28774,1494,0.8172690763052208,CT,City/Suburb,44901,39.6,M
128498,Albertus Magnus College,2020,51,1088,68,27492,1697,0.8126104890984089,CT,City/Suburb,45222,39.6,M
128498,Albertus Magnus College,2019,50,1116,67,25972,1294,0.8346213292117465,CT,City/Suburb,45216,39.6,M
168546,Albion College,2023,45,1354,45,18470,5438,0.8315557190143436,MI,Town/Rural,108265,29.6,Baccalaureate
168546,Albion College,2022,47,1456,44,19351,6827,0.6651530686978175,MI,Town/Rural,103443,29.6,Baccalaureate
168546,Albion College,2021,46,1523,45,19772,6591,0.6927628584433319,MI,Town/Rural,107239,29.6,Baccalaureate
168546,Albion College,2020,43,1506,45,19557,4699,0.7444137050436263,MI,Town/Rural,108725,29.6,Baccalaureate
168546,Albion College,2019,42,1475,42,18532,4043,0.6876082117239674,MI,Town/Rural,112177,29.6,Baccalaureate
132842,Albizu University-Miami,2023,52,226,97,36302,39,1,FL,City/Suburb,214692,30.4,R0
132842,Albizu University-Miami,2022,65,217,97,28273,18,0.8888888888888888,FL,City/Suburb,217330,30.4,R0
132842,Albizu University-Miami,2021,55,179,97,21904,27,1,FL,City/Suburb,223891,30.4,R0
132842,Albizu University-Miami,2020,64,146,98,25210,47,0.7872340425531915,FL,City/Suburb,215797,30.4,R0
132842,Albizu University-Miami,2019,59,120,96,14136,9,0.5555555555555556,FL,City/Suburb,213187,30.4,R0
210571,Albright College,2023,50,1328,55,22116,5366,0.8615355944837868,PA,City/Suburb,142275,31.8,Baccalaureate
210571,Albright College,2022,51,1298,56,21496,5578,0.8486912871997132,PA,City/Suburb,139193,31.8,Baccalaureate
210571,Albright College,2021,50,1375,56,20884,5788,0.763130615065653,PA,City/Suburb,142186,31.8,Baccalaureate
210571,Albright College,2020,52,1539,52,19553,5369,0.8210094989756007,PA,City/Suburb,143645,31.8,Baccalaureate
210571,Albright College,2019,52,1718,51,20064,5278,0.8516483516483516,PA,City/Suburb,143842,31.8,Baccalaureate
175342,Alcorn State University,2023,77,2432,98,13155,7511,0.24657169484755692,MS,Town/Rural,32572,23.2,M
175342,Alcorn State University,2022,72,2431,98,14864,6748,0.2993479549496147,MS,Town/Rural,32131,23.2,M
175342,Alcorn State University,2021,70,2533,97,14595,4819,0.3890848723801619,MS,Town/Rural,32865,23.2,M
175342,Alcorn State University,2020,78,2729,98,17938,6846,0.3771545427987146,MS,Town/Rural,32110,23.2,M
175342,Alcorn State University,2019,73,3069,98,13907,5236,0.5823147440794499,MS,Town/Rural,32601,23.2,M
188641,Alfred University,2023,39,1422,37,26127,7761,0.48331400592707124,NY,Town/Rural,211853,37.2,M
188641,Alfred University,2022,37,1347,38,26183,7091,0.5061345367367085,NY,Town/Rural,213993,37.2,M
188641,Alfred University,2021,39,1485,38,25377,6243,0.671632228095467,NY,Town/Rural,217586,37.2,M
188641,Alfred University,2020,42,1593,41,26544,4252,0.6411100658513641,NY,Town/Rural,209688,37.2,M
188641,Alfred University,2019,42,1715,43,21646,4485,0.624526198439242,NY,Town/Rural,212104,37.2,M
156189,Alice Lloyd College,2023,56,553,9,18066,1871,0.8556921432389096,KY,Town/Rural,49328,24.8,Baccalaureate
156189,Alice Lloyd College,2022,57,565,10,16596,1978,0.9833164812942367,KY,Town/Rural,49640,24.8,Baccalaureate
156189,Alice Lloyd College,2021,59,613,7,16391,2119,0.35818782444549313,KY,Town/Rural,50879,24.8,Baccalaureate
156189,Alice Lloyd College,2020,54,569,7,15196,4024,0.21148111332007952,KY,Town/Rural,51547,24.8,Baccalaureate
156189,Alice Lloyd College,2019,54,575,7,15129,4326,0.2656033287101248,KY,Town/Rural,51210,24.8,Baccalaureate
210669,Allegheny College,2023,25,1231,31,27929,5045,0.5853320118929634,PA,Town/Rural,142275,31.8,Baccalaureate
210669,Allegheny College,2022,28,1353,32,26719,4148,0.696480231436837,PA,Town/Rural,139193,31.8,Baccalaureate
210669,Allegheny College,2021,30,1575,33,25419,4667,0.754446110992072,PA,Town/Rural,142186,31.8,Baccalaureate
210669,Allegheny College,2020,32,1667,32,26376,4380,0.7315068493150685,PA,Town/Rural,143645,31.8,Baccalaureate
210669,Allegheny College,2019,34,1775,32,24227,5208,0.6215437788018433,PA,Town/Rural,143842,31.8,Baccalaureate
217624,Allen University,2023,80,635,100,11058,3658,0.3212137780207764,SC,City/Suburb,53335,28.3,Baccalaureate
217624,Allen University,2022,87,603,100,13774,3123,0.4335574767851425,SC,City/Suburb,52277,28.3,Baccalaureate
217624,Allen University,2021,82,563,99,13238,1425,0.5663157894736842,SC,City/Suburb,52010,28.3,Baccalaureate
217624,Allen University,2020,87,656,99,13858,3490,0.6458452722063037,SC,City/Suburb,52680,28.3,Baccalaureate
217624,Allen University,2019,85,754,98,14303,689,0.532656023222061,SC,City/Suburb,53953,28.3,Baccalaureate
168591,Alma College,2023,21,1235,21,24862,3975,0.6566037735849056,MI,Town/Rural,108265,29.6,Baccalaureate
168591,Alma College,2022,23,1245,20,23995,3372,0.6465005931198102,MI,Town/Rural,103443,29.6,Baccalaureate
168591,Alma College,2021,25,1340,18,24302,2908,0.687757909215956,MI,Town/Rural,107239,29.6,Baccalaureate
168591,Alma College,2020,28,1435,19,23635,2732,0.667276720351391,MI,Town/Rural,108725,29.6,Baccalaureate
168591,Alma College,2019,31,1442,22,23180,3036,0.6238471673254282,MI,Town/Rural,112177,29.6,Baccalaureate
210775,Alvernia University,2023,34,2050,39,26166,5491,0.6232016026224731,PA,City/Suburb,142275,31.8,R0
210775,Alvernia University,2022,32,2018,37,27091,5703,0.5900403296510608,PA,City/Suburb,139193,31.8,R0
210775,Alvernia University,2021,35,2032,37,24917,5371,0.577732265872277,PA,City/Suburb,142186,31.8,R0
210775,Alvernia University,2020,35,2045,35,27129,3683,0.7002443660059734,PA,City/Suburb,143645,31.8,R0
210775,Alvernia University,2019,39,2123,32,27798,3767,0.6421555614547385,PA,City/Suburb,143842,31.8,R0
238193,Alverno College,2023,49,887,70,17884,667,0.9310344827586207,WI,City/Suburb,67563,30,M
238193,Alverno College,2022,50,788,67,18097,652,0.8987730061349694,WI,City/Suburb,65909,30,M
238193,Alverno College,2021,51,917,63,18243,666,0.9084084084084084,WI,City/Suburb,66830,30,M
238193,Alverno College,2020,57,1099,58,20080,758,0.7823218997361477,WI,City/Suburb,68053,30,M
238193,Alverno College,2019,58,1105,58,18384,777,0.6936936936936937,WI,City/Suburb,68191,30,M
485698,American College of the Building Arts,2023,20,140,7,26246,58,0.6206896551724138,SC,City/Suburb,53335,28.3,Special or Tribal
485698,American College of the Building Arts,2022,21,141,7,29960,30,0.7666666666666667,SC,City/Suburb,52277,28.3,Special or Tribal
485698,American College of the Building Arts,2021,18,121,7,29795,69,0.8985507246376812,SC,City/Suburb,52010,28.3,Special or Tribal
485698,American College of the Building Arts,2020,9,93,5,31565,17,0.6470588235294118,SC,City/Suburb,52680,28.3,Special or Tribal
485698,American College of the Building Arts,2019,4,94,9,28367,28,0.9642857142857143,SC,City/Suburb,53953,28.3,Special or Tribal
164447,American International College,2023,50,1331,70,21454,2258,0.9689991142604074,MA,City/Suburb,78133,44.5,R0
164447,American International College,2022,52,1167,66,18317,2707,0.893609161433321,MA,City/Suburb,78514,44.5,R0
164447,American International College,2021,50,1288,64,20958,2369,0.8497256226255804,MA,City/Suburb,78839,44.5,R0
164447,American International College,2020,56,1381,66,20876,1956,0.693762781186094,MA,City/Suburb,79537,44.5,R0
164447,American International College,2019,50,1341,65,21218,2174,0.6458141674333027,MA,City/Suburb,78060,44.5,R0
188854,American Musical and Dramatic Academy,2023,36,1502,67,46130,6580,0.24711246200607903,NY,City/Suburb,211853,37.2,Special or Tribal
188854,American Musical and Dramatic Academy,2022,36,1471,67,48847,8158,0.25851924491296885,NY,City/Suburb,213993,37.2,Special or Tribal
188854,American Musical and Dramatic Academy,2021,41,1656,64,44797,9727,0.22062300812172303,NY,City/Suburb,217586,37.2,Special or Tribal
188854,American Musical and Dramatic Academy,2020,41,1395,63,46504,5130,0.44405458089668615,NY,City/Suburb,209688,37.2,Special or Tribal
188854,American Musical and Dramatic Academy,2019,45,1773,60,43810,7741,0.30771218188864485,NY,City/Suburb,212104,37.2,Special or Tribal
131159,American University,2023,13,7817,44,40189,17786,0.4737996176768245,DC,City/Suburb,5190,60.4,R2
131159,American University,2022,12,7917,45,41369,19510,0.4062532034853921,DC,City/Suburb,5148,60.4,R2
131159,American University,2021,14,8463,46,28622,19650,0.6409160305343512,DC,City/Suburb,5077,60.4,R2
131159,American University,2020,14,7953,49,37319,20036,0.386504292273907,DC,City/Suburb,4662,60.4,R2
131159,American University,2019,16,8527,49,40469,18545,0.3607980587759504,DC,City/Suburb,4757,60.4,R2
164465,Amherst College,2023,22,1910,64,17965,12727,0.09821639035122182,MA,City/Suburb,78133,44.5,Baccalaureate
164465,Amherst College,2022,24,1898,62,21367,14864,0.07259149623250807,MA,City/Suburb,78514,44.5,Baccalaureate
164465,Amherst College,2021,25,1971,61,18809,13999,0.08743481677262661,MA,City/Suburb,78839,44.5,Baccalaureate
164465,Amherst College,2020,24,1745,60,18832,10603,0.11826841459964162,MA,City/Suburb,79537,44.5,Baccalaureate
164465,Amherst College,2019,24,1839,57,16339,10569,0.11306651528053742,MA,City/Suburb,78060,44.5,Baccalaureate
217633,Anderson University,2023,22,3413,18,22222,4732,0.5281065088757396,SC,City/Suburb,53335,28.3,M
217633,Anderson University,2022,22,3237,16,21633,5043,0.453896490184414,SC,City/Suburb,52277,28.3,M
217633,Anderson University,2021,23,3157,17,21643,4510,0.5028824833702883,SC,City/Suburb,52010,28.3,M
217633,Anderson University,2020,24,3083,17,21576,3804,0.5920084121976866,SC,City/Suburb,52680,28.3,M
217633,Anderson University,2019,25,2893,16,21599,2277,0.6873078612209047,SC,City/Suburb,53953,28.3,M
150066,Anderson University,2023,36,1095,27,21914,5661,0.534181240063593,IN,City/Suburb,76628,27.1,M
150066,Anderson University,2022,36,1129,26,21459,5416,0.5175406203840472,IN,City/Suburb,74897,27.1,M
150066,Anderson University,2021,36,1159,25,23217,4391,0.6244591209291733,IN,City/Suburb,78348,27.1,M
150066,Anderson University,2020,37,1205,23,23792,3905,0.665044814340589,IN,City/Suburb,78809,27.1,M
150066,Anderson University,2019,36,1311,20,22914,3951,0.6274360921285751,IN,City/Suburb,76144,27.1,M
138761,Andrew College,2023,62,294,54,22806,780,0.5115384615384615,GA,Town/Rural,126146,31.9,Baccalaureate
138761,Andrew College,2022,56,247,58,21908,810,0.4962962962962963,GA,Town/Rural,122695,31.9,Baccalaureate
138761,Andrew College,2021,63,272,58,21273,750,0.5133333333333333,GA,Town/Rural,124712,31.9,Baccalaureate
138761,Andrew College,2020,60,301,64,19946,631,0.5863708399366085,GA,Town/Rural,126126,31.9,Baccalaureate
138761,Andrew College,2019,56,289,69,18488,773,0.4139715394566624,GA,Town/Rural,121897,31.9,Baccalaureate
168740,Andrews University,2023,22,1312,78,24874,1286,0.8740279937791602,MI,Town/Rural,108265,29.6,R0
168740,Andrews University,2022,24,1295,77,24194,1226,0.9127243066884176,MI,Town/Rural,103443,29.6,R0
168740,Andrews University,2021,23,1358,75,23719,1109,0.8151487826871056,MI,Town/Rural,107239,29.6,R0
168740,Andrews University,2020,22,1579,73,22850,1429,0.48775367389783064,MI,Town/Rural,108725,29.6,R0
168740,Andrews University,2019,24,1693,70,22291,1438,0.6703755215577191,MI,Town/Rural,112177,29.6,R0
222831,Angelo State University,2023,27,9623,50,12518,4660,0.792274678111588,TX,City/Suburb,385604,30.3,M
222831,Angelo State University,2022,28,9066,50,12838,4209,0.7913993822760751,TX,City/Suburb,375741,30.3,M
222831,Angelo State University,2021,29,9121,50,12835,3515,0.7007112375533429,TX,City/Suburb,377064,30.3,M
222831,Angelo State University,2020,31,9107,51,12420,3750,0.7816,TX,City/Suburb,372402,30.3,M
222831,Angelo State University,2019,32,8981,53,12169,3913,0.7659085100945566,TX,City/Suburb,364979,30.3,M
164492,Anna Maria College,2023,34,995,53,28732,3965,0.8955863808322825,MA,Town/Rural,78133,44.5,M
164492,Anna Maria College,2022,35,1069,49,23894,2583,0.9465737514518002,MA,Town/Rural,78514,44.5,M
164492,Anna Maria College,2021,36,1119,38,24614,2519,0.7284636760619293,MA,Town/Rural,78839,44.5,M
164492,Anna Maria College,2020,36,1126,43,25617,2742,0.8606856309263311,MA,Town/Rural,79537,44.5,M
164492,Anna Maria College,2019,40,1109,39,24796,3056,0.7405104712041884,MA,Town/Rural,78060,44.5,M
483018,Antioch College,2023,75,127,50,10979,251,0.8167330677290837,OH,Town/Rural,133760,29,Baccalaureate
483018,Antioch College,2022,73,127,53,17083,176,0.8295454545454546,OH,Town/Rural,133872,29,Baccalaureate
483018,Antioch College,2021,78,133,47,17045,210,0.719047619047619,OH,Town/Rural,136945,29,Baccalaureate
483018,Antioch College,2020,68,116,51,17874,188,0.8457446808510638,OH,Town/Rural,135941,29,Baccalaureate
483018,Antioch College,2019,66,95,49,22501,218,0.8165137614678899,OH,Town/Rural,135868,29,Baccalaureate
237136,Appalachian Bible College,2023,41,215,8,18749,70,0.9857142857142858,WV,City/Suburb,17853,21.3,Special or Tribal
237136,Appalachian Bible College,2022,44,220,25,15106,40,1,WV,City/Suburb,17400,21.3,Special or Tribal
237136,Appalachian Bible College,2021,44,192,19,15977,91,0.46153846153846156,WV,City/Suburb,18271,21.3,Special or Tribal
237136,Appalachian Bible College,2020,41,221,9,15620,119,0.48739495798319327,WV,City/Suburb,18751,21.3,Special or Tribal
237136,Appalachian Bible College,2019,41,225,24,15391,143,0.3706293706293706,WV,City/Suburb,19036,21.3,Special or Tribal
197869,Appalachian State University,2023,26,19405,20,14712,24001,0.8864213991083705,NC,Town/Rural,108252,31.9,M
197869,Appalachian State University,2022,27,18558,19,13084,22255,0.8307796000898674,NC,Town/Rural,114167,31.9,M
197869,Appalachian State University,2021,28,18555,19,12735,21120,0.846875,NC,Town/Rural,116514,31.9,M
197869,Appalachian State University,2020,29,18061,19,10687,18178,0.7950819672131147,NC,Town/Rural,116615,31.9,M
197869,Appalachian State University,2019,29,17518,18,10525,16664,0.7681228996639462,NC,Town/Rural,114284,31.9,M
168786,Aquinas College,2023,23,1209,25,19890,2291,0.7106067219554779,MI,City/Suburb,108265,29.6,Baccalaureate
168786,Aquinas College,2022,24,1169,28,18605,2116,0.9078449905482041,MI,City/Suburb,103443,29.6,Baccalaureate
168786,Aquinas College,2021,27,1238,31,19447,1432,0.8903631284916201,MI,City/Suburb,107239,29.6,Baccalaureate
168786,Aquinas College,2020,27,1372,32,18812,1740,0.7551724137931034,MI,City/Suburb,108725,29.6,Baccalaureate
168786,Aquinas College,2019,27,1456,35,19613,1883,0.6930430164630909,MI,City/Suburb,112177,29.6,Baccalaureate
211088,Arcadia University,2023,28,1890,45,26994,6688,0.7918660287081339,PA,City/Suburb,142275,31.8,M
211088,Arcadia University,2022,31,1870,43,29692,6321,0.7756684068976428,PA,City/Suburb,139193,31.8,M
211088,Arcadia University,2021,33,1831,42,26949,5636,0.82416607523066,PA,City/Suburb,142186,31.8,M
211088,Arcadia University,2020,34,2014,42,29576,8884,0.7362674470959027,PA,City/Suburb,143645,31.8,M
211088,Arcadia University,2019,34,2149,40,29040,10216,0.6567149569303053,PA,City/Suburb,143842,31.8,M
105899,Arizona Christian University,2023,33,1210,52,32397,1251,0.7442046362909672,AZ,City/Suburb,76808,29.7,Baccalaureate
105899,Arizona Christian University,2022,36,1082,51,28755,1316,0.7013677811550152,AZ,City/Suburb,74911,29.7,Baccalaureate
105899,Arizona Christian University,2021,39,1053,53,32412,1222,0.7594108019639935,AZ,City/Suburb,77005,29.7,Baccalaureate
105899,Arizona Christian University,2020,38,925,56,28962,778,0.7146529562982005,AZ,City/Suburb,77873,29.7,Baccalaureate
105899,Arizona Christian University,2019,31,870,53,21385,421,0.6793349168646081,AZ,City/Suburb,76552,29.7,Baccalaureate
104151,Arizona State University Campus Immersion,2023,30,65174,57,16401,68840,0.9018593840790238,AZ,City/Suburb,76808,29.7,R1
104151,Arizona State University Campus Immersion,2022,31,65492,55,14808,68789,0.8975126837139659,AZ,City/Suburb,74911,29.7,R1
104151,Arizona State University Campus Immersion,2021,33,64716,54,14934,61603,0.8819213349999189,AZ,City/Suburb,77005,29.7,R1
104151,Arizona State University Campus Immersion,2020,33,63124,53,14653,53516,0.8836609612078631,AZ,City/Suburb,77873,29.7,R1
104151,Arizona State University Campus Immersion,2019,29,44461,51,14081,34188,0.8646893646893646,AZ,City/Suburb,76552,29.7,R1
106458,Arkansas State University,2023,37,8760,32,13002,8019,0.6967202893128819,AR,City/Suburb,33693,23.3,R2
106458,Arkansas State University,2022,36,8201,31,12011,6045,0.6951199338296112,AR,City/Suburb,33705,23.3,R2
106458,Arkansas State University,2021,37,8241,28,13560,5835,0.632904884318766,AR,City/Suburb,34604,23.3,R2
106458,Arkansas State University,2020,39,8486,26,14275,5836,0.6718642906100069,AR,City/Suburb,34014,23.3,R2
106458,Arkansas State University,2019,40,8928,26,13281,4689,0.7991042866282789,AR,City/Suburb,33531,23.3,R2
106467,Arkansas Tech University,2023,34,8808,26,11443,4904,0.9628874388254486,AR,Town/Rural,33693,23.3,M
106467,Arkansas Tech University,2022,34,8722,26,12016,5762,0.943943075321069,AR,Town/Rural,33705,23.3,M
106467,Arkansas Tech University,2021,36,8901,25,11097,6218,0.9437118044387263,AR,Town/Rural,34604,23.3,M
106467,Arkansas Tech University,2020,37,10110,25,11277,7139,0.9766073679787085,AR,Town/Rural,34014,23.3,M
106467,Arkansas Tech University,2019,36,11015,25,10537,7228,0.9474266740453791,AR,Town/Rural,33531,23.3,M
201061,Art Academy of Cincinnati,2023,48,255,36,28899,1056,0.3314393939393939,OH,City/Suburb,133760,29,Special or Tribal
201061,Art Academy of Cincinnati,2022,50,259,37,27510,950,0.44842105263157894,OH,City/Suburb,133872,29,Special or Tribal
201061,Art Academy of Cincinnati,2021,52,234,37,26204,410,1,OH,City/Suburb,136945,29,Special or Tribal
201061,Art Academy of Cincinnati,2020,57,227,35,24933,1308,0.3081039755351682,OH,City/Suburb,135941,29,Special or Tribal
201061,Art Academy of Cincinnati,2019,56,212,31,23858,1339,0.26512322628827484,OH,City/Suburb,135868,29,Special or Tribal
109651,Art Center College of Design,2023,24,2079,91,53306,1339,0.7498132935026139,CA,City/Suburb,492544,34.2,M
109651,Art Center College of Design,2022,26,2135,89,53617,1285,0.709727626459144,CA,City/Suburb,473448,34.2,M
109651,Art Center College of Design,2021,30,2028,88,50420,982,0.7556008146639511,CA,City/Suburb,467260,34.2,M
109651,Art Center College of Design,2020,29,1912,88,47878,1008,0.7609126984126984,CA,City/Suburb,477479,34.2,M
109651,Art Center College of Design,2019,28,2062,88,47352,1015,0.7083743842364532,CA,City/Suburb,478819,34.2,M
156213,Asbury University,2023,26,1638,21,21375,1550,0.6406451612903226,KY,Town/Rural,49328,24.8,M
156213,Asbury University,2022,29,1404,23,21506,1105,0.7873303167420814,KY,Town/Rural,49640,24.8,M
156213,Asbury University,2021,31,1472,23,23604,1126,0.7744227353463587,KY,Town/Rural,50879,24.8,M
156213,Asbury University,2020,32,1492,21,23086,1324,0.7515105740181269,KY,Town/Rural,51547,24.8,M
156213,Asbury University,2019,32,1724,23,22848,1360,0.6441176470588236,KY,Town/Rural,51210,24.8,M
201104,Ashland University,2023,28,3123,22,21971,3633,0.8056702449766033,OH,Town/Rural,133760,29,M
201104,Ashland University,2022,26,3083,22,20342,4565,0.7176341730558597,OH,Town/Rural,133872,29,M
201104,Ashland University,2021,24,3731,25,21190,4318,0.7000926354793886,OH,Town/Rural,136945,29,M
201104,Ashland University,2020,28,3148,22,20911,3552,0.7435247747747747,OH,Town/Rural,135941,29,M
201104,Ashland University,2019,27,3653,23,19758,4349,0.7116578523798575,OH,Town/Rural,135868,29,M
188942,Associated Beth Rivkah Schools,2023,66,289,12,18745,97,1,NY,City/Suburb,211853,37.2,Two-Year
188942,Associated Beth Rivkah Schools,2022,72,308,12,16315,133,0.9924812030075187,NY,City/Suburb,213993,37.2,Two-Year
188942,Associated Beth Rivkah Schools,2021,68,277,10,14019,146,1,NY,City/Suburb,217586,37.2,Two-Year
188942,Associated Beth Rivkah Schools,2020,77,259,6,15625,108,1,NY,City/Suburb,209688,37.2,Two-Year
188942,Associated Beth Rivkah Schools,2019,68,192,0,14130,82,0.9390243902439024,NY,City/Suburb,212104,37.2,Two-Year
164562,Assumption University,2023,19,1688,28,29072,4694,0.8653600340860673,MA,City/Suburb,78133,44.5,M
164562,Assumption University,2022,20,1704,27,28911,4035,0.8230483271375465,MA,City/Suburb,78514,44.5,M
164562,Assumption University,2021,20,1911,26,26513,4018,0.8648581383773022,MA,City/Suburb,78839,44.5,M
164562,Assumption University,2020,19,2027,26,30232,4968,0.8091787439613527,MA,City/Suburb,79537,44.5,M
164562,Assumption University,2019,18,2048,25,29305,4465,0.8107502799552072,MA,City/Suburb,78060,44.5,M
100858,Auburn University,2023,12,26874,17,24524,48178,0.5046701814106024,AL,City/Suburb,52181,25.5,R1
100858,Auburn University,2022,13,25379,17,25271,45933,0.436004615418109,AL,City/Suburb,53739,25.5,R1
100858,Auburn University,2021,13,24931,18,23873,27619,0.7118288134979543,AL,City/Suburb,54466,25.5,R1
100858,Auburn University,2020,13,24505,19,24028,17946,0.8506631004123482,AL,City/Suburb,52925,25.5,R1
100858,Auburn University,2019,15,24594,21,23562,20205,0.8067310071764415,AL,City/Suburb,55331,25.5,R1
100830,Auburn University at Montgomery,2023,43,3407,58,15458,2213,0.9263443289652056,AL,City/Suburb,52181,25.5,M
100830,Auburn University at Montgomery,2022,46,3754,58,13163,2290,0.9222707423580786,AL,City/Suburb,53739,25.5,M
100830,Auburn University at Montgomery,2021,48,4086,58,14322,3405,0.9679882525697504,AL,City/Suburb,54466,25.5,M
100830,Auburn University at Montgomery,2020,47,4375,58,14182,4606,0.9554928354320451,AL,City/Suburb,52925,25.5,M
100830,Auburn University at Montgomery,2019,46,4523,56,14559,4109,0.9043562910683864,AL,City/Suburb,55331,25.5,M
173045,Augsburg University,2023,51,2445,67,24807,4337,0.7652755360848513,MN,City/Suburb,67002,36.7,M
173045,Augsburg University,2022,50,2358,62,25149,3423,0.7651183172655566,MN,City/Suburb,64579,36.7,M
173045,Augsburg University,2021,51,2363,59,24640,3525,0.7636879432624113,MN,City/Suburb,65199,36.7,M
173045,Augsburg University,2020,49,2512,57,24306,2746,0.7312454479242535,MN,City/Suburb,66285,36.7,M
173045,Augsburg University,2019,48,2512,56,25311,2643,0.7616345062429057,MN,City/Suburb,65499,36.7,M
482149,Augusta University,2023,38,5684,54,13486,5892,0.8930753564154786,GA,City/Suburb,126146,31.9,R2
482149,Augusta University,2022,38,5378,53,13572,5191,0.8553265266807937,GA,City/Suburb,122695,31.9,R2
482149,Augusta University,2021,37,5487,52,14863,5442,0.7328188166115399,GA,City/Suburb,124712,31.9,R2
482149,Augusta University,2020,39,5674,50,11973,3692,0.828819068255688,GA,City/Suburb,126126,31.9,R2
482149,Augusta University,2019,39,5604,49,10877,3373,0.7592647494811741,GA,City/Suburb,121897,31.9,R2
143084,Augustana College,2023,22,2446,42,24695,7424,0.6764547413793104,IL,City/Suburb,148445,35.1,Baccalaureate
143084,Augustana College,2022,21,2318,40,24660,6965,0.6122038765254846,IL,City/Suburb,145439,35.1,Baccalaureate
143084,Augustana College,2021,23,2338,38,24472,6640,0.6912650602409639,IL,City/Suburb,150490,35.1,Baccalaureate
143084,Augustana College,2020,22,2377,34,24233,6894,0.5735422106179286,IL,City/Suburb,149373,35.1,Baccalaureate
143084,Augustana College,2019,24,2546,34,24706,6757,0.566227615805831,IL,City/Suburb,152277,35.1,Baccalaureate
219000,Augustana University,2023,16,1871,25,25280,3330,0.5924924924924925,SD,City/Suburb,9564,29.2,M
219000,Augustana University,2022,18,1831,23,23843,3145,0.6578696343402226,SD,City/Suburb,9036,29.2,M
219000,Augustana University,2021,17,1715,19,26795,2257,0.7182100132919805,SD,City/Suburb,9008,29.2,M
219000,Augustana University,2020,19,1735,15,24322,2037,0.7137947962690231,SD,City/Suburb,8951,29.2,M
219000,Augustana University,2019,19,1818,17,24481,2224,0.6690647482014388,SD,City/Suburb,9241,29.2,M
201177,Aultman College of Nursing and Health Sciences,2023,37,241,16,21470,189,0.4126984126984127,OH,City/Suburb,133760,29,Special or Tribal
201177,Aultman College of Nursing and Health Sciences,2022,37,250,16,20173,147,0.5510204081632653,OH,City/Suburb,133872,29,Special or Tribal
201177,Aultman College of Nursing and Health Sciences,2021,42,259,14,21600,235,0.3191489361702128,OH,City/Suburb,136945,29,Special or Tribal
201177,Aultman College of Nursing and Health Sciences,2020,51,355,13,19794,121,0.6198347107438017,OH,City/Suburb,135941,29,Special or Tribal
201177,Aultman College of Nursing and Health Sciences,2019,51,305,14,16456,91,0.5054945054945055,OH,City/Suburb,135868,29,Special or Tribal
143118,Aurora University,2023,43,4098,61,19220,5264,0.8514437689969605,IL,City/Suburb,148445,35.1,R0
143118,Aurora University,2022,44,4048,60,19350,2922,0.8189596167008898,IL,City/Suburb,145439,35.1,R0
143118,Aurora University,2021,44,4114,57,17410,3101,0.8642373427926475,IL,City/Suburb,150490,35.1,R0
143118,Aurora University,2020,44,4158,56,17563,2965,0.839460370994941,IL,City/Suburb,149373,35.1,R0
143118,Aurora University,2019,45,4104,54,17906,2902,0.8673328738800827,IL,City/Suburb,152277,35.1,R0
222983,Austin College,2023,30,1128,50,24777,5474,0.46656923639020825,TX,City/Suburb,385604,30.3,Baccalaureate
222983,Austin College,2022,31,1167,51,24739,5192,0.5437211093990755,TX,City/Suburb,375741,30.3,Baccalaureate
222983,Austin College,2021,33,1212,51,24398,4130,0.4271186440677966,TX,City/Suburb,377064,30.3,Baccalaureate
222983,Austin College,2020,33,1285,51,24085,4288,0.4927705223880597,TX,City/Suburb,372402,30.3,Baccalaureate
222983,Austin College,2019,34,1279,53,23824,4360,0.5128440366972477,TX,City/Suburb,364979,30.3,Baccalaureate
219602,Austin Peay State University,2023,46,8587,46,14679,5559,0.9595250944414463,TN,City/Suburb,72084,27.5,M
219602,Austin Peay State University,2022,45,8120,45,16140,6362,0.93822697265011,TN,City/Suburb,71347,27.5,M
219602,Austin Peay State University,2021,47,8418,43,14529,5053,0.9342964575499703,TN,City/Suburb,72685,27.5,M
219602,Austin Peay State University,2020,48,9087,42,14967,7346,0.9115164715491424,TN,City/Suburb,73281,27.5,M
219602,Austin Peay State University,2019,50,9971,41,13440,7416,0.9498381877022654,TN,City/Suburb,72802,27.5,M
446048,Ave Maria University,2023,23,1250,30,23515,2448,0.44812091503267976,FL,Town/Rural,214692,30.4,Baccalaureate
446048,Ave Maria University,2022,27,1247,29,21078,3404,0.4421269095182139,FL,Town/Rural,217330,30.4,Baccalaureate
446048,Ave Maria University,2021,28,1259,31,18643,3705,0.6404858299595142,FL,Town/Rural,223891,30.4,Baccalaureate
446048,Ave Maria University,2020,24,1071,32,19226,1559,0.9178960872354073,FL,Town/Rural,215797,30.4,Baccalaureate
446048,Ave Maria University,2019,24,1129,37,15939,1446,0.8485477178423236,FL,Town/Rural,213187,30.4,Baccalaureate
231420,Averett University,2023,39,1180,51,24091,3322,0.4780252859723058,VA,Town/Rural,99497,39.3,M
231420,Averett University,2022,42,1140,51,23781,2324,0.7603270223752151,VA,Town/Rural,98780,39.3,M
231420,Averett University,2021,45,1114,50,22674,3462,0.4771808203350664,VA,Town/Rural,100147,39.3,M
231420,Averett University,2020,46,887,46,23855,2652,0.693815987933635,VA,Town/Rural,98970,39.3,M
231420,Averett University,2019,45,894,45,24013,2713,0.6494655363066716,VA,Town/Rural,95710,39.3,M
176628,Avila University,2023,49,1196,57,17482,2862,0.5953878406708596,MO,City/Suburb,67773,29.5,M
176628,Avila University,2022,51,978,53,17210,2712,0.6762536873156342,MO,City/Suburb,66781,29.5,M
176628,Avila University,2021,47,1024,50,18581,2069,0.680038666022233,MO,City/Suburb,66906,29.5,M
176628,Avila University,2020,44,1058,49,18711,1513,0.5446133509583608,MO,City/Suburb,67892,29.5,M
176628,Avila University,2019,49,1153,47,17048,1712,0.411214953271028,MO,City/Suburb,68482,29.5,M
109785,Azusa Pacific University,2023,35,2977,74,26117,3850,0.7948051948051948,CA,City/Suburb,492544,34.2,R2
109785,Azusa Pacific University,2022,40,3348,72,26666,3438,0.8699825479930192,CA,City/Suburb,473448,34.2,R2
109785,Azusa Pacific University,2021,33,3939,70,27112,3967,0.9410133602218301,CA,City/Suburb,467260,34.2,R2
109785,Azusa Pacific University,2020,35,4498,68,31367,4534,0.9360388178209087,CA,City/Suburb,477479,34.2,R2
109785,Azusa Pacific University,2019,31,5136,64,27707,8192,0.6748046875,CA,City/Suburb,478819,34.2,R2
164580,Babson College,2023,14,2752,70,30220,7995,0.1973733583489681,MA,City/Suburb,78133,44.5,Special or Tribal
164580,Babson College,2022,15,2761,69,28400,7607,0.22347837518075456,MA,City/Suburb,78514,44.5,Special or Tribal
164580,Babson College,2021,14,2576,68,29105,7104,0.25351914414414417,MA,City/Suburb,78839,44.5,Special or Tribal
164580,Babson College,2020,12,2457,65,31559,6501,0.26965082295031534,MA,City/Suburb,79537,44.5,Special or Tribal
164580,Babson College,2019,13,2386,67,28325,6362,0.26406790317510215,MA,City/Suburb,78060,44.5,Special or Tribal
128586,Bais Binyomin Academy,2023,67,50,6,19042,33,0.7878787878787878,NY,City/Suburb,211853,37.2,Not Carnegie
128586,Bais Binyomin Academy,2022,75,60,2,18666,29,1,NY,City/Suburb,213993,37.2,Not Carnegie
128586,Bais Binyomin Academy,2021,60,40,0,20525,31,0.7419354838709677,NY,City/Suburb,217586,37.2,Not Carnegie
128586,Bais Binyomin Academy,2020,68,35,0,17186,24,0.7083333333333334,NY,City/Suburb,209688,37.2,Not Carnegie
128586,Bais Binyomin Academy,2019,71,38,11,19164,24,0.7916666666666666,NY,City/Suburb,212104,37.2,Not Carnegie
476601,Bais HaMedrash and Mesivta of Baltimore,2023,47,91,0,11550,27,1,MD,City/Suburb,69770,40.8,Special or Tribal
476601,Bais HaMedrash and Mesivta of Baltimore,2022,47,86,0,11297,25,1,MD,City/Suburb,69124,40.8,Special or Tribal
476601,Bais HaMedrash and Mesivta of Baltimore,2021,53,81,0,11832,30,1,MD,City/Suburb,71017,40.8,Special or Tribal
476601,Bais HaMedrash and Mesivta of Baltimore,2020,57,60,0,10571,30,1,MD,City/Suburb,67971,40.8,Special or Tribal
476601,Bais HaMedrash and Mesivta of Baltimore,2019,59,72,0,13603,24,1,MD,City/Suburb,68208,40.8,Special or Tribal
245777,Bais Medrash Elyon,2023,11,41,0,9630,10,0.8,NY,City/Suburb,211853,37.2,Special or Tribal
245777,Bais Medrash Elyon,2022,23,45,2,8019,9,1,NY,City/Suburb,213993,37.2,Special or Tribal
245777,Bais Medrash Elyon,2021,30,40,0,12251,7,1,NY,City/Suburb,217586,37.2,Special or Tribal
245777,Bais Medrash Elyon,2020,23,28,0,13689,22,0.36363636363636365,NY,City/Suburb,209688,37.2,Special or Tribal
245777,Bais Medrash Elyon,2019,30,47,0,6850,31,0.8064516129032258,NY,City/Suburb,212104,37.2,Special or Tribal
490513,Bais Medrash Mayan Hatorah,2023,21,25,0,11755,36,0.6666666666666666,NJ,City/Suburb,104131,40.8,Special or Tribal
490513,Bais Medrash Mayan Hatorah,2022,24,34,3,11927,40,0.425,NJ,City/Suburb,107755,40.8,Special or Tribal
490513,Bais Medrash Mayan Hatorah,2021,17,37,8,8910,32,0.5,NJ,City/Suburb,109108,40.8,Special or Tribal
490513,Bais Medrash Mayan Hatorah,2020,22,41,10,9621,32,0.46875,NJ,City/Suburb,109961,40.8,Special or Tribal
490513,Bais Medrash Mayan Hatorah,2019,15,46,4,12290,18,0.6666666666666666,NJ,City/Suburb,113367,40.8,Special or Tribal
495031,Bais Medrash of Dexter Park,2023,21,22,0,25725,13,0.9230769230769231,NY,City/Suburb,211853,37.2,Special or Tribal
495031,Bais Medrash of Dexter Park,2022,32,68,0,20841,15,1,NY,City/Suburb,213993,37.2,Special or Tribal
495031,Bais Medrash of Dexter Park,2021,44,62,0,22577,12,0.75,NY,City/Suburb,217586,37.2,Special or Tribal
495031,Bais Medrash of Dexter Park,2020,42,68,0,23793,20,0.5,NY,City/Suburb,209688,37.2,Special or Tribal
449658,Bais Medrash Toras Chesed,2023,32,125,0,7484,73,0.6301369863013698,NJ,City/Suburb,104131,40.8,Special or Tribal
449658,Bais Medrash Toras Chesed,2022,32,110,1,5865,78,0.7051282051282052,NJ,City/Suburb,107755,40.8,Special or Tribal
449658,Bais Medrash Toras Chesed,2021,24,117,0,5749,68,0.5882352941176471,NJ,City/Suburb,109108,40.8,Special or Tribal
449658,Bais Medrash Toras Chesed,2020,28,152,4,6745,47,0.7021276595744681,NJ,City/Suburb,109961,40.8,Special or Tribal
449658,Bais Medrash Toras Chesed,2019,38,112,2,5016,59,0.5932203389830508,NJ,City/Suburb,113367,40.8,Special or Tribal
168847,Baker College,2023,38,3572,24,14743,864,0.875,MI,Town/Rural,108265,29.6,M
168847,Baker College,2022,40,3778,24,13719,2082,0.3664745437079731,MI,Town/Rural,103443,29.6,M
168847,Baker College,2021,42,4662,25,14366,1593,0.40991839296924043,MI,Town/Rural,107239,29.6,M
168847,Baker College,2020,45,5680,24,12112,1531,0.5375571521881124,MI,Town/Rural,108725,29.6,M
168847,Baker College,2019,48,7240,23,14487,2351,0.7316035729476819,MI,Town/Rural,112177,29.6,M
154688,Baker University,2023,24,1457,31,23410,911,0.9209659714599341,KS,Town/Rural,36832,33.8,R0
154688,Baker University,2022,23,1509,31,23957,776,0.9175257731958762,KS,Town/Rural,36624,33.8,R0
154688,Baker University,2021,28,1544,32,24865,637,0.9905808477237049,KS,Town/Rural,36149,33.8,R0
154688,Baker University,2020,26,1335,31,23243,819,0.9340659340659341,KS,Town/Rural,35923,33.8,R0
154688,Baker University,2019,27,1672,26,23629,840,0.8797619047619047,KS,Town/Rural,35979,33.8,R0
201195,Baldwin Wallace University,2023,28,2809,23,28190,4384,0.7684762773722628,OH,City/Suburb,133760,29,M
201195,Baldwin Wallace University,2022,29,2744,23,28705,4229,0.7703948924095531,OH,City/Suburb,133872,29,M
201195,Baldwin Wallace University,2021,29,2840,23,26577,4250,0.7901176470588235,OH,City/Suburb,136945,29,M
201195,Baldwin Wallace University,2020,32,2860,23,25274,3864,0.69824016563147,OH,City/Suburb,135941,29,M
201195,Baldwin Wallace University,2019,33,2964,22,23832,3922,0.7269250382457929,OH,City/Suburb,135868,29,M
150136,Ball State University,2023,34,14874,27,13017,28668,0.7159550718571229,IN,City/Suburb,76628,27.1,R2
150136,Ball State University,2022,34,14416,26,12615,22859,0.6894877291220088,IN,City/Suburb,74897,27.1,R2
150136,Ball State University,2021,34,14898,24,12968,22947,0.6816577330369983,IN,City/Suburb,78348,27.1,R2
150136,Ball State University,2020,33,15780,24,13195,20167,0.8704814796449646,IN,City/Suburb,78809,27.1,R2
150136,Ball State University,2019,34,16702,23,13533,23305,0.7671315168418794,IN,City/Suburb,76144,27.1,R2
219639,Baptist Health Sciences University,2023,47,733,63,15395,152,0.6776315789473685,TN,City/Suburb,72084,27.5,Special or Tribal
219639,Baptist Health Sciences University,2022,55,777,58,9549,281,0.4092526690391459,TN,City/Suburb,71347,27.5,Special or Tribal
219639,Baptist Health Sciences University,2021,51,910,57,6305,484,0.34917355371900827,TN,City/Suburb,72685,27.5,Special or Tribal
219639,Baptist Health Sciences University,2020,48,871,55,9772,456,0.6929824561403509,TN,City/Suburb,73281,27.5,Special or Tribal
219639,Baptist Health Sciences University,2019,48,971,54,10088,413,0.5956416464891041,TN,City/Suburb,72802,27.5,Special or Tribal
132408,Baptist University of Florida,2023,34,331,45,8904,156,0.6410256410256411,FL,Town/Rural,214692,30.4,Baccalaureate
132408,Baptist University of Florida,2022,32,385,37,10430,38,0.9210526315789473,FL,Town/Rural,217330,30.4,Baccalaureate
132408,Baptist University of Florida,2021,40,422,44,9256,36,1,FL,Town/Rural,223891,30.4,Baccalaureate
132408,Baptist University of Florida,2020,37,390,35,10584,90,0.7555555555555555,FL,Town/Rural,215797,30.4,Baccalaureate
132408,Baptist University of Florida,2019,53,430,36,10564,78,0.9358974358974359,FL,Town/Rural,213187,30.4,Baccalaureate
155070,Barclay College,2023,65,163,52,25548,167,0.5449101796407185,KS,Town/Rural,36832,33.8,Baccalaureate
155070,Barclay College,2022,60,152,49,26926,205,0.526829268292683,KS,Town/Rural,36624,33.8,Baccalaureate
155070,Barclay College,2021,55,168,39,26236,229,0.5414847161572053,KS,Town/Rural,36149,33.8,Baccalaureate
155070,Barclay College,2020,60,166,45,23687,198,0.4797979797979798,KS,Town/Rural,35923,33.8,Baccalaureate
155070,Barclay College,2019,60,189,41,24479,160,0.5125,KS,Town/Rural,35979,33.8,Baccalaureate
189088,Bard College,2023,23,2453,58,25218,6628,0.5229330114665057,NY,Town/Rural,211853,37.2,Baccalaureate
189088,Bard College,2022,24,2296,55,25214,6482,0.46081456340635607,NY,Town/Rural,213993,37.2,Baccalaureate
189088,Bard College,2021,23,2171,53,24318,5167,0.5991871492161795,NY,Town/Rural,217586,37.2,Baccalaureate
189088,Bard College,2020,31,2118,54,25484,4969,0.5695310927752063,NY,Town/Rural,209688,37.2,Baccalaureate
189088,Bard College,2019,24,1957,47,27652,4912,0.6475977198697068,NY,Town/Rural,212104,37.2,Baccalaureate
167792,Bard College at Simon's Rock,2023,23,312,50,45395,179,0.9720670391061452,MA,Town/Rural,78133,44.5,Baccalaureate
167792,Bard College at Simon's Rock,2022,24,298,56,44326,154,0.9545454545454546,MA,Town/Rural,78514,44.5,Baccalaureate
167792,Bard College at Simon's Rock,2021,22,328,50,37869,216,0.8009259259259259,MA,Town/Rural,78839,44.5,Baccalaureate
167792,Bard College at Simon's Rock,2020,25,343,49,37326,215,0.9395348837209302,MA,Town/Rural,79537,44.5,Baccalaureate
167792,Bard College at Simon's Rock,2019,24,398,51,39176,244,0.930327868852459,MA,Town/Rural,78060,44.5,Baccalaureate
189097,Barnard College,2023,15,3353,67,27738,11803,0.07964076929594172,NY,City/Suburb,211853,37.2,Baccalaureate
189097,Barnard College,2022,16,3442,67,26009,12009,0.08793404946290283,NY,City/Suburb,213993,37.2,Baccalaureate
189097,Barnard College,2021,15,3043,59,28366,10395,0.11467051467051467,NY,City/Suburb,217586,37.2,Baccalaureate
189097,Barnard College,2020,14,2744,55,30572,9411,0.13601105089788545,NY,City/Suburb,209688,37.2,Baccalaureate
189097,Barnard College,2019,16,2631,50,26649,9320,0.11770386266094421,NY,City/Suburb,212104,37.2,Baccalaureate
132471,Barry University,2023,46,3150,79,23930,12141,0.59072564039206,FL,City/Suburb,214692,30.4,R0
132471,Barry University,2022,51,3122,81,20207,13225,0.5962948960302458,FL,City/Suburb,217330,30.4,R0
132471,Barry University,2021,51,3332,83,18390,10651,0.6369354990141771,FL,City/Suburb,223891,30.4,R0
132471,Barry University,2020,47,3523,83,20825,10671,0.6529847249554869,FL,City/Suburb,215797,30.4,R0
132471,Barry University,2019,48,3747,81,18721,10670,0.5099343955014058,FL,City/Suburb,213187,30.4,R0
197911,Barton College,2023,37,1163,48,23804,2228,0.95870736086175945,NC,Town/Rural,108252,31.9,Baccalaureate
197911,Barton College,2022,40,1187,46,23443,2129,0.9459840300610616,NC,Town/Rural,114167,31.9,Baccalaureate
197911,Barton College,2021,40,1150,45,22996,1955,0.9744245524296675,NC,Town/Rural,116514,31.9,Baccalaureate
197911,Barton College,2020,42,1105,45,24111,3890,0.4244215938303342,NC,Town/Rural,116615,31.9,Baccalaureate
197911,Barton College,2019,45,1065,44,24419,4244,0.4528746465598492,NC,Town/Rural,114284,31.9,Baccalaureate
160977,Bates College,2023,10,1753,39,26658,8937,0.1302450486740517,ME,City/Suburb,14133,31.5,Baccalaureate
160977,Bates College,2022,10,1790,38,27491,8273,0.13743502961440832,ME,City/Suburb,13869,31.5,Baccalaureate
160977,Bates College,2021,9,1821,35,26231,7319,0.17311108074873616,ME,City/Suburb,14239,31.5,Baccalaureate
160977,Bates College,2020,11,1876,33,26451,7696,0.14098232848232847,ME,City/Suburb,14677,31.5,Baccalaureate
160977,Bates College,2019,11,1820,33,26669,8222,0.12138165896375577,ME,City/Suburb,15274,31.5,Baccalaureate
164632,Bay Path University,2023,66,1278,56,14935,966,0.7349896480331263,MA,City/Suburb,78133,44.5,M
164632,Bay Path University,2022,62,1315,56,18502,788,0.7563451776649747,MA,City/Suburb,78514,44.5,M
164632,Bay Path University,2021,58,1530,54,18664,797,0.7540777917189461,MA,City/Suburb,78839,44.5,M
164632,Bay Path University,2020,61,1795,49,19177,1148,0.7831010452961672,MA,City/Suburb,79537,44.5,M
164632,Bay Path University,2019,55,1817,46,22740,1123,0.717720391807658,MA,City/Suburb,78060,44.5,M
223232,Baylor University,2023,13,15155,39,49727,39735,0.509928274820687,TX,City/Suburb,385604,30.3,R1
223232,Baylor University,2022,14,15213,39,45988,40753,0.4588373862046966,TX,City/Suburb,375741,30.3,R1
223232,Baylor University,2021,16,15191,39,46039,36588,0.5668798513173718,TX,City/Suburb,377064,30.3,R1
223232,Baylor University,2020,17,14399,39,40133,33680,0.684709026128266,TX,City/Suburb,372402,30.3,R1
223232,Baylor University,2019,19,14108,39,38372,34582,0.4532994043143832,TX,City/Suburb,364979,30.3,R1
384254,Beacon College,2023,26,527,32,47664,593,0.6037099494097807,FL,City/Suburb,214692,30.4,Baccalaureate
384254,Beacon College,2022,27,501,34,43474,416,0.5192307692307693,FL,City/Suburb,217330,30.4,Baccalaureate
384254,Beacon College,2021,30,460,38,42578,472,0.5677966101694916,FL,City/Suburb,223891,30.4,Baccalaureate
384254,Beacon College,2020,29,427,37,50295,473,0.44608879492600423,FL,City/Suburb,215797,30.4,Baccalaureate
384254,Beacon College,2019,6,416,34,45346,286,0.506993006993007,FL,City/Suburb,213187,30.4,Baccalaureate
444413,Beis Medrash Heichal Dovid,2023,15,183,5,11171,120,0.7,NY,City/Suburb,211853,37.2,Special or Tribal
444413,Beis Medrash Heichal Dovid,2022,21,147,3,10216,83,0.5783132530120482,NY,City/Suburb,213993,37.2,Special or Tribal
444413,Beis Medrash Heichal Dovid,2021,25,155,2,9747,70,0.7714285714285715,NY,City/Suburb,217586,37.2,Special or Tribal
444413,Beis Medrash Heichal Dovid,2020,15,166,1,11989,90,0.6666666666666666,NY,City/Suburb,209688,37.2,Special or Tribal
444413,Beis Medrash Heichal Dovid,2019,20,130,1,11139,77,0.7792207792207793,NY,City/Suburb,212104,37.2,Special or Tribal
175421,Belhaven University,2023,45,1452,61,22145,2156,0.5324675324675324,MS,City/Suburb,32572,23.2,R0
175421,Belhaven University,2022,44,1501,60,19794,2589,0.42603321745847816,MS,City/Suburb,32131,23.2,R0
175421,Belhaven University,2021,52,1714,61,18269,1787,0.6401790710688304,MS,City/Suburb,32865,23.2,R0
175421,Belhaven University,2020,42,2025,62,18324,2380,0.4953781512605042,MS,City/Suburb,32110,23.2,R0
175421,Belhaven University,2019,49,2369,61,17840,1698,0.49411071849234395,MS,City/Suburb,32601,23.2,R0
156286,Bellarmine University,2023,25,2351,29,24432,3462,0.9358752166377816,KY,City/Suburb,49328,24.8,R0
156286,Bellarmine University,2022,24,2343,27,22813,3878,0.8777720474471377,KY,City/Suburb,49640,24.8,R0
156286,Bellarmine University,2021,24,2407,24,23784,4228,0.8550141911069064,KY,City/Suburb,50879,24.8,R0
156286,Bellarmine University,2020,24,2484,23,24425,4191,0.8236697685516583,KY,City/Suburb,51547,24.8,R0
156286,Bellarmine University,2019,26,2553,23,23158,4811,0.6622323841197256,KY,City/Suburb,51210,24.8,R0
238324,Bellin College,2023,13,612,13,27998,69,1,WI,City/Suburb,67563,30,Special or Tribal
238324,Bellin College,2022,16,563,13,25811,56,0.9285714285714286,WI,City/Suburb,65909,30,Special or Tribal
238324,Bellin College,2021,17,514,13,25919,68,0.8529411764705882,WI,City/Suburb,66830,30,Special or Tribal
238324,Bellin College,2020,14,471,10,26615,70,0.9571428571428572,WI,City/Suburb,68053,30,Special or Tribal
238324,Bellin College,2019,17,516,8,27673,31,1,WI,City/Suburb,68191,30,Special or Tribal
197984,Belmont Abbey College,2023,25,1549,37,23463,2972,0.9037685060565276,NC,City/Suburb,108252,31.9,Baccalaureate
197984,Belmont Abbey College,2022,27,1475,35,23522,2757,0.9717083786724701,NC,City/Suburb,114167,31.9,Baccalaureate
197984,Belmont Abbey College,2021,28,1507,37,21821,1841,0.9891363389462249,NC,City/Suburb,116514,31.9,Baccalaureate
197984,Belmont Abbey College,2020,31,1467,37,22333,2292,0.8010471204188482,NC,City/Suburb,116615,31.9,Baccalaureate
197984,Belmont Abbey College,2019,32,1507,39,21817,2134,0.8064667291471416,NC,City/Suburb,114284,31.9,Baccalaureate
219709,Belmont University,2023,19,7330,25,37558,8950,0.9635754189944135,TN,City/Suburb,72084,27.5,R0
219709,Belmont University,2022,17,7384,23,36225,9163,0.9626759794827022,TN,City/Suburb,71347,27.5,R0
219709,Belmont University,2021,17,7076,21,35268,9614,0.8807988350322447,TN,City/Suburb,72685,27.5,R0
219709,Belmont University,2020,16,6631,21,34368,8926,0.8322876988572709,TN,City/Suburb,73281,27.5,R0
219709,Belmont University,2019,16,6820,20,36976,7965,0.8380414312617702,TN,City/Suburb,72802,27.5,R0
238333,Beloit College,2023,29,948,49,24941,3914,0.5735820132856413,WI,City/Suburb,67563,30,Baccalaureate
238333,Beloit College,2022,31,964,52,20192,3462,0.658578856152513,WI,City/Suburb,65909,30,Baccalaureate
238333,Beloit College,2021,28,1011,51,18294,3279,0.6727660872217139,WI,City/Suburb,66830,30,Baccalaureate
238333,Beloit College,2020,27,978,51,23498,3140,0.5834394904458599,WI,City/Suburb,68053,30,Baccalaureate
238333,Beloit College,2019,27,1143,49,24493,3657,0.6204539239814055,WI,City/Suburb,68191,30,Baccalaureate
173124,Bemidji State University,2023,26,3610,23,16349,2860,0.7066433566433566,MN,Town/Rural,67002,36.7,M
173124,Bemidji State University,2022,28,3677,24,15561,2723,0.7752478883584282,MN,Town/Rural,64579,36.7,M
173124,Bemidji State University,2021,27,3877,22,15594,2571,0.74951380785686506,MN,Town/Rural,65199,36.7,M
173124,Bemidji State University,2020,29,4165,22,14924,3043,0.6943805455142951,MN,Town/Rural,66285,36.7,M
173124,Bemidji State University,2019,31,4490,21,14945,3413,0.6489891590975682,MN,Town/Rural,65499,36.7,M
217721,Benedict College,2023,63,1694,99,18146,8073,0.6729840208101078,SC,City/Suburb,53335,28.3,Baccalaureate
217721,Benedict College,2022,68,1796,99,17845,6446,0.6777846726652187,SC,City/Suburb,52277,28.3,Baccalaureate
217721,Benedict College,2021,71,1895,99,11701,9322,0.8550740184509762,SC,City/Suburb,52010,28.3,Baccalaureate
217721,Benedict College,2020,77,1727,99,12155,8114,0.7259058417549914,SC,City/Suburb,52680,28.3,Baccalaureate
217721,Benedict College,2019,82,2034,99,13581,7554,0.7676727561556791,SC,City/Suburb,53953,28.3,Baccalaureate
154712,Benedictine College,2023,16,2391,24,28451,3575,0.7644755244755245,KS,Town/Rural,36832,33.8,Baccalaureate
154712,Benedictine College,2022,16,2289,23,30067,2895,0.9882556131260795,KS,Town/Rural,36624,33.8,Baccalaureate
154712,Benedictine College,2021,17,2202,22,27946,2728,0.9849706744868035,KS,Town/Rural,36149,33.8,Baccalaureate
154712,Benedictine College,2020,17,2124,23,27364,2488,0.9678456591639871,KS,Town/Rural,35923,33.8,Baccalaureate
154712,Benedictine College,2019,20,2085,22,24320,2238,0.9705093833780161,KS,Town/Rural,35979,33.8,Baccalaureate
145619,Benedictine University,2023,39,1842,58,24570,2788,0.7722381635581061,IL,City/Suburb,148445,35.1,M
145619,Benedictine University,2022,43,2042,58,25658,2746,0.9311726147123088,IL,City/Suburb,145439,35.1,M
145619,Benedictine University,2021,39,2185,59,24746,2908,0.8002063273727648,IL,City/Suburb,150490,35.1,M
145619,Benedictine University,2020,41,2299,58,27061,3017,0.6098773616175008,IL,City/Suburb,149373,35.1,M
145619,Benedictine University,2019,42,2493,58,25604,4850,0.41711340206185565,IL,City/Suburb,152277,35.1,M
197993,Bennett College,2023,75,195,99,20928,723,0.3360995850622407,NC,City/Suburb,108252,31.9,Baccalaureate
197993,Bennett College,2022,75,168,100,20545,1042,0.44625719769673705,NC,City/Suburb,114167,31.9,Baccalaureate
197993,Bennett College,2021,71,207,100,23140,1218,0.7922824302134647,NC,City/Suburb,116514,31.9,Baccalaureate
197993,Bennett College,2020,75,232,100,20062,2021,0.7288471053933696,NC,City/Suburb,116615,31.9,Baccalaureate
197993,Bennett College,2019,69,311,100,10267,4384,0.5896441605839416,NC,City/Suburb,114284,31.9,Baccalaureate
230816,Bennington College,2023,21,776,37,35108,2825,0.48035398230088494,VT,Town/Rural,5789,38.7,Baccalaureate
230816,Bennington College,2022,22,777,37,32522,2801,0.45305248125669406,VT,Town/Rural,5977,38.7,Baccalaureate
230816,Bennington College,2021,21,771,41,35569,1726,0.6691772885283893,VT,Town/Rural,5988,38.7,Baccalaureate
230816,Bennington College,2020,20,697,40,35386,1382,0.5998552821997105,VT,Town/Rural,6158,38.7,Baccalaureate
230816,Bennington College,2019,22,729,42,38386,1344,0.6078869047619048,VT,Town/Rural,6547,38.7,Baccalaureate
164739,Bentley University,2023,15,4350,46,43858,10482,0.48435413089105134,MA,City/Suburb,78133,44.5,M
164739,Bentley University,2022,13,4131,44,44233,9662,0.5787621610432623,MA,City/Suburb,78514,44.5,M
164739,Bentley University,2021,14,3996,43,41708,9311,0.6093867468585544,MA,City/Suburb,78839,44.5,M
164739,Bentley University,2020,14,4061,42,42759,8298,0.5782116172571704,MA,City/Suburb,79537,44.5,M
164739,Bentley University,2019,14,4228,43,41582,9017,0.4672285682599534,MA,City/Suburb,78060,44.5,M
156295,Berea College,2023,81,1487,56,4379,2073,0.32706222865412443,KY,Town/Rural,49328,24.8,Baccalaureate
156295,Berea College,2022,82,1432,56,2020,2217,0.2458276950834461,KY,Town/Rural,49640,24.8,Baccalaureate
156295,Berea College,2021,89,1468,53,3354,1736,0.33006912442396313,KY,Town/Rural,50879,24.8,Baccalaureate
156295,Berea College,2020,84,1432,50,4938,1857,0.3295638126009693,KY,Town/Rural,51547,24.8,Baccalaureate
156295,Berea College,2019,83,1688,48,5156,1966,0.30264496439471006,KY,Town/Rural,51210,24.8,Baccalaureate
164748,Berklee College of Music,2023,15,7608,61,48608,7167,0.4990930654388168,MA,City/Suburb,78133,44.5,M
164748,Berklee College of Music,2022,15,7499,60,46873,7286,0.5422728520450179,MA,City/Suburb,78514,44.5,M
164748,Berklee College of Music,2021,18,7177,57,48055,7266,0.5517478667767685,MA,City/Suburb,78839,44.5,M
164748,Berklee College of Music,2020,15,6004,57,42952,7860,0.516030534351145,MA,City/Suburb,79537,44.5,M
164748,Berklee College of Music,2019,17,6439,57,43744,6763,0.5144166789886145,MA,City/Suburb,78060,44.5,M
139144,Berry College,2023,24,2226,28,25383,6467,0.6185248183083346,GA,City/Suburb,126146,31.9,M
139144,Berry College,2022,25,2243,27,25359,5643,0.6631224525961368,GA,City/Suburb,122695,31.9,M
139144,Berry College,2021,23,2172,25,24741,5249,0.6989902838635931,GA,City/Suburb,124712,31.9,M
139144,Berry College,2020,23,2006,25,24605,4166,0.772203552568411,GA,City/Suburb,126126,31.9,M
139144,Berry College,2019,24,1943,22,25192,4328,0.7058687615526802,GA,City/Suburb,121897,31.9,M
485999,Bet Medrash Gadol Ateret Torah,2023,58,108,0,4734,49,0.6530612244897959,NY,City/Suburb,211853,37.2,Special or Tribal
485999,Bet Medrash Gadol Ateret Torah,2022,56,91,0,4058,38,0.9210526315789473,NY,City/Suburb,213993,37.2,Special or Tribal
485999,Bet Medrash Gadol Ateret Torah,2021,51,96,0,10506,38,0.8421052631578947,NY,City/Suburb,217586,37.2,Special or Tribal
485999,Bet Medrash Gadol Ateret Torah,2020,60,142,0,5817,39,0.6923076923076923,NY,City/Suburb,209688,37.2,Special or Tribal
485999,Bet Medrash Gadol Ateret Torah,2019,54,90,0,6005,39,0.8717948717948718,NY,City/Suburb,212104,37.2,Special or Tribal
189273,Beth Hamedrash Shaarei Yosher Institute,2023,77,83,0,5415,31,0.9032258064516129,NY,City/Suburb,211853,37.2,Not Carnegie
189273,Beth Hamedrash Shaarei Yosher Institute,2022,75,74,0,4890,29,0.8620689655172413,NY,City/Suburb,213993,37.2,Not Carnegie
189273,Beth Hamedrash Shaarei Yosher Institute,2021,78,75,0,5880,36,0.6666666666666666,NY,City/Suburb,217586,37.2,Not Carnegie
189273,Beth Hamedrash Shaarei Yosher Institute,2020,80,97,0,7067,36,0.7222222222222222,NY,City/Suburb,209688,37.2,Not Carnegie
189273,Beth Hamedrash Shaarei Yosher Institute,2019,70,80,0,6366,47,0.8085106382978723,NY,City/Suburb,212104,37.2,Not Carnegie
486196,Beth Medrash Meor Yitzchok,2023,53,222,3,12538,165,0.5212121212121212,NY,City/Suburb,211853,37.2,Special or Tribal
486196,Beth Medrash Meor Yitzchok,2022,49,189,3,13432,150,0.56,NY,City/Suburb,213993,37.2,Special or Tribal
486196,Beth Medrash Meor Yitzchok,2021,55,184,6,12290,115,0.6521739130434783,NY,City/Suburb,217586,37.2,Special or Tribal
486196,Beth Medrash Meor Yitzchok,2020,52,187,4,10556,80,0.7375,NY,City/Suburb,209688,37.2,Special or Tribal
486196,Beth Medrash Meor Yitzchok,2019,57,164,4,10604,182,0.6318681318681318,NY,City/Suburb,212104,37.2,Special or Tribal
488314,Beth Medrash of Asbury Park,2023,44,109,16,10707,52,0.4230769230769231,NJ,City/Suburb,104131,40.8,Special or Tribal
488314,Beth Medrash of Asbury Park,2022,48,98,14,9767,40,0.75,NJ,City/Suburb,107755,40.8,Special or Tribal
488314,Beth Medrash of Asbury Park,2021,60,54,13,8795,51,0.3333333333333333,NJ,City/Suburb,109108,40.8,Special or Tribal
488314,Beth Medrash of Asbury Park,2020,52,50,8,10487,35,0.42857142857142855,NJ,City/Suburb,109961,40.8,Special or Tribal
488314,Beth Medrash of Asbury Park,2019,57,66,11,9698,35,0.8857142857142857,NJ,City/Suburb,113367,40.8,Special or Tribal
237181,Bethany College,2023,41,645,53,16844,2435,0.6049281314168378,WV,Town/Rural,17853,21.3,Baccalaureate
237181,Bethany College,2022,40,598,47,17605,2651,0.6491889852885704,WV,Town/Rural,17400,21.3,Baccalaureate
237181,Bethany College,2021,44,545,48,14848,2522,0.7355273592386995,WV,Town/Rural,18271,21.3,Baccalaureate
237181,Bethany College,2020,45,569,45,14666,1568,0.9183673469387755,WV,Town/Rural,18751,21.3,Baccalaureate
237181,Bethany College,2019,43,516,44,20389,1150,0.9530434782608695,WV,Town/Rural,19036,21.3,Baccalaureate
154721,Bethany College,2023,43,637,49,29571,1860,0.7860215053763441,KS,Town/Rural,36832,33.8,Baccalaureate
154721,Bethany College,2022,44,744,49,29546,3521,0.6603237716557796,KS,Town/Rural,36624,33.8,Baccalaureate
154721,Bethany College,2021,46,737,48,26732,2627,0.718690521507423,KS,Town/Rural,36149,33.8,Baccalaureate
154721,Bethany College,2020,49,790,42,26040,1689,0.6832445233866193,KS,Town/Rural,35923,33.8,Baccalaureate
154721,Bethany College,2019,49,816,40,19780,1163,0.6766981943250215,KS,Town/Rural,35979,33.8,Baccalaureate
486284,Bethany Global University,2023,47,162,25,19840,147,0.9387755102040817,MN,City/Suburb,67002,36.7,Special or Tribal
486284,Bethany Global University,2022,43,222,29,20554,104,0.9615384615384616,MN,City/Suburb,64579,36.7,Special or Tribal
486284,Bethany Global University,2021,43,284,30,19093,195,0.9487179487179487,MN,City/Suburb,65199,36.7,Special or Tribal
486284,Bethany Global University,2020,45,313,28,21169,164,0.8658536585365854,MN,City/Suburb,66285,36.7,Special or Tribal
486284,Bethany Global University,2019,39,323,24,20224,153,0.8758169934640523,MN,City/Suburb,65499,36.7,Special or Tribal
173142,Bethany Lutheran College,2023,22,850,33,19456,881,0.5096481271282634,MN,City/Suburb,67002,36.7,Baccalaureate
173142,Bethany Lutheran College,2022,25,792,35,18525,665,0.5849624060150376,MN,City/Suburb,64579,36.7,Baccalaureate
173142,Bethany Lutheran College,2021,24,781,34,17640,714,0.6148459383753502,MN,City/Suburb,65199,36.7,Baccalaureate
173142,Bethany Lutheran College,2020,23,769,29,16968,665,0.6451127819548872,MN,City/Suburb,66285,36.7,Baccalaureate
173142,Bethany Lutheran College,2019,29,741,28,17580,636,0.7264150943396226,MN,City/Suburb,65499,36.7,Baccalaureate
154749,Bethel College-North Newton,2023,39,502,47,24879,977,0.9570112589559877,KS,Town/Rural,36832,33.8,Baccalaureate
154749,Bethel College-North Newton,2022,33,497,46,24630,597,0.9715242881072027,KS,Town/Rural,36624,33.8,Baccalaureate
154749,Bethel College-North Newton,2021,35,485,41,24508,830,0.7060240963855422,KS,Town/Rural,36149,33.8,Baccalaureate
154749,Bethel College-North Newton,2020,42,484,40,22831,1034,0.6131528046421664,KS,Town/Rural,35923,33.8,Baccalaureate
154749,Bethel College-North Newton,2019,43,456,39,21785,943,0.574761399787911,KS,Town/Rural,35979,33.8,Baccalaureate
150145,Bethel University,2023,35,1107,30,20058,833,0.9867947178871549,IN,City/Suburb,76628,27.1,M
150145,Bethel University,2022,38,1181,31,18746,752,0.9946808510638298,IN,City/Suburb,74897,27.1,M
150145,Bethel University,2021,38,1206,32,18772,1250,0.9792,IN,City/Suburb,78348,27.1,M
150145,Bethel University,2020,40,1195,30,19327,1235,0.9279352226720647,IN,City/Suburb,78809,27.1,M
150145,Bethel University,2019,42,1273,33,18348,1363,0.9376375641966251,IN,City/Suburb,76144,27.1,M
173160,Bethel University,2023,19,2629,27,30375,1642,0.9098660170523751,MN,City/Suburb,67002,36.7,R0
173160,Bethel University,2022,20,2592,25,29915,2199,0.72487494315598,MN,City/Suburb,64579,36.7,R0
173160,Bethel University,2021,21,2653,22,28840,2050,0.8868292682926829,MN,City/Suburb,65199,36.7,R0
173160,Bethel University,2020,24,2722,21,29107,1646,0.8663426488456865,MN,City/Suburb,66285,36.7,R0
173160,Bethel University,2019,26,2799,21,26468,2435,0.7852156057494867,MN,City/Suburb,65499,36.7,R0
219718,Bethel University,2023,31,2719,51,20606,3318,0.97166968053044,TN,Town/Rural,72084,27.5,M
219718,Bethel University,2022,34,3290,47,13858,2489,0.887906789875452,TN,Town/Rural,71347,27.5,M
219718,Bethel University,2021,37,3446,45,16139,2148,0.4995344506517691,TN,Town/Rural,72685,27.5,M
219718,Bethel University,2020,40,3457,46,15612,1717,0.761211415259173,TN,Town/Rural,73281,27.5,M
219718,Bethel University,2019,41,3809,45,15649,1541,0.9026606099935107,TN,Town/Rural,72802,27.5,M
132602,Bethune-Cookman University,2023,77,2414,99,14705,6844,0.9985388661601403,FL,City/Suburb,214692,30.4,Baccalaureate
132602,Bethune-Cookman University,2022,76,2628,99,15769,12818,0.8496645342487128,FL,City/Suburb,217330,30.4,Baccalaureate
132602,Bethune-Cookman University,2021,73,2513,99,11717,5577,0.9983862291554599,FL,City/Suburb,223891,30.4,Baccalaureate
132602,Bethune-Cookman University,2020,78,2746,99,17016,5938,0.9772650724149545,FL,City/Suburb,215797,30.4,Baccalaureate
132602,Bethune-Cookman University,2019,76,2778,99,16515,7081,0.8405592430447677,FL,City/Suburb,213187,30.4,Baccalaureate
196079,Binghamton University,2023,27,14409,47,18860,49513,0.377335245289116,NY,City/Suburb,211853,37.2,R1
196079,Binghamton University,2022,27,14402,45,19535,41642,0.4174631381778013,NY,City/Suburb,213993,37.2,R1
196079,Binghamton University,2021,27,14307,42,17881,39533,0.4415298611286773,NY,City/Suburb,217586,37.2,R1
196079,Binghamton University,2020,27,14333,42,19061,38116,0.430317976702697,NY,City/Suburb,209688,37.2,R1
196079,Binghamton University,2019,28,14165,42,17424,37516,0.40532039663077085,NY,City/Suburb,212104,37.2,R1
110097,Biola University,2023,26,3395,60,30510,4003,0.6007994004496627,CA,City/Suburb,492544,34.2,R0
110097,Biola University,2022,26,3499,59,31522,4224,0.5662878787878788,CA,City/Suburb,473448,34.2,R0
110097,Biola University,2021,27,3596,56,29123,4354,0.6077170418006431,CA,City/Suburb,467260,34.2,R0
110097,Biola University,2020,28,3683,56,34713,4324,0.6438482886216467,CA,City/Suburb,477479,34.2,R0
110097,Biola University,2019,30,4043,55,33331,4216,0.6985294117647058,CA,City/Suburb,478819,34.2,R0
100937,Birmingham-Southern College,2023,23,713,30,24170,3987,0.5194381740657136,AL,City/Suburb,52181,25.5,Baccalaureate
100937,Birmingham-Southern College,2022,23,975,27,21153,3019,0.5717124875786684,AL,City/Suburb,53739,25.5,Baccalaureate
100937,Birmingham-Southern College,2021,22,1058,27,22888,2461,0.6590816741162129,AL,City/Suburb,54466,25.5,Baccalaureate
100937,Birmingham-Southern College,2020,23,1129,23,21474,2460,0.6044715447154472,AL,City/Suburb,52925,25.5,Baccalaureate
100937,Birmingham-Southern College,2019,24,1209,21,23452,3384,0.5381205673758865,AL,City/Suburb,55331,25.5,Baccalaureate
219046,Black Hills State University,2023,18,3279,21,16474,1617,0.9443413729128015,SD,Town/Rural,9564,29.2,M
219046,Black Hills State University,2022,20,3261,15,16782,1579,0.9664344521849272,SD,Town/Rural,9036,29.2,M
219046,Black Hills State University,2021,22,3346,16,15895,1382,0.9725036179450073,SD,Town/Rural,9008,29.2,M
219046,Black Hills State University,2020,23,3413,18,16706,1119,0.9714030384271671,SD,Town/Rural,8951,29.2,M
219046,Black Hills State University,2019,26,3684,20,15861,2129,0.8393612024424613,SD,Town/Rural,9241,29.2,M
143288,Blackburn College,2023,54,389,36,21349,1113,0.8014375561545373,IL,Town/Rural,148445,35.1,Baccalaureate
143288,Blackburn College,2022,56,382,25,21575,783,0.6436781609195402,IL,Town/Rural,145439,35.1,Baccalaureate
143288,Blackburn College,2021,58,414,25,19016,453,0.6622516556291391,IL,Town/Rural,150490,35.1,Baccalaureate
143288,Blackburn College,2020,61,516,28,15603,734,0.5517711171662125,IL,Town/Rural,149373,35.1,Baccalaureate
143288,Blackburn College,2019,63,482,21,16175,630,0.5714285714285714,IL,Town/Rural,152277,35.1,Baccalaureate
183822,Bloomfield College,2023,69,904,92,18522,3491,0.6723002005156116,NJ,City/Suburb,104131,40.8,Baccalaureate
183822,Bloomfield College,2022,69,1152,92,20320,3579,0.7817826208438111,NJ,City/Suburb,107755,40.8,Baccalaureate
183822,Bloomfield College,2021,70,1299,92,21585,2737,0.8403361344537815,NJ,City/Suburb,109108,40.8,Baccalaureate
183822,Bloomfield College,2020,72,1533,92,19101,4195,0.8464839094159714,NJ,City/Suburb,109961,40.8,Baccalaureate
183822,Bloomfield College,2019,72,1612,91,17782,4034,0.7059990084283589,NJ,City/Suburb,113367,40.8,Baccalaureate
175430,Blue Mountain Christian University,2023,26,942,32,16525,191,1,MS,Town/Rural,32572,23.2,Baccalaureate
175430,Blue Mountain Christian University,2022,28,892,32,15305,186,0.956989247311828,MS,Town/Rural,32131,23.2,Baccalaureate
175430,Blue Mountain Christian University,2021,32,958,33,14987,219,0.9908675799086758,MS,Town/Rural,32865,23.2,Baccalaureate
175430,Blue Mountain Christian University,2020,39,925,25,13682,227,0.9911894273127754,MS,Town/Rural,32110,23.2,Baccalaureate
175430,Blue Mountain Christian University,2019,49,801,23,12195,233,0.9570815450643777,MS,Town/Rural,32601,23.2,Baccalaureate
237215,Bluefield State University,2023,41,1249,28,14500,720,0.8722222222222222,WV,Town/Rural,17853,21.3,Baccalaureate
237215,Bluefield State University,2022,46,1281,25,11759,844,0.9727488151658767,WV,Town/Rural,17400,21.3,Baccalaureate
237215,Bluefield State University,2021,48,1358,22,11309,1019,0.9685966633954858,WV,Town/Rural,18271,21.3,Baccalaureate
237215,Bluefield State University,2020,54,1243,16,12026,792,0.9002525252525253,WV,Town/Rural,18751,21.3,Baccalaureate
237215,Bluefield State University,2019,55,1241,16,8445,470,0.9446808510638298,WV,Town/Rural,19036,21.3,Baccalaureate
231554,Bluefield University,2023,46,694,40,22191,1057,0.6272469252601703,VA,Town/Rural,99497,39.3,M
231554,Bluefield University,2022,44,705,40,22904,984,0.6300813008130082,VA,Town/Rural,98780,39.3,M
231554,Bluefield University,2021,48,718,38,18726,800,0.7225,VA,Town/Rural,100147,39.3,M
231554,Bluefield University,2020,52,851,46,22038,905,0.7602209944751381,VA,Town/Rural,98970,39.3,M
231554,Bluefield University,2019,51,939,41,23054,1534,0.9941329856584094,VA,Town/Rural,95710,39.3,M
201371,Bluffton University,2023,37,602,33,21299,2873,0.6115558649495301,OH,Town/Rural,133760,29,Baccalaureate
201371,Bluffton University,2022,40,664,27,21247,1105,0.96289592760181,OH,Town/Rural,133872,29,Baccalaureate
201371,Bluffton University,2021,39,728,27,21239,1362,0.9691629955947136,OH,Town/Rural,136945,29,Baccalaureate
201371,Bluffton University,2020,36,691,27,22125,1504,0.6050531914893617,OH,Town/Rural,135941,29,Baccalaureate
201371,Bluffton University,2019,39,710,25,26002,1770,0.5497175141242938,OH,Town/Rural,135868,29,Baccalaureate
142090,Boise Bible College,2023,47,103,9,14639,56,0.9642857142857143,ID,City/Suburb,21457,27.7,Special or Tribal
142090,Boise Bible College,2022,57,96,11,18198,53,1,ID,City/Suburb,21128,27.7,Special or Tribal
142090,Boise Bible College,2021,50,89,9,17491,34,0.7941176470588235,ID,City/Suburb,20809,27.7,Special or Tribal
142090,Boise Bible College,2020,47,101,16,14874,52,0.9038461538461539,ID,City/Suburb,20446,27.7,Special or Tribal
142090,Boise Bible College,2019,53,95,18,21315,19,0.9473684210526315,ID,City/Suburb,20130,27.7,Special or Tribal
142115,Boise State University,2023,18,23491,29,19037,15949,0.8396137688883315,ID,City/Suburb,21457,27.7,R2
142115,Boise State University,2022,19,22922,28,17724,16795,0.8392974099434356,ID,City/Suburb,21128,27.7,R2
142115,Boise State University,2021,21,22404,28,15828,15648,0.8312883435582822,ID,City/Suburb,20809,27.7,R2
142115,Boise State University,2020,21,20763,27,14190,15511,0.7749339178647412,ID,City/Suburb,20446,27.7,R2
142115,Boise State University,2019,23,22896,27,13237,15030,0.7743845642049235,ID,City/Suburb,20130,27.7,R2
490203,Bolivar Technical College,2022,75,130,9,24200,12,1,MO,Town/Rural,66781,29.5,Two-Year
490203,Bolivar Technical College,2021,72,129,12,25172,12,1,MO,Town/Rural,66906,29.5,Two-Year
490203,Bolivar Technical College,2020,95,156,10,21490,20,1,MO,Town/Rural,67892,29.5,Two-Year
490203,Bolivar Technical College,2019,77,130,10,25604,21,0.3333333333333333,MO,Town/Rural,68482,29.5,Two-Year
164614,Boston Baptist College,2023,58,33,30,19506,14,1,MA,City/Suburb,78133,44.5,Special or Tribal
164614,Boston Baptist College,2022,41,43,21,15837,13,1,MA,City/Suburb,78514,44.5,Special or Tribal
164614,Boston Baptist College,2021,26,42,19,23223,11,0.6363636363636364,MA,City/Suburb,78839,44.5,Special or Tribal
164614,Boston Baptist College,2020,33,60,12,21939,18,0.7777777777777778,MA,City/Suburb,79537,44.5,Special or Tribal
164614,Boston Baptist College,2019,36,63,19,18263,22,0.9090909090909091,MA,City/Suburb,78060,44.5,Special or Tribal
164924,Boston College,2023,13,10083,43,32590,36069,0.15650558651473565,MA,City/Suburb,78133,44.5,R1
164924,Boston College,2022,13,9982,42,30559,40494,0.166641971650121,MA,City/Suburb,78514,44.5,R1
164924,Boston College,2021,13,9939,42,30159,39846,0.1904080710736335,MA,City/Suburb,78839,44.5,R1
164924,Boston College,2020,13,9780,42,30192,29382,0.2638350010210333,MA,City/Suburb,79537,44.5,R1
164924,Boston College,2019,14,9901,43,28354,35552,0.272249099909991,MA,City/Suburb,78060,44.5,R1
164988,Boston University,2023,18,18656,67,27551,80495,0.10849121063420088,MA,City/Suburb,78133,44.5,R1
164988,Boston University,2022,17,18459,67,27829,80796,0.143658101886232,MA,City/Suburb,78514,44.5,R1
164988,Boston University,2021,17,18229,66,25852,75778,0.1864525323972657,MA,City/Suburb,78839,44.5,R1
164988,Boston University,2020,16,16872,65,29154,61007,0.2008621961414264,MA,City/Suburb,79537,44.5,R1
164988,Boston University,2019,16,17983,64,29479,62224,0.18941244535870402,MA,City/Suburb,78060,44.5,R1
161004,Bowdoin College,2023,16,1850,48,23110,10966,0.08015684844063468,ME,Town/Rural,14133,31.5,Baccalaureate
161004,Bowdoin College,2022,16,1915,44,22776,9376,0.09193686006825938,ME,Town/Rural,13869,31.5,Baccalaureate
161004,Bowdoin College,2021,17,1951,43,26727,9325,0.08815013404825738,ME,Town/Rural,14239,31.5,Baccalaureate
161004,Bowdoin College,2020,16,1777,44,25622,9402,0.09157626037013401,ME,Town/Rural,14677,31.5,Baccalaureate
161004,Bowdoin College,2019,16,1835,41,23808,9332,0.0905486498071153,ME,Town/Rural,15274,31.5,Baccalaureate
162007,Bowie State University,2023,44,5288,97,16117,6245,0.8353883106485188,MD,City/Suburb,69770,40.8,M
162007,Bowie State University,2022,50,5378,97,13886,5445,0.8653810835629018,MD,City/Suburb,69124,40.8,M
162007,Bowie State University,2021,45,5381,98,14290,4978,0.8704298915226999,MD,City/Suburb,71017,40.8,M
162007,Bowie State University,2020,50,5354,98,14322,5168,0.8121130030959752,MD,City/Suburb,67971,40.8,M
162007,Bowie State University,2019,51,5227,98,14321,4849,0.796659104970097,MD,City/Suburb,68208,40.8,M
201441,Bowling Green State University-Main Campus,2023,23,14014,22,20987,18629,0.8060550754200441,OH,Town/Rural,133760,29,R2
201441,Bowling Green State University-Main Campus,2022,23,13853,21,20485,17447,0.786553562217,OH,Town/Rural,133872,29,R2
201441,Bowling Green State University-Main Campus,2021,24,14465,21,16684,18295,0.7873189396009839,OH,Town/Rural,136945,29,R2
201441,Bowling Green State University-Main Campus,2020,25,14988,21,17580,17341,0.752955423562655,OH,Town/Rural,135941,29,R2
201441,Bowling Green State University-Main Campus,2019,27,15103,21,17427,17179,0.7182024564875721,OH,Town/Rural,135868,29,R2
143358,Bradley University,2023,29,3883,38,24703,10138,0.7666206352337739,IL,City/Suburb,148445,35.1,R0
143358,Bradley University,2022,30,4143,35,24053,11352,0.7514094432699084,IL,City/Suburb,145439,35.1,R0
143358,Bradley University,2021,28,4331,33,25312,10109,0.7586309229399545,IL,City/Suburb,150490,35.1,R0
143358,Bradley University,2020,29,4574,30,25850,10202,0.7327974906881004,IL,City/Suburb,149373,35.1,R0
143358,Bradley University,2019,29,4636,29,26791,10708,0.7020918939110945,IL,City/Suburb,152277,35.1,R0
165015,Brandeis University,2023,14,3675,58,44668,11282,0.3531288778585357,MA,City/Suburb,78133,44.5,R1
165015,Brandeis University,2022,16,3687,58,45565,9917,0.3940707875365534,MA,City/Suburb,78514,44.5,R1
165015,Brandeis University,2021,16,3591,57,35147,9796,0.39138423846467946,MA,City/Suburb,78839,44.5,R1
165015,Brandeis University,2020,17,3493,56,41222,10223,0.3339528514134794,MA,City/Suburb,79537,44.5,R1
165015,Brandeis University,2019,17,3688,54,37264,11343,0.2989508948250022,MA,City/Suburb,78060,44.5,R1
139199,Brenau University,2023,47,1195,57,20860,2761,0.8696124592538935,GA,City/Suburb,126146,31.9,R0
139199,Brenau University,2022,47,1368,52,23635,2334,0.8654670094258783,GA,City/Suburb,122695,31.9,R0
139199,Brenau University,2021,45,1427,50,22727,1900,0.8910526315789473,GA,City/Suburb,124712,31.9,R0
139199,Brenau University,2020,47,1710,54,21715,1139,0.9271290605794557,GA,City/Suburb,126126,31.9,R0
139199,Brenau University,2019,52,1754,55,21438,2566,0.5752143413873734,GA,City/Suburb,121897,31.9,R0
156356,Brescia University,2023,43,551,40,15087,2534,0.34609313338595105,KY,City/Suburb,49328,24.8,Baccalaureate
156356,Brescia University,2022,40,551,35,16127,1936,0.5036157024793388,KY,City/Suburb,49640,24.8,Baccalaureate
156356,Brescia University,2021,8,752,36,13796,1952,0.53125,KY,City/Suburb,50879,24.8,Baccalaureate
156356,Brescia University,2020,44,893,37,14464,2490,0.4783132530120482,KY,City/Suburb,51547,24.8,Baccalaureate
156356,Brescia University,2019,54,937,35,13184,2679,0.4232922732362822,KY,City/Suburb,51210,24.8,Baccalaureate
198066,Brevard College,2023,38,764,36,26938,2582,0.39504260263361735,NC,Town/Rural,108252,31.9,Baccalaureate
198066,Brevard College,2022,40,735,35,24220,2206,0.3989120580235721,NC,Town/Rural,114167,31.9,Baccalaureate
198066,Brevard College,2021,42,770,32,21305,2232,0.44713261648745517,NC,Town/Rural,116514,31.9,Baccalaureate
198066,Brevard College,2020,43,761,32,23001,3044,0.452365308804205,NC,Town/Rural,116615,31.9,Baccalaureate
198066,Brevard College,2019,42,751,33,24433,2068,0.5875241779497099,NC,Town/Rural,114284,31.9,Baccalaureate
139205,Brewton-Parker College,2023,46,1049,42,22488,1018,0.8634577603143418,GA,Town/Rural,126146,31.9,Baccalaureate
139205,Brewton-Parker College,2022,42,911,49,21874,744,0.9475806451612904,GA,Town/Rural,122695,31.9,Baccalaureate
139205,Brewton-Parker College,2021,41,893,46,19567,617,0.7974068071312804,GA,Town/Rural,124712,31.9,Baccalaureate
139205,Brewton-Parker College,2020,36,835,46,18930,483,0.9813664596273292,GA,Town/Rural,126126,31.9,Baccalaureate
139205,Brewton-Parker College,2019,35,896,46,18459,452,0.9623893805309734,GA,Town/Rural,121897,31.9,Baccalaureate
231581,Bridgewater College,2023,29,1391,33,19660,3984,0.9081325301204819,VA,City/Suburb,99497,39.3,Baccalaureate
231581,Bridgewater College,2022,31,1385,33,19332,3402,0.9035861258083481,VA,City/Suburb,98780,39.3,Baccalaureate
231581,Bridgewater College,2021,30,1427,35,19592,3388,0.7508854781582054,VA,City/Suburb,100147,39.3,Baccalaureate
231581,Bridgewater College,2020,33,1552,36,20318,3684,0.761400651465798,VA,City/Suburb,98970,39.3,Baccalaureate
231581,Bridgewater College,2019,31,1713,35,18727,6279,0.6728778467908902,VA,City/Suburb,95710,39.3,Baccalaureate
165024,Bridgewater State University,2023,30,8172,31,16230,8631,0.89190128606187,MA,City/Suburb,78133,44.5,M
165024,Bridgewater State University,2022,31,8116,30,17225,8807,0.8771431815601226,MA,City/Suburb,78514,44.5,M
165024,Bridgewater State University,2021,33,8369,29,12744,8881,0.863754081747551,MA,City/Suburb,78839,44.5,M
165024,Bridgewater State University,2020,36,9028,29,17545,9555,0.8231292517006803,MA,City/Suburb,79537,44.5,M
165024,Bridgewater State University,2019,38,9463,29,17323,9800,0.8766326530612245,MA,City/Suburb,78060,44.5,M
230038,Brigham Young University,2023,32,32221,19,14643,11006,0.6918953298200982,UT,City/Suburb,46946,34.9,R2
230038,Brigham Young University,2022,32,31411,19,13521,10559,0.6667298039587082,UT,City/Suburb,46085,34.9,R2
230038,Brigham Young University,2021,32,31642,19,13432,11608,0.5918332184700207,UT,City/Suburb,45251,34.9,R2
230038,Brigham Young University,2020,35,33376,19,13150,11292,0.6925256818986893,UT,City/Suburb,43182,34.9,R2
230038,Brigham Young University,2019,36,31292,19,13340,10500,0.6748571428571428,UT,City/Suburb,43372,34.9,R2
230047,Brigham Young University-Hawaii,2023,30,2836,80,17887,1270,0.378740157480315,HI,Town/Rural,14206,33.5,Baccalaureate
230047,Brigham Young University-Hawaii,2022,15,2735,74,15835,1479,0.34212305611899935,HI,Town/Rural,14314,33.5,Baccalaureate
230047,Brigham Young University-Hawaii,2021,16,2893,62,13585,1324,0.8768882175226587,HI,Town/Rural,14567,33.5,Baccalaureate
230047,Brigham Young University-Hawaii,2020,19,3180,73,13998,1573,0.7501589319771138,HI,Town/Rural,14100,33.5,Baccalaureate
230047,Brigham Young University-Hawaii,2019,23,3096,69,12679,1744,0.569954128440367,HI,Town/Rural,14706,33.5,Baccalaureate
142522,Brigham Young University-Idaho,2023,25,42996,41,7295,10303,0.9695234397748229,ID,Town/Rural,21457,27.7,Baccalaureate
142522,Brigham Young University-Idaho,2022,26,43023,37,7899,10222,0.9555859909998043,ID,Town/Rural,21128,27.7,Baccalaureate
142522,Brigham Young University-Idaho,2021,28,44304,35,6327,9963,0.9656729900632339,ID,Town/Rural,20809,27.7,Baccalaureate
142522,Brigham Young University-Idaho,2020,33,44481,33,6871,10234,0.9700996677740864,ID,Town/Rural,20446,27.7,Baccalaureate
142522,Brigham Young University-Idaho,2019,31,39145,30,7038,9762,0.9576930956771154,ID,Town/Rural,20130,27.7,Baccalaureate
217156,Brown University,2023,13,7741,66,26608,51316,0.052342349364720556,RI,City/Suburb,11503,34.4,R1
217156,Brown University,2022,13,7639,64,26723,50649,0.05058342711603388,RI,City/Suburb,11411,34.4,R1
217156,Brown University,2021,14,7349,60,25028,46568,0.055145164061157874,RI,City/Suburb,11480,34.4,R1
217156,Brown University,2020,13,6792,59,27659,36793,0.07669937216318322,RI,City/Suburb,11395,34.4,R1
217156,Brown University,2019,13,7160,59,27218,38674,0.07066763200082743,RI,City/Suburb,10892,34.4,R1
180878,Bryan College of Health Sciences,2023,21,610,19,21834,151,0.6291390728476821,NE,City/Suburb,24387,32.4,Special or Tribal
180878,Bryan College of Health Sciences,2022,23,598,25,26926,185,0.6756756756756757,NE,City/Suburb,23856,32.4,Special or Tribal
180878,Bryan College of Health Sciences,2021,27,620,12,26105,77,0.9090909090909091,NE,City/Suburb,23769,32.4,Special or Tribal
180878,Bryan College of Health Sciences,2020,30,661,14,24972,206,0.5776699029126213,NE,City/Suburb,23830,32.4,Special or Tribal
180878,Bryan College of Health Sciences,2019,31,657,15,24691,156,0.717948717948718,NE,City/Suburb,23314,32.4,Special or Tribal
219790,Bryan College-Dayton,2019,32,1240,14,16650,990,0.51010101010101,TN,Town/Rural,72802,27.5,M
217165,Bryant University,2023,11,3240,26,40612,9506,0.6565327161792552,RI,City/Suburb,11503,34.4,M
217165,Bryant University,2022,11,3204,25,40361,8900,0.6880898876404494,RI,City/Suburb,11411,34.4,M
217165,Bryant University,2021,11,3063,23,40310,6985,0.7361488904795992,RI,City/Suburb,11480,34.4,M
217165,Bryant University,2020,11,3281,23,39919,7521,0.7578779417630634,RI,City/Suburb,11395,34.4,M
217165,Bryant University,2019,14,3403,25,40038,7633,0.709943665662256,RI,City/Suburb,10892,34.4,M
210492,Bryn Athyn College of the New Church,2023,46,273,40,19204,593,0.7419898819561551,PA,City/Suburb,142275,31.8,Baccalaureate
210492,Bryn Athyn College of the New Church,2022,42,272,42,21305,579,0.7996545768566494,PA,City/Suburb,139193,31.8,Baccalaureate
210492,Bryn Athyn College of the New Church,2021,40,241,43,24396,498,0.9056224899598394,PA,City/Suburb,142186,31.8,Baccalaureate
210492,Bryn Athyn College of the New Church,2020,40,261,44,19129,350,0.7771428571428571,PA,City/Suburb,143645,31.8,Baccalaureate
210492,Bryn Athyn College of the New Church,2019,40,288,43,17406,279,0.9175627240143369,PA,City/Suburb,143842,31.8,Baccalaureate
211273,Bryn Mawr College,2023,14,1349,50,39383,3278,0.3105552165954851,PA,City/Suburb,142275,31.8,Baccalaureate
211273,Bryn Mawr College,2022,14,1409,49,39072,3594,0.30745687256538673,PA,City/Suburb,139193,31.8,Baccalaureate
211273,Bryn Mawr College,2021,16,1423,49,34482,3391,0.39339427897375406,PA,City/Suburb,142186,31.8,Baccalaureate
211273,Bryn Mawr College,2020,15,1299,54,37015,3311,0.38356991845363936,PA,City/Suburb,143645,31.8,Baccalaureate
211273,Bryn Mawr College,2019,15,1389,58,33716,3332,0.3307322929171669,PA,City/Suburb,143842,31.8,Baccalaureate
211291,Bucknell University,2023,11,3846,26,38486,11010,0.3200726612170754,PA,Town/Rural,142275,31.8,Baccalaureate
211291,Bucknell University,2022,10,3747,24,39965,11707,0.3255317331511062,PA,Town/Rural,139193,31.8,Baccalaureate
211291,Bucknell University,2021,10,3724,25,38170,11263,0.3450235283672201,PA,Town/Rural,142186,31.8,Baccalaureate
211291,Bucknell University,2020,10,3695,25,39359,9890,0.37532861476238627,PA,Town/Rural,143645,31.8,Baccalaureate
211291,Bucknell University,2019,11,3627,26,39493,9845,0.34230573895378363,PA,Town/Rural,143842,31.8,Baccalaureate
153001,Buena Vista University,2023,43,1442,22,18156,1544,0.7176165803108808,IA,Town/Rural,36870,29,M
153001,Buena Vista University,2022,44,1474,22,19204,1562,0.7727272727272727,IA,Town/Rural,36521,29,M
153001,Buena Vista University,2021,47,1506,22,18532,1749,0.6598056032018296,IA,Town/Rural,37097,29,M
153001,Buena Vista University,2020,49,1456,25,18300,1787,0.5567991046446559,IA,Town/Rural,36359,29,M
153001,Buena Vista University,2019,49,1478,28,18449,2101,0.5735364112327463,IA,Town/Rural,36735,29,M
209409,Bushnell University,2023,34,535,38,22534,755,0.6635761589403973,OR,City/Suburb,41163,34,M
209409,Bushnell University,2022,35,482,34,23787,552,0.6684782608695652,OR,City/Suburb,41057,34,M
209409,Bushnell University,2021,36,476,33,20658,456,0.6798245614035088,OR,City/Suburb,42778,34,M
209409,Bushnell University,2020,36,538,34,21932,415,0.6819277108433734,OR,City/Suburb,42173,34,M
209409,Bushnell University,2019,39,592,34,21513,474,0.6582278481012658,OR,City/Suburb,41717,34,M
150163,Butler University,2023,14,4519,21,40140,9431,0.8586576184922066,IN,City/Suburb,76628,27.1,M
150163,Butler University,2022,13,4427,20,37399,13386,0.8206334976841476,IN,City/Suburb,74897,27.1,M
150163,Butler University,2021,14,4537,20,38643,15340,0.8054758800521512,IN,City/Suburb,78348,27.1,M
150163,Butler University,2020,13,4492,17,42627,14592,0.756921600877193,IN,City/Suburb,78809,27.1,M
150163,Butler University,2019,14,4685,18,39923,14891,0.7317171445839769,IN,City/Suburb,76144,27.1,M
198109,Cabarrus College of Health Sciences,2023,28,661,49,14344,63,0.49206349206349204,NC,City/Suburb,108252,31.9,Special or Tribal
198109,Cabarrus College of Health Sciences,2022,24,451,36,17217,49,0.4489795918367347,NC,City/Suburb,114167,31.9,Special or Tribal
198109,Cabarrus College of Health Sciences,2021,29,438,29,18506,50,0.46,NC,City/Suburb,116514,31.9,Special or Tribal
198109,Cabarrus College of Health Sciences,2020,33,452,25,14475,65,0.35384615384615387,NC,City/Suburb,116615,31.9,Special or Tribal
198109,Cabarrus College of Health Sciences,2019,32,439,20,15200,170,0.27647058823529413,NC,City/Suburb,114284,31.9,Special or Tribal
211352,Cabrini University,2023,37,710,52,24733,2467,0.6919335224969598,PA,City/Suburb,142275,31.8,M
211352,Cabrini University,2022,37,1186,45,21981,3403,0.7851895386423744,PA,City/Suburb,139193,31.8,M
211352,Cabrini University,2021,38,1343,44,21387,3256,0.8003685503685504,PA,City/Suburb,142186,31.8,M
211352,Cabrini University,2020,41,1471,45,21875,2700,0.6166666666666667,PA,City/Suburb,143645,31.8,M
211352,Cabrini University,2019,40,1550,46,22475,3297,0.7582650894752806,PA,City/Suburb,143842,31.8,M
215114,Cairn University-Langhorne,2023,30,855,39,27603,505,0.8356435643564356,PA,City/Suburb,142275,31.8,M
215114,Cairn University-Langhorne,2022,33,820,35,25923,468,0.8098290598290598,PA,City/Suburb,139193,31.8,M
215114,Cairn University-Langhorne,2021,36,844,32,26380,509,0.8231827111984283,PA,City/Suburb,142186,31.8,M
215114,Cairn University-Langhorne,2020,36,924,32,23396,539,0.8144712430426716,PA,City/Suburb,143645,31.8,M
215114,Cairn University-Langhorne,2019,41,865,29,21671,569,0.827768014059754,PA,City/Suburb,143842,31.8,M
183910,Caldwell University,2023,46,1448,77,23071,7845,0.6540471637985978,NJ,City/Suburb,104131,40.8,M
183910,Caldwell University,2022,47,1605,73,20612,6649,0.6637088283952474,NJ,City/Suburb,107755,40.8,M
183910,Caldwell University,2021,50,1631,71,16222,3494,0.9596451058958214,NJ,City/Suburb,109108,40.8,M
183910,Caldwell University,2020,46,1745,70,19664,4141,0.9152378652499397,NJ,City/Suburb,109961,40.8,M
183910,Caldwell University,2019,45,1709,68,17394,3527,0.9325205557130706,NJ,City/Suburb,113367,40.8,M
110361,California Baptist University,2023,41,8110,68,28596,7935,0.7357277882797731,CA,City/Suburb,492544,34.2,M
110361,California Baptist University,2022,43,8334,65,27304,7654,0.7991899660308336,CA,City/Suburb,473448,34.2,M
110361,California Baptist University,2021,44,8252,65,23494,9474,0.6373232003377666,CA,City/Suburb,467260,34.2,M
110361,California Baptist University,2020,45,8109,63,27883,6961,0.8017526217497486,CA,City/Suburb,477479,34.2,M
110361,California Baptist University,2019,45,8190,61,23055,8241,0.7827933503215629,CA,City/Suburb,478819,34.2,M
110370,California College of the Arts,2023,25,1012,79,49945,3661,0.7339524720021852,CA,City/Suburb,492544,34.2,Special or Tribal
110370,California College of the Arts,2022,23,1145,80,47862,2987,0.7569467693337797,CA,City/Suburb,473448,34.2,Special or Tribal
110370,California College of the Arts,2021,23,1249,82,40231,2847,0.776255707762557,CA,City/Suburb,467260,34.2,Special or Tribal
110370,California College of the Arts,2020,22,1239,83,43687,2625,0.8544761904761905,CA,City/Suburb,477479,34.2,Special or Tribal
110370,California College of the Arts,2019,25,1466,81,42065,2578,0.8502715283165244,CA,City/Suburb,478819,34.2,Special or Tribal
110404,California Institute of Technology,2023,15,1023,80,23397,13107,0.03143358510719463,CA,City/Suburb,492544,34.2,R1
110404,California Institute of Technology,2022,14,982,79,20755,16626,0.026945747624203056,CA,City/Suburb,473448,34.2,R1
110404,California Institute of Technology,2021,12,987,77,30162,13026,0.0391524643021649,CA,City/Suburb,467260,34.2,R1
110404,California Institute of Technology,2020,11,901,77,26591,8007,0.06694142625202948,CA,City/Suburb,477479,34.2,R1
110404,California Institute of Technology,2019,14,938,73,27438,8367,0.06418070993187522,CA,City/Suburb,478819,34.2,R1
111081,California Institute of the Arts,2023,22,918,68,57288,2023,0.25951557093425603,CA,City/Suburb,492544,34.2,M
111081,California Institute of the Arts,2022,22,940,65,57532,2120,0.24764150943396226,CA,City/Suburb,473448,34.2,M
111081,California Institute of the Arts,2021,23,965,63,53916,2364,0.2897631133671743,CA,City/Suburb,467260,34.2,M
111081,California Institute of the Arts,2020,24,762,60,59367,2254,0.2741792369121562,CA,City/Suburb,477479,34.2,M
111081,California Institute of the Arts,2019,25,1021,60,54594,2267,0.25275694750771943,CA,City/Suburb,478819,34.2,M
486488,California Jazz Conservatory,2021,26,23,35,25843,4,1,CA,City/Suburb,467260,34.2,Special or Tribal
486488,California Jazz Conservatory,2020,34,35,46,21469,2,1,CA,City/Suburb,477479,34.2,Special or Tribal
486488,California Jazz Conservatory,2019,31,47,36,15882,5,1,CA,City/Suburb,478819,34.2,Special or Tribal
110413,California Lutheran University,2023,30,2380,64,27080,5290,0.8888468809073724,CA,City/Suburb,492544,34.2,M
110413,California Lutheran University,2022,31,2513,62,30416,5150,0.8718446601941747,CA,City/Suburb,473448,34.2,M
110413,California Lutheran University,2021,32,2592,61,24065,4041,0.8193516456322693,CA,City/Suburb,467260,34.2,M
110413,California Lutheran University,2020,36,2804,61,29669,5568,0.7438936781609196,CA,City/Suburb,477479,34.2,M
110413,California Lutheran University,2019,30,3078,59,29693,6175,0.71417004048583,CA,City/Suburb,478819,34.2,M
110422,California Polytechnic State University-San Luis Obispo,2023,18,21559,50,16888,63736,0.2975398518890423,CA,City/Suburb,492544,34.2,M
110422,California Polytechnic State University-San Luis Obispo,2022,17,21026,49,19184,58774,0.3043012216286113,CA,City/Suburb,473448,34.2,M
110422,California Polytechnic State University-San Luis Obispo,2021,16,21128,47,20708,54570,0.32999816749129557,CA,City/Suburb,467260,34.2,M
110422,California Polytechnic State University-San Luis Obispo,2020,17,21456,46,20491,52371,0.3843157472647076,CA,City/Suburb,477479,34.2,M
110422,California Polytechnic State University-San Luis Obispo,2019,18,20503,46,21232,54072,0.28417665335108744,CA,City/Suburb,478819,34.2,M
115755,California State Polytechnic University-Humboldt,2023,46,5594,50,13837,14019,0.988301590698338,CA,Town/Rural,492544,34.2,M
115755,California State Polytechnic University-Humboldt,2022,49,5461,50,14325,8505,0.9817754262198707,CA,Town/Rural,473448,34.2,M
115755,California State Polytechnic University-Humboldt,2021,51,5354,53,13904,7013,0.9145871952088978,CA,Town/Rural,467260,34.2,M
115755,California State Polytechnic University-Humboldt,2020,53,6008,56,15015,10198,0.8514414591096293,CA,Town/Rural,477479,34.2,M
115755,California State Polytechnic University-Humboldt,2019,56,6580,56,14766,15178,0.921662933192779,CA,Town/Rural,478819,34.2,M
110529,California State Polytechnic University-Pomona,2023,46,24455,87,11898,45775,0.7370180229382851,CA,City/Suburb,492544,34.2,M
110529,California State Polytechnic University-Pomona,2022,46,25181,86,12480,49079,0.5537806393773305,CA,City/Suburb,473448,34.2,M
110529,California State Polytechnic University-Pomona,2021,48,26974,86,12942,41226,0.6062436326590016,CA,City/Suburb,467260,34.2,M
110529,California State Polytechnic University-Pomona,2020,49,27912,86,14457,38026,0.6481354862462526,CA,City/Suburb,477479,34.2,M
110529,California State Polytechnic University-Pomona,2019,48,26454,85,12843,39726,0.545914514423803,CA,City/Suburb,478819,34.2,M
111188,California State University Maritime Academy,2023,29,761,52,16081,943,0.9872746553552492,CA,City/Suburb,492544,34.2,Baccalaureate
111188,California State University Maritime Academy,2022,28,808,52,17566,756,0.955026455026455,CA,City/Suburb,473448,34.2,Baccalaureate
111188,California State University Maritime Academy,2021,27,880,54,16924,1005,0.8208955223880597,CA,City/Suburb,467260,34.2,Baccalaureate
111188,California State University Maritime Academy,2020,27,907,54,21069,988,0.8248987854251012,CA,City/Suburb,477479,34.2,Baccalaureate
111188,California State University Maritime Academy,2019,27,911,55,18882,1421,0.7621393384940183,CA,City/Suburb,478819,34.2,Baccalaureate
110486,California State University-Bakersfield,2023,61,8336,88,6567,13950,0.8819354838709678,CA,City/Suburb,492544,34.2,M
110486,California State University-Bakersfield,2022,59,8188,87,7521,13834,0.8654763625849357,CA,City/Suburb,473448,34.2,M
110486,California State University-Bakersfield,2021,61,9367,86,7368,12334,0.8521161018323334,CA,City/Suburb,467260,34.2,M
110486,California State University-Bakersfield,2020,62,9979,86,7697,12235,0.7838169186759297,CA,City/Suburb,477479,34.2,M
110486,California State University-Bakersfield,2019,62,9981,85,5771,12935,0.8071124855044453,CA,City/Suburb,478819,34.2,M
441937,California State University-Channel Islands,2023,47,5290,77,10931,10082,0.9305693314818488,CA,Town/Rural,492544,34.2,M
441937,California State University-Channel Islands,2022,48,5734,77,13540,10420,0.8965451055662188,CA,Town/Rural,473448,34.2,M
441937,California State University-Channel Islands,2021,50,6471,76,14493,9244,0.9300086542622241,CA,Town/Rural,467260,34.2,M
441937,California State University-Channel Islands,2020,51,6947,75,15059,10040,0.7943227091633466,CA,Town/Rural,477479,34.2,M
441937,California State University-Channel Islands,2019,50,7112,74,13548,11894,0.8579115520430469,CA,Town/Rural,478819,34.2,M
110538,California State University-Chico,2023,40,13160,58,15187,22263,0.9371603108296276,CA,City/Suburb,492544,34.2,M
110538,California State University-Chico,2022,41,12981,57,15517,21417,0.9500396880982397,CA,City/Suburb,473448,34.2,M
110538,California State University-Chico,2021,43,14462,57,13749,19990,0.8547273636818409,CA,City/Suburb,467260,34.2,M
110538,California State University-Chico,2020,44,15747,57,16109,19999,0.9017450872543628,CA,City/Suburb,477479,34.2,M
110538,California State University-Chico,2019,45,16164,57,14843,25908,0.7233287015593639,CA,City/Suburb,478819,34.2,M
110547,California State University-Dominguez Hills,2023,61,12730,96,4438,19040,0.913235294117647,CA,City/Suburb,492544,34.2,M
110547,California State University-Dominguez Hills,2022,62,13969,95,5068,19165,0.8913122880250457,CA,City/Suburb,473448,34.2,M
110547,California State University-Dominguez Hills,2021,63,15238,95,4500,16741,0.895944089361448,CA,City/Suburb,467260,34.2,M
110547,California State University-Dominguez Hills,2020,65,16022,95,4683,19399,0.8120006185885871,CA,City/Suburb,477479,34.2,M
110547,California State University-Dominguez Hills,2019,65,15365,95,4594,20864,0.770034509202454,CA,City/Suburb,478819,34.2,M
110574,California State University-East Bay,2023,44,10562,85,10874,13274,0.9681331927075486,CA,City/Suburb,492544,34.2,R2
110574,California State University-East Bay,2022,44,10796,85,11464,12461,0.962041569697456,CA,City/Suburb,473448,34.2,R2
110574,California State University-East Bay,2021,45,12114,85,12631,14448,0.8235741971207088,CA,City/Suburb,467260,34.2,R2
110574,California State University-East Bay,2020,48,13141,85,13260,13858,0.7327897243469476,CA,City/Suburb,477479,34.2,R2
110574,California State University-East Bay,2019,49,13202,85,10902,16195,0.7618400740969435,CA,City/Suburb,478819,34.2,R2
110556,California State University-Fresno,2023,56,21430,85,7303,20201,0.9637641700905896,CA,City/Suburb,492544,34.2,R2
110556,California State University-Fresno,2022,58,21354,84,7507,18551,0.9542881785348498,CA,City/Suburb,473448,34.2,R2
110556,California State University-Fresno,2021,57,22187,83,6336,15231,0.9727529380867966,CA,City/Suburb,467260,34.2,R2
110556,California State University-Fresno,2020,58,22704,83,6906,15448,0.9010875194199897,CA,City/Suburb,477479,34.2,R2
110556,California State University-Fresno,2019,59,21541,82,6002,18123,0.5794294542846107,CA,City/Suburb,478819,34.2,R2
110565,California State University-Fullerton,2023,47,37125,86,6283,48591,0.8674240085612562,CA,City/Suburb,492544,34.2,R2
110565,California State University-Fullerton,2022,48,35432,84,7925,48748,0.6672478870928038,CA,City/Suburb,473448,34.2,R2
110565,California State University-Fullerton,2021,47,35600,84,4939,45140,0.5943066016836509,CA,City/Suburb,467260,34.2,R2
110565,California State University-Fullerton,2020,48,36975,83,8322,45449,0.6762084974366873,CA,City/Suburb,477479,34.2,R2
110565,California State University-Fullerton,2019,49,35335,82,8294,50105,0.5268536074244088,CA,City/Suburb,478819,34.2,R2
110583,California State University-Long Beach,2023,49,34243,85,9731,79680,0.4712223895582329,CA,City/Suburb,492544,34.2,R2
110583,California State University-Long Beach,2022,50,32931,85,9346,74718,0.39951551165716426,CA,City/Suburb,473448,34.2,R2
110583,California State University-Long Beach,2021,51,33897,84,9171,67122,0.4685200083430172,CA,City/Suburb,467260,34.2,R2
110583,California State University-Long Beach,2020,51,34216,84,10568,67426,0.4212025034853024,CA,City/Suburb,477479,34.2,R2
110583,California State University-Long Beach,2019,52,33054,83,9903,71355,0.392670450564081,CA,City/Suburb,478819,34.2,R2
110592,California State University-Los Angeles,2023,66,21527,96,4551,32748,0.919323317454501,CA,City/Suburb,492544,34.2,M
110592,California State University-Los Angeles,2022,66,22737,96,5801,33939,0.8694127699696514,CA,City/Suburb,473448,34.2,M
110592,California State University-Los Angeles,2021,66,23536,96,2695,29223,0.9054169660883551,CA,City/Suburb,467260,34.2,M
110592,California State University-Los Angeles,2020,68,22832,96,3859,31442,0.764773233254882,CA,City/Suburb,477479,34.2,M
110592,California State University-Los Angeles,2019,68,22797,95,3255,33641,0.478107071727951,CA,City/Suburb,478819,34.2,M
409698,California State University-Monterey Bay,2023,43,5909,74,15222,11769,0.9482538873311241,CA,City/Suburb,492544,34.2,M
409698,California State University-Monterey Bay,2022,44,6248,74,11435,12568,0.9238542329726289,CA,City/Suburb,473448,34.2,M
409698,California State University-Monterey Bay,2021,45,6692,75,6085,10026,0.9280869738679434,CA,City/Suburb,467260,34.2,M
409698,California State University-Monterey Bay,2020,47,6509,75,13989,11461,0.8562080097722712,CA,City/Suburb,477479,34.2,M
409698,California State University-Monterey Bay,2019,49,6789,76,12468,12327,0.7528190151699521,CA,City/Suburb,478819,34.2,M
110608,California State University-Northridge,2023,56,32429,81,8222,29789,0.9314847762596932,CA,City/Suburb,492544,34.2,M
110608,California State University-Northridge,2022,57,32181,80,8936,25965,0.9122665126131331,CA,City/Suburb,473448,34.2,M
110608,California State University-Northridge,2021,57,34496,80,8708,23656,0.8810449780182618,CA,City/Suburb,467260,34.2,M
110608,California State University-Northridge,2020,58,34916,79,8882,27765,0.6580587070052224,CA,City/Suburb,477479,34.2,M
110608,California State University-Northridge,2019,57,34799,80,8694,30661,0.5933922572649294,CA,City/Suburb,478819,34.2,M
110617,California State University-Sacramento,2023,49,28268,78,11183,25994,0.9362160498576595,CA,City/Suburb,492544,34.2,M
110617,California State University-Sacramento,2022,50,28921,78,11596,25276,0.932069947776547,CA,City/Suburb,473448,34.2,M
110617,California State University-Sacramento,2021,50,29451,76,7778,22706,0.936844886814058,CA,City/Suburb,467260,34.2,M
110617,California State University-Sacramento,2020,52,29296,75,11473,25734,0.8309240693246289,CA,City/Suburb,477479,34.2,M
110617,California State University-Sacramento,2019,53,28819,75,10271,27576,0.822635625181317,CA,City/Suburb,478819,34.2,M
110510,California State University-San Bernardino,2023,57,16067,90,6645,12772,0.9824616348261823,CA,City/Suburb,492544,34.2,R2
110510,California State University-San Bernardino,2022,59,17034,90,8805,15501,0.9108444616476357,CA,City/Suburb,473448,34.2,R2
110510,California State University-San Bernardino,2021,60,16858,89,3254,13057,0.9097036072604733,CA,City/Suburb,467260,34.2,R2
110510,California State University-San Bernardino,2020,61,17250,89,8492,14435,0.7812261863526152,CA,City/Suburb,477479,34.2,R2
110510,California State University-San Bernardino,2019,62,18282,89,7876,16311,0.6856109374042058,CA,City/Suburb,478819,34.2,R2
366711,California State University-San Marcos,2023,44,14246,75,10500,17519,0.9569610137564929,CA,City/Suburb,492544,34.2,M
366711,California State University-San Marcos,2022,45,13914,75,10463,14774,0.9519426018681467,CA,City/Suburb,473448,34.2,M
366711,California State University-San Marcos,2021,45,14963,74,14296,13986,0.933004433004433,CA,City/Suburb,467260,34.2,M
366711,California State University-San Marcos,2020,47,15040,74,12933,15413,0.7941997015506391,CA,City/Suburb,477479,34.2,M
366711,California State University-San Marcos,2019,47,14837,74,13010,17349,0.6166926047610813,CA,City/Suburb,478819,34.2,M
110495,California State University-Stanislaus,2023,55,8669,83,7316,5334,0.9746906636670416,CA,City/Suburb,492544,34.2,M
110495,California State University-Stanislaus,2022,57,8926,82,7555,6077,0.9661016949152542,CA,City/Suburb,473448,34.2,M
110495,California State University-Stanislaus,2021,57,9198,81,7230,5740,0.947560975609756,CA,City/Suburb,467260,34.2,M
110495,California State University-Stanislaus,2020,60,9903,81,7418,7136,0.8932174887892377,CA,City/Suburb,477479,34.2,M
110495,California State University-Stanislaus,2019,59,9723,80,7069,8764,0.8928571428571429,CA,City/Suburb,478819,34.2,M
176789,Calvary University,2023,36,198,21,12860,110,0.7090909090909091,MO,City/Suburb,67773,29.5,Baccalaureate
176789,Calvary University,2022,28,226,19,14897,57,0.631578947368421,MO,City/Suburb,66781,29.5,Baccalaureate
176789,Calvary University,2021,26,303,18,14117,86,0.5930232558139535,MO,City/Suburb,66906,29.5,Baccalaureate
176789,Calvary University,2019,50,348,22,15887,99,0.7777777777777778,MO,City/Suburb,68482,29.5,Baccalaureate
169080,Calvin University,2023,14,3053,32,26374,4719,0.7130748039838949,MI,City/Suburb,108265,29.6,M
169080,Calvin University,2022,16,2960,30,25775,4079,0.7420936504045109,MI,City/Suburb,103443,29.6,M
169080,Calvin University,2021,16,3068,29,27120,3986,0.750627195183141,MI,City/Suburb,107239,29.6,M
169080,Calvin University,2020,17,3181,30,26482,3199,0.73210378243201,MI,City/Suburb,108725,29.6,M
169080,Calvin University,2019,19,3467,31,27952,3416,0.7690281030444965,MI,City/Suburb,112177,29.6,M
198136,Campbell University,2023,33,2813,42,24517,3680,0.9429347826086957,NC,Town/Rural,108252,31.9,R0
198136,Campbell University,2022,34,2965,41,24280,3647,0.9374828626268166,NC,Town/Rural,114167,31.9,R0
198136,Campbell University,2021,33,3325,40,23163,4142,0.8725253500724288,NC,Town/Rural,116514,31.9,R0
198136,Campbell University,2020,34,3720,40,26299,5025,0.8129353233830846,NC,Town/Rural,116615,31.9,R0
198136,Campbell University,2019,34,3980,42,24015,5422,0.7770195499815566,NC,Town/Rural,114284,31.9,R0
156365,Campbellsville University,2023,22,6853,25,18777,1015,0.9832512315270936,KY,Town/Rural,49328,24.8,M
156365,Campbellsville University,2020,29,5794,26,19321,5130,0.7764132553606238,KY,Town/Rural,51547,24.8,M
156365,Campbellsville University,2019,46,4740,26,17788,4148,0.7005785920925748,KY,Town/Rural,51210,24.8,M
189705,Canisius University,2023,27,1798,36,19321,4147,0.8176995418374728,NY,City/Suburb,211853,37.2,M
189705,Canisius University,2022,29,1788,33,19635,4131,0.7772936335027838,NY,City/Suburb,213993,37.2,M
189705,Canisius University,2021,30,1866,33,18486,3668,0.8146128680479825,NY,City/Suburb,217586,37.2,M
189705,Canisius University,2020,31,1980,30,18828,3453,0.7602085143353605,NY,City/Suburb,209688,37.2,M
189705,Canisius University,2019,32,2213,31,19330,3422,0.8270017533606079,NY,City/Suburb,212104,37.2,M
201548,Capital University,2023,31,1747,32,22480,4365,0.731729667812142,OH,City/Suburb,133760,29,M
201548,Capital University,2022,27,1938,30,24439,4370,0.7215102974828376,OH,City/Suburb,133872,29,M
201548,Capital University,2021,28,2090,28,22742,3585,0.7417015341701534,OH,City/Suburb,136945,29,M
201548,Capital University,2020,29,2282,25,19897,4017,0.7406024396315658,OH,City/Suburb,135941,29,M
201548,Capital University,2019,29,2504,24,21946,4794,0.7211097204839383,OH,City/Suburb,135868,29,M
162061,Capitol Technology University,2023,35,266,71,23223,349,0.7793696275071633,MD,City/Suburb,69770,40.8,R0
162061,Capitol Technology University,2022,34,301,72,25445,258,0.6434108527131783,MD,City/Suburb,69124,40.8,R0
162061,Capitol Technology University,2021,37,331,64,24946,434,0.46543778801843316,MD,City/Suburb,71017,40.8,R0
162061,Capitol Technology University,2020,40,361,62,24638,275,0.8436363636363636,MD,City/Suburb,67971,40.8,R0
162061,Capitol Technology University,2019,36,400,61,23854,349,0.833810888252149,MD,City/Suburb,68208,40.8,R0
173258,Carleton College,2023,14,2069,48,29434,6464,0.22277227722772278,MN,Town/Rural,67002,36.7,Baccalaureate
173258,Carleton College,2022,14,2058,48,31494,8583,0.16625888384014914,MN,Town/Rural,64579,36.7,Baccalaureate
173258,Carleton College,2021,14,2044,46,31718,7915,0.17548957675300064,MN,Town/Rural,65199,36.7,Baccalaureate
173258,Carleton College,2020,14,1940,44,30843,6892,0.2118398142774231,MN,Town/Rural,66285,36.7,Baccalaureate
173258,Carleton College,2019,14,2115,42,31547,7324,0.19128891316220645,MN,Town/Rural,65499,36.7,Baccalaureate
211431,Carlow University,2023,41,1344,33,20561,1326,0.8710407239819005,PA,City/Suburb,142275,31.8,M
211431,Carlow University,2022,42,1247,31,17437,1124,0.9270462633451957,PA,City/Suburb,139193,31.8,M
211431,Carlow University,2021,42,1247,29,18638,1044,0.9204980842911877,PA,City/Suburb,142186,31.8,M
211431,Carlow University,2020,43,1277,29,21212,650,0.9446153846153846,PA,City/Suburb,143645,31.8,M
211431,Carlow University,2019,46,1298,31,20515,721,0.9181692094313454,PA,City/Suburb,143842,31.8,M
211440,Carnegie Mellon University,2023,15,7289,78,32964,33707,0.11401192630610853,PA,City/Suburb,142275,31.8,R1
211440,Carnegie Mellon University,2022,15,7059,78,33499,34261,0.11304398587315023,PA,City/Suburb,139193,31.8,R1
211440,Carnegie Mellon University,2021,15,6932,77,37450,32896,0.13536600194552528,PA,City/Suburb,142186,31.8,R1
211440,Carnegie Mellon University,2020,15,6622,75,36983,26189,0.1727442819504372,PA,City/Suburb,143645,31.8,R1
211440,Carnegie Mellon University,2019,14,6618,74,30618,27634,0.1544112325396251,PA,City/Suburb,143842,31.8,R1
489937,Carolina University,2023,46,424,64,19111,547,0.340036563071298,NC,City/Suburb,108252,31.9,M
489937,Carolina University,2022,57,350,57,16731,471,0.5201698513800425,NC,City/Suburb,114167,31.9,M
489937,Carolina University,2021,61,477,47,14179,536,0.4626865671641791,NC,City/Suburb,116514,31.9,M
489937,Carolina University,2020,75,443,46,14431,461,0.4967462039045553,NC,City/Suburb,116615,31.9,M
489937,Carolina University,2019,63,348,34,13375,412,0.28640776699029125,NC,City/Suburb,114284,31.9,M
433174,Carolinas College of Health Sciences,2022,21,409,52,23055,17,0.7058823529411765,NC,City/Suburb,114167,31.9,Special or Tribal
433174,Carolinas College of Health Sciences,2019,21,476,28,40090,51,0.35294117647058826,NC,City/Suburb,114284,31.9,Special or Tribal
180106,Carroll College,2023,18,1062,22,26103,1787,0.7263570229434807,MT,City/Suburb,9999,31.7,Baccalaureate
180106,Carroll College,2022,19,1125,21,23916,1519,0.7807768268597761,MT,City/Suburb,9694,31.7,Baccalaureate
180106,Carroll College,2021,20,1098,20,24285,1499,0.8392261507671781,MT,City/Suburb,9661,31.7,Baccalaureate
180106,Carroll College,2020,21,1100,20,24037,1449,0.7301587301587301,MT,City/Suburb,9686,31.7,Baccalaureate
180106,Carroll College,2019,20,1216,22,25187,2650,0.6890566037735849,MT,City/Suburb,9627,31.7,Baccalaureate
238458,Carroll University,2023,22,2623,30,25171,5972,0.5840589417280643,WI,City/Suburb,67563,30,M
238458,Carroll University,2022,23,2771,27,25485,4728,0.7214467005076142,WI,City/Suburb,65909,30,M
238458,Carroll University,2021,22,2884,24,24050,4481,0.7049765677304173,WI,City/Suburb,66830,30,M
238458,Carroll University,2020,23,2957,22,24094,4116,0.717687074829932,WI,City/Suburb,68053,30,M
238458,Carroll University,2019,24,2960,21,23866,4574,0.6735898557061653,WI,City/Suburb,68191,30,M
219806,Carson-Newman University,2023,39,1669,26,19755,2991,0.6827148110999666,TN,City/Suburb,72084,27.5,R0
219806,Carson-Newman University,2022,40,1519,26,20111,2928,0.7978142076502732,TN,City/Suburb,71347,27.5,R0
219806,Carson-Newman University,2021,43,1695,27,18147,2953,0.7886894683372841,TN,City/Suburb,72685,27.5,R0
219806,Carson-Newman University,2020,46,1722,24,19172,3022,0.7931833223031105,TN,City/Suburb,73281,27.5,R0
219806,Carson-Newman University,2019,45,1840,22,18531,3862,0.6923873640600725,TN,City/Suburb,72802,27.5,R0
238476,Carthage College,2023,26,2642,33,24962,8044,0.8414967677772253,WI,City/Suburb,67563,30,M
238476,Carthage College,2022,27,2559,31,26209,8112,0.8182938856015779,WI,City/Suburb,65909,30,M
238476,Carthage College,2021,25,2635,31,26643,8639,0.7569163097580739,WI,City/Suburb,66830,30,M
238476,Carthage College,2020,27,2637,31,27161,7099,0.766305113396253,WI,City/Suburb,68053,30,M
238476,Carthage College,2019,28,2638,32,28165,7018,0.6799658022228555,WI,City/Suburb,68191,30,M
111638,Casa Loma College-Los Angeles,2023,55,581,77,26780,184,0.3641304347826087,CA,City/Suburb,492544,34.2,Two-Year
111638,Casa Loma College-Los Angeles,2022,50,415,76,14985,40,0.4,CA,City/Suburb,473448,34.2,Two-Year
111638,Casa Loma College-Los Angeles,2021,44,246,73,22000,14,1,CA,City/Suburb,467260,34.2,Two-Year
201645,Case Western Reserve University,2023,17,6186,65,41351,39033,0.28675735915763584,OH,City/Suburb,133760,29,R1
201645,Case Western Reserve University,2022,16,6017,64,38279,38701,0.27407560528151725,OH,City/Suburb,133872,29,R1
201645,Case Western Reserve University,2021,16,5792,60,38166,33232,0.3023892633606163,OH,City/Suburb,136945,29,R1
201645,Case Western Reserve University,2020,14,5430,57,36002,29084,0.3027093934809517,OH,City/Suburb,135941,29,R1
201645,Case Western Reserve University,2019,13,5383,55,35890,28786,0.2736052247620371,OH,City/Suburb,135868,29,R1
198215,Catawba College,2023,39,1153,45,18319,2547,0.7769925402434237,NC,City/Suburb,108252,31.9,Baccalaureate
198215,Catawba College,2022,39,1094,46,19701,3199,0.670834635823695,NC,City/Suburb,114167,31.9,Baccalaureate
198215,Catawba College,2021,38,1142,44,19276,2199,0.5611641655297863,NC,City/Suburb,116514,31.9,Baccalaureate
198215,Catawba College,2020,37,1308,42,18657,3254,0.5212046711739398,NC,City/Suburb,116615,31.9,Baccalaureate
198215,Catawba College,2019,40,1324,41,18205,3335,0.49505247376311845,NC,City/Suburb,114284,31.9,Baccalaureate
211468,Cedar Crest College,2023,39,886,51,23036,1152,0.9913194444444444,PA,City/Suburb,142275,31.8,M
211468,Cedar Crest College,2022,42,953,47,23500,946,0.8424947145877378,PA,City/Suburb,139193,31.8,M
211468,Cedar Crest College,2021,42,1053,43,23501,1233,0.6877534468775345,PA,City/Suburb,142186,31.8,M
211468,Cedar Crest College,2020,43,1088,41,22438,1851,0.5245813074014046,PA,City/Suburb,143645,31.8,M
211468,Cedar Crest College,2019,41,1216,41,22123,1375,0.6087272727272727,PA,City/Suburb,143842,31.8,M
201654,Cedarville University,2023,15,4916,14,27047,5382,0.6282051282051282,OH,Town/Rural,133760,29,M
201654,Cedarville University,2022,17,4533,13,25462,5435,0.6487580496780129,OH,Town/Rural,133872,29,M
201654,Cedarville University,2021,18,4191,11,25380,5223,0.6224392111813134,OH,Town/Rural,136945,29,M
201654,Cedarville University,2020,19,4024,11,24965,5008,0.5932507987220448,OH,Town/Rural,135941,29,M
201654,Cedarville University,2019,20,3879,11,23827,3869,0.7883173946756268,OH,Town/Rural,135868,29,M
158477,Centenary College of Louisiana,2023,39,620,43,25427,1834,0.5441657579062159,LA,City/Suburb,49729,24.3,Baccalaureate
158477,Centenary College of Louisiana,2022,37,523,40,30050,1139,0.636523266022827,LA,City/Suburb,49777,24.3,Baccalaureate
158477,Centenary College of Louisiana,2021,36,523,39,27386,876,0.6312785388127854,LA,City/Suburb,52461,24.3,Baccalaureate
158477,Centenary College of Louisiana,2020,36,552,37,24079,862,0.6368909512761021,LA,City/Suburb,53334,24.3,Baccalaureate
158477,Centenary College of Louisiana,2019,35,549,37,17409,920,0.5978260869565217,LA,City/Suburb,52809,24.3,Baccalaureate
183974,Centenary University,2023,38,951,37,22838,1294,0.9667697063369397,NJ,City/Suburb,104131,40.8,M
183974,Centenary University,2022,35,1026,37,21935,1330,0.9654135338345865,NJ,City/Suburb,107755,40.8,M
183974,Centenary University,2021,38,1128,36,24476,1346,0.9762258543833581,NJ,City/Suburb,109108,40.8,M
183974,Centenary University,2020,36,1190,38,21044,1342,0.9299552906110283,NJ,City/Suburb,109961,40.8,M
183974,Centenary University,2019,38,1193,40,22221,1362,0.750367107195301,NJ,City/Suburb,113367,40.8,M
232618,Centra College,2022,48,227,61,28418,15,0.4,VA,City/Suburb,98780,39.3,Special or Tribal
232618,Centra College,2021,48,304,85,28887,6,0.8333333333333334,VA,City/Suburb,100147,39.3,Special or Tribal
232618,Centra College,2020,29,314,61,30040,11,0.8181818181818182,VA,City/Suburb,98970,39.3,Special or Tribal
106713,Central Baptist College,2023,42,550,41,16672,302,0.46357615894039733,AR,City/Suburb,33693,23.3,Baccalaureate
106713,Central Baptist College,2022,43,564,38,18128,269,0.6394052044609665,AR,City/Suburb,33705,23.3,Baccalaureate
106713,Central Baptist College,2021,48,622,34,17089,349,0.6160458452722063,AR,City/Suburb,34604,23.3,Baccalaureate
106713,Central Baptist College,2020,46,604,32,15547,530,0.4981132075471698,AR,City/Suburb,34014,23.3,Baccalaureate
106713,Central Baptist College,2019,50,666,29,16325,530,0.4,AR,City/Suburb,33531,23.3,Baccalaureate
153108,Central College,2023,21,1095,13,22499,1978,0.7896865520728008,IA,Town/Rural,36870,29,Baccalaureate
153108,Central College,2022,22,1169,14,23303,1970,0.7923857868020304,IA,Town/Rural,36521,29,Baccalaureate
153108,Central College,2021,25,1139,14,22966,2202,0.7452316076294278,IA,Town/Rural,37097,29,Baccalaureate
153108,Central College,2020,27,1120,15,21690,2340,0.6367521367521367,IA,Town/Rural,36359,29,Baccalaureate
153108,Central College,2019,27,1163,17,23343,2688,0.6506696428571429,IA,Town/Rural,36735,29,Baccalaureate
128771,Central Connecticut State University,2023,35,7917,46,17207,8282,0.7552523545037431,CT,City/Suburb,44962,39.6,M
128771,Central Connecticut State University,2022,36,7665,44,17362,7302,0.7670501232539031,CT,City/Suburb,44540,39.6,M
128771,Central Connecticut State University,2021,36,7748,43,14425,6285,0.7482895783611774,CT,City/Suburb,44901,39.6,M
128771,Central Connecticut State University,2020,38,8593,42,16017,7724,0.6484981874676333,CT,City/Suburb,45222,39.6,M
128771,Central Connecticut State University,2019,38,9045,42,15602,7807,0.6563340591776611,CT,City/Suburb,45216,39.6,M
445267,Central Methodist University-College of Graduate and Extended Studies,2023,27,3247,17,14774,280,0.8714285714285714,MO,Town/Rural,67773,29.5,M
445267,Central Methodist University-College of Graduate and Extended Studies,2021,25,2886,16,18452,15,1,MO,Town/Rural,66906,29.5,M
445267,Central Methodist University-College of Graduate and Extended Studies,2020,28,3123,14,12435,6,1,MO,Town/Rural,67892,29.5,M
445267,Central Methodist University-College of Graduate and Extended Studies,2019,33,3502,11,15196,8,1,MO,Town/Rural,68482,29.5,M
176947,Central Methodist University-College of Liberal Arts and Sciences,2023,37,1017,36,25050,1149,0.8790252393385553,MO,Town/Rural,67773,29.5,Baccalaureate
176947,Central Methodist University-College of Liberal Arts and Sciences,2022,39,1080,37,24828,1166,0.9785591766723842,MO,Town/Rural,66781,29.5,Baccalaureate
176947,Central Methodist University-College of Liberal Arts and Sciences,2021,40,1144,37,25083,1345,0.9895910780669145,MO,Town/Rural,66906,29.5,Baccalaureate
176947,Central Methodist University-College of Liberal Arts and Sciences,2020,43,1141,34,25290,1310,0.9534351145038168,MO,Town/Rural,67892,29.5,Baccalaureate
176947,Central Methodist University-College of Liberal Arts and Sciences,2019,46,1145,33,21215,1240,0.932258064516129,MO,Town/Rural,68482,29.5,Baccalaureate
169248,Central Michigan University,2023,31,10055,24,15826,18102,0.9100651861672744,MI,Town/Rural,108265,29.6,R2
169248,Central Michigan University,2022,31,10401,24,15605,19888,0.7894710378117458,MI,Town/Rural,103443,29.6,R2
169248,Central Michigan University,2021,33,11417,24,16880,18517,0.7708052060268942,MI,Town/Rural,107239,29.6,R2
169248,Central Michigan University,2020,34,13031,25,15758,19396,0.6867395339245205,MI,Town/Rural,108725,29.6,R2
169248,Central Michigan University,2019,34,14627,25,15266,16411,0.6951435013100968,MI,Town/Rural,112177,29.6,R2
201690,Central State University,2023,42,3429,82,14821,3291,0.46004254026131874,OH,Town/Rural,133760,29,Baccalaureate
201690,Central State University,2022,49,5406,74,10194,3814,0.8883062401678028,OH,Town/Rural,133872,29,Baccalaureate
201690,Central State University,2021,71,6035,73,10598,8019,0.586357401172216,OH,Town/Rural,136945,29,Baccalaureate
201690,Central State University,2020,94,4021,73,10260,10191,0.5804140908644883,OH,Town/Rural,135941,29,Baccalaureate
201690,Central State University,2019,80,2033,98,9389,13464,0.5678847296494355,OH,Town/Rural,135868,29,Baccalaureate
234827,Central Washington University,2023,31,8309,45,15558,6829,0.9021818714306633,WA,Town/Rural,78990,36.7,M
234827,Central Washington University,2022,34,9715,45,15864,6409,0.9349352473084724,WA,Town/Rural,78071,36.7,M
234827,Central Washington University,2021,33,9566,47,17645,10767,0.8844617813689979,WA,Town/Rural,79537,36.7,M
234827,Central Washington University,2020,34,10518,48,16593,12401,0.8583178775905169,WA,Town/Rural,79042,36.7,M
234827,Central Washington University,2019,35,11111,49,16014,11017,0.8492330035399837,WA,Town/Rural,78061,36.7,M
189857,Central Yeshiva Tomchei Tmimim Lubavitz,2023,64,810,12,19471,182,0.8846153846153846,NY,City/Suburb,211853,37.2,Special or Tribal
189857,Central Yeshiva Tomchei Tmimim Lubavitz,2022,65,679,14,16773,131,0.916030534351145,NY,City/Suburb,213993,37.2,Special or Tribal
189857,Central Yeshiva Tomchei Tmimim Lubavitz,2021,69,577,17,18839,90,0.9222222222222223,NY,City/Suburb,217586,37.2,Special or Tribal
189857,Central Yeshiva Tomchei Tmimim Lubavitz,2020,61,513,12,15572,105,0.9523809523809523,NY,City/Suburb,209688,37.2,Special or Tribal
189857,Central Yeshiva Tomchei Tmimim Lubavitz,2019,57,609,15,15095,125,0.952,NY,City/Suburb,212104,37.2,Special or Tribal
156408,Centre College,2023,21,1356,27,23780,3226,0.5433973961562306,KY,Town/Rural,49328,24.8,Baccalaureate
156408,Centre College,2022,22,1357,27,23584,2724,0.6284875183553598,KY,Town/Rural,49640,24.8,Baccalaureate
156408,Centre College,2021,20,1320,28,22470,2567,0.6797818465134398,KY,Town/Rural,50879,24.8,Baccalaureate
156408,Centre College,2020,19,1333,28,22748,2163,0.7207582061950994,KY,Town/Rural,51547,24.8,Baccalaureate
156408,Centre College,2019,19,1411,29,24226,2211,0.7643600180913613,KY,Town/Rural,51210,24.8,Baccalaureate
141486,Chaminade University of Honolulu,2023,42,1764,92,27695,2034,0.9262536873156342,HI,City/Suburb,14206,33.5,M
141486,Chaminade University of Honolulu,2022,42,1583,91,27315,1381,0.9341057204923968,HI,City/Suburb,14314,33.5,M
141486,Chaminade University of Honolulu,2021,42,1549,90,27171,1502,0.9007989347536618,HI,City/Suburb,14567,33.5,M
141486,Chaminade University of Honolulu,2020,42,1634,89,24933,1714,0.8897316219369895,HI,City/Suburb,14100,33.5,M
141486,Chaminade University of Honolulu,2019,43,1572,87,24653,1595,0.9467084639498433,HI,City/Suburb,14706,33.5,M
230852,Champlain College,2023,23,2886,31,36846,5297,0.6671700962809137,VT,City/Suburb,5789,38.7,M
230852,Champlain College,2022,22,3060,30,35133,6940,0.5567723342939481,VT,City/Suburb,5977,38.7,M
230852,Champlain College,2021,22,3217,29,36276,6444,0.6243016759776536,VT,City/Suburb,5988,38.7,M
230852,Champlain College,2020,22,3512,30,35870,3273,0.851512373968836,VT,City/Suburb,6158,38.7,M
230852,Champlain College,2019,23,3748,31,36628,3629,0.8514742353265362,VT,City/Suburb,6547,38.7,M
111948,Chapman University,2023,20,7874,53,48037,15914,0.5560512756063843,CA,City/Suburb,492544,34.2,R2
111948,Chapman University,2022,19,7869,52,45033,13690,0.7252008765522279,CA,City/Suburb,473448,34.2,R2
111948,Chapman University,2021,19,7714,51,40451,15098,0.6037223473307722,CA,City/Suburb,467260,34.2,R2
111948,Chapman University,2020,19,7404,50,44327,14252,0.5825849003648611,CA,City/Suburb,477479,34.2,R2
111948,Chapman University,2019,18,7505,50,43767,14273,0.55650528970784,CA,City/Suburb,478819,34.2,R2
111966,Charles R Drew University of Medicine and Science,2023,31,234,97,27789,985,0.38781725888324875,CA,City/Suburb,492544,34.2,Special or Tribal
111966,Charles R Drew University of Medicine and Science,2022,46,246,97,27637,834,0.8045563549160671,CA,City/Suburb,473448,34.2,Special or Tribal
111966,Charles R Drew University of Medicine and Science,2021,53,255,95,26470,1185,0.6329113924050633,CA,City/Suburb,467260,34.2,Special or Tribal
111966,Charles R Drew University of Medicine and Science,2020,50,241,96,23746,364,0.25,CA,City/Suburb,477479,34.2,Special or Tribal
111966,Charles R Drew University of Medicine and Science,2019,53,198,95,16103,550,0.31636363636363635,CA,City/Suburb,478819,34.2,Special or Tribal
217688,Charleston Southern University,2023,35,2914,44,21347,6072,0.7608695652173914,SC,City/Suburb,53335,28.3,M
217688,Charleston Southern University,2022,35,2836,51,17536,4967,0.8675256694181599,SC,City/Suburb,52277,28.3,M
217688,Charleston Southern University,2021,37,2725,57,18182,3940,0.5720812182741116,SC,City/Suburb,52010,28.3,M
217688,Charleston Southern University,2020,37,2720,39,17496,4953,0.5378558449424591,SC,City/Suburb,52680,28.3,M
217688,Charleston Southern University,2019,45,2884,40,17866,5398,0.4964801778436458,SC,City/Suburb,53953,28.3,M
211556,Chatham University,2023,21,1507,37,29051,4169,0.7011273686735429,PA,City/Suburb,142275,31.8,R0
211556,Chatham University,2022,25,1499,36,28322,3514,0.6633466135458167,PA,City/Suburb,139193,31.8,R0
211556,Chatham University,2021,27,1456,32,27225,3006,0.7338656021290751,PA,City/Suburb,142186,31.8,R0
211556,Chatham University,2020,26,1358,34,28310,2505,0.66187624750499,PA,City/Suburb,143645,31.8,R0
211556,Chatham University,2019,31,1408,34,26320,2531,0.6218885815883051,PA,City/Suburb,143842,31.8,R0
211583,Chestnut Hill College,2023,47,972,69,28583,2559,0.7913247362250879,PA,City/Suburb,142275,31.8,M
211583,Chestnut Hill College,2022,52,989,67,25357,1543,0.981853532080363,PA,City/Suburb,139193,31.8,M
211583,Chestnut Hill College,2021,48,1072,65,26658,1197,0.9791144527986633,PA,City/Suburb,142186,31.8,M
211583,Chestnut Hill College,2020,46,1074,64,24892,2318,0.7113891285591026,PA,City/Suburb,143645,31.8,M
211583,Chestnut Hill College,2019,44,1197,61,29156,1440,0.6493055555555556,PA,City/Suburb,143842,31.8,M
144005,Chicago State University,2023,55,1495,97,9852,9458,0.4051596532036371,IL,City/Suburb,148445,35.1,M
144005,Chicago State University,2022,60,1450,98,6446,7404,0.4851431658562939,IL,City/Suburb,145439,35.1,M
144005,Chicago State University,2021,45,1502,98,4846,4805,0.47471383975026016,IL,City/Suburb,150490,35.1,M
144005,Chicago State University,2020,62,1685,98,8637,4151,0.4642254878342568,IL,City/Suburb,149373,35.1,M
144005,Chicago State University,2019,63,2108,97,9820,3126,0.6333973128598849,IL,City/Suburb,152277,35.1,M
198303,Chowan University,2023,61,638,72,15845,2360,0.7237288135593221,NC,Town/Rural,108252,31.9,Baccalaureate
198303,Chowan University,2022,69,800,80,17334,2259,0.866755201416556,NC,Town/Rural,114167,31.9,Baccalaureate
198303,Chowan University,2021,69,920,79,17070,1658,0.7925211097708083,NC,Town/Rural,116514,31.9,Baccalaureate
198303,Chowan University,2020,72,1100,82,16784,2549,0.6735974892114555,NC,Town/Rural,116615,31.9,Baccalaureate
198303,Chowan University,2019,75,1259,83,17599,3687,0.6834825061025224,NC,Town/Rural,114284,31.9,Baccalaureate
219833,Christian Brothers University,2023,31,1204,75,17068,1105,0.8841628959276018,TN,City/Suburb,72084,27.5,M
219833,Christian Brothers University,2022,36,1253,77,18612,877,0.8745724059293044,TN,City/Suburb,71347,27.5,M
219833,Christian Brothers University,2021,33,1321,74,18997,1167,0.9657240788346186,TN,City/Suburb,72685,27.5,M
219833,Christian Brothers University,2020,34,1548,71,17830,4325,0.49942196531791905,TN,City/Suburb,73281,27.5,M
219833,Christian Brothers University,2019,35,1642,68,19802,3284,0.5015225334957369,TN,City/Suburb,72802,27.5,M
231712,Christopher Newport University,2023,15,4407,28,22864,7062,0.8796374964599264,VA,City/Suburb,99497,39.3,M
231712,Christopher Newport University,2022,14,4449,26,23287,7428,0.8535271943995691,VA,City/Suburb,98780,39.3,M
231712,Christopher Newport University,2021,13,4472,24,24059,6699,0.8853560232870578,VA,City/Suburb,100147,39.3,M
231712,Christopher Newport University,2020,13,4758,24,25102,7311,0.7641909451511422,VA,City/Suburb,98970,39.3,M
231712,Christopher Newport University,2019,14,4837,23,25443,7204,0.718906163242643,VA,City/Suburb,95710,39.3,M
217864,Citadel Military College of South Carolina,2023,19,2661,26,21041,2883,0.980922650017343,SC,City/Suburb,53335,28.3,M
217864,Citadel Military College of South Carolina,2022,20,2695,25,21846,2253,0.9857967154904572,SC,City/Suburb,52277,28.3,M
217864,Citadel Military College of South Carolina,2021,20,2718,24,19473,2470,0.8639676113360324,SC,City/Suburb,52010,28.3,M
217864,Citadel Military College of South Carolina,2020,21,2858,25,17920,2524,0.7995245641838352,SC,City/Suburb,52680,28.3,M
217864,Citadel Military College of South Carolina,2019,22,2923,24,17723,2742,0.7472647702407003,SC,City/Suburb,53953,28.3,M
217873,Claflin University,2023,73,1754,99,21232,6999,0.7255322188884127,SC,Town/Rural,53335,28.3,Baccalaureate
217873,Claflin University,2022,74,1749,96,19951,7568,0.7799947145877378,SC,Town/Rural,52277,28.3,Baccalaureate
217873,Claflin University,2021,72,1779,98,19308,8467,0.6246604464391166,SC,Town/Rural,52010,28.3,Baccalaureate
217873,Claflin University,2020,72,1969,99,20806,9261,0.651333549292733,SC,Town/Rural,52680,28.3,Baccalaureate
217873,Claflin University,2019,71,1986,99,18136,9081,0.5520317145688801,SC,Town/Rural,53953,28.3,Baccalaureate
112260,Claremont McKenna College,2023,19,1381,63,29978,5799,0.11122607346094154,CA,City/Suburb,492544,34.2,Baccalaureate
112260,Claremont McKenna College,2022,20,1386,65,28701,5709,0.10352075669994745,CA,City/Suburb,473448,34.2,Baccalaureate
112260,Claremont McKenna College,2021,20,1416,63,21663,5632,0.11239346590909091,CA,City/Suburb,467260,34.2,Baccalaureate
112260,Claremont McKenna College,2020,18,1262,62,22004,5306,0.13343384847342632,CA,City/Suburb,477479,34.2,Baccalaureate
112260,Claremont McKenna College,2019,16,1343,59,24456,6066,0.10303330036267722,CA,City/Suburb,478819,34.2,Baccalaureate
138947,Clark Atlanta University,2023,69,3495,100,29736,27672,0.6462850534836658,GA,City/Suburb,126146,31.9,R2
138947,Clark Atlanta University,2022,68,3427,100,30015,16153,0.562619946759116,GA,City/Suburb,122695,31.9,R2
138947,Clark Atlanta University,2021,68,3390,100,29739,16718,0.5824261275272161,GA,City/Suburb,124712,31.9,R2
138947,Clark Atlanta University,2020,69,3096,100,29100,15613,0.5904694805610708,GA,City/Suburb,126126,31.9,R2
138947,Clark Atlanta University,2019,68,3318,100,27931,16483,0.5482011769702118,GA,City/Suburb,121897,31.9,R2
165334,Clark University,2023,21,2369,38,32767,10730,0.41668219944082013,MA,City/Suburb,78133,44.5,R2
165334,Clark University,2022,21,2389,38,32053,8787,0.503243427791055,MA,City/Suburb,78514,44.5,R2
165334,Clark University,2021,22,2302,39,31565,8151,0.48030916451969086,MA,City/Suburb,78839,44.5,R2
165334,Clark University,2020,21,2233,39,30617,7153,0.471270795470432,MA,City/Suburb,79537,44.5,R2
165334,Clark University,2019,21,2349,41,30158,7639,0.527817777195968,MA,City/Suburb,78060,44.5,R2
153126,Clarke University,2023,36,871,44,25692,3087,0.6815678652413346,IA,City/Suburb,36870,29,R0
153126,Clarke University,2022,39,785,42,27275,2665,0.8480300187617261,IA,City/Suburb,36521,29,R0
153126,Clarke University,2021,37,717,40,25414,2006,0.8878364905284147,IA,City/Suburb,37097,29,R0
153126,Clarke University,2020,35,659,35,25756,1102,0.8920145190562614,IA,City/Suburb,36359,29,R0
153126,Clarke University,2019,34,685,31,23120,1074,0.9385474860335196,IA,City/Suburb,36735,29,R0
211024,Clarks Summit University,2023,49,345,20,23070,202,0.900990099009901,PA,City/Suburb,142275,31.8,M
211024,Clarks Summit University,2022,49,402,20,16176,240,0.8916666666666667,PA,City/Suburb,139193,31.8,M
211024,Clarks Summit University,2021,47,467,18,17216,417,0.5827338129496403,PA,City/Suburb,142186,31.8,M
211024,Clarks Summit University,2020,45,507,18,18178,265,0.6188679245283019,PA,City/Suburb,143645,31.8,M
211024,Clarks Summit University,2019,57,536,19,16980,276,0.4057971014492754,PA,City/Suburb,143842,31.8,M
180832,Clarkson College,2023,30,613,35,13814,56,0.6428571428571429,NE,City/Suburb,24387,32.4,Special or Tribal
180832,Clarkson College,2022,34,631,33,14506,66,0.5606060606060606,NE,City/Suburb,23856,32.4,Special or Tribal
180832,Clarkson College,2021,32,616,33,15852,25,0.96,NE,City/Suburb,23769,32.4,Special or Tribal
180832,Clarkson College,2020,32,616,32,17417,102,0.5686274509803921,NE,City/Suburb,23830,32.4,Special or Tribal
180832,Clarkson College,2019,33,595,37,20153,82,0.4634146341463415,NE,City/Suburb,23314,32.4,Special or Tribal
190044,Clarkson University,2023,20,2513,22,33192,7347,0.771607458826732,NY,Town/Rural,211853,37.2,R2
190044,Clarkson University,2022,21,2668,21,32450,6594,0.7841977555353351,NY,Town/Rural,213993,37.2,R2
190044,Clarkson University,2021,23,2852,21,31413,7011,0.7458279845956355,NY,Town/Rural,217586,37.2,R2
190044,Clarkson University,2020,23,2905,21,30308,6198,0.7799290093578574,NY,Town/Rural,209688,37.2,R2
190044,Clarkson University,2019,23,3081,22,29891,6673,0.7459913082571556,NY,Town/Rural,212104,37.2,R2
139311,Clayton  State University,2023,52,5301,88,9397,1782,0.7059483726150393,GA,City/Suburb,126146,31.9,M
139311,Clayton  State University,2022,52,5283,87,9792,2255,0.5631929046563193,GA,City/Suburb,122695,31.9,M
139311,Clayton  State University,2021,51,6145,87,10088,1843,0.6256104177970699,GA,City/Suburb,124712,31.9,M
139311,Clayton  State University,2020,51,6376,85,11620,2362,0.6854360711261642,GA,City/Suburb,126126,31.9,M
139311,Clayton  State University,2019,51,6368,83,10037,1938,0.5113519091847265,GA,City/Suburb,121897,31.9,M
169327,Cleary University,2023,27,811,44,24965,593,0.4974704890387858,MI,City/Suburb,108265,29.6,Special or Tribal
169327,Cleary University,2022,29,719,78,20699,810,0.6753086419753086,MI,City/Suburb,103443,29.6,Special or Tribal
169327,Cleary University,2021,29,612,41,17978,953,0.7586568730325288,MI,City/Suburb,107239,29.6,Special or Tribal
169327,Cleary University,2020,32,509,31,18457,803,0.6525529265255293,MI,City/Suburb,108725,29.6,Special or Tribal
169327,Cleary University,2019,36,462,25,16137,210,0.7142857142857143,MI,City/Suburb,112177,29.6,Special or Tribal
217882,Clemson University,2023,15,22875,24,24408,60122,0.3805428961112405,SC,City/Suburb,53335,28.3,R1
217882,Clemson University,2022,15,22566,23,24577,52819,0.42984532081258636,SC,City/Suburb,52277,28.3,R1
217882,Clemson University,2021,15,21653,22,23732,47007,0.492224562299232,SC,City/Suburb,52010,28.3,R1
217882,Clemson University,2020,16,20868,20,22935,28600,0.6194055944055944,SC,City/Suburb,52680,28.3,R1
217882,Clemson University,2019,17,20195,20,21482,29070,0.5125558995528036,SC,City/Suburb,53953,28.3,R1
202046,Cleveland Institute of Art,2023,38,566,35,33527,963,0.5628245067497404,OH,City/Suburb,133760,29,Special or Tribal
202046,Cleveland Institute of Art,2022,43,584,32,33395,693,0.6984126984126984,OH,City/Suburb,133872,29,Special or Tribal
202046,Cleveland Institute of Art,2021,46,580,34,31448,932,0.6587982832618026,OH,City/Suburb,136945,29,Special or Tribal
202046,Cleveland Institute of Art,2020,43,599,32,35344,975,0.6717948717948717,OH,City/Suburb,135941,29,Special or Tribal
202046,Cleveland Institute of Art,2019,42,645,32,34369,1138,0.6959578207381371,OH,City/Suburb,135868,29,Special or Tribal
202073,Cleveland Institute of Music,2023,15,194,53,36001,461,0.38177874186550975,OH,City/Suburb,133760,29,Special or Tribal
202073,Cleveland Institute of Music,2022,15,198,54,29383,378,0.36243386243386244,OH,City/Suburb,133872,29,Special or Tribal
202073,Cleveland Institute of Music,2021,15,208,89,32598,456,0.32894736842105265,OH,City/Suburb,136945,29,Special or Tribal
202073,Cleveland Institute of Music,2020,14,234,65,36903,562,0.3416370106761566,OH,City/Suburb,135941,29,Special or Tribal
202073,Cleveland Institute of Music,2019,13,230,62,34600,500,0.366,OH,City/Suburb,135868,29,Special or Tribal
202134,Cleveland State University,2023,39,9463,43,16307,10274,0.95483745376679,OH,City/Suburb,133760,29,R2
202134,Cleveland State University,2022,38,9776,40,15719,11570,0.8532411408815903,OH,City/Suburb,133872,29,R2
202134,Cleveland State University,2021,38,10481,37,15517,11506,0.9129150008691118,OH,City/Suburb,136945,29,R2
202134,Cleveland State University,2020,40,11166,36,16007,7815,0.9360204734484965,OH,City/Suburb,135941,29,R2
202134,Cleveland State University,2019,41,11564,36,16219,10646,0.94007138831486,OH,City/Suburb,135868,29,R2
177038,Cleveland University-Kansas City,2023,57,87,54,30243,5,0.8,KS,City/Suburb,36832,33.8,Special or Tribal
177038,Cleveland University-Kansas City,2022,47,90,24,33239,15,0.8666666666666667,KS,City/Suburb,36624,33.8,Special or Tribal
177038,Cleveland University-Kansas City,2021,41,91,30,32576,14,1,KS,City/Suburb,36149,33.8,Special or Tribal
177038,Cleveland University-Kansas City,2019,66,74,23,35246,5,1,KS,City/Suburb,35979,33.8,Special or Tribal
218724,Coastal Carolina University,2023,27,10306,34,14453,18223,0.8018986994457553,SC,City/Suburb,53335,28.3,M
218724,Coastal Carolina University,2022,30,9794,30,14016,17161,0.7862595419847328,SC,City/Suburb,52277,28.3,M
218724,Coastal Carolina University,2021,31,9790,33,14956,15481,0.7913571474710936,SC,City/Suburb,52010,28.3,M
218724,Coastal Carolina University,2020,34,9500,34,14716,14152,0.7044940644431883,SC,City/Suburb,52680,28.3,M
218724,Coastal Carolina University,2019,34,9760,33,15111,15061,0.6887324878826108,SC,City/Suburb,53953,28.3,M
153144,Coe College,2023,36,1278,38,20940,7171,0.7067354622786223,IA,City/Suburb,36870,29,Baccalaureate
153144,Coe College,2021,36,1371,35,19141,6997,0.7265971130484493,IA,City/Suburb,37097,29,Baccalaureate
153144,Coe College,2020,34,1394,35,21155,7041,0.7986081522511007,IA,City/Suburb,36359,29,Baccalaureate
153144,Coe College,2019,35,1430,34,21081,7431,0.6332929619162966,IA,City/Suburb,36735,29,Baccalaureate
217907,Coker University,2023,29,1187,49,18910,1121,0.9723461195361285,SC,Town/Rural,53335,28.3,M
217907,Coker University,2022,34,1060,53,19345,996,0.9407630522088354,SC,Town/Rural,52277,28.3,M
217907,Coker University,2021,53,1171,39,17720,801,0.9762796504369539,SC,Town/Rural,52010,28.3,M
217907,Coker University,2020,55,954,46,16647,965,0.9305699481865285,SC,Town/Rural,52680,28.3,M
217907,Coker University,2019,47,977,45,15037,1332,0.6328828828828829,SC,Town/Rural,53953,28.3,M
161086,Colby College,2023,13,2284,46,15163,17786,0.06831215562802204,ME,Town/Rural,14133,31.5,Baccalaureate
161086,Colby College,2022,14,2299,44,16951,16890,0.07613972764949674,ME,Town/Rural,13869,31.5,Baccalaureate
161086,Colby College,2021,15,2262,43,17912,15857,0.08873052910386581,ME,Town/Rural,14239,31.5,Baccalaureate
161086,Colby College,2020,16,2155,39,18552,13922,0.10271512713690562,ME,Town/Rural,14677,31.5,Baccalaureate
161086,Colby College,2019,14,2003,39,19592,13584,0.09673144876325088,ME,Town/Rural,15274,31.5,Baccalaureate
182634,Colby-Sawyer College,2023,23,834,26,26483,1557,0.8998073217726397,NH,Town/Rural,15434,36.8,Baccalaureate
182634,Colby-Sawyer College,2022,29,867,26,28202,1751,0.7801256424900057,NH,Town/Rural,15352,36.8,Baccalaureate
182634,Colby-Sawyer College,2021,26,788,21,26781,1847,0.9306984298863021,NH,Town/Rural,15187,36.8,Baccalaureate
182634,Colby-Sawyer College,2020,29,878,24,27625,1888,0.909957627118644,NH,Town/Rural,14958,36.8,Baccalaureate
182634,Colby-Sawyer College,2019,29,851,21,28601,2676,0.8961136023916293,NH,Town/Rural,15466,36.8,Baccalaureate
190099,Colgate University,2023,13,3131,35,26954,21130,0.11954566966398486,NY,Town/Rural,211853,37.2,Baccalaureate
190099,Colgate University,2022,13,3130,36,27074,21109,0.12430716755886115,NY,Town/Rural,213993,37.2,Baccalaureate
190099,Colgate University,2021,11,3164,34,24500,17540,0.17189281641961232,NY,Town/Rural,217586,37.2,Baccalaureate
190099,Colgate University,2020,11,3042,35,25935,8583,0.27472911569381336,NY,Town/Rural,209688,37.2,Baccalaureate
190099,Colgate University,2019,12,2980,35,23503,9951,0.22580645161290322,NY,Town/Rural,212104,37.2,Baccalaureate
169442,College for Creative Studies,2023,28,1399,48,34436,1132,0.9275618374558304,MI,City/Suburb,108265,29.6,Special or Tribal
169442,College for Creative Studies,2022,29,1451,47,34906,1622,0.4919852034525277,MI,City/Suburb,103443,29.6,Special or Tribal
169442,College for Creative Studies,2021,31,1558,48,34197,1485,0.538047138047138,MI,City/Suburb,107239,29.6,Special or Tribal
169442,College for Creative Studies,2020,33,1462,45,36203,1739,0.5537665324899368,MI,City/Suburb,108725,29.6,Special or Tribal
169442,College for Creative Studies,2019,31,1480,45,38539,2122,0.43779453345900093,MI,City/Suburb,112177,29.6,Special or Tribal
217819,College of Charleston,2023,19,10660,22,20806,26683,0.7200089944908743,SC,City/Suburb,53335,28.3,M
217819,College of Charleston,2022,21,9972,22,21120,22020,0.7568574023614896,SC,City/Suburb,52277,28.3,M
217819,College of Charleston,2021,21,9967,21,20255,20484,0.7610818199570396,SC,City/Suburb,52010,28.3,M
217819,College of Charleston,2020,22,9300,23,20351,15214,0.7431970553437623,SC,City/Suburb,52680,28.3,M
217819,College of Charleston,2019,24,9600,23,19764,11783,0.7833319188661632,SC,City/Suburb,53953,28.3,M
139250,College of Coastal Georgia,2023,41,3189,39,12670,2548,0.9850863422291993,GA,City/Suburb,126146,31.9,Baccalaureate
139250,College of Coastal Georgia,2022,38,3147,40,12117,2519,0.9833267169511711,GA,City/Suburb,122695,31.9,Baccalaureate
139250,College of Coastal Georgia,2021,39,3232,38,12772,2078,0.9735322425409048,GA,City/Suburb,124712,31.9,Baccalaureate
139250,College of Coastal Georgia,2020,40,3457,37,12085,2267,0.9594177326863697,GA,City/Suburb,126126,31.9,Baccalaureate
139250,College of Coastal Georgia,2019,42,3535,36,12255,1785,0.8717086834733894,GA,City/Suburb,121897,31.9,Baccalaureate
167394,College of Our Lady of the Elms,2023,42,1038,58,22311,1442,0.8765603328710125,MA,City/Suburb,78133,44.5,M
167394,College of Our Lady of the Elms,2022,45,980,52,23498,1177,0.9090909090909091,MA,City/Suburb,78514,44.5,M
167394,College of Our Lady of the Elms,2021,44,1060,51,22889,1565,0.6792332268370607,MA,City/Suburb,78839,44.5,M
167394,College of Our Lady of the Elms,2020,44,1030,50,25340,1479,0.6977687626774848,MA,City/Suburb,79537,44.5,M
167394,College of Our Lady of the Elms,2019,45,1123,50,23871,875,0.7508571428571429,MA,City/Suburb,78060,44.5,M
174747,College of Saint Benedict,2023,19,1410,21,29720,1852,0.9136069114470843,MN,City/Suburb,67002,36.7,Baccalaureate
174747,College of Saint Benedict,2022,21,1443,19,28746,1689,0.8780343398460627,MN,City/Suburb,64579,36.7,Baccalaureate
174747,College of Saint Benedict,2021,22,1542,20,28269,1705,0.9178885630498533,MN,City/Suburb,65199,36.7,Baccalaureate
174747,College of Saint Benedict,2020,23,1668,20,27960,1845,0.8401084010840109,MN,City/Suburb,66285,36.7,Baccalaureate
174747,College of Saint Benedict,2019,25,1748,20,28177,2052,0.8045808966861598,MN,City/Suburb,65499,36.7,Baccalaureate
181604,College of Saint Mary,2023,37,482,43,14265,430,0.43953488372093025,NE,City/Suburb,24387,32.4,M
181604,College of Saint Mary,2022,39,539,41,14984,434,0.33640552995391704,NE,City/Suburb,23856,32.4,M
181604,College of Saint Mary,2021,38,635,39,16235,974,0.38193018480492813,NE,City/Suburb,23769,32.4,M
181604,College of Saint Mary,2020,41,680,35,15128,460,0.5,NE,City/Suburb,23830,32.4,M
181604,College of Saint Mary,2019,38,808,30,14299,481,0.49272349272349275,NE,City/Suburb,23314,32.4,M
160959,College of the Atlantic,2023,27,360,33,22692,446,0.6502242152466368,ME,Town/Rural,14133,31.5,Baccalaureate
160959,College of the Atlantic,2022,29,377,37,22316,486,0.6008230452674898,ME,Town/Rural,13869,31.5,Baccalaureate
160959,College of the Atlantic,2021,31,374,36,19142,525,0.6114285714285714,ME,Town/Rural,14239,31.5,Baccalaureate
160959,College of the Atlantic,2020,29,366,36,18355,405,0.7580246913580246,ME,Town/Rural,14677,31.5,Baccalaureate
160959,College of the Atlantic,2019,32,355,39,18608,451,0.720620842572062,ME,Town/Rural,15274,31.5,Baccalaureate
166124,College of the Holy Cross,2023,15,3035,29,35455,8670,0.21095732410611304,MA,City/Suburb,78133,44.5,Baccalaureate
166124,College of the Holy Cross,2022,16,3083,29,34679,7036,0.3635588402501421,MA,City/Suburb,78514,44.5,Baccalaureate
166124,College of the Holy Cross,2021,16,3029,27,29198,6498,0.42874730686365037,MA,City/Suburb,78839,44.5,Baccalaureate
166124,College of the Holy Cross,2020,17,2970,28,32061,7087,0.3794271200790179,MA,City/Suburb,79537,44.5,Baccalaureate
166124,College of the Holy Cross,2019,16,2963,30,34627,7200,0.3422222222222222,MA,City/Suburb,78060,44.5,Baccalaureate
178697,College of the Ozarks,2023,44,1427,13,12279,2495,0.14869739478957916,MO,Town/Rural,67773,29.5,Baccalaureate
178697,College of the Ozarks,2022,48,1487,14,12611,2239,0.21125502456453774,MO,Town/Rural,66781,29.5,Baccalaureate
178697,College of the Ozarks,2021,48,1479,14,12611,2160,0.2050925925925926,MO,Town/Rural,66906,29.5,Baccalaureate
178697,College of the Ozarks,2020,50,1489,14,7505,2437,0.14279852277390234,MO,Town/Rural,67892,29.5,Baccalaureate
178697,College of the Ozarks,2019,55,1546,13,11316,2720,0.1025735294117647,MO,Town/Rural,68482,29.5,Baccalaureate
126678,Colorado College,2023,14,2145,33,35281,7532,0.20034519383961763,CO,City/Suburb,63277,41.7,Baccalaureate
126678,Colorado College,2022,14,2180,33,33178,7846,0.16301300025490695,CO,City/Suburb,64869,41.7,Baccalaureate
126678,Colorado College,2021,14,2241,34,30200,10975,0.14250569476082003,CO,City/Suburb,63204,41.7,Baccalaureate
126678,Colorado College,2020,11,2025,36,27319,10257,0.13600467973091548,CO,City/Suburb,61237,41.7,Baccalaureate
126678,Colorado College,2019,11,2098,35,32303,9456,0.13504653130287647,CO,City/Suburb,60962,41.7,Baccalaureate
127556,Colorado Mesa University,2023,27,8711,35,15076,10631,0.8139403630890791,CO,City/Suburb,63277,41.7,Baccalaureate
127556,Colorado Mesa University,2022,30,8681,34,15085,9810,0.8176350662589195,CO,City/Suburb,64869,41.7,Baccalaureate
127556,Colorado Mesa University,2021,31,8712,34,15324,8082,0.8024003959415986,CO,City/Suburb,63204,41.7,Baccalaureate
127556,Colorado Mesa University,2020,32,8945,34,15327,8796,0.7544338335607094,CO,City/Suburb,61237,41.7,Baccalaureate
127556,Colorado Mesa University,2019,34,9239,33,14788,8845,0.782023742227247,CO,City/Suburb,60962,41.7,Baccalaureate
126775,Colorado School of Mines,2023,13,5839,32,29785,9821,0.597087872925364,CO,City/Suburb,63277,41.7,R1
126775,Colorado School of Mines,2022,13,5714,31,29425,10886,0.5800110233327209,CO,City/Suburb,64869,41.7,R1
126775,Colorado School of Mines,2021,14,5487,32,26179,12022,0.5687905506571286,CO,City/Suburb,63204,41.7,R1
126775,Colorado School of Mines,2020,15,5200,30,27675,12044,0.5496512786449684,CO,City/Suburb,61237,41.7,R1
126775,Colorado School of Mines,2019,15,5156,30,26856,11756,0.5307927866621299,CO,City/Suburb,60962,41.7,R1
476975,Colorado State University Global,2023,24,6568,45,12475,392,0.9285714285714286,CO,City/Suburb,63277,41.7,M
476975,Colorado State University Global,2022,26,6433,43,14826,128,0.96875,CO,City/Suburb,64869,41.7,M
476975,Colorado State University Global,2021,27,6897,39,12351,126,0.9603174603174603,CO,City/Suburb,63204,41.7,M
476975,Colorado State University Global,2020,28,7970,37,14024,115,0.9826086956521739,CO,City/Suburb,61237,41.7,M
128106,Colorado State University Pueblo,2023,28,4816,57,14188,1834,0.9983642311886587,CO,City/Suburb,63277,41.7,M
128106,Colorado State University Pueblo,2022,33,4772,55,13033,1572,0.9879134860050891,CO,City/Suburb,64869,41.7,M
128106,Colorado State University Pueblo,2021,36,3928,53,14013,2054,0.9917234664070107,CO,City/Suburb,63204,41.7,M
128106,Colorado State University Pueblo,2020,36,4113,55,13388,2181,0.9431453461714809,CO,City/Suburb,61237,41.7,M
128106,Colorado State University Pueblo,2019,39,4310,54,14797,2885,0.9303292894280762,CO,City/Suburb,60962,41.7,M
126818,Colorado State University-Fort Collins,2023,19,25834,30,19828,36612,0.8959084453184748,CO,City/Suburb,63277,41.7,R1
126818,Colorado State University-Fort Collins,2022,21,25777,30,16926,33006,0.9075622614070169,CO,City/Suburb,64869,41.7,R1
126818,Colorado State University-Fort Collins,2021,21,24954,29,18320,31586,0.8964098018109289,CO,City/Suburb,63204,41.7,R1
126818,Colorado State University-Fort Collins,2020,23,24792,30,17609,28843,0.8352459868945672,CO,City/Suburb,61237,41.7,R1
126818,Colorado State University-Fort Collins,2019,23,25789,30,16793,28319,0.8135174264627988,CO,City/Suburb,60962,41.7,R1
217934,Columbia College,2023,53,1268,62,23920,2163,0.9579288025889967,SC,City/Suburb,53335,28.3,M
217934,Columbia College,2022,53,1173,61,18779,2176,0.9811580882352942,SC,City/Suburb,52277,28.3,M
217934,Columbia College,2021,50,1065,62,20520,1278,0.9859154929577465,SC,City/Suburb,52010,28.3,M
217934,Columbia College,2020,54,979,64,20277,786,0.9707379134860051,SC,City/Suburb,52680,28.3,M
217934,Columbia College,2019,51,1102,66,18359,817,0.9657282741738066,SC,City/Suburb,53953,28.3,M
144281,Columbia College Chicago,2023,43,6344,59,29790,7873,0.9117236123459926,IL,City/Suburb,148445,35.1,M
144281,Columbia College Chicago,2022,41,6424,56,27338,7701,0.9476691338787171,IL,City/Suburb,145439,35.1,M
144281,Columbia College Chicago,2021,41,6493,53,25262,7218,0.956359102244389,IL,City/Suburb,150490,35.1,M
144281,Columbia College Chicago,2020,36,6542,52,28568,8061,0.8952983500806352,IL,City/Suburb,149373,35.1,M
144281,Columbia College Chicago,2019,33,6708,49,32111,7430,0.9021534320323015,IL,City/Suburb,152277,35.1,M
217925,Columbia International University,2023,28,916,31,21320,372,0.9758064516129032,SC,City/Suburb,53335,28.3,M
217925,Columbia International University,2022,32,1001,36,19911,506,0.48221343873517786,SC,City/Suburb,52277,28.3,M
217925,Columbia International University,2021,37,905,40,20088,526,0.45627376425855515,SC,City/Suburb,52010,28.3,M
217925,Columbia International University,2020,36,857,41,18651,448,0.5066964285714286,SC,City/Suburb,52680,28.3,M
217925,Columbia International University,2019,41,806,44,18242,336,0.4791666666666667,SC,City/Suburb,53953,28.3,M
190150,Columbia University in the City of New York,2023,23,9111,71,20869,57613,0.04233419540728655,NY,City/Suburb,211853,37.2,R1
190150,Columbia University in the City of New York,2022,22,9094,69,22058,60879,0.039488165048703165,NY,City/Suburb,213993,37.2,R1
190150,Columbia University in the City of New York,2021,23,8833,67,12411,61110,0.04130256913762068,NY,City/Suburb,217586,37.2,R1
190150,Columbia University in the City of New York,2020,23,8148,67,22126,40462,0.06660570411744353,NY,City/Suburb,209688,37.2,R1
190150,Columbia University in the City of New York,2019,25,8221,65,21828,42823,0.05445671718469047,NY,City/Suburb,212104,37.2,R1
202170,Columbus College of Art & Design,2023,40,893,34,30900,867,0.7174163783160323,OH,City/Suburb,133760,29,Special or Tribal
202170,Columbus College of Art & Design,2022,39,956,34,29238,776,0.9097938144329897,OH,City/Suburb,133872,29,Special or Tribal
202170,Columbus College of Art & Design,2021,41,976,33,20726,730,0.9438356164383561,OH,City/Suburb,136945,29,Special or Tribal
202170,Columbus College of Art & Design,2020,39,982,33,27847,674,0.9169139465875371,OH,City/Suburb,135941,29,Special or Tribal
202170,Columbus College of Art & Design,2019,41,1053,32,28470,779,0.9281129653401797,OH,City/Suburb,135868,29,Special or Tribal
139366,Columbus State University,2023,44,6008,58,11384,3550,0.9923943661971831,GA,City/Suburb,126146,31.9,M
139366,Columbus State University,2022,43,6003,57,12902,3870,0.8780361757105943,GA,City/Suburb,122695,31.9,M
139366,Columbus State University,2021,43,6403,55,13571,5275,0.7852132701421801,GA,City/Suburb,124712,31.9,M
139366,Columbus State University,2020,45,6877,54,11855,5336,0.7831709145427287,GA,City/Suburb,126126,31.9,M
139366,Columbus State University,2019,46,6501,52,11361,2881,0.794168691426588,GA,City/Suburb,121897,31.9,M
498562,Commonwealth University of Pennsylvania,2023,29,9967,22,18004,7733,0.9474977369714211,PA,Town/Rural,142275,31.8,Not Carnegie
498562,Commonwealth University of Pennsylvania,2022,32,11016,20,17412,9570,0.9396029258098224,PA,Town/Rural,139193,31.8,Not Carnegie
177083,Conception Seminary College,2023,12,41,39,35625,8,1,MO,Town/Rural,67773,29.5,Special or Tribal
177083,Conception Seminary College,2022,15,27,41,35084,4,1,MO,Town/Rural,66781,29.5,Special or Tribal
177083,Conception Seminary College,2021,24,26,42,30107,3,1,MO,Town/Rural,66906,29.5,Special or Tribal
177083,Conception Seminary College,2020,28,42,33,36135,3,1,MO,Town/Rural,67892,29.5,Special or Tribal
177083,Conception Seminary College,2019,27,47,26,35288,4,1,MO,Town/Rural,68482,29.5,Special or Tribal
237330,Concord University,2023,47,1472,20,10630,2376,0.8964646464646465,WV,Town/Rural,17853,21.3,M
237330,Concord University,2022,45,1399,20,8464,1730,0.9138728323699422,WV,Town/Rural,17400,21.3,M
237330,Concord University,2021,48,1387,22,8785,1739,0.9562967222541691,WV,Town/Rural,18271,21.3,M
237330,Concord University,2020,48,1463,21,8677,1639,0.9139719341061623,WV,Town/Rural,18751,21.3,M
237330,Concord University,2019,49,1570,20,9201,1886,0.8191940615058324,WV,Town/Rural,19036,21.3,M
173300,Concordia College at Moorhead,2023,20,1799,24,25488,4434,0.6305818673883626,MN,City/Suburb,67002,36.7,Baccalaureate
173300,Concordia College at Moorhead,2022,20,1827,23,23087,3774,0.6552729199788023,MN,City/Suburb,64579,36.7,Baccalaureate
173300,Concordia College at Moorhead,2021,21,1883,21,23890,3778,0.7199576495500265,MN,City/Suburb,65199,36.7,Baccalaureate
173300,Concordia College at Moorhead,2020,21,1943,18,24096,4024,0.580765407554672,MN,City/Suburb,66285,36.7,Baccalaureate
173300,Concordia College at Moorhead,2019,22,2010,18,23970,3395,0.6836524300441826,MN,City/Suburb,65499,36.7,Baccalaureate
169363,Concordia University Ann Arbor,2023,24,1044,33,28020,2465,0.7208924949290061,MI,City/Suburb,108265,29.6,M
169363,Concordia University Ann Arbor,2022,25,951,27,26353,1962,0.7018348623853211,MI,City/Suburb,103443,29.6,M
169363,Concordia University Ann Arbor,2021,27,968,25,25684,1573,0.628099173553719,MI,City/Suburb,107239,29.6,M
169363,Concordia University Ann Arbor,2020,31,1002,26,26780,1816,0.6095814977973568,MI,City/Suburb,108725,29.6,M
169363,Concordia University Ann Arbor,2019,33,961,23,25779,2334,0.49057412167952014,MI,City/Suburb,112177,29.6,M
224004,Concordia University Texas,2023,40,1391,65,23621,2170,0.9105990783410138,TX,City/Suburb,385604,30.3,M
224004,Concordia University Texas,2022,35,1573,63,24761,1886,0.8573700954400848,TX,City/Suburb,375741,30.3,M
224004,Concordia University Texas,2021,21,1708,62,30280,1441,0.890353920888272,TX,City/Suburb,377064,30.3,M
224004,Concordia University Texas,2020,39,1740,59,26362,1405,0.9295373665480428,TX,City/Suburb,372402,30.3,M
224004,Concordia University Texas,2019,38,1828,58,24061,1435,0.9045296167247386,TX,City/Suburb,364979,30.3,M
144351,Concordia University-Chicago,2023,45,1377,59,17767,4607,0.933579335793358,IL,City/Suburb,148445,35.1,M
144351,Concordia University-Chicago,2022,44,1328,58,18832,4296,0.9304003724394786,IL,City/Suburb,145439,35.1,M
144351,Concordia University-Chicago,2021,40,1438,58,18817,5620,0.8781138790035588,IL,City/Suburb,150490,35.1,M
144351,Concordia University-Chicago,2020,41,1538,56,17363,4786,0.7854157960718763,IL,City/Suburb,149373,35.1,M
144351,Concordia University-Chicago,2019,45,1589,55,17051,4498,0.7472209871053802,IL,City/Suburb,152277,35.1,M
112075,Concordia University-Irvine,2023,23,1465,55,29413,4564,0.5985977212971078,CA,City/Suburb,492544,34.2,R0
112075,Concordia University-Irvine,2022,26,1699,58,29508,3576,0.6898769574944071,CA,City/Suburb,473448,34.2,R0
112075,Concordia University-Irvine,2021,26,1584,54,25640,3265,0.8137825421133231,CA,City/Suburb,467260,34.2,R0
112075,Concordia University-Irvine,2020,27,1704,53,29893,3327,0.781785392245266,CA,City/Suburb,477479,34.2,R0
112075,Concordia University-Irvine,2019,28,1738,52,28435,3727,0.708076200697612,CA,City/Suburb,478819,34.2,R0
180984,Concordia University-Nebraska,2023,11,2934,39,24099,1587,0.9004410838059231,NE,Town/Rural,24387,32.4,M
180984,Concordia University-Nebraska,2022,12,2668,34,23067,1605,0.908411214953271,NE,Town/Rural,23856,32.4,M
180984,Concordia University-Nebraska,2021,14,2550,32,22573,1888,0.847457627118644,NE,Town/Rural,23769,32.4,M
180984,Concordia University-Nebraska,2020,14,2159,28,22201,2118,0.7582625118035883,NE,Town/Rural,23830,32.4,M
180984,Concordia University-Nebraska,2019,19,2226,33,21786,1681,0.784651992861392,NE,Town/Rural,23314,32.4,M
173328,Concordia University-Saint Paul,2023,34,3146,50,17989,2730,0.7487179487179487,MN,City/Suburb,67002,36.7,M
173328,Concordia University-Saint Paul,2022,34,3071,47,17776,2536,0.6908517350157729,MN,City/Suburb,64579,36.7,M
173328,Concordia University-Saint Paul,2021,34,3357,46,15944,2485,0.6788732394366197,MN,City/Suburb,65199,36.7,M
173328,Concordia University-Saint Paul,2020,38,3578,44,16521,2554,0.6859827721221613,MN,City/Suburb,66285,36.7,M
173328,Concordia University-Saint Paul,2019,38,3125,42,18757,1323,0.981103552532124,MN,City/Suburb,65499,36.7,M
238616,Concordia University-Wisconsin,2023,22,2525,31,28060,4537,0.6753361251928587,WI,City/Suburb,67563,30,R0
238616,Concordia University-Wisconsin,2022,23,2817,33,24485,3544,0.70372460496614,WI,City/Suburb,65909,30,R0
238616,Concordia University-Wisconsin,2021,25,2914,28,25830,3544,0.6859480812641083,WI,City/Suburb,66830,30,R0
238616,Concordia University-Wisconsin,2020,26,3094,29,24569,3509,0.7053291536050157,WI,City/Suburb,68053,30,R0
238616,Concordia University-Wisconsin,2019,28,3309,28,25175,3772,0.6413043478260869,WI,City/Suburb,68191,30,R0
128902,Connecticut College,2023,14,1995,31,42941,9397,0.38278173885282535,CT,City/Suburb,44962,39.6,Baccalaureate
128902,Connecticut College,2022,16,1948,33,43220,8744,0.4040484903934126,CT,City/Suburb,44540,39.6,Baccalaureate
128902,Connecticut College,2021,16,1829,33,44820,7682,0.4095287685498568,CT,City/Suburb,44901,39.6,Baccalaureate
128902,Connecticut College,2020,16,1737,33,40474,6882,0.37721592560302236,CT,City/Suburb,45222,39.6,Baccalaureate
128902,Connecticut College,2019,17,1861,33,40707,6784,0.3741155660377358,CT,City/Suburb,45216,39.6,Baccalaureate
217961,Converse University,2023,41,852,51,19438,2628,0.6400304414003044,SC,City/Suburb,53335,28.3,M
217961,Converse University,2022,42,804,47,19653,2917,0.5557079190949605,SC,City/Suburb,52277,28.3,M
217961,Converse University,2021,47,822,41,17155,2392,0.6425585284280937,SC,City/Suburb,52010,28.3,M
217961,Converse University,2020,42,733,39,25534,1720,0.8244186046511628,SC,City/Suburb,52680,28.3,M
217961,Converse University,2019,46,808,39,14849,1163,0.8933791917454859,SC,City/Suburb,53953,28.3,M
162283,Coppin State University,2023,53,1810,99,7684,4703,0.49564108016159897,MD,City/Suburb,69770,40.8,M
162283,Coppin State University,2022,53,1757,99,8562,3299,0.4495301606547439,MD,City/Suburb,69124,40.8,M
162283,Coppin State University,2021,55,1845,98,5615,2450,0.4791836734693877,MD,City/Suburb,71017,40.8,M
162283,Coppin State University,2020,60,2108,98,9303,5873,0.4020091946194449,MD,City/Suburb,67971,40.8,M
162283,Coppin State University,2019,58,2383,98,10963,9789,0.27980386147716824,MD,City/Suburb,68208,40.8,M
210331,Corban University,2023,28,785,40,26028,546,0.8974358974358975,OR,City/Suburb,41163,34,M
210331,Corban University,2022,34,818,41,26231,681,0.8502202643171806,OR,City/Suburb,41057,34,M
210331,Corban University,2021,33,886,42,25761,2136,0.375,OR,City/Suburb,42778,34,M
210331,Corban University,2020,31,966,38,21365,1924,0.48336798336798337,OR,City/Suburb,42173,34,M
210331,Corban University,2019,32,992,29,22160,866,0.851039260969977,OR,City/Suburb,41717,34,M
153162,Cornell College,2023,29,1082,29,25850,3087,0.8066083576287658,IA,Town/Rural,36870,29,Baccalaureate
153162,Cornell College,2022,28,1067,25,25686,3057,0.7932613673536146,IA,Town/Rural,36521,29,Baccalaureate
153162,Cornell College,2021,24,1046,27,22667,2836,0.8110014104372355,IA,Town/Rural,37097,29,Baccalaureate
153162,Cornell College,2020,23,999,26,25028,2615,0.8240917782026769,IA,Town/Rural,36359,29,Baccalaureate
153162,Cornell College,2019,25,1020,29,28566,3118,0.6177036561898653,IA,Town/Rural,36735,29,Baccalaureate
190415,Cornell University,2023,18,16051,69,26455,65635,0.08163327492953455,NY,City/Suburb,211853,37.2,R1
190415,Cornell University,2022,18,15735,67,26060,69195,0.07468747741888865,NY,City/Suburb,213993,37.2,R1
190415,Cornell University,2021,17,15503,66,24262,67380,0.08685069753636093,NY,City/Suburb,217586,37.2,R1
190415,Cornell University,2020,16,14743,65,27522,51500,0.10706796116504855,NY,City/Suburb,209688,37.2,R1
190415,Cornell University,2019,17,15043,64,28921,49114,0.10852302805717311,NY,City/Suburb,212104,37.2,R1
170037,Cornerstone University,2023,30,1444,29,23147,2011,0.7319741422178021,MI,City/Suburb,108265,29.6,M
170037,Cornerstone University,2022,30,1433,26,20935,1926,0.8177570093457944,MI,City/Suburb,103443,29.6,M
170037,Cornerstone University,2021,34,1507,26,20780,1923,0.9131565262610505,MI,City/Suburb,107239,29.6,M
170037,Cornerstone University,2020,36,1461,26,20112,1964,0.869653767820774,MI,City/Suburb,108725,29.6,M
170037,Cornerstone University,2019,45,1504,23,19923,2519,0.7757046447002779,MI,City/Suburb,112177,29.6,M
235024,Cornish College of the Arts,2023,30,502,34,40164,1097,0.7046490428441203,WA,City/Suburb,78990,36.7,Special or Tribal
235024,Cornish College of the Arts,2022,32,443,36,39280,852,0.7112676056338029,WA,City/Suburb,78071,36.7,Special or Tribal
235024,Cornish College of the Arts,2021,32,455,40,38109,666,0.6381381381381381,WA,City/Suburb,79537,36.7,Special or Tribal
235024,Cornish College of the Arts,2020,29,482,40,39440,587,0.7887563884156729,WA,City/Suburb,79042,36.7,Special or Tribal
235024,Cornish College of the Arts,2019,34,602,42,39093,686,0.7346938775510204,WA,City/Suburb,78061,36.7,Special or Tribal
177117,Cottey College,2023,45,266,27,18430,567,0.6631393298059964,MO,Town/Rural,67773,29.5,Baccalaureate
177117,Cottey College,2022,45,311,28,17123,682,0.7302052785923754,MO,Town/Rural,66781,29.5,Baccalaureate
177117,Cottey College,2021,18,303,31,16667,555,0.6054054054054054,MO,Town/Rural,66906,29.5,Baccalaureate
177117,Cottey College,2020,47,283,30,17630,555,0.6054054054054054,MO,Town/Rural,67892,29.5,Baccalaureate
177117,Cottey College,2019,46,256,32,18578,572,0.4597902097902098,MO,Town/Rural,68482,29.5,Baccalaureate
139393,Covenant College,2023,18,908,13,25471,751,0.8175765645805593,GA,City/Suburb,126146,31.9,Baccalaureate
139393,Covenant College,2022,20,847,13,25028,813,0.8413284132841329,GA,City/Suburb,122695,31.9,Baccalaureate
139393,Covenant College,2021,20,872,15,25536,794,0.8853904282115869,GA,City/Suburb,124712,31.9,Baccalaureate
139393,Covenant College,2020,20,865,13,26048,612,0.9754901960784313,GA,City/Suburb,126126,31.9,Baccalaureate
139393,Covenant College,2019,24,946,19,24619,561,0.982174688057041,GA,City/Suburb,121897,31.9,Baccalaureate
176770,Cox College,2021,34,749,16,17490,33,0.3939393939393939,MO,City/Suburb,66906,29.5,Special or Tribal
176770,Cox College,2019,38,728,14,24746,18,0.3888888888888889,MO,City/Suburb,68482,29.5,Special or Tribal
181002,Creighton University,2023,5,4262,31,33364,7248,0.7230960264900662,NE,City/Suburb,24387,32.4,R2
181002,Creighton University,2022,7,4290,30,32877,7977,0.7569261627178138,NE,City/Suburb,23856,32.4,R2
181002,Creighton University,2021,7,4481,28,31040,8147,0.7774640972136982,NE,City/Suburb,23769,32.4,R2
181002,Creighton University,2020,12,4458,28,32355,8682,0.640175074867542,NE,City/Suburb,23830,32.4,R2
181002,Creighton University,2019,14,4472,28,32145,9381,0.7371282379277263,NE,City/Suburb,23314,32.4,R2
475608,Criswell College,2023,34,118,41,11464,24,0.9166666666666666,TX,City/Suburb,385604,30.3,Baccalaureate
475608,Criswell College,2022,41,122,35,13652,31,1,TX,City/Suburb,375741,30.3,Baccalaureate
475608,Criswell College,2021,39,137,42,13378,43,0.9767441860465116,TX,City/Suburb,377064,30.3,Baccalaureate
475608,Criswell College,2020,40,158,42,12740,32,1,TX,City/Suburb,372402,30.3,Baccalaureate
475608,Criswell College,2019,44,174,36,14137,33,0.9696969696969697,TX,City/Suburb,364979,30.3,Baccalaureate
174862,Crown College,2023,24,1379,23,27196,1054,0.6280834914611005,MN,Town/Rural,67002,36.7,M
174862,Crown College,2022,28,1251,22,25504,1278,0.6658841940532081,MN,Town/Rural,64579,36.7,M
174862,Crown College,2021,26,1139,22,25513,911,0.6509330406147091,MN,Town/Rural,65199,36.7,M
174862,Crown College,2020,28,1141,21,25977,949,0.46891464699683877,MN,Town/Rural,66285,36.7,M
174862,Crown College,2019,34,1160,21,26850,825,0.49818181818181817,MN,Town/Rural,65499,36.7,M
190503,Culinary Institute of America,2023,28,2989,53,36015,2161,0.917630726515502,NY,City/Suburb,211853,37.2,Special or Tribal
190503,Culinary Institute of America,2022,30,3005,54,33499,1887,0.9485956544780074,NY,City/Suburb,213993,37.2,Special or Tribal
190503,Culinary Institute of America,2021,26,2854,53,30521,2056,0.9810311284046692,NY,City/Suburb,217586,37.2,Special or Tribal
190503,Culinary Institute of America,2020,27,3102,52,31583,1777,0.9667979741136747,NY,City/Suburb,209688,37.2,Special or Tribal
190503,Culinary Institute of America,2019,27,3012,54,30095,1669,0.9772318753744758,NY,City/Suburb,212104,37.2,Special or Tribal
177144,Culver-Stockton College,2023,36,930,31,22103,1351,0.9800148038490007,MO,Town/Rural,67773,29.5,Baccalaureate
177144,Culver-Stockton College,2022,36,900,31,20522,1246,0.9695024077046549,MO,Town/Rural,66781,29.5,Baccalaureate
177144,Culver-Stockton College,2021,39,879,32,20567,2334,0.9254498714652957,MO,Town/Rural,66906,29.5,Baccalaureate
177144,Culver-Stockton College,2020,39,954,31,21389,1618,0.9833127317676144,MO,Town/Rural,67892,29.5,Baccalaureate
177144,Culver-Stockton College,2019,43,971,30,21096,3277,0.5218187366493744,MO,Town/Rural,68482,29.5,Baccalaureate
219949,Cumberland University,2023,33,2652,39,17669,2788,0.6700143472022956,TN,Town/Rural,72084,27.5,M
219949,Cumberland University,2022,34,2311,44,18528,2137,0.6621431913897988,TN,Town/Rural,71347,27.5,M
219949,Cumberland University,2021,32,2257,38,28459,2692,0.5776374442793462,TN,Town/Rural,72685,27.5,M
219949,Cumberland University,2020,34,2397,40,27071,2872,0.5376044568245125,TN,Town/Rural,73281,27.5,M
219949,Cumberland University,2019,34,2279,40,26787,2833,0.6103070949523474,TN,Town/Rural,72802,27.5,M
190512,CUNY Bernard M Baruch College,2023,55,16086,82,3989,24867,0.504845779547191,NY,City/Suburb,211853,37.2,M
190512,CUNY Bernard M Baruch College,2022,52,15896,82,4991,25693,0.4953489277235045,NY,City/Suburb,213993,37.2,M
190512,CUNY Bernard M Baruch College,2021,48,15859,81,3793,23434,0.5056328411709482,NY,City/Suburb,217586,37.2,M
190512,CUNY Bernard M Baruch College,2020,49,15774,79,3897,24307,0.40708437898547745,NY,City/Suburb,209688,37.2,M
190512,CUNY Bernard M Baruch College,2019,48,15482,79,3931,20327,0.4347419688099572,NY,City/Suburb,212104,37.2,M
190549,CUNY Brooklyn College,2023,56,11330,75,4105,27112,0.5365889642962526,NY,City/Suburb,211853,37.2,M
190549,CUNY Brooklyn College,2022,55,11661,75,5972,28890,0.5454482519903081,NY,City/Suburb,213993,37.2,M
190549,CUNY Brooklyn College,2021,54,13405,74,4254,28544,0.5135930493273543,NY,City/Suburb,217586,37.2,M
190549,CUNY Brooklyn College,2020,54,14969,73,4736,29464,0.49738664132500676,NY,City/Suburb,209688,37.2,M
190549,CUNY Brooklyn College,2019,54,14970,73,3805,26973,0.4499314128943759,NY,City/Suburb,212104,37.2,M
190567,CUNY City College,2023,60,12356,88,4599,31988,0.5807177691634363,NY,City/Suburb,211853,37.2,R2
190567,CUNY City College,2022,58,11929,87,5181,33648,0.6660128388017118,NY,City/Suburb,213993,37.2,R2
190567,CUNY City College,2021,53,12364,87,4213,31175,0.6406415396952686,NY,City/Suburb,217586,37.2,R2
190567,CUNY City College,2020,55,12587,86,4546,29894,0.5053522445975781,NY,City/Suburb,209688,37.2,R2
190567,CUNY City College,2019,55,13030,86,3397,30013,0.46489854396428215,NY,City/Suburb,212104,37.2,R2
190594,CUNY Hunter College,2023,55,17378,81,4127,31614,0.5404883912190801,NY,City/Suburb,211853,37.2,M
190594,CUNY Hunter College,2022,52,17256,80,4848,33944,0.478611831251473,NY,City/Suburb,213993,37.2,M
190594,CUNY Hunter College,2021,46,18152,78,4586,31728,0.45896369137670195,NY,City/Suburb,217586,37.2,M
190594,CUNY Hunter College,2020,50,17943,77,4014,32294,0.40478107388369355,NY,City/Suburb,209688,37.2,M
190594,CUNY Hunter College,2019,50,17121,78,3957,33750,0.35173333333333334,NY,City/Suburb,212104,37.2,M
190600,CUNY John Jay College of Criminal Justice,2023,59,11678,85,4141,17921,0.572233692316277,NY,City/Suburb,211853,37.2,M
190600,CUNY John Jay College of Criminal Justice,2022,58,12061,85,5001,18807,0.5065667038868507,NY,City/Suburb,213993,37.2,M
190600,CUNY John Jay College of Criminal Justice,2021,55,13146,84,5077,18765,0.44583000266453504,NY,City/Suburb,217586,37.2,M
190600,CUNY John Jay College of Criminal Justice,2020,57,13662,84,4221,21021,0.3743399457685172,NY,City/Suburb,209688,37.2,M
190600,CUNY John Jay College of Criminal Justice,2019,56,13746,84,3814,20568,0.40528977051730847,NY,City/Suburb,212104,37.2,M
190637,CUNY Lehman College,2023,61,11227,93,4076,20954,0.5543094397251122,NY,City/Suburb,211853,37.2,M
190637,CUNY Lehman College,2022,58,11211,94,4974,22455,0.5530616789133823,NY,City/Suburb,213993,37.2,M
190637,CUNY Lehman College,2021,53,12375,93,3206,20132,0.5788793959864892,NY,City/Suburb,217586,37.2,M
190637,CUNY Lehman College,2020,55,12833,94,3913,20057,0.4700603280650147,NY,City/Suburb,209688,37.2,M
190637,CUNY Lehman College,2019,56,13002,95,2709,19761,0.37776428318404937,NY,City/Suburb,212104,37.2,M
190646,CUNY Medgar Evers College,2023,57,3846,98,6207,11239,0.8338820179731293,NY,City/Suburb,211853,37.2,Baccalaureate
190646,CUNY Medgar Evers College,2022,58,3640,98,8250,11553,0.8764822989699645,NY,City/Suburb,213993,37.2,Baccalaureate
190646,CUNY Medgar Evers College,2021,53,4134,98,6852,10533,0.858729706636286,NY,City/Suburb,217586,37.2,Baccalaureate
190646,CUNY Medgar Evers College,2020,61,5237,98,7090,12703,0.7847752499409588,NY,City/Suburb,209688,37.2,Baccalaureate
190646,CUNY Medgar Evers College,2019,59,5798,98,5949,13771,0.9027666836104858,NY,City/Suburb,212104,37.2,Baccalaureate
190655,CUNY New York City College of Technology,2023,55,13767,89,5417,21007,0.807445137335174,NY,City/Suburb,211853,37.2,Baccalaureate
190655,CUNY New York City College of Technology,2022,53,13087,89,6406,21335,0.8179985938598547,NY,City/Suburb,213993,37.2,Baccalaureate
190655,CUNY New York City College of Technology,2021,49,14277,89,5457,18992,0.8249789385004213,NY,City/Suburb,217586,37.2,Baccalaureate
190655,CUNY New York City College of Technology,2020,52,15513,89,5097,21525,0.7907084785133566,NY,City/Suburb,209688,37.2,Baccalaureate
190655,CUNY New York City College of Technology,2019,52,17036,90,4652,21546,0.877007333147684,NY,City/Suburb,212104,37.2,Baccalaureate
190664,CUNY Queens College,2023,48,13998,80,5339,20800,0.6851923076923077,NY,City/Suburb,211853,37.2,M
190664,CUNY Queens College,2022,46,14406,79,6434,22324,0.6947679627306934,NY,City/Suburb,213993,37.2,M
190664,CUNY Queens College,2021,41,15883,77,4777,21777,0.6078431372549019,NY,City/Suburb,217586,37.2,M
190664,CUNY Queens College,2020,47,16702,76,5594,25621,0.5348737363881191,NY,City/Suburb,209688,37.2,M
190664,CUNY Queens College,2019,47,16866,76,4471,24277,0.48791036783787123,NY,City/Suburb,212104,37.2,M
190691,CUNY York College,2023,43,5906,95,5631,14236,0.5941978083731385,NY,City/Suburb,211853,37.2,M
190691,CUNY York College,2022,47,6199,92,6670,16112,0.591422542204568,NY,City/Suburb,213993,37.2,M
190691,CUNY York College,2021,44,6769,93,5182,13852,0.670155934161132,NY,City/Suburb,217586,37.2,M
190691,CUNY York College,2020,48,7529,94,5228,15522,0.5276381909547738,NY,City/Suburb,209688,37.2,M
190691,CUNY York College,2019,47,8116,96,4089,14633,0.72835372104148155,NY,City/Suburb,212104,37.2,M
165529,Curry College,2023,28,1818,41,30367,6903,0.9204693611473272,MA,City/Suburb,78133,44.5,M
165529,Curry College,2022,28,1833,37,31091,4743,0.8751844823951086,MA,City/Suburb,78514,44.5,M
165529,Curry College,2021,28,2050,35,28782,5192,0.8031587057010786,MA,City/Suburb,78839,44.5,M
165529,Curry College,2020,28,2206,36,29620,6183,0.8178877567523856,MA,City/Suburb,79537,44.5,M
165529,Curry College,2019,28,2312,36,28766,6136,0.8705997392438071,MA,City/Suburb,78060,44.5,M
211893,Curtis Institute of Music,2023,1,106,72,21615,446,0.06950672645739911,PA,City/Suburb,142275,31.8,Special or Tribal
211893,Curtis Institute of Music,2022,6,103,62,20005,414,0.0966183574879227,PA,City/Suburb,139193,31.8,Special or Tribal
211893,Curtis Institute of Music,2021,6,109,67,19002,229,0.048034934497816595,PA,City/Suburb,142186,31.8,Special or Tribal
211893,Curtis Institute of Music,2020,8,113,71,12835,574,0.024390243902439025,PA,City/Suburb,143645,31.8,Special or Tribal
211893,Curtis Institute of Music,2019,11,131,73,17238,687,0.039301310043668124,PA,City/Suburb,143842,31.8,Special or Tribal
190716,D'Youville  University,2023,36,1299,48,20268,2295,0.8235294117647058,NY,City/Suburb,211853,37.2,R0
190716,D'Youville  University,2022,38,1378,44,21755,3115,0.8404494382022472,NY,City/Suburb,213993,37.2,R0
190716,D'Youville  University,2021,32,1396,40,22541,1841,0.9244975556762629,NY,City/Suburb,217586,37.2,R0
190716,D'Youville  University,2020,31,1475,36,21377,1772,0.8306997742663657,NY,City/Suburb,209688,37.2,R0
190716,D'Youville  University,2019,36,1609,33,19659,1439,0.8804725503822098,NY,City/Suburb,212104,37.2,R0
190725,Daemen University,2023,42,1806,27,18944,3041,0.7615915817165406,NY,City/Suburb,211853,37.2,R0
190725,Daemen University,2022,41,1782,26,20273,2752,0.7994186046511628,NY,City/Suburb,213993,37.2,R0
190725,Daemen University,2021,38,1781,25,20180,2889,0.7843544479058497,NY,City/Suburb,217586,37.2,R0
190725,Daemen University,2020,36,1631,26,19314,2902,0.6178497587870434,NY,City/Suburb,209688,37.2,R0
190725,Daemen University,2019,37,1709,25,18218,3239,0.6156221055881445,NY,City/Suburb,212104,37.2,R0
219082,Dakota State University,2023,16,2950,20,19115,988,0.978744939271255,SD,Town/Rural,9564,29.2,M
219082,Dakota State University,2022,18,2757,19,17977,882,0.7891156462585034,SD,Town/Rural,9036,29.2,M
219082,Dakota State University,2021,20,2751,17,17572,681,0.856093979441997,SD,Town/Rural,9008,29.2,M
219082,Dakota State University,2020,22,2740,17,17861,712,0.8356741573033708,SD,Town/Rural,8951,29.2,M
219082,Dakota State University,2019,22,2818,17,17063,978,0.7740286298568507,SD,Town/Rural,9241,29.2,M
219091,Dakota Wesleyan University,2023,26,767,19,21901,1153,0.7276669557675629,SD,Town/Rural,9564,29.2,Baccalaureate
219091,Dakota Wesleyan University,2022,27,717,18,19825,1209,0.7477253928866832,SD,Town/Rural,9036,29.2,Baccalaureate
219091,Dakota Wesleyan University,2021,30,770,16,21830,1047,0.7574021012416428,SD,Town/Rural,9008,29.2,Baccalaureate
219091,Dakota Wesleyan University,2020,37,781,15,19377,1218,0.6420361247947455,SD,Town/Rural,8951,29.2,Baccalaureate
219091,Dakota Wesleyan University,2019,34,747,16,21891,916,0.6670305676855895,SD,Town/Rural,9241,29.2,Baccalaureate
224226,Dallas Baptist University,2023,24,2850,46,30275,8018,0.9108256423048142,TX,City/Suburb,385604,30.3,R0
224226,Dallas Baptist University,2022,25,2971,44,27607,8519,0.913722267871816,TX,City/Suburb,375741,30.3,R0
224226,Dallas Baptist University,2021,26,3067,43,27599,6916,0.9399942163100058,TX,City/Suburb,377064,30.3,R0
224226,Dallas Baptist University,2020,26,2844,42,26062,4704,0.9857568027210885,TX,City/Suburb,372402,30.3,R0
224226,Dallas Baptist University,2019,27,2883,40,27259,3241,0.8984881209503239,TX,City/Suburb,364979,30.3,R0
224244,Dallas Christian College,2023,52,278,61,22463,313,0.8402555910543131,TX,City/Suburb,385604,30.3,Baccalaureate
224244,Dallas Christian College,2022,45,247,60,22631,354,0.5,TX,City/Suburb,375741,30.3,Baccalaureate
224244,Dallas Christian College,2021,41,317,66,23422,1100,0.16545454545454547,TX,City/Suburb,377064,30.3,Baccalaureate
224244,Dallas Christian College,2020,49,246,67,28981,474,0.23628691983122363,TX,City/Suburb,372402,30.3,Baccalaureate
224244,Dallas Christian College,2019,55,194,58,28323,590,0.13050847457627118,TX,City/Suburb,364979,30.3,Baccalaureate
182670,Dartmouth College,2023,15,4447,54,17322,28841,0.062307132207621095,NH,Town/Rural,15434,36.8,R1
182670,Dartmouth College,2022,16,4458,53,19208,28336,0.06380575945793338,NH,Town/Rural,15352,36.8,R1
182670,Dartmouth College,2021,17,4556,50,24078,28356,0.061715333615460576,NH,Town/Rural,15187,36.8,R1
182670,Dartmouth College,2020,16,4170,51,24525,21392,0.09218399401645475,NH,Town/Rural,14958,36.8,R1
182670,Dartmouth College,2019,17,4459,50,23844,23650,0.07928118393234672,NH,Town/Rural,15466,36.8,R1
169479,Davenport University,2023,30,3833,40,19799,3869,0.9705350219695011,MI,City/Suburb,108265,29.6,M
169479,Davenport University,2022,33,4069,39,18350,3379,0.9781000295945546,MI,City/Suburb,103443,29.6,M
169479,Davenport University,2021,34,4352,35,18924,2652,0.9826546003016591,MI,City/Suburb,107239,29.6,M
169479,Davenport University,2020,37,4999,36,18333,3036,0.9255599472990778,MI,City/Suburb,108725,29.6,M
169479,Davenport University,2019,39,5078,34,16061,2568,0.8193146417445483,MI,City/Suburb,112177,29.6,M
198385,Davidson College,2023,17,1904,39,26510,7347,0.14482101538042738,NC,City/Suburb,108252,31.9,Baccalaureate
198385,Davidson College,2022,15,1927,38,26704,6479,0.16947059731440037,NC,City/Suburb,114167,31.9,Baccalaureate
198385,Davidson College,2021,15,1973,35,25794,6434,0.1779608330742928,NC,City/Suburb,116514,31.9,Baccalaureate
198385,Davidson College,2020,16,1983,34,28615,5621,0.19996441914250132,NC,City/Suburb,116615,31.9,Baccalaureate
198385,Davidson College,2019,16,1837,33,27714,5982,0.18054162487462388,NC,City/Suburb,114284,31.9,Baccalaureate
237358,Davis & Elkins College,2023,40,683,46,19762,929,0.5823466092572659,WV,Town/Rural,17853,21.3,Baccalaureate
237358,Davis & Elkins College,2022,45,650,55,20126,958,0.7526096033402923,WV,Town/Rural,17400,21.3,Baccalaureate
237358,Davis & Elkins College,2021,48,661,64,18826,813,0.7761377613776138,WV,Town/Rural,18271,21.3,Baccalaureate
237358,Davis & Elkins College,2020,48,738,69,18819,992,0.6905241935483871,WV,Town/Rural,18751,21.3,Baccalaureate
237358,Davis & Elkins College,2019,48,776,63,18591,1937,0.3980382034073309,WV,Town/Rural,19036,21.3,Baccalaureate
194569,Davis College,2023,36,137,41,14320,9,0.3333333333333333,NY,Town/Rural,211853,37.2,Special or Tribal
194569,Davis College,2022,33,146,34,14276,10,0.5,NY,Town/Rural,213993,37.2,Special or Tribal
194569,Davis College,2021,39,147,35,8820,3,1,NY,Town/Rural,217586,37.2,Special or Tribal
194569,Davis College,2020,40,79,39,17084,7,0.2857142857142857,NY,Town/Rural,209688,37.2,Special or Tribal
194569,Davis College,2019,38,88,39,14975,29,0.3103448275862069,NY,Town/Rural,212104,37.2,Special or Tribal
165574,Dean College,2023,30,1151,36,31472,5382,0.7370865849126719,MA,City/Suburb,78133,44.5,Baccalaureate
165574,Dean College,2022,32,1189,39,32219,4860,0.7594650205761316,MA,City/Suburb,78514,44.5,Baccalaureate
165574,Dean College,2021,33,1206,40,35827,4924,0.7359870024370431,MA,City/Suburb,78839,44.5,Baccalaureate
165574,Dean College,2020,34,1180,38,32455,5919,0.7051866869403616,MA,City/Suburb,79537,44.5,Baccalaureate
165574,Dean College,2019,34,1320,43,32077,6238,0.6882013465854441,MA,City/Suburb,78060,44.5,Baccalaureate
202514,Defiance College,2023,48,464,38,24098,1546,0.4243208279430789,OH,Town/Rural,133760,29,Baccalaureate
202514,Defiance College,2022,51,486,36,23196,2722,0.6285819250551066,OH,Town/Rural,133872,29,Baccalaureate
202514,Defiance College,2021,51,529,34,24369,2514,0.6221161495624503,OH,Town/Rural,136945,29,Baccalaureate
202514,Defiance College,2020,48,562,39,25251,3021,0.5491559086395233,OH,Town/Rural,135941,29,Baccalaureate
202514,Defiance College,2019,50,513,34,26811,2000,0.501,OH,Town/Rural,135868,29,Baccalaureate
130934,Delaware State University,2023,43,4941,92,15555,7542,0.6166799257491382,DE,City/Suburb,11054,31.3,M
130934,Delaware State University,2022,46,4996,92,11886,7109,0.5491630327753552,DE,City/Suburb,10644,31.3,M
130934,Delaware State University,2021,44,4399,90,11610,4764,0.5883711167086482,DE,City/Suburb,10667,31.3,M
130934,Delaware State University,2020,47,4131,91,14464,11317,0.3933904745073783,DE,City/Suburb,9861,31.3,M
130934,Delaware State University,2019,49,4315,91,13213,9084,0.5277410832232496,DE,City/Suburb,10262,31.3,M
211981,Delaware Valley University,2023,29,1759,33,28401,2358,0.9249363867684478,PA,City/Suburb,142275,31.8,M
211981,Delaware Valley University,2022,29,1777,35,29256,2299,0.9543279686820356,PA,City/Suburb,139193,31.8,M
211981,Delaware Valley University,2021,32,1749,35,26807,1854,0.9282632146709816,PA,City/Suburb,142186,31.8,M
211981,Delaware Valley University,2020,30,1841,36,28530,2091,0.9158297465327594,PA,City/Suburb,143645,31.8,M
211981,Delaware Valley University,2019,32,1924,33,28016,1676,0.9272076372315036,PA,City/Suburb,143842,31.8,M
175616,Delta State University,2023,43,1964,44,13457,1242,0.9967793880837359,MS,Town/Rural,32572,23.2,M
175616,Delta State University,2022,40,1889,44,14138,936,0.9861111111111112,MS,Town/Rural,32131,23.2,M
175616,Delta State University,2021,40,2041,43,14092,901,0.9977802441731409,MS,Town/Rural,32865,23.2,M
175616,Delta State University,2020,34,2331,42,14299,875,0.9977142857142857,MS,Town/Rural,32110,23.2,M
175616,Delta State University,2019,34,3109,40,12593,1072,0.9402985074626866,MS,Town/Rural,32601,23.2,M
202523,Denison University,2023,13,2405,40,42177,14580,0.16927297668038407,OH,City/Suburb,133760,29,Baccalaureate
202523,Denison University,2022,14,2416,39,38267,12220,0.21963993453355155,OH,City/Suburb,133872,29,Baccalaureate
202523,Denison University,2021,17,2321,40,38833,9513,0.28266582571218335,OH,City/Suburb,136945,29,Baccalaureate
202523,Denison University,2020,17,2258,40,39808,9079,0.2817490913096156,OH,City/Suburb,135941,29,Baccalaureate
202523,Denison University,2019,21,2293,38,36650,8812,0.2939173853835679,OH,City/Suburb,135868,29,Baccalaureate
144740,DePaul University,2023,31,14374,54,32129,32176,0.7353306812531079,IL,City/Suburb,148445,35.1,R2
144740,DePaul University,2022,31,14134,52,32151,31785,0.7016517225106182,IL,City/Suburb,145439,35.1,R2
144740,DePaul University,2021,31,14294,51,31872,32075,0.6944349181605611,IL,City/Suburb,150490,35.1,R2
144740,DePaul University,2020,31,14145,49,33319,27869,0.7023933402705516,IL,City/Suburb,149373,35.1,R2
144740,DePaul University,2019,32,14214,48,32022,26895,0.6822085889570552,IL,City/Suburb,152277,35.1,R2
150400,DePauw University,2023,16,1819,43,30507,7197,0.5406419341392247,IN,Town/Rural,76628,27.1,Baccalaureate
150400,DePauw University,2022,16,1752,41,29486,5708,0.6580238262088297,IN,Town/Rural,74897,27.1,Baccalaureate
150400,DePauw University,2021,18,1724,38,27348,5695,0.6467076382791923,IN,Town/Rural,78348,27.1,Baccalaureate
150400,DePauw University,2020,19,1752,38,30183,5481,0.6849115124977194,IN,Town/Rural,78809,27.1,Baccalaureate
150400,DePauw University,2019,20,1972,37,29557,4935,0.6435663627152989,IN,Town/Rural,76144,27.1,Baccalaureate
210739,DeSales University,2023,23,2149,30,30524,3636,0.7857535753575358,PA,City/Suburb,142275,31.8,R0
210739,DeSales University,2022,24,2225,30,29104,3662,0.7717094483888586,PA,City/Suburb,139193,31.8,R0
210739,DeSales University,2021,24,2309,30,27965,3554,0.7822172200337648,PA,City/Suburb,142186,31.8,R0
210739,DeSales University,2020,26,2398,31,29836,3192,0.8176691729323309,PA,City/Suburb,143645,31.8,R0
210739,DeSales University,2019,26,2492,31,28893,3272,0.78820293398533,PA,City/Suburb,143842,31.8,R0
212009,Dickinson College,2023,14,2204,36,40242,7185,0.43075852470424497,PA,City/Suburb,142275,31.8,Baccalaureate
212009,Dickinson College,2022,15,2125,36,37610,8261,0.34923132792640116,PA,City/Suburb,139193,31.8,Baccalaureate
212009,Dickinson College,2021,16,2180,36,20913,6366,0.48083568960100537,PA,City/Suburb,142186,31.8,Baccalaureate
212009,Dickinson College,2020,14,1932,37,37342,5375,0.5164651162790698,PA,City/Suburb,143645,31.8,Baccalaureate
212009,Dickinson College,2019,14,2133,37,33139,6426,0.4005602240896359,PA,City/Suburb,143842,31.8,Baccalaureate
200059,Dickinson State University,2023,22,1392,26,15490,831,0.6004813477737665,ND,Town/Rural,7668,29.7,Baccalaureate
200059,Dickinson State University,2022,23,1411,25,14971,729,0.720164609053498,ND,Town/Rural,7623,29.7,Baccalaureate
200059,Dickinson State University,2021,24,1337,24,15607,459,0.9934640522875817,ND,Town/Rural,7291,29.7,Baccalaureate
200059,Dickinson State University,2020,26,1381,22,13080,506,0.9861660079051383,ND,Town/Rural,7385,29.7,Baccalaureate
200059,Dickinson State University,2019,23,1321,22,10817,376,0.9973404255319149,ND,Town/Rural,7006,29.7,Baccalaureate
158802,Dillard University,2023,68,1117,99,18551,8065,0.4050836949783013,LA,City/Suburb,49729,24.3,Baccalaureate
158802,Dillard University,2022,68,1224,100,18949,5052,0.7988915281076802,LA,City/Suburb,49777,24.3,Baccalaureate
158802,Dillard University,2021,76,1202,100,19000,6188,0.5521978021978022,LA,City/Suburb,52461,24.3,Baccalaureate
158802,Dillard University,2020,72,1215,100,19016,5783,0.6531212173612312,LA,City/Suburb,53334,24.3,Baccalaureate
158802,Dillard University,2019,75,1225,100,17341,9203,0.3881343040312941,LA,City/Suburb,52809,24.3,Baccalaureate
153241,Divine Word College,2021,20,67,99,11730,3,1,IA,Town/Rural,37097,29,Baccalaureate
153241,Divine Word College,2019,16,66,97,1585,8,0.625,IA,Town/Rural,36735,29,Baccalaureate
181020,Doane University,2023,28,1190,42,26112,1289,0.8952676493405741,NE,Town/Rural,24387,32.4,M
181020,Doane University,2022,27,990,26,24271,1953,0.7583205325140809,NE,Town/Rural,23856,32.4,M
181020,Doane University,2021,28,1105,25,23667,1763,0.7719795802609188,NE,Town/Rural,23769,32.4,M
181020,Doane University,2020,29,1255,23,23284,1955,0.6879795396419437,NE,Town/Rural,23830,32.4,M
181020,Doane University,2019,32,1351,22,26220,2116,0.7140831758034026,NE,Town/Rural,23314,32.4,M
148496,Dominican University,2023,49,2397,82,16969,6536,0.7980416156670747,IL,City/Suburb,148445,35.1,M
148496,Dominican University,2022,48,2136,79,18162,5117,0.895251123705296,IL,City/Suburb,145439,35.1,M
148496,Dominican University,2021,48,2063,77,18476,3845,0.8093628088426528,IL,City/Suburb,150490,35.1,M
148496,Dominican University,2020,46,2166,76,18685,4342,0.7646245969599264,IL,City/Suburb,149373,35.1,M
148496,Dominican University,2019,51,2151,73,19280,5188,0.643407864302236,IL,City/Suburb,152277,35.1,M
190761,Dominican University New York,2023,41,1089,76,23907,2319,0.7882708063820613,NY,City/Suburb,211853,37.2,R0
190761,Dominican University New York,2022,44,1097,74,23747,1614,0.88971499380421315,NY,City/Suburb,213993,37.2,R0
190761,Dominican University New York,2021,48,1147,75,20284,1586,0.7559899117276166,NY,City/Suburb,217586,37.2,R0
190761,Dominican University New York,2020,45,1310,74,20951,2309,0.7462104807275877,NY,City/Suburb,209688,37.2,R0
190761,Dominican University New York,2019,45,1377,70,19527,2314,0.7778738115816768,NY,City/Suburb,212104,37.2,R0
113698,Dominican University of California,2023,30,1182,78,51292,2011,0.9562406762804575,CA,City/Suburb,492544,34.2,M
113698,Dominican University of California,2022,27,1139,75,49907,1746,0.93184421534937,CA,City/Suburb,473448,34.2,M
113698,Dominican University of California,2021,33,1249,76,45001,1981,0.9293286219081273,CA,City/Suburb,467260,34.2,M
113698,Dominican University of California,2020,26,1379,73,36899,1971,0.8574327752409944,CA,City/Suburb,477479,34.2,M
113698,Dominican University of California,2019,28,1461,71,34905,2033,0.9134284308903099,CA,City/Suburb,478819,34.2,M
153250,Dordt University,2023,18,1695,20,27925,1595,0.7115987460815048,IA,Town/Rural,36870,29,M
153250,Dordt University,2022,18,1618,20,27375,1476,0.8766937669376694,IA,Town/Rural,36521,29,M
153250,Dordt University,2021,21,1535,20,26662,1595,0.7322884012539185,IA,Town/Rural,37097,29,M
153250,Dordt University,2020,22,1436,20,25982,1495,0.7183946488294315,IA,Town/Rural,36359,29,M
153250,Dordt University,2019,24,1385,19,26570,1426,0.7545582047685835,IA,Town/Rural,36735,29,M
153269,Drake University,2023,21,2702,30,30886,7741,0.641260819015631,IA,City/Suburb,36870,29,R0
153269,Drake University,2022,19,2835,28,30333,8621,0.672311796775316,IA,City/Suburb,36521,29,R0
153269,Drake University,2021,19,2902,27,29507,7932,0.6907463439233484,IA,City/Suburb,37097,29,R0
153269,Drake University,2020,19,2848,26,30321,6624,0.6791968599033816,IA,City/Suburb,36359,29,R0
153269,Drake University,2019,19,2954,25,30265,6944,0.6764112903225806,IA,City/Suburb,36735,29,R0
184348,Drew University,2023,27,1624,45,28193,4604,0.694396177237185,NJ,City/Suburb,104131,40.8,Baccalaureate
184348,Drew University,2022,28,1513,45,28183,3855,0.7265888456549935,NJ,City/Suburb,107755,40.8,Baccalaureate
184348,Drew University,2021,30,1634,48,17033,3542,0.7970073404856014,NJ,City/Suburb,109108,40.8,Baccalaureate
184348,Drew University,2020,29,1636,53,28218,3989,0.7315116570569065,NJ,City/Suburb,109961,40.8,Baccalaureate
184348,Drew University,2019,31,1712,53,28103,3928,0.7141038696537678,NJ,City/Suburb,113367,40.8,Baccalaureate
212054,Drexel University,2023,25,13589,57,42342,40204,0.7753208635956621,PA,City/Suburb,142275,31.8,R1
212054,Drexel University,2022,25,14021,55,39267,37040,0.796085313174946,PA,City/Suburb,139193,31.8,R1
212054,Drexel University,2021,24,14413,52,26076,34519,0.8262695906602161,PA,City/Suburb,142186,31.8,R1
212054,Drexel University,2020,24,14616,51,39463,31237,0.7719051125268112,PA,City/Suburb,143645,31.8,R1
212054,Drexel University,2019,25,15414,50,38025,31824,0.7469519859225742,PA,City/Suburb,143842,31.8,R1
177214,Drury University,2023,27,1368,26,22194,2621,0.5887066005341473,MO,City/Suburb,67773,29.5,M
177214,Drury University,2022,29,1375,25,20996,2382,0.6343408900083963,MO,City/Suburb,66781,29.5,M
177214,Drury University,2021,30,1345,23,19119,1949,0.6541816316059518,MO,City/Suburb,66906,29.5,M
177214,Drury University,2020,31,1409,22,19190,1603,0.7067997504678727,MO,City/Suburb,67892,29.5,M
177214,Drury University,2019,30,1479,19,19597,1664,0.6442307692307693,MO,City/Suburb,68482,29.5,M
198419,Duke University,2023,13,6488,64,23422,46365,0.06783133829397174,NC,City/Suburb,108252,31.9,R1
198419,Duke University,2022,12,6640,63,23694,50016,0.06345969289827255,NC,City/Suburb,114167,31.9,R1
198419,Duke University,2021,13,6883,60,27297,49703,0.058889805444339374,NC,City/Suburb,116514,31.9,R1
198419,Duke University,2020,14,6717,59,26932,39639,0.07739852165796311,NC,City/Suburb,116615,31.9,R1
198419,Duke University,2019,14,6649,59,24386,41947,0.07597682790187618,NC,City/Suburb,114284,31.9,R1
175227,Dunwoody College of Technology,2023,29,1424,31,24789,587,0.9846678023850085,MN,City/Suburb,67002,36.7,Baccalaureate
175227,Dunwoody College of Technology,2022,32,1359,31,24172,460,0.9804347826086957,MN,City/Suburb,64579,36.7,Baccalaureate
175227,Dunwoody College of Technology,2021,31,1382,28,24738,416,0.9903846153846154,MN,City/Suburb,65199,36.7,Baccalaureate
175227,Dunwoody College of Technology,2020,32,1281,23,25881,381,0.973753280839895,MN,City/Suburb,66285,36.7,Baccalaureate
175227,Dunwoody College of Technology,2019,38,1358,23,23576,448,0.96875,MN,City/Suburb,65499,36.7,Baccalaureate
212106,Duquesne University,2023,18,5226,21,35125,14112,0.7885487528344671,PA,City/Suburb,142275,31.8,R2
212106,Duquesne University,2022,18,5095,20,33919,12376,0.8749191984486102,PA,City/Suburb,139193,31.8,R2
212106,Duquesne University,2021,17,5085,19,34505,10512,0.8425608828006088,PA,City/Suburb,142186,31.8,R2
212106,Duquesne University,2020,18,5383,20,32408,8335,0.7719256148770246,PA,City/Suburb,143645,31.8,R2
212106,Duquesne University,2019,19,5839,19,30732,7231,0.7433273406167888,PA,City/Suburb,143842,31.8,R2
150455,Earlham College,2023,25,635,40,26517,1765,0.7422096317280453,IN,Town/Rural,76628,27.1,Baccalaureate
150455,Earlham College,2022,25,612,45,25746,1375,0.7323636363636363,IN,Town/Rural,74897,27.1,Baccalaureate
150455,Earlham College,2021,31,658,46,25360,1659,0.6907775768535263,IN,Town/Rural,78348,27.1,Baccalaureate
150455,Earlham College,2020,28,736,49,24474,2198,0.5909918107370337,IN,Town/Rural,78809,27.1,Baccalaureate
150455,Earlham College,2019,27,927,49,23043,2070,0.6342995169082125,IN,Town/Rural,76144,27.1,Baccalaureate
198464,East Carolina University,2023,31,21328,38,14470,22289,0.9005787608237247,NC,City/Suburb,108252,31.9,R2
198464,East Carolina University,2022,32,21688,37,14410,21383,0.9233503250245522,NC,City/Suburb,114167,31.9,R2
198464,East Carolina University,2021,32,22463,37,14762,21898,0.9388985295460772,NC,City/Suburb,116514,31.9,R2
198464,East Carolina University,2020,33,23056,36,15403,20313,0.879190666075912,NC,City/Suburb,116615,31.9,R2
198464,East Carolina University,2019,34,23081,35,13635,19235,0.7871588250584871,NC,City/Suburb,114284,31.9,R2
207041,East Central University,2023,40,2460,49,9355,1161,0.6554694229112834,OK,Town/Rural,47211,25.6,M
207041,East Central University,2022,42,2730,50,10221,1200,0.7008333333333333,OK,Town/Rural,46032,25.6,M
207041,East Central University,2021,41,2706,49,11184,1005,0.6467661691542289,OK,Town/Rural,46211,25.6,M
207041,East Central University,2020,43,2939,48,9776,874,0.9645308924485125,OK,Town/Rural,45702,25.6,M
207041,East Central University,2019,43,2981,43,9893,1178,0.5933786078098472,OK,Town/Rural,43828,25.6,M
212115,East Stroudsburg University of Pennsylvania,2023,40,4697,47,15318,7398,0.928764530954312,PA,Town/Rural,142275,31.8,M
212115,East Stroudsburg University of Pennsylvania,2022,40,4392,47,17278,5679,0.9362563831660503,PA,Town/Rural,139193,31.8,M
212115,East Stroudsburg University of Pennsylvania,2021,39,4320,46,16674,3054,0.933857236411264,PA,Town/Rural,142186,31.8,M
212115,East Stroudsburg University of Pennsylvania,2020,41,4988,46,18500,4685,0.9050160085378869,PA,Town/Rural,143645,31.8,M
212115,East Stroudsburg University of Pennsylvania,2019,41,5402,44,18635,6747,0.8470431302801245,PA,Town/Rural,143842,31.8,M
220075,East Tennessee State University,2023,35,10633,27,16033,9903,0.8706452590124205,TN,City/Suburb,72084,27.5,R2
220075,East Tennessee State University,2022,38,10554,26,14350,9609,0.8526381517327506,TN,City/Suburb,71347,27.5,R2
220075,East Tennessee State University,2021,38,10316,24,14482,8563,0.8739927595468878,TN,City/Suburb,72685,27.5,R2
220075,East Tennessee State University,2020,39,10705,21,13661,8686,0.7837900069076675,TN,City/Suburb,73281,27.5,R2
220075,East Tennessee State University,2019,39,11153,19,14696,7704,0.8592938733125649,TN,City/Suburb,72802,27.5,R2
224527,East Texas Baptist University,2023,31,1659,36,24388,1639,0.6009762050030506,TX,Town/Rural,385604,30.3,M
224527,East Texas Baptist University,2022,34,1579,37,24169,1449,0.6770186335403726,TX,Town/Rural,375741,30.3,M
224527,East Texas Baptist University,2021,36,1519,40,23885,1618,0.6452410383189122,TX,Town/Rural,377064,30.3,M
224527,East Texas Baptist University,2020,40,1565,40,23200,1248,0.9206730769230769,TX,Town/Rural,372402,30.3,M
224527,East Texas Baptist University,2019,41,1471,38,22956,1778,0.594488188976378,TX,Town/Rural,364979,30.3,M
129215,Eastern Connecticut State University,2023,28,3839,35,21205,5275,0.8054976303317536,CT,Town/Rural,44962,39.6,M
129215,Eastern Connecticut State University,2022,29,3926,34,18628,5488,0.7383381924198251,CT,Town/Rural,44540,39.6,M
129215,Eastern Connecticut State University,2021,31,4145,35,19054,4630,0.7319654427645789,CT,Town/Rural,44901,39.6,M
129215,Eastern Connecticut State University,2020,32,4475,36,19090,5182,0.6970281744500193,CT,Town/Rural,45222,39.6,M
129215,Eastern Connecticut State University,2019,33,4800,35,18572,5563,0.6386841632212835,CT,Town/Rural,45216,39.6,M
144892,Eastern Illinois University,2023,31,6849,43,14621,11648,0.6775412087912088,IL,Town/Rural,148445,35.1,M
144892,Eastern Illinois University,2022,31,6916,44,13380,11584,0.6796443370165746,IL,Town/Rural,145439,35.1,M
144892,Eastern Illinois University,2021,32,6903,42,13669,7145,0.7174247725682296,IL,Town/Rural,150490,35.1,M
144892,Eastern Illinois University,2020,35,6969,42,13551,8999,0.5553950438937659,IL,Town/Rural,149373,35.1,M
144892,Eastern Illinois University,2019,36,6229,42,14146,8859,0.5250028219889378,IL,Town/Rural,152277,35.1,M
156620,Eastern Kentucky University,2023,39,12726,20,10852,17082,0.7809390001170823,KY,Town/Rural,49328,24.8,R0
156620,Eastern Kentucky University,2022,38,12072,19,10806,15821,0.6430693382213514,KY,Town/Rural,49640,24.8,R0
156620,Eastern Kentucky University,2021,38,11684,18,14271,7251,0.9834505585436492,KY,Town/Rural,50879,24.8,R0
156620,Eastern Kentucky University,2020,38,12070,17,14151,9206,0.9794699109276559,KY,Town/Rural,51547,24.8,R0
156620,Eastern Kentucky University,2019,39,12662,16,14674,8975,0.9382729805013927,KY,Town/Rural,51210,24.8,R0
232043,Eastern Mennonite University,2023,27,863,42,24710,1179,0.9974554707379135,VA,City/Suburb,99497,39.3,M
232043,Eastern Mennonite University,2022,31,892,39,23783,1144,0.9947552447552448,VA,City/Suburb,98780,39.3,M
232043,Eastern Mennonite University,2021,32,958,35,23936,1090,0.9522935779816514,VA,City/Suburb,100147,39.3,M
232043,Eastern Mennonite University,2020,31,896,33,22766,1398,0.7181688125894135,VA,City/Suburb,98970,39.3,M
232043,Eastern Mennonite University,2019,31,978,32,24936,1435,0.645993031358885,VA,City/Suburb,95710,39.3,M
169798,Eastern Michigan University,2023,37,11129,45,17388,20351,0.8134735393838141,MI,City/Suburb,108265,29.6,R2
169798,Eastern Michigan University,2022,37,11617,43,15826,19919,0.8322706963200964,MI,City/Suburb,103443,29.6,R2
169798,Eastern Michigan University,2021,35,12730,40,16311,17506,0.8460527819033474,MI,City/Suburb,107239,29.6,R2
169798,Eastern Michigan University,2020,38,13572,39,15342,15957,0.7518330513254371,MI,City/Suburb,108725,29.6,R2
169798,Eastern Michigan University,2019,39,14872,38,16078,14323,0.7405571458493332,MI,City/Suburb,112177,29.6,R2
165644,Eastern Nazarene College,2023,35,379,65,21370,904,0.5896017699115044,MA,City/Suburb,78133,44.5,M
165644,Eastern Nazarene College,2022,37,409,61,20283,688,0.6191860465116279,MA,City/Suburb,78514,44.5,M
165644,Eastern Nazarene College,2021,42,492,58,19901,849,0.64075382803298,MA,City/Suburb,78839,44.5,M
165644,Eastern Nazarene College,2020,45,541,55,22015,1005,0.6437810945273632,MA,City/Suburb,79537,44.5,M
165644,Eastern Nazarene College,2019,44,608,54,20798,1110,0.5900900900900901,MA,City/Suburb,78060,44.5,M
187648,Eastern New Mexico University-Main Campus,2023,32,4072,68,6683,2085,0.5491606714628298,NM,Town/Rural,20718,27.7,M
187648,Eastern New Mexico University-Main Campus,2022,31,3833,69,8702,1713,0.27553998832457677,NM,Town/Rural,20683,27.7,M
187648,Eastern New Mexico University-Main Campus,2021,31,3756,68,7002,1480,0.325,NM,Town/Rural,20434,27.7,M
187648,Eastern New Mexico University-Main Campus,2020,33,3927,66,9922,2409,0.5060190950601909,NM,Town/Rural,20968,27.7,M
187648,Eastern New Mexico University-Main Campus,2019,31,4465,65,10338,2714,0.5825350036845984,NM,Town/Rural,21861,27.7,M
208646,Eastern Oregon University,2023,36,2515,33,17219,1446,0.9875518672199171,OR,Town/Rural,41163,34,M
208646,Eastern Oregon University,2022,38,2415,31,15234,1015,0.9852216748768473,OR,Town/Rural,41057,34,M
208646,Eastern Oregon University,2021,39,2540,32,15387,646,0.9767801857585139,OR,Town/Rural,42778,34,M
208646,Eastern Oregon University,2020,40,2586,34,15436,644,0.9425465838509317,OR,Town/Rural,42173,34,M
208646,Eastern Oregon University,2019,43,2867,31,14835,890,0.9797752808988764,OR,Town/Rural,41717,34,M
212133,Eastern University,2023,36,2068,62,21900,2852,0.9361851332398317,PA,City/Suburb,142275,31.8,M
212133,Eastern University,2022,36,1848,60,26669,1952,0.9661885245901639,PA,City/Suburb,139193,31.8,M
212133,Eastern University,2021,39,1726,57,24199,1866,0.6870310825294748,PA,City/Suburb,142186,31.8,M
212133,Eastern University,2020,43,1879,57,23961,2095,0.6424821002386635,PA,City/Suburb,143645,31.8,M
212133,Eastern University,2019,44,1752,53,24063,2207,0.6112369732668781,PA,City/Suburb,143842,31.8,M
235097,Eastern Washington University,2023,35,7246,39,13786,6415,0.9176929072486361,WA,Town/Rural,78990,36.7,M
235097,Eastern Washington University,2022,36,7604,42,12827,4666,0.9612087441063009,WA,Town/Rural,78071,36.7,M
235097,Eastern Washington University,2021,32,8217,45,13650,4232,0.9706994328922496,WA,Town/Rural,79537,36.7,M
235097,Eastern Washington University,2020,36,10036,49,12322,5618,0.7894268422926308,WA,Town/Rural,79042,36.7,M
235097,Eastern Washington University,2019,36,10756,45,12764,5297,0.9569567679818766,WA,Town/Rural,78061,36.7,M
446233,Ecclesia College,2023,53,138,49,24610,120,0.475,AR,Town/Rural,33693,23.3,Baccalaureate
446233,Ecclesia College,2022,50,157,50,17497,147,0.5510204081632653,AR,Town/Rural,33705,23.3,Baccalaureate
446233,Ecclesia College,2021,55,148,47,17455,49,0.673469387755102,AR,Town/Rural,34604,23.3,Baccalaureate
446233,Ecclesia College,2020,55,192,49,16336,72,0.7638888888888888,AR,Town/Rural,34014,23.3,Baccalaureate
446233,Ecclesia College,2019,53,211,43,18695,108,0.6296296296296297,AR,Town/Rural,33531,23.3,Baccalaureate
133492,Eckerd College,2023,16,1986,24,40122,4664,0.7868782161234992,FL,City/Suburb,214692,30.4,Baccalaureate
133492,Eckerd College,2022,20,1993,24,39133,5549,0.6509280951522797,FL,City/Suburb,217330,30.4,Baccalaureate
133492,Eckerd College,2021,23,2036,24,37494,5580,0.703763440860215,FL,City/Suburb,223891,30.4,Baccalaureate
133492,Eckerd College,2020,21,1822,23,43732,4815,0.6857736240913811,FL,City/Suburb,215797,30.4,Baccalaureate
133492,Eckerd College,2019,20,2007,23,36033,4644,0.6744186046511628,FL,City/Suburb,213187,30.4,Baccalaureate
238661,Edgewood College,2023,23,1214,24,26692,1315,0.9452471482889734,WI,City/Suburb,67563,30,R0
238661,Edgewood College,2022,25,1220,24,28189,1300,0.9861538461538462,WI,City/Suburb,65909,30,R0
238661,Edgewood College,2021,25,1233,24,27679,1198,0.9549248747913188,WI,City/Suburb,66830,30,R0
238661,Edgewood College,2020,27,1294,26,26209,1295,0.911969111969112,WI,City/Suburb,68053,30,R0
238661,Edgewood College,2019,29,1407,26,26959,1397,0.7236936292054402,WI,City/Suburb,68191,30,R0
133526,Edward Waters University,2023,76,1113,95,13763,9805,0.8481387047424783,FL,City/Suburb,214692,30.4,Baccalaureate
133526,Edward Waters University,2022,78,1142,95,13649,8988,0.8354472630173565,FL,City/Suburb,217330,30.4,Baccalaureate
133526,Edward Waters University,2021,32,1079,96,13228,6254,0.8010873041253598,FL,City/Suburb,223891,30.4,Baccalaureate
133526,Edward Waters University,2020,25,2273,82,13879,5364,0.5702833706189411,FL,City/Suburb,215797,30.4,Baccalaureate
133526,Edward Waters University,2019,28,3085,83,12479,3444,0.6112078977932637,FL,City/Suburb,213187,30.4,Baccalaureate
488305,Elim Bible Institute and College,2023,47,98,38,10516,29,1,NY,Town/Rural,211853,37.2,Two-Year
488305,Elim Bible Institute and College,2022,38,114,32,10092,41,0.975609756097561,NY,Town/Rural,213993,37.2,Two-Year
488305,Elim Bible Institute and College,2021,31,112,37,11066,41,0.975609756097561,NY,Town/Rural,217586,37.2,Two-Year
488305,Elim Bible Institute and College,2020,42,103,35,8678,63,0.9682539682539683,NY,Town/Rural,209688,37.2,Two-Year
488305,Elim Bible Institute and College,2019,50,106,37,11177,65,0.9076923076923077,NY,Town/Rural,212104,37.2,Two-Year
198507,Elizabeth City State University,2023,53,2048,82,7363,5360,0.7048507462686567,NC,Town/Rural,108252,31.9,Baccalaureate
198507,Elizabeth City State University,2022,56,2033,83,4120,3927,0.7415329768270945,NC,Town/Rural,114167,31.9,Baccalaureate
198507,Elizabeth City State University,2021,59,1956,82,4085,3373,0.7678624369997036,NC,Town/Rural,116514,31.9,Baccalaureate
198507,Elizabeth City State University,2020,66,1910,82,3270,2578,0.7482544608223429,NC,Town/Rural,116615,31.9,Baccalaureate
198507,Elizabeth City State University,2019,65,1692,82,2465,2549,0.6563358179678305,NC,Town/Rural,114284,31.9,Baccalaureate
212197,Elizabethtown College,2023,19,1857,18,27019,3551,0.7676710785694171,PA,City/Suburb,142275,31.8,M
212197,Elizabethtown College,2022,19,1737,18,26723,2977,0.8112193483372523,PA,City/Suburb,139193,31.8,M
212197,Elizabethtown College,2021,19,1691,17,26534,2510,0.7948207171314741,PA,City/Suburb,142186,31.8,M
212197,Elizabethtown College,2020,21,1688,15,25767,1696,0.8573113207547169,PA,City/Suburb,143645,31.8,M
212197,Elizabethtown College,2019,21,1729,14,28198,1893,0.8082408874801902,PA,City/Suburb,143842,31.8,M
144962,Elmhurst University,2023,37,3138,53,22760,6254,0.7574352414454749,IL,City/Suburb,148445,35.1,M
144962,Elmhurst University,2022,36,3027,51,24108,5731,0.7600767754318618,IL,City/Suburb,145439,35.1,M
144962,Elmhurst University,2021,37,2914,46,24018,3762,0.7129186602870813,IL,City/Suburb,150490,35.1,M
144962,Elmhurst University,2020,36,2838,45,21776,4299,0.6552686671318911,IL,City/Suburb,149373,35.1,M
144962,Elmhurst University,2019,37,2891,43,22791,4170,0.6774580335731415,IL,City/Suburb,152277,35.1,M
190983,Elmira College,2023,35,613,31,24551,2109,0.908013276434329,NY,City/Suburb,211853,37.2,Baccalaureate
190983,Elmira College,2022,33,614,27,24040,1456,0.959478021978022,NY,City/Suburb,213993,37.2,Baccalaureate
190983,Elmira College,2021,32,634,25,26258,1382,0.9377713458755427,NY,City/Suburb,217586,37.2,Baccalaureate
190983,Elmira College,2020,37,715,24,21944,1695,0.8312684365781711,NY,City/Suburb,209688,37.2,Baccalaureate
190983,Elmira College,2019,36,794,26,22754,1841,0.8011950027159153,NY,City/Suburb,212104,37.2,Baccalaureate
198516,Elon University,2023,9,6402,22,41849,18791,0.6731413974775158,NC,City/Suburb,108252,31.9,R0
198516,Elon University,2022,9,6337,21,41527,17551,0.7446299356162042,NC,City/Suburb,114167,31.9,R0
198516,Elon University,2021,9,6302,20,40366,17834,0.7771111360322979,NC,City/Suburb,116514,31.9,R0
198516,Elon University,2020,9,6291,20,39401,15306,0.7170390696458905,NC,City/Suburb,116615,31.9,R0
198516,Elon University,2019,9,6277,20,36564,10500,0.7843809523809524,NC,City/Suburb,114284,31.9,R0
133553,Embry-Riddle Aeronautical University-Daytona Beach,2023,15,10274,58,41550,10286,0.6628426988139219,FL,City/Suburb,214692,30.4,M
133553,Embry-Riddle Aeronautical University-Daytona Beach,2022,17,9503,57,38983,9875,0.6452658227848102,FL,City/Suburb,217330,30.4,M
133553,Embry-Riddle Aeronautical University-Daytona Beach,2021,18,8916,54,35923,9255,0.7229605618584549,FL,City/Suburb,223891,30.4,M
133553,Embry-Riddle Aeronautical University-Daytona Beach,2020,24,8155,53,36486,9581,0.6059910239014716,FL,City/Suburb,215797,30.4,M
133553,Embry-Riddle Aeronautical University-Daytona Beach,2019,26,6402,43,36063,8551,0.609402409074962,FL,City/Suburb,213187,30.4,M
104586,Embry-Riddle Aeronautical University-Prescott,2023,17,3250,44,41209,3886,0.7519300051466804,AZ,City/Suburb,76808,29.7,Baccalaureate
104586,Embry-Riddle Aeronautical University-Prescott,2022,18,3120,42,38909,3547,0.6800112771356076,AZ,City/Suburb,74911,29.7,Baccalaureate
104586,Embry-Riddle Aeronautical University-Prescott,2021,19,3033,41,37501,3659,0.7376332331238044,AZ,City/Suburb,77005,29.7,Baccalaureate
104586,Embry-Riddle Aeronautical University-Prescott,2020,20,2961,38,36243,4250,0.6684705882352941,AZ,City/Suburb,77873,29.7,Baccalaureate
104586,Embry-Riddle Aeronautical University-Prescott,2019,23,2894,38,36962,3752,0.6569829424307037,AZ,City/Suburb,76552,29.7,Baccalaureate
426314,Embry-Riddle Aeronautical University-Worldwide,2023,25,9037,49,20183,2047,0.6174890083048363,FL,City/Suburb,214692,30.4,M
426314,Embry-Riddle Aeronautical University-Worldwide,2022,25,8479,47,17002,1668,0.5767386091127098,FL,City/Suburb,217330,30.4,M
426314,Embry-Riddle Aeronautical University-Worldwide,2021,24,9394,46,15600,1278,0.6956181533646323,FL,City/Suburb,223891,30.4,M
426314,Embry-Riddle Aeronautical University-Worldwide,2020,27,10328,45,15618,1317,0.6271829916476841,FL,City/Suburb,215797,30.4,M
426314,Embry-Riddle Aeronautical University-Worldwide,2019,27,10304,43,20500,1636,0.6198044009779952,FL,City/Suburb,213187,30.4,M
165662,Emerson College,2023,15,4171,45,50703,11092,0.4748467363865849,MA,City/Suburb,78133,44.5,M
165662,Emerson College,2022,15,4155,45,51432,12109,0.42745065653646047,MA,City/Suburb,78514,44.5,M
165662,Emerson College,2021,16,4123,44,48842,11568,0.4528008298755187,MA,City/Suburb,78839,44.5,M
165662,Emerson College,2020,16,3708,41,47594,13326,0.4104757616689179,MA,City/Suburb,79537,44.5,M
165662,Emerson College,2019,16,3878,41,46381,15353,0.33348531231681106,MA,City/Suburb,78060,44.5,M
165671,Emmanuel College,2023,20,1973,35,33214,5937,0.8059626073774634,MA,City/Suburb,78133,44.5,Baccalaureate
165671,Emmanuel College,2022,21,1947,35,32273,5786,0.7969236087106809,MA,City/Suburb,78514,44.5,Baccalaureate
165671,Emmanuel College,2021,23,1870,34,28133,6072,0.7388010540184453,MA,City/Suburb,78839,44.5,Baccalaureate
165671,Emmanuel College,2020,24,1838,34,31581,5450,0.7552293577981651,MA,City/Suburb,79537,44.5,Baccalaureate
165671,Emmanuel College,2019,24,2112,35,29946,5832,0.7813786008230452,MA,City/Suburb,78060,44.5,Baccalaureate
139630,Emmanuel University,2023,30,861,38,19006,461,0.5336225596529284,GA,Town/Rural,126146,31.9,Baccalaureate
139630,Emmanuel University,2022,32,840,38,19921,766,0.6266318537859008,GA,Town/Rural,122695,31.9,Baccalaureate
139630,Emmanuel University,2021,35,918,36,17730,934,0.778372591006424,GA,Town/Rural,124712,31.9,Baccalaureate
139630,Emmanuel University,2020,39,883,34,17148,946,0.5274841437632135,GA,Town/Rural,126126,31.9,Baccalaureate
139630,Emmanuel University,2019,39,958,36,18268,767,0.46153846153846156,GA,Town/Rural,121897,31.9,Baccalaureate
153302,Emmaus Bible College,2023,40,197,27,14393,87,0.9770114942528736,IA,City/Suburb,36870,29,Baccalaureate
153302,Emmaus Bible College,2022,38,206,29,15521,70,1,IA,City/Suburb,36521,29,Baccalaureate
153302,Emmaus Bible College,2021,43,193,28,15687,106,0.9905660377358491,IA,City/Suburb,37097,29,Baccalaureate
153302,Emmaus Bible College,2020,45,194,32,15696,114,0.9210526315789473,IA,City/Suburb,36359,29,Baccalaureate
153302,Emmaus Bible College,2019,46,215,25,15966,113,0.9380530973451328,IA,City/Suburb,36735,29,Baccalaureate
232025,Emory & Henry University,2023,41,1107,32,21714,2349,0.9629629629629629,VA,Town/Rural,99497,39.3,M
232025,Emory & Henry University,2022,43,1082,27,20834,2288,0.9685314685314685,VA,Town/Rural,98780,39.3,M
232025,Emory & Henry University,2021,46,1084,28,19797,2260,0.8721238938053097,VA,Town/Rural,100147,39.3,M
232025,Emory & Henry University,2020,45,956,22,17715,1781,0.7540707467714767,VA,Town/Rural,98970,39.3,M
232025,Emory & Henry University,2019,44,1019,20,20653,1646,0.7308626974483596,VA,Town/Rural,95710,39.3,M
139658,Emory University,2023,18,7359,69,27986,31929,0.11096495349055717,GA,City/Suburb,126146,31.9,R1
139658,Emory University,2022,19,7101,67,26680,33179,0.1135356701528075,GA,City/Suburb,122695,31.9,R1
139658,Emory University,2021,20,7130,65,28367,33435,0.13052190818005086,GA,City/Suburb,124712,31.9,R1
139658,Emory University,2020,19,7010,63,25672,28211,0.19166282655701677,GA,City/Suburb,126126,31.9,R1
139658,Emory University,2019,19,7118,61,25942,30017,0.15597827897524735,GA,City/Suburb,121897,31.9,R1
155025,Emporia State University,2023,34,2412,30,15441,1592,0.9773869346733668,KS,Town/Rural,36832,33.8,M
155025,Emporia State University,2022,33,2740,29,14854,1846,0.9566630552546046,KS,Town/Rural,36624,33.8,M
155025,Emporia State University,2021,33,2948,32,14564,1419,0.8837209302325582,KS,Town/Rural,36149,33.8,M
155025,Emporia State University,2020,34,3181,34,14437,1544,0.8607512953367875,KS,Town/Rural,35923,33.8,M
155025,Emporia State University,2019,35,3405,33,14319,1670,0.8467065868263473,KS,Town/Rural,35979,33.8,M
165699,Endicott College,2023,13,3176,15,39988,5562,0.7229413879899317,MA,City/Suburb,78133,44.5,M
165699,Endicott College,2022,14,3062,17,39496,5430,0.7331491712707182,MA,City/Suburb,78514,44.5,M
165699,Endicott College,2021,15,2977,18,38196,5055,0.7721068249258161,MA,City/Suburb,78839,44.5,M
165699,Endicott College,2020,17,3076,18,37665,5355,0.704014939309057,MA,City/Suburb,79537,44.5,M
165699,Endicott College,2019,17,3050,18,36498,5031,0.6931027628702048,MA,City/Suburb,78060,44.5,M
217998,Erskine College,2023,40,854,59,21982,1037,0.6055930568948891,SC,Town/Rural,53335,28.3,R0
217998,Erskine College,2022,42,869,49,36581,1585,0.5324921135646687,SC,Town/Rural,52277,28.3,R0
217998,Erskine College,2021,44,820,55,33655,1050,0.6266666666666667,SC,Town/Rural,52010,28.3,R0
217998,Erskine College,2020,43,809,58,35573,1020,0.6,SC,Town/Rural,52680,28.3,R0
217998,Erskine College,2019,34,784,41,35421,1074,0.6964618249534451,SC,Town/Rural,53953,28.3,R0
144971,Eureka College,2023,23,527,32,20215,1041,0.8847262247838616,IL,Town/Rural,148445,35.1,Baccalaureate
144971,Eureka College,2022,46,559,29,19443,934,0.867237687366167,IL,Town/Rural,145439,35.1,Baccalaureate
144971,Eureka College,2021,45,476,28,20931,877,0.8665906499429875,IL,Town/Rural,150490,35.1,Baccalaureate
144971,Eureka College,2020,39,511,21,22153,1100,0.6136363636363636,IL,Town/Rural,149373,35.1,Baccalaureate
144971,Eureka College,2019,41,513,19,21178,815,0.6184049079754601,IL,Town/Rural,152277,35.1,Baccalaureate
177339,Evangel University,2023,36,1427,26,18748,1166,0.692967409948542,MO,City/Suburb,67773,29.5,M
177339,Evangel University,2022,31,1246,25,20963,1449,0.6790890269151139,MO,City/Suburb,66781,29.5,M
177339,Evangel University,2021,36,1669,24,21641,1224,0.636437908496732,MO,City/Suburb,66906,29.5,M
177339,Evangel University,2020,41,1511,24,23219,1278,0.6838810641627543,MO,City/Suburb,67892,29.5,M
177339,Evangel University,2019,44,1793,23,22045,1084,0.966789667896679,MO,City/Suburb,68482,29.5,M
497824,Evangel University-College of Online Learning,2023,53,241,22,19716,20,0.45,MO,City/Suburb,67773,29.5,Not Carnegie
497824,Evangel University-College of Online Learning,2022,55,240,25,22221,13,0.9230769230769231,MO,City/Suburb,66781,29.5,Not Carnegie
385619,Everglades University,2023,51,2369,54,26561,804,0.8644278606965174,FL,City/Suburb,214692,30.4,M
385619,Everglades University,2022,31,2246,55,28778,779,0.7034659820282413,FL,City/Suburb,217330,30.4,M
385619,Everglades University,2021,44,2212,54,29341,854,0.6042154566744731,FL,City/Suburb,223891,30.4,M
385619,Everglades University,2020,48,1877,55,30154,1999,0.7518759379689844,FL,City/Suburb,215797,30.4,M
385619,Everglades University,2019,55,1757,55,29365,1500,0.7493333333333333,FL,City/Suburb,213187,30.4,M
129242,Fairfield University,2023,7,4968,19,47630,15463,0.44984802431610943,CT,City/Suburb,44962,39.6,R0
129242,Fairfield University,2022,7,4757,20,46065,13359,0.5218204955460738,CT,City/Suburb,44540,39.6,R0
129242,Fairfield University,2021,10,4603,22,44723,12674,0.5580716427331545,CT,City/Suburb,44901,39.6,R0
129242,Fairfield University,2020,10,4354,23,43173,12586,0.5613379945971715,CT,City/Suburb,45222,39.6,R0
129242,Fairfield University,2019,11,4303,24,39546,12315,0.5712545676004872,CT,City/Suburb,45216,39.6,R0
184694,Fairleigh Dickinson University-Florham Campus,2023,35,1997,51,26472,4457,0.9526587390621494,NJ,City/Suburb,104131,40.8,M
184694,Fairleigh Dickinson University-Florham Campus,2022,33,2053,48,21408,4421,0.891201085727211,NJ,City/Suburb,107755,40.8,M
184694,Fairleigh Dickinson University-Florham Campus,2021,31,2320,46,15810,4125,0.8455757575757575,NJ,City/Suburb,109108,40.8,M
184694,Fairleigh Dickinson University-Florham Campus,2020,35,2707,45,23130,4759,0.8632065559991595,NJ,City/Suburb,109961,40.8,M
184694,Fairleigh Dickinson University-Florham Campus,2019,34,2620,42,23675,2954,0.9380501015572106,NJ,City/Suburb,113367,40.8,M
184603,Fairleigh Dickinson University-Metropolitan Campus,2023,22,5440,59,17121,4259,0.9591453392815215,NJ,City/Suburb,104131,40.8,M
184603,Fairleigh Dickinson University-Metropolitan Campus,2022,21,5380,59,16030,4294,0.8409408476944574,NJ,City/Suburb,107755,40.8,M
184603,Fairleigh Dickinson University-Metropolitan Campus,2021,23,5540,62,12305,3982,0.8473129080863887,NJ,City/Suburb,109108,40.8,M
184603,Fairleigh Dickinson University-Metropolitan Campus,2020,22,5734,60,13941,4042,0.8886689757545769,NJ,City/Suburb,109961,40.8,M
184603,Fairleigh Dickinson University-Metropolitan Campus,2019,25,6353,62,15601,2808,0.9223646723646723,NJ,City/Suburb,113367,40.8,M
237367,Fairmont State University,2023,33,3060,12,10993,1979,0.9924204143506822,WV,Town/Rural,17853,21.3,M
237367,Fairmont State University,2022,35,3197,14,10794,1926,0.9849428868120457,WV,Town/Rural,17400,21.3,M
237367,Fairmont State University,2021,36,3273,11,11277,1767,0.987549518958687,WV,Town/Rural,18271,21.3,M
237367,Fairmont State University,2020,39,3573,12,10608,2439,0.9434194341943419,WV,Town/Rural,18751,21.3,M
237367,Fairmont State University,2019,42,3563,13,9733,2712,0.8536135693215339,WV,Town/Rural,19036,21.3,M
153320,Faith Baptist Bible College and Theological Seminary,2023,37,518,16,18288,308,0.4967532467532468,IA,City/Suburb,36870,29,Baccalaureate
153320,Faith Baptist Bible College and Theological Seminary,2022,37,377,16,14845,286,0.5244755244755245,IA,City/Suburb,36521,29,Baccalaureate
153320,Faith Baptist Bible College and Theological Seminary,2021,32,384,16,16851,228,0.5614035087719298,IA,City/Suburb,37097,29,Baccalaureate
153320,Faith Baptist Bible College and Theological Seminary,2020,43,432,13,16896,250,0.676,IA,City/Suburb,36359,29,Baccalaureate
153320,Faith Baptist Bible College and Theological Seminary,2019,47,319,12,15151,232,0.625,IA,City/Suburb,36735,29,Baccalaureate
443058,Family of Faith Christian University,2022,26,34,29,11252,7,0.7142857142857143,OK,Town/Rural,46032,25.6,Special or Tribal
196042,Farmingdale State College,2023,36,9508,59,8224,9455,0.6911686938127974,NY,City/Suburb,211853,37.2,Baccalaureate
196042,Farmingdale State College,2022,35,9264,56,8111,6426,0.7317149081854964,NY,City/Suburb,213993,37.2,Baccalaureate
196042,Farmingdale State College,2021,33,9284,53,6007,6995,0.7250893495353824,NY,City/Suburb,217586,37.2,Baccalaureate
196042,Farmingdale State College,2020,33,9948,49,7948,7156,0.6015930687534936,NY,City/Suburb,209688,37.2,Baccalaureate
196042,Farmingdale State College,2019,34,9939,48,7481,6952,0.5489067894131185,NY,City/Suburb,212104,37.2,Baccalaureate
191126,Fashion Institute of Technology,2023,32,7843,62,19649,4326,0.5760517799352751,NY,City/Suburb,211853,37.2,M
191126,Fashion Institute of Technology,2022,32,7871,61,20900,4669,0.5279503105590062,NY,City/Suburb,213993,37.2,M
191126,Fashion Institute of Technology,2021,31,7908,59,8637,4706,0.5167870803229919,NY,City/Suburb,217586,37.2,M
191126,Fashion Institute of Technology,2020,31,7959,59,9165,4354,0.5898024804777217,NY,City/Suburb,209688,37.2,M
191126,Fashion Institute of Technology,2019,30,8508,58,8623,4444,0.5389288928892889,NY,City/Suburb,212104,37.2,M
101189,Faulkner University,2023,44,1793,52,19908,1786,0.6612541993281075,AL,City/Suburb,52181,25.5,M
101189,Faulkner University,2022,46,1792,52,20050,1728,0.8240740740740741,AL,City/Suburb,53739,25.5,M
101189,Faulkner University,2021,46,1919,51,19439,1791,0.6460078168620882,AL,City/Suburb,54466,25.5,M
101189,Faulkner University,2020,50,2098,50,19889,1572,0.7576335877862596,AL,City/Suburb,52925,25.5,M
101189,Faulkner University,2019,49,2192,50,19990,1209,0.7832919768403639,AL,City/Suburb,55331,25.5,M
198543,Fayetteville State University,2023,53,5845,85,7298,5043,0.7989292088042832,NC,City/Suburb,108252,31.9,M
198543,Fayetteville State University,2022,51,5748,83,6355,4116,0.8124392614188533,NC,City/Suburb,114167,31.9,M
198543,Fayetteville State University,2021,52,5557,81,6718,4135,0.8205562273276904,NC,City/Suburb,116514,31.9,M
198543,Fayetteville State University,2020,54,5661,81,7016,4611,0.7937540663630449,NC,City/Suburb,116615,31.9,M
198543,Fayetteville State University,2019,56,5644,81,5587,4858,0.6850555784273363,NC,City/Suburb,114284,31.9,M
184612,Felician University,2023,52,1833,77,15818,2254,0.9401064773735581,NJ,City/Suburb,104131,40.8,M
184612,Felician University,2022,50,1746,75,15743,2286,0.8915135608048994,NJ,City/Suburb,107755,40.8,M
184612,Felician University,2021,49,1999,75,20027,2307,0.9198092761161681,NJ,City/Suburb,109108,40.8,M
184612,Felician University,2020,53,2115,73,17825,2838,0.9355179704016914,NJ,City/Suburb,109961,40.8,M
184612,Felician University,2019,57,1852,73,17958,2545,0.8609037328094302,NJ,City/Suburb,113367,40.8,M
169910,Ferris State University,2023,34,8940,25,13154,9548,0.8058232090490155,MI,Town/Rural,108265,29.6,R0
169910,Ferris State University,2022,34,9000,25,13978,12228,0.8788027477919529,MI,Town/Rural,103443,29.6,R0
169910,Ferris State University,2021,35,9248,24,13624,10480,0.8477099236641221,MI,Town/Rural,107239,29.6,R0
169910,Ferris State University,2020,35,9929,23,12638,8581,0.8246125160237735,MI,Town/Rural,108725,29.6,R0
169910,Ferris State University,2019,36,11184,23,13097,9175,0.8663760217983651,MI,Town/Rural,112177,29.6,R0
232089,Ferrum College,2023,47,747,52,22521,1483,1,VA,Town/Rural,99497,39.3,Baccalaureate
232089,Ferrum College,2022,51,835,50,25558,1452,0.8429752066115702,VA,Town/Rural,98780,39.3,Baccalaureate
232089,Ferrum College,2021,55,863,50,22278,1671,0.7642130460801915,VA,Town/Rural,100147,39.3,Baccalaureate
232089,Ferrum College,2020,54,962,50,23344,3206,0.7582657517155333,VA,Town/Rural,98970,39.3,Baccalaureate
232089,Ferrum College,2019,60,1050,48,23010,3770,0.7315649867374006,VA,Town/Rural,95710,39.3,Baccalaureate
165802,Fisher College,2023,42,1384,79,27827,3436,0.7075087310826542,MA,City/Suburb,78133,44.5,Baccalaureate
165802,Fisher College,2022,44,1312,81,26257,3333,0.7422742274227423,MA,City/Suburb,78514,44.5,Baccalaureate
165802,Fisher College,2021,44,1253,79,26130,2897,0.7235070762858129,MA,City/Suburb,78839,44.5,Baccalaureate
165802,Fisher College,2020,36,1311,76,25227,2612,0.7771822358346095,MA,City/Suburb,79537,44.5,Baccalaureate
165802,Fisher College,2019,39,1551,75,23981,2068,0.6929400386847195,MA,City/Suburb,78060,44.5,Baccalaureate
220181,Fisk University,2023,48,950,100,19836,7982,0.5790528689551491,TN,City/Suburb,72084,27.5,Baccalaureate
220181,Fisk University,2022,53,1009,100,20578,7268,0.7096862960924601,TN,City/Suburb,71347,27.5,Baccalaureate
220181,Fisk University,2021,51,914,99,25582,4281,0.611072179397337,TN,City/Suburb,72685,27.5,Baccalaureate
220181,Fisk University,2020,60,879,100,21450,6345,0.6646178092986603,TN,City/Suburb,73281,27.5,Baccalaureate
220181,Fisk University,2019,71,840,100,24225,3034,0.9340804218852999,TN,City/Suburb,72802,27.5,Baccalaureate
165820,Fitchburg State University,2023,31,3133,38,15820,4353,0.8993797381116472,MA,City/Suburb,78133,44.5,M
165820,Fitchburg State University,2022,33,3168,38,15535,3084,0.8605706874189365,MA,City/Suburb,78514,44.5,M
165820,Fitchburg State University,2021,34,3349,36,16862,3414,0.8526654950205038,MA,City/Suburb,78839,44.5,M
165820,Fitchburg State University,2020,35,3815,34,15831,2998,0.8799199466310874,MA,City/Suburb,79537,44.5,M
165820,Fitchburg State University,2019,36,4043,31,15237,2902,0.8835286009648519,MA,City/Suburb,78060,44.5,M
133711,Flagler College,2023,28,2432,28,31085,5509,0.7809039753131239,FL,City/Suburb,214692,30.4,Baccalaureate
133711,Flagler College,2022,30,2607,28,26547,5416,0.8094534711964549,FL,City/Suburb,217330,30.4,Baccalaureate
133711,Flagler College,2021,30,2630,28,24798,5381,0.7403828284705445,FL,City/Suburb,223891,30.4,Baccalaureate
133711,Flagler College,2020,31,2671,28,25324,5431,0.5649051740011047,FL,City/Suburb,215797,30.4,Baccalaureate
133711,Flagler College,2019,31,2889,27,23751,4569,0.647625300941125,FL,City/Suburb,213187,30.4,Baccalaureate
133650,Florida Agricultural and Mechanical University,2023,56,7796,95,15491,22713,0.21120063399815084,FL,City/Suburb,214692,30.4,R2
133650,Florida Agricultural and Mechanical University,2022,55,7709,95,11583,12372,0.32929194956353053,FL,City/Suburb,217330,30.4,R2
133650,Florida Agricultural and Mechanical University,2021,56,7301,95,12539,8717,0.3528736950785821,FL,City/Suburb,223891,30.4,R2
133650,Florida Agricultural and Mechanical University,2020,60,7402,95,12903,9472,0.3298141891891892,FL,City/Suburb,215797,30.4,R2
133650,Florida Agricultural and Mechanical University,2019,61,7818,95,14610,10269,0.3568994059791606,FL,City/Suburb,213187,30.4,R2
133669,Florida Atlantic University,2023,35,24614,59,9839,27612,0.7344270606982471,FL,City/Suburb,214692,30.4,R2
133669,Florida Atlantic University,2022,36,24191,60,9711,24268,0.8131696060656007,FL,City/Suburb,217330,30.4,R2
133669,Florida Atlantic University,2021,36,24799,61,8771,25148,0.7800620327660251,FL,City/Suburb,223891,30.4,R2
133669,Florida Atlantic University,2020,38,25457,61,11451,25300,0.7477865612648221,FL,City/Suburb,215797,30.4,R2
133669,Florida Atlantic University,2019,39,24740,60,9861,18854,0.6327569746472897,FL,City/Suburb,213187,30.4,R2
133809,Florida College,2023,21,657,23,23885,307,0.6644951140065146,FL,City/Suburb,214692,30.4,Baccalaureate
133809,Florida College,2022,27,622,28,21360,286,0.7167832167832168,FL,City/Suburb,217330,30.4,Baccalaureate
133809,Florida College,2021,26,535,22,20538,272,0.8272058823529411,FL,City/Suburb,223891,30.4,Baccalaureate
133809,Florida College,2020,29,488,22,21068,317,0.7634069400630915,FL,City/Suburb,215797,30.4,Baccalaureate
133809,Florida College,2019,32,538,22,19964,369,0.7533875338753387,FL,City/Suburb,213187,30.4,Baccalaureate
433660,Florida Gulf Coast University,2023,29,14227,42,10548,16050,0.7674766355140187,FL,City/Suburb,214692,30.4,R0
433660,Florida Gulf Coast University,2022,30,14130,40,10834,15657,0.7438845244938366,FL,City/Suburb,217330,30.4,R0
433660,Florida Gulf Coast University,2021,29,14228,41,9840,14462,0.8920619554695063,FL,City/Suburb,223891,30.4,R0
433660,Florida Gulf Coast University,2020,31,13871,40,10151,15430,0.7748541801685029,FL,City/Suburb,215797,30.4,R0
433660,Florida Gulf Coast University,2019,31,13722,38,11621,13735,0.6666909355660721,FL,City/Suburb,213187,30.4,R0
133881,Florida Institute of Technology,2023,20,3458,48,36364,15205,0.6252548503781651,FL,City/Suburb,214692,30.4,R2
133881,Florida Institute of Technology,2022,20,3364,48,33354,13941,0.6437127896133706,FL,City/Suburb,217330,30.4,R2
133881,Florida Institute of Technology,2021,21,3491,48,32314,10650,0.6587793427230046,FL,City/Suburb,223891,30.4,R2
133881,Florida Institute of Technology,2020,21,3475,49,33313,9803,0.7036621442415587,FL,City/Suburb,215797,30.4,R2
133881,Florida Institute of Technology,2019,21,3542,51,32776,9743,0.6574976906496972,FL,City/Suburb,213187,30.4,R2
480569,Florida Institute of Technology-Online,2023,49,629,54,24146,189,0.4444444444444444,FL,City/Suburb,214692,30.4,M
480569,Florida Institute of Technology-Online,2022,47,779,52,24115,113,0.9203539823008849,FL,City/Suburb,217330,30.4,M
480569,Florida Institute of Technology-Online,2021,47,938,52,24297,147,1,FL,City/Suburb,223891,30.4,M
480569,Florida Institute of Technology-Online,2020,52,1101,48,24838,162,1,FL,City/Suburb,215797,30.4,M
133951,Florida International University,2023,40,44363,91,10742,25034,0.5883598306303427,FL,City/Suburb,214692,30.4,R1
133951,Florida International University,2022,53,45688,91,9881,17343,0.6385861730957735,FL,City/Suburb,217330,30.4,R1
133951,Florida International University,2021,47,46415,91,9398,16406,0.6401316591490918,FL,City/Suburb,223891,30.4,R1
133951,Florida International University,2020,48,49049,91,8988,16904,0.5787979176526266,FL,City/Suburb,215797,30.4,R1
133951,Florida International University,2019,48,49326,91,9888,18492,0.5750594851827817,FL,City/Suburb,213187,30.4,R1
133979,Florida Memorial University,2023,66,1299,97,18366,12750,0.7431372549019608,FL,City/Suburb,214692,30.4,Baccalaureate
133979,Florida Memorial University,2022,65,1098,99,16359,11931,0.6993546224122035,FL,City/Suburb,217330,30.4,Baccalaureate
133979,Florida Memorial University,2021,67,992,99,17486,3501,0.567552127963439,FL,City/Suburb,223891,30.4,Baccalaureate
133979,Florida Memorial University,2020,71,887,99,16113,3929,0.38406719266989053,FL,City/Suburb,215797,30.4,Baccalaureate
133979,Florida Memorial University,2019,68,1050,99,17247,7827,0.3998977897023125,FL,City/Suburb,213187,30.4,Baccalaureate
482936,Florida Polytechnic University,2023,33,1569,44,11923,2600,0.5573076923076923,FL,Town/Rural,214692,30.4,Baccalaureate
482936,Florida Polytechnic University,2022,32,1531,43,12373,2779,0.5602734796689457,FL,Town/Rural,217330,30.4,Baccalaureate
482936,Florida Polytechnic University,2021,32,1478,42,9376,2195,0.6505694760820045,FL,Town/Rural,223891,30.4,Baccalaureate
482936,Florida Polytechnic University,2020,34,1349,40,10846,1665,0.5843843843843843,FL,Town/Rural,215797,30.4,Baccalaureate
482936,Florida Polytechnic University,2019,30,1288,37,11958,1261,0.500396510705789,FL,Town/Rural,213187,30.4,Baccalaureate
134079,Florida Southern College,2023,26,2626,33,30462,10874,0.5906750045981239,FL,City/Suburb,214692,30.4,M
134079,Florida Southern College,2022,27,2721,31,27324,11120,0.5660971223021583,FL,City/Suburb,217330,30.4,M
134079,Florida Southern College,2021,27,2811,32,25783,10759,0.6087926387210707,FL,City/Suburb,223891,30.4,M
134079,Florida Southern College,2020,26,2834,30,27091,9116,0.5037297060114085,FL,City/Suburb,215797,30.4,M
134079,Florida Southern College,2019,27,2755,29,25325,8034,0.5212845407020165,FL,City/Suburb,213187,30.4,M
134097,Florida State University,2023,24,32217,42,14903,74038,0.2538291147788973,FL,City/Suburb,214692,30.4,R1
134097,Florida State University,2022,28,32936,42,14003,78088,0.2503841819485708,FL,City/Suburb,217330,30.4,R1
134097,Florida State University,2021,26,33593,42,12684,65235,0.3707059094044608,FL,City/Suburb,223891,30.4,R1
134097,Florida State University,2020,26,32543,41,12815,63691,0.32450424706787456,FL,City/Suburb,215797,30.4,R1
134097,Florida State University,2019,31,33270,41,12568,58936,0.3597461653318854,FL,City/Suburb,213187,30.4,R1
177418,Fontbonne University,2023,48,650,40,19519,1067,0.950328022492971,MO,City/Suburb,67773,29.5,M
177418,Fontbonne University,2022,46,684,38,20732,880,0.9443181818181818,MO,City/Suburb,66781,29.5,M
177418,Fontbonne University,2021,48,665,37,19481,594,0.7811447811447811,MO,City/Suburb,66906,29.5,M
177418,Fontbonne University,2020,45,816,38,16531,717,0.8535564853556485,MO,City/Suburb,67892,29.5,M
177418,Fontbonne University,2019,41,868,35,16953,789,0.7870722433460076,MO,City/Suburb,68482,29.5,M
191241,Fordham University,2023,21,10307,53,45368,43663,0.5627877149989694,NY,City/Suburb,211853,37.2,R2
191241,Fordham University,2022,20,10098,50,43943,47203,0.5412791559858483,NY,City/Suburb,213993,37.2,R2
191241,Fordham University,2021,19,9904,48,37583,46275,0.5830361966504592,NY,City/Suburb,217586,37.2,R2
191241,Fordham University,2020,18,9399,46,41569,47936,0.5252837116154874,NY,City/Suburb,209688,37.2,R2
191241,Fordham University,2019,19,9767,45,39558,47930,0.4587523471729606,NY,City/Suburb,212104,37.2,R2
155061,Fort Hays State University,2023,22,10206,51,13774,2174,0.9176632934682613,KS,Town/Rural,36832,33.8,M
155061,Fort Hays State University,2022,22,10427,50,13322,1828,0.8801969365426696,KS,Town/Rural,36624,33.8,M
155061,Fort Hays State University,2021,23,11402,50,13788,1997,0.9033550325488232,KS,Town/Rural,36149,33.8,M
155061,Fort Hays State University,2020,25,12211,49,13379,1920,0.9135416666666667,KS,Town/Rural,35923,33.8,M
155061,Fort Hays State University,2019,27,13128,50,12108,2056,0.9114785992217899,KS,Town/Rural,35979,33.8,M
127185,Fort Lewis College,2023,36,3313,56,16074,4253,0.9320479661415472,CO,Town/Rural,63277,41.7,Baccalaureate
127185,Fort Lewis College,2022,38,3308,60,15685,4942,0.9097531363820316,CO,Town/Rural,64869,41.7,Baccalaureate
127185,Fort Lewis College,2021,36,3449,61,15807,3795,0.927536231884058,CO,Town/Rural,63204,41.7,Baccalaureate
127185,Fort Lewis College,2020,36,3359,60,15723,3497,0.9150700600514727,CO,Town/Rural,61237,41.7,Baccalaureate
127185,Fort Lewis College,2019,36,3220,56,16204,3757,0.9137609795049242,CO,Town/Rural,60962,41.7,Baccalaureate
139719,Fort Valley State University,2023,72,2558,98,11457,5080,0.6279527559055118,GA,Town/Rural,126146,31.9,M
139719,Fort Valley State University,2022,73,2360,98,13016,6247,0.43092684488554506,GA,Town/Rural,122695,31.9,M
139719,Fort Valley State University,2021,76,2666,98,13093,5403,0.722561539885249,GA,Town/Rural,124712,31.9,M
139719,Fort Valley State University,2020,75,2794,99,12916,5693,0.7231688037941332,GA,Town/Rural,126126,31.9,M
139719,Fort Valley State University,2019,75,2293,98,13075,3059,0.5181431840470742,GA,Town/Rural,121897,31.9,M
165866,Framingham State University,2023,34,2817,49,16640,4342,0.8486872409028098,MA,City/Suburb,78133,44.5,M
165866,Framingham State University,2022,36,2970,47,17715,4526,0.8740609809986744,MA,City/Suburb,78514,44.5,M
165866,Framingham State University,2021,35,3213,44,16900,5117,0.8379910103576315,MA,City/Suburb,78839,44.5,M
165866,Framingham State University,2020,37,3520,41,19336,5695,0.7852502194907814,MA,City/Suburb,79537,44.5,M
165866,Framingham State University,2019,37,3857,40,18937,5945,0.7424726661059714,MA,City/Suburb,78060,44.5,M
218061,Francis Marion University,2023,39,3623,50,11231,3489,0.8222986529091431,SC,Town/Rural,53335,28.3,M
218061,Francis Marion University,2022,45,3635,48,12614,3523,0.8291229066136815,SC,Town/Rural,52277,28.3,M
218061,Francis Marion University,2021,46,3475,49,13299,3028,0.8612945838837517,SC,Town/Rural,52010,28.3,M
218061,Francis Marion University,2020,47,3632,50,12380,4266,0.7524613220815752,SC,Town/Rural,52680,28.3,M
218061,Francis Marion University,2019,48,3800,51,12973,4252,0.6803857008466604,SC,Town/Rural,53953,28.3,M
160074,Franciscan Missionaries of Our Lady University,2023,36,862,34,15239,381,0.8293963254593176,LA,City/Suburb,49729,24.3,Special or Tribal
160074,Franciscan Missionaries of Our Lady University,2022,31,891,36,15916,184,0.8478260869565217,LA,City/Suburb,49777,24.3,Special or Tribal
160074,Franciscan Missionaries of Our Lady University,2021,31,988,36,15054,519,0.5452793834296724,LA,City/Suburb,52461,24.3,Special or Tribal
160074,Franciscan Missionaries of Our Lady University,2020,32,1034,32,14531,463,0.46652267818574517,LA,City/Suburb,53334,24.3,Special or Tribal
160074,Franciscan Missionaries of Our Lady University,2019,35,1018,31,15073,217,0.5668202764976958,LA,City/Suburb,52809,24.3,Special or Tribal
205957,Franciscan University of Steubenville,2023,21,2978,29,24490,2265,0.7222958057395144,OH,City/Suburb,133760,29,M
205957,Franciscan University of Steubenville,2022,21,2785,30,25310,2456,0.6665309446254072,OH,City/Suburb,133872,29,M
205957,Franciscan University of Steubenville,2021,21,2610,26,19542,2257,0.6845369960124058,OH,City/Suburb,136945,29,M
205957,Franciscan University of Steubenville,2020,23,2505,26,25175,2074,0.7299903567984571,OH,City/Suburb,135941,29,M
205957,Franciscan University of Steubenville,2019,24,2242,22,26356,1982,0.7663975782038345,OH,City/Suburb,135868,29,M
212577,Franklin and Marshall College,2023,17,1911,42,37475,9231,0.3182753764489221,PA,City/Suburb,142275,31.8,Baccalaureate
212577,Franklin and Marshall College,2022,19,1990,44,31135,8923,0.36232208898352575,PA,City/Suburb,139193,31.8,Baccalaureate
212577,Franklin and Marshall College,2021,21,2145,44,26316,7720,0.3753886010362694,PA,City/Suburb,142186,31.8,Baccalaureate
212577,Franklin and Marshall College,2020,19,2254,44,28038,9062,0.36504082983888764,PA,City/Suburb,143645,31.8,Baccalaureate
212577,Franklin and Marshall College,2019,18,2315,45,27102,9502,0.30393601347084825,PA,City/Suburb,143842,31.8,Baccalaureate
150604,Franklin College,2023,39,911,20,23843,2264,0.7058303886925795,IN,City/Suburb,76628,27.1,Baccalaureate
150604,Franklin College,2022,39,896,19,20791,1737,0.9286125503742084,IN,City/Suburb,74897,27.1,Baccalaureate
150604,Franklin College,2021,38,899,18,21929,1589,0.946507237256136,IN,City/Suburb,78348,27.1,Baccalaureate
150604,Franklin College,2020,37,938,16,21396,2073,0.7607332368547998,IN,City/Suburb,78809,27.1,Baccalaureate
150604,Franklin College,2019,37,922,14,22904,1865,0.8128686327077748,IN,City/Suburb,76144,27.1,Baccalaureate
182795,Franklin Pierce University,2023,27,1058,30,25557,2731,0.9018674478213109,NH,Town/Rural,15434,36.8,M
182795,Franklin Pierce University,2022,26,1171,27,28434,3145,0.9271860095389507,NH,Town/Rural,15352,36.8,M
182795,Franklin Pierce University,2021,27,1279,27,27882,3305,0.8853252647503782,NH,Town/Rural,15187,36.8,M
182795,Franklin Pierce University,2020,30,1436,28,27121,4517,0.8468009740978526,NH,Town/Rural,14958,36.8,M
182795,Franklin Pierce University,2019,31,1600,28,27876,5150,0.6648543689320389,NH,Town/Rural,15466,36.8,M
441982,Franklin W Olin College of Engineering,2023,13,402,60,40370,928,0.2165948275862069,MA,City/Suburb,78133,44.5,Special or Tribal
441982,Franklin W Olin College of Engineering,2022,13,386,60,38502,862,0.191415313225058,MA,City/Suburb,78514,44.5,Special or Tribal
441982,Franklin W Olin College of Engineering,2021,13,382,60,36494,907,0.17971334068357223,MA,City/Suburb,78839,44.5,Special or Tribal
441982,Franklin W Olin College of Engineering,2020,12,310,61,34297,900,0.16444444444444445,MA,City/Suburb,79537,44.5,Special or Tribal
441982,Franklin W Olin College of Engineering,2019,10,386,58,35310,905,0.1569060773480663,MA,City/Suburb,78060,44.5,Special or Tribal
220215,Freed-Hardeman University,2023,22,1878,14,18267,1077,0.9062209842154132,TN,Town/Rural,72084,27.5,M
220215,Freed-Hardeman University,2022,24,1850,13,18556,1067,0.9119025304592315,TN,Town/Rural,71347,27.5,M
220215,Freed-Hardeman University,2021,23,1797,11,17074,1147,0.8788142981691369,TN,Town/Rural,72685,27.5,M
220215,Freed-Hardeman University,2020,25,1727,15,17350,1405,0.8085409252669039,TN,Town/Rural,73281,27.5,M
220215,Freed-Hardeman University,2019,28,1648,23,16760,944,0.8845338983050848,TN,Town/Rural,72802,27.5,M
114813,Fresno Pacific University,2023,59,1616,80,15668,1516,0.575197889182058,CA,City/Suburb,492544,34.2,M
114813,Fresno Pacific University,2022,56,1744,80,15255,832,0.75,CA,City/Suburb,473448,34.2,M
114813,Fresno Pacific University,2021,61,2686,75,15350,917,0.7786259541984732,CA,City/Suburb,467260,34.2,M
114813,Fresno Pacific University,2020,65,2711,76,18728,959,0.6694473409801877,CA,City/Suburb,477479,34.2,M
114813,Fresno Pacific University,2019,62,2947,74,19298,964,0.6607883817427386,CA,City/Suburb,478819,34.2,M
155089,Friends University,2023,34,1460,50,22579,1134,0.5564373897707231,KS,City/Suburb,36832,33.8,M
155089,Friends University,2022,36,1278,49,23720,1620,0.6327160493827161,KS,City/Suburb,36624,33.8,M
155089,Friends University,2021,40,1192,48,22647,1826,0.5766703176341731,KS,City/Suburb,36149,33.8,M
155089,Friends University,2020,35,1089,44,21609,1154,0.5753899480069324,KS,City/Suburb,35923,33.8,M
155089,Friends University,2019,35,1291,43,20641,1266,0.45813586097946285,KS,City/Suburb,35979,33.8,M
162584,Frostburg State University,2023,33,3344,48,16521,4556,0.8944249341527656,MD,Town/Rural,69770,40.8,M
162584,Frostburg State University,2022,35,3264,48,16114,3976,0.8787726358148893,MD,Town/Rural,69124,40.8,M
162584,Frostburg State University,2021,35,3680,50,16720,4287,0.8605085141124329,MD,Town/Rural,71017,40.8,M
162584,Frostburg State University,2020,35,4119,50,15970,4335,0.7361014994232987,MD,Town/Rural,67971,40.8,M
162584,Frostburg State University,2019,36,4429,50,16380,3072,0.8014322916666666,MD,Town/Rural,68208,40.8,M
218070,Furman University,2023,11,2327,27,32901,8406,0.525695931477516,SC,City/Suburb,53335,28.3,Baccalaureate
218070,Furman University,2022,11,2283,24,33370,7514,0.6702155975512377,SC,City/Suburb,52277,28.3,Baccalaureate
218070,Furman University,2021,11,2307,23,33999,7174,0.7135489266796766,SC,City/Suburb,52010,28.3,Baccalaureate
218070,Furman University,2020,12,2345,23,37761,5194,0.6524836349634193,SC,City/Suburb,52680,28.3,Baccalaureate
218070,Furman University,2019,14,2688,21,35621,5258,0.5680867249904907,SC,City/Suburb,53953,28.3,Baccalaureate
131450,Gallaudet University,2023,54,919,59,15025,425,0.6094117647058823,DC,City/Suburb,5190,60.4,R0
131450,Gallaudet University,2022,56,914,58,13787,380,0.5921052631578947,DC,City/Suburb,5148,60.4,R0
131450,Gallaudet University,2021,50,1012,57,25465,402,0.6169154228855721,DC,City/Suburb,5077,60.4,R0
131450,Gallaudet University,2020,56,1019,55,18410,412,0.6262135922330098,DC,City/Suburb,4662,60.4,R0
131450,Gallaudet University,2019,56,1075,53,15639,477,0.6121593291404612,DC,City/Suburb,4757,60.4,R0
212601,Gannon University,2023,22,2920,34,23942,6331,0.7670194282103933,PA,City/Suburb,142275,31.8,R0
212601,Gannon University,2022,26,3091,32,22200,6678,0.8084755914944595,PA,City/Suburb,139193,31.8,R0
212601,Gannon University,2021,27,3165,32,22258,4746,0.8358617783396545,PA,City/Suburb,142186,31.8,R0
212601,Gannon University,2020,26,3208,34,22839,4442,0.7924358397118415,PA,City/Suburb,143645,31.8,R0
212601,Gannon University,2019,27,3432,32,22009,4727,0.7552358789930188,PA,City/Suburb,143842,31.8,R0
198561,Gardner-Webb University,2023,27,1840,50,24035,4670,0.8702355460385439,NC,Town/Rural,108252,31.9,R0
198561,Gardner-Webb University,2022,40,1812,46,22339,5728,0.7494762569832403,NC,Town/Rural,114167,31.9,R0
198561,Gardner-Webb University,2021,42,1983,40,20296,5657,0.7894643804136469,NC,Town/Rural,116514,31.9,R0
198561,Gardner-Webb University,2020,45,2071,40,20363,5370,0.7795158286778399,NC,Town/Rural,116615,31.9,R0
198561,Gardner-Webb University,2019,44,1999,36,21217,4834,0.6671493587091436,NC,Town/Rural,114284,31.9,R0
212656,Geneva College,2022,29,1123,20,20999,1575,0.7904761904761904,PA,City/Suburb,139193,31.8,M
212656,Geneva College,2021,34,1180,21,19895,1551,0.7936814958091554,PA,City/Suburb,142186,31.8,M
212656,Geneva College,2020,36,1201,20,19967,1642,0.7314250913520097,PA,City/Suburb,143645,31.8,M
212656,Geneva College,2019,36,1290,20,19400,2801,0.532309889325241,PA,City/Suburb,143842,31.8,M
208822,George Fox University,2023,27,3004,40,30649,3737,0.9641423601819642,OR,Town/Rural,41163,34,R0
208822,George Fox University,2022,28,2853,39,28840,3542,0.9172783738001129,OR,Town/Rural,41057,34,R0
208822,George Fox University,2021,28,2559,33,31236,3957,0.8253727571392468,OR,Town/Rural,42778,34,R0
208822,George Fox University,2020,28,2481,30,29589,2685,0.9091247672253259,OR,Town/Rural,42173,34,R0
208822,George Fox University,2019,28,2629,31,30827,3010,0.8239202657807309,OR,Town/Rural,41717,34,R0
232186,George Mason University,2023,30,27666,67,18900,22579,0.8883032906683201,VA,City/Suburb,99497,39.3,R1
232186,George Mason University,2022,30,27014,66,18479,20001,0.9000049997500125,VA,City/Suburb,98780,39.3,R1
232186,George Mason University,2021,29,26882,64,18841,20527,0.912992643834949,VA,City/Suburb,100147,39.3,R1
232186,George Mason University,2020,30,27104,63,18285,21198,0.8920181149165015,VA,City/Suburb,98970,39.3,R1
232186,George Mason University,2019,30,26662,62,20157,19554,0.8674440012273703,VA,City/Suburb,95710,39.3,R1
131469,George Washington University,2023,15,11387,52,45466,27094,0.4354469624271056,DC,City/Suburb,5190,60.4,R1
131469,George Washington University,2022,15,11482,51,42723,27266,0.4897674759774078,DC,City/Suburb,5148,60.4,R1
131469,George Washington University,2021,14,11502,50,31240,27236,0.49709942722866796,DC,City/Suburb,5077,60.4,R1
131469,George Washington University,2020,14,11763,51,40308,26405,0.43044877864040904,DC,City/Suburb,4662,60.4,R1
131469,George Washington University,2019,15,12484,51,38829,26978,0.4084439172659204,DC,City/Suburb,4757,60.4,R1
156745,Georgetown College,2023,34,1200,24,14878,1815,0.7388429752066116,KY,Town/Rural,49328,24.8,Baccalaureate
156745,Georgetown College,2022,34,1233,24,15152,2532,0.7152448657187994,KY,Town/Rural,49640,24.8,Baccalaureate
156745,Georgetown College,2021,32,1259,22,15028,2764,0.7452966714905933,KY,Town/Rural,50879,24.8,Baccalaureate
156745,Georgetown College,2020,35,1109,22,18056,2712,0.7216076696165191,KY,Town/Rural,51547,24.8,Baccalaureate
156745,Georgetown College,2019,37,983,25,17609,2791,0.6334647079899678,KY,Town/Rural,51210,24.8,Baccalaureate
131496,Georgetown University,2023,10,7968,54,37967,25485,0.13082205218756132,DC,City/Suburb,5190,60.4,R1
131496,Georgetown University,2022,12,7900,53,35566,26638,0.12226893910954276,DC,City/Suburb,5148,60.4,R1
131496,Georgetown University,2021,13,7598,51,23049,27629,0.11983785153280972,DC,City/Suburb,5077,60.4,R1
131496,Georgetown University,2020,13,7357,52,30710,21190,0.1680509674374705,DC,City/Suburb,4662,60.4,R1
131496,Georgetown University,2019,13,7513,51,28442,22764,0.1436039360393604,DC,City/Suburb,4757,60.4,R1
139861,Georgia College & State University,2023,16,5681,18,19769,6214,0.877695526231091,GA,Town/Rural,126146,31.9,M
139861,Georgia College & State University,2022,16,5265,17,20301,4414,0.7995015858631627,GA,Town/Rural,122695,31.9,M
139861,Georgia College & State University,2021,17,5586,18,20443,4633,0.8767537232894452,GA,Town/Rural,124712,31.9,M
139861,Georgia College & State University,2020,19,5605,17,20958,4515,0.8593576965669989,GA,Town/Rural,126126,31.9,M
139861,Georgia College & State University,2019,19,5844,17,20823,4391,0.7959462537007516,GA,Town/Rural,121897,31.9,M
447689,Georgia Gwinnett College,2023,50,11907,79,11037,6390,0.9557120500782472,GA,City/Suburb,126146,31.9,Baccalaureate
447689,Georgia Gwinnett College,2022,51,11030,77,10981,5626,0.9363668681123356,GA,City/Suburb,122695,31.9,Baccalaureate
447689,Georgia Gwinnett College,2021,51,10949,75,10939,5427,0.9303482587064676,GA,City/Suburb,124712,31.9,Baccalaureate
447689,Georgia Gwinnett College,2020,51,11627,74,12344,5903,0.9451126545824157,GA,City/Suburb,126126,31.9,Baccalaureate
447689,Georgia Gwinnett College,2019,51,12831,72,11489,4853,0.9394189161343499,GA,City/Suburb,121897,31.9,Baccalaureate
139755,Georgia Institute of Technology-Main Campus,2023,14,19505,65,15901,52377,0.1646142390744029,GA,City/Suburb,126146,31.9,R1
139755,Georgia Institute of Technology-Main Campus,2022,13,18415,63,17402,50610,0.17134953566488836,GA,City/Suburb,122695,31.9,R1
139755,Georgia Institute of Technology-Main Campus,2021,13,17447,59,17360,44048,0.15959861968761352,GA,City/Suburb,124712,31.9,R1
139755,Georgia Institute of Technology-Main Campus,2020,13,16561,56,17410,40852,0.2134289630862626,GA,City/Suburb,126126,31.9,R1
139755,Georgia Institute of Technology-Main Campus,2019,14,15964,54,16883,36856,0.2057738224441068,GA,City/Suburb,121897,31.9,R1
139931,Georgia Southern University,2023,35,22295,42,16957,14410,0.896321998612075,GA,Town/Rural,126146,31.9,R2
139931,Georgia Southern University,2022,37,21979,42,15352,14680,0.8888964577656676,GA,Town/Rural,122695,31.9,R2
139931,Georgia Southern University,2021,36,23527,43,15830,18541,0.905129173183755,GA,Town/Rural,124712,31.9,R2
139931,Georgia Southern University,2020,36,23469,42,15463,17250,0.9117101449275362,GA,Town/Rural,126126,31.9,R2
139931,Georgia Southern University,2019,37,22715,41,15374,13346,0.7376742095009741,GA,Town/Rural,121897,31.9,R2
139764,Georgia Southwestern State University,2023,41,2753,45,11779,2045,0.7716381418092909,GA,Town/Rural,126146,31.9,M
139764,Georgia Southwestern State University,2022,39,2473,45,12186,1939,0.7318205260443528,GA,Town/Rural,122695,31.9,M
139764,Georgia Southwestern State University,2021,39,2466,44,12698,1651,0.8558449424591157,GA,Town/Rural,124712,31.9,M
139764,Georgia Southwestern State University,2020,38,2634,43,12053,2598,0.7340261739799846,GA,Town/Rural,126126,31.9,M
139764,Georgia Southwestern State University,2019,40,2498,42,10904,1783,0.5832865956253506,GA,Town/Rural,121897,31.9,M
139940,Georgia State University,2023,50,27588,83,16390,30230,0.6227588488256699,GA,City/Suburb,126146,31.9,R1
139940,Georgia State University,2022,51,28924,82,17589,26050,0.6677927063339731,GA,City/Suburb,122695,31.9,R1
139940,Georgia State University,2021,49,28985,80,17958,25254,0.745664053219292,GA,City/Suburb,124712,31.9,R1
139940,Georgia State University,2020,49,28787,79,17750,17385,0.999424791486914,GA,City/Suburb,126126,31.9,R1
139940,Georgia State University,2019,50,27961,78,14136,16681,0.7614651399796175,GA,City/Suburb,121897,31.9,R1
184773,Georgian Court University,2023,30,1478,40,21072,2317,0.7052222701769529,NJ,City/Suburb,104131,40.8,M
184773,Georgian Court University,2022,32,1471,45,18187,2057,0.7578998541565386,NJ,City/Suburb,107755,40.8,M
184773,Georgian Court University,2021,32,1612,43,20448,1505,0.7960132890365449,NJ,City/Suburb,109108,40.8,M
184773,Georgian Court University,2020,36,1642,48,20736,1843,0.8090070537167662,NJ,City/Suburb,109961,40.8,M
184773,Georgian Court University,2019,39,1793,38,18388,1934,0.7119958634953464,NJ,City/Suburb,113367,40.8,M
212674,Gettysburg College,2023,21,2216,36,35729,7123,0.47508072441387056,PA,Town/Rural,142275,31.8,Baccalaureate
212674,Gettysburg College,2022,20,2241,33,33882,5796,0.5631469979296067,PA,Town/Rural,139193,31.8,Baccalaureate
212674,Gettysburg College,2021,19,2401,29,35794,6206,0.5633258137286496,PA,Town/Rural,142186,31.8,Baccalaureate
212674,Gettysburg College,2020,20,2507,26,34850,6468,0.48237476808905383,PA,Town/Rural,143645,31.8,Baccalaureate
212674,Gettysburg College,2019,17,2370,26,34720,5916,0.4803921568627451,PA,Town/Rural,143842,31.8,Baccalaureate
230889,Goddard College,2023,53,113,41,29344,82,0.1951219512195122,VT,Town/Rural,5789,38.7,M
230889,Goddard College,2022,62,112,42,17931,21,0.8571428571428571,VT,Town/Rural,5977,38.7,M
230889,Goddard College,2021,66,146,53,26622,9,1,VT,Town/Rural,5988,38.7,M
230889,Goddard College,2020,57,155,65,23794,31,0.8387096774193549,VT,Town/Rural,6158,38.7,M
230889,Goddard College,2019,62,165,57,23873,22,1,VT,Town/Rural,6547,38.7,M
202903,Gods Bible School and College,2023,23,417,24,7233,139,0.6402877697841727,OH,City/Suburb,133760,29,Baccalaureate
202903,Gods Bible School and College,2022,34,419,23,9478,174,0.6379310344827587,OH,City/Suburb,133872,29,Baccalaureate
202903,Gods Bible School and College,2021,37,336,21,10627,96,0.6458333333333334,OH,City/Suburb,136945,29,Baccalaureate
202903,Gods Bible School and College,2020,38,314,20,10142,86,0.813953488372093,OH,City/Suburb,135941,29,Baccalaureate
202903,Gods Bible School and College,2019,56,331,20,10867,120,0.525,OH,City/Suburb,135868,29,Baccalaureate
130989,Goldey-Beacom College,2023,39,702,60,17417,1291,0.7652982184353214,DE,City/Suburb,11054,31.3,M
130989,Goldey-Beacom College,2022,40,620,62,13454,625,0.6272,DE,City/Suburb,10644,31.3,M
130989,Goldey-Beacom College,2021,39,671,64,14637,520,0.6288461538461538,DE,City/Suburb,10667,31.3,M
130989,Goldey-Beacom College,2020,44,676,60,19048,652,0.5521472392638037,DE,City/Suburb,9861,31.3,M
130989,Goldey-Beacom College,2019,44,731,57,16925,808,0.5668316831683168,DE,City/Suburb,10262,31.3,M
235316,Gonzaga University,2023,13,5163,37,40295,9530,0.759601259181532,WA,City/Suburb,78990,36.7,R0
235316,Gonzaga University,2022,14,5084,36,38727,9887,0.6973803985030849,WA,City/Suburb,78071,36.7,R0
235316,Gonzaga University,2021,13,4986,32,35529,8853,0.7615497571444708,WA,City/Suburb,79537,36.7,R0
235316,Gonzaga University,2020,12,4852,30,36880,8409,0.7288619336425258,WA,City/Suburb,79042,36.7,R0
235316,Gonzaga University,2019,13,5211,30,36578,9311,0.6170121361830093,WA,City/Suburb,78061,36.7,R0
202912,Good Samaritan College of Nursing and Health Science,2023,43,457,47,19728,189,0.1693121693121693,OH,City/Suburb,133760,29,Special or Tribal
202912,Good Samaritan College of Nursing and Health Science,2022,37,342,44,23480,32,0.75,OH,City/Suburb,133872,29,Special or Tribal
202912,Good Samaritan College of Nursing and Health Science,2021,30,305,28,23685,162,0.8888888888888888,OH,City/Suburb,136945,29,Special or Tribal
202912,Good Samaritan College of Nursing and Health Science,2020,38,372,19,31208,260,0.34615384615384615,OH,City/Suburb,135941,29,Special or Tribal
202912,Good Samaritan College of Nursing and Health Science,2019,38,351,20,23171,219,0.4063926940639269,OH,City/Suburb,135868,29,Special or Tribal
165936,Gordon College,2023,21,1293,40,25250,2579,0.5878247382706475,MA,Town/Rural,78133,44.5,Baccalaureate
165936,Gordon College,2022,21,1294,39,24483,1449,0.883367839889579,MA,Town/Rural,78514,44.5,Baccalaureate
165936,Gordon College,2021,24,1368,34,25917,1462,0.774281805745554,MA,Town/Rural,78839,44.5,Baccalaureate
165936,Gordon College,2020,21,1451,32,27502,2884,0.6827323162274619,MA,Town/Rural,79537,44.5,Baccalaureate
165936,Gordon College,2019,22,1507,32,29047,2624,0.7404725609756098,MA,Town/Rural,78060,44.5,Baccalaureate
139968,Gordon State College,2023,47,3129,49,8255,2126,0.867826904985889,GA,Town/Rural,126146,31.9,Baccalaureate
139968,Gordon State College,2022,45,3135,48,8185,2021,0.9332013854527461,GA,Town/Rural,122695,31.9,Baccalaureate
139968,Gordon State College,2021,47,3101,45,8365,1295,0.8764478764478765,GA,Town/Rural,124712,31.9,Baccalaureate
139968,Gordon State College,2020,49,3231,47,9272,2257,0.7877713779353124,GA,Town/Rural,126126,31.9,Baccalaureate
139968,Gordon State College,2019,49,3495,49,9186,2007,0.8385650224215246,GA,Town/Rural,121897,31.9,Baccalaureate
150668,Goshen College,2023,37,773,53,17040,1175,0.8893617021276595,IN,City/Suburb,76628,27.1,Baccalaureate
150668,Goshen College,2022,32,717,53,19267,991,0.9354187689202825,IN,City/Suburb,74897,27.1,Baccalaureate
150668,Goshen College,2021,33,749,50,17195,979,0.9284984678243106,IN,City/Suburb,78348,27.1,Baccalaureate
150668,Goshen College,2020,33,827,47,17679,984,0.9237804878048781,IN,City/Suburb,78809,27.1,Baccalaureate
150668,Goshen College,2019,34,826,42,19772,1313,0.6298552932216298,IN,City/Suburb,76144,27.1,Baccalaureate
162654,Goucher College,2023,31,964,52,28749,3520,0.7289772727272728,MD,City/Suburb,69770,40.8,Baccalaureate
162654,Goucher College,2022,29,1001,50,30945,2946,0.8024439918533605,MD,City/Suburb,69124,40.8,Baccalaureate
162654,Goucher College,2021,33,1057,49,20144,2724,0.8234214390602056,MD,City/Suburb,71017,40.8,Baccalaureate
162654,Goucher College,2020,30,1114,52,29659,2598,0.7940723633564281,MD,City/Suburb,67971,40.8,Baccalaureate
162654,Goucher College,2019,29,1449,51,29675,2610,0.8130268199233717,MD,City/Suburb,68208,40.8,Baccalaureate
145336,Governors State University,2022,53,2609,70,9833,1865,0.574798927613941,IL,City/Suburb,145439,35.1,M
145336,Governors State University,2021,51,2709,70,9943,1168,0.5205479452054794,IL,City/Suburb,150490,35.1,M
145336,Governors State University,2020,54,3022,70,9998,1459,0.47840986977381766,IL,City/Suburb,149373,35.1,M
145336,Governors State University,2019,55,3206,70,11498,1434,0.4560669456066946,IL,City/Suburb,152277,35.1,M
170000,Grace Christian University,2023,50,891,42,14127,288,0.9930555555555556,MI,City/Suburb,108265,29.6,Baccalaureate
170000,Grace Christian University,2022,46,969,48,12988,293,0.9965870307167235,MI,City/Suburb,103443,29.6,Baccalaureate
170000,Grace Christian University,2021,47,1049,56,13506,713,1,MI,City/Suburb,107239,29.6,Baccalaureate
170000,Grace Christian University,2020,66,1009,55,13105,364,1,MI,City/Suburb,108725,29.6,Baccalaureate
170000,Grace Christian University,2019,67,1060,46,12683,701,1,MI,City/Suburb,112177,29.6,Baccalaureate
150677,Grace College and Theological Seminary,2023,29,1817,20,21680,4111,0.8078326441255169,IN,Town/Rural,76628,27.1,M
150677,Grace College and Theological Seminary,2022,30,1709,20,18317,4071,0.8462294276590518,IN,Town/Rural,74897,27.1,M
150677,Grace College and Theological Seminary,2021,30,1598,21,18795,4152,0.8316473988439307,IN,Town/Rural,78348,27.1,M
150677,Grace College and Theological Seminary,2020,30,1587,19,20415,3984,0.7464859437751004,IN,Town/Rural,78809,27.1,M
150677,Grace College and Theological Seminary,2019,32,1619,19,21131,2149,0.7989762680316427,IN,Town/Rural,76144,27.1,M
481058,Grace Mission University,2020,41,88,100,15743,4,0.5,CA,City/Suburb,477479,34.2,Special or Tribal
481058,Grace Mission University,2019,50,121,100,14229,107,0.822429906542056,CA,City/Suburb,478819,34.2,Special or Tribal
153366,Graceland University-Lamoni,2023,45,902,56,16632,2259,0.8322266489597167,IA,Town/Rural,36870,29,M
153366,Graceland University-Lamoni,2022,49,885,51,16627,2011,0.7449030333167578,IA,Town/Rural,36521,29,M
153366,Graceland University-Lamoni,2021,53,957,46,18595,2966,0.6662171274443696,IA,Town/Rural,37097,29,M
153366,Graceland University-Lamoni,2020,49,959,39,18434,2521,0.6806822689408965,IA,Town/Rural,36359,29,M
153366,Graceland University-Lamoni,2019,49,1032,37,17952,2514,0.581145584725537,IA,Town/Rural,36735,29,M
159009,Grambling State University,2023,72,4279,99,19092,24521,0.23677664043065128,LA,Town/Rural,49729,24.3,M
159009,Grambling State University,2022,75,4201,99,15796,10732,0.42368617219530375,LA,Town/Rural,49777,24.3,M
159009,Grambling State University,2021,88,4405,99,16988,7676,0.31136008337675875,LA,Town/Rural,52461,24.3,M
159009,Grambling State University,2020,76,4511,99,16384,8153,0.9321722065497363,LA,Town/Rural,53334,24.3,M
159009,Grambling State University,2019,78,4153,99,18074,3109,0.9723383724670313,LA,Town/Rural,52809,24.3,M
170082,Grand Valley State University,2023,26,19243,23,17995,24297,0.9469481829032391,MI,Town/Rural,108265,29.6,R0
170082,Grand Valley State University,2022,25,18665,21,17105,17123,0.9036967821059394,MI,Town/Rural,103443,29.6,R0
170082,Grand Valley State University,2021,26,19379,19,16947,17163,0.916506438268368,MI,Town/Rural,107239,29.6,R0
170082,Grand Valley State University,2020,29,20405,18,16865,15465,0.8752020691884901,MI,Town/Rural,108725,29.6,R0
170082,Grand Valley State University,2019,30,21112,18,16860,16511,0.8301738235115983,MI,Town/Rural,112177,29.6,R0
153375,Grand View University,2023,38,1483,43,22296,1665,0.9837837837837838,IA,City/Suburb,36870,29,M
153375,Grand View University,2022,39,1556,41,20236,1886,0.9840933191940615,IA,City/Suburb,36521,29,M
153375,Grand View University,2021,40,1561,39,20434,1765,0.9954674220963173,IA,City/Suburb,37097,29,M
153375,Grand View University,2020,39,1694,37,19423,1810,0.9701657458563536,IA,City/Suburb,36359,29,M
153375,Grand View University,2019,41,1757,36,19035,1526,0.9587155963302753,IA,City/Suburb,36735,29,M
497213,Great Northern University,2023,46,36,22,29650,13,1,WA,City/Suburb,78990,36.7,Not Carnegie
497213,Great Northern University,2022,40,35,20,27410,7,0.8571428571428571,WA,City/Suburb,78071,36.7,Not Carnegie
497213,Great Northern University,2021,0,25,16,27310,4,1,WA,City/Suburb,79537,36.7,Not Carnegie
198598,Greensboro College,2023,45,809,60,19783,3143,0.9204581609926822,NC,City/Suburb,108252,31.9,M
198598,Greensboro College,2022,43,730,57,19581,1349,0.8428465530022239,NC,City/Suburb,114167,31.9,M
198598,Greensboro College,2021,40,755,55,16239,1248,0.8814102564102564,NC,City/Suburb,116514,31.9,M
198598,Greensboro College,2020,44,793,56,17783,1014,0.7761341222879684,NC,City/Suburb,116615,31.9,M
198598,Greensboro College,2019,43,867,53,19483,1139,0.7708516242317822,NC,City/Suburb,114284,31.9,M
145372,Greenville University,2023,38,905,41,21442,1273,0.9536527886881383,IL,Town/Rural,148445,35.1,M
145372,Greenville University,2022,38,948,43,20718,1275,0.9411764705882353,IL,Town/Rural,145439,35.1,M
145372,Greenville University,2021,41,890,39,21848,1007,0.7954319761668321,IL,Town/Rural,150490,35.1,M
145372,Greenville University,2020,42,823,36,21366,1993,0.5920722528850978,IL,Town/Rural,149373,35.1,M
145372,Greenville University,2019,46,913,35,21268,1684,0.5611638954869359,IL,Town/Rural,152277,35.1,M
153384,Grinnell College,2023,17,1775,48,33446,9988,0.12675210252302763,IA,Town/Rural,36870,29,Baccalaureate
153384,Grinnell College,2022,17,1759,47,33467,9997,0.10763228968690607,IA,Town/Rural,36521,29,Baccalaureate
153384,Grinnell College,2021,20,1748,48,37423,10513,0.10539332255302958,IA,Town/Rural,37097,29,Baccalaureate
153384,Grinnell College,2020,19,1493,49,32091,8137,0.19245422145753963,IA,Town/Rural,36359,29,Baccalaureate
153384,Grinnell College,2019,20,1733,50,29404,8004,0.23075962018990503,IA,Town/Rural,36735,29,Baccalaureate
198613,Guilford College,2023,44,1160,55,22620,3775,0.8376158940397351,NC,City/Suburb,108252,31.9,Baccalaureate
198613,Guilford College,2022,40,1129,58,23882,3397,0.8351486605828672,NC,City/Suburb,114167,31.9,Baccalaureate
198613,Guilford College,2021,39,1192,53,25785,3027,0.8209448298645524,NC,City/Suburb,116514,31.9,Baccalaureate
198613,Guilford College,2020,38,1420,51,24640,3660,0.7800546448087432,NC,City/Suburb,116615,31.9,Baccalaureate
198613,Guilford College,2019,41,1525,48,23738,3305,0.7500756429652042,NC,City/Suburb,114284,31.9,Baccalaureate
173647,Gustavus Adolphus College,2023,21,1952,21,28805,4450,0.6179775280898876,MN,Town/Rural,67002,36.7,Baccalaureate
173647,Gustavus Adolphus College,2022,24,2072,21,30297,3781,0.7389579476329013,MN,Town/Rural,64579,36.7,Baccalaureate
173647,Gustavus Adolphus College,2021,25,2251,20,27657,3799,0.7257172940247434,MN,Town/Rural,65199,36.7,Baccalaureate
173647,Gustavus Adolphus College,2020,28,2230,22,26701,4737,0.7061431285623813,MN,Town/Rural,66285,36.7,Baccalaureate
173647,Gustavus Adolphus College,2019,25,2237,22,21707,4957,0.6923542465200726,MN,Town/Rural,65499,36.7,Baccalaureate
212832,Gwynedd Mercy University,2023,30,1457,50,26733,1111,0.9360936093609361,PA,City/Suburb,142275,31.8,R0
212832,Gwynedd Mercy University,2022,28,1412,46,28122,1063,0.5841956726246472,PA,City/Suburb,139193,31.8,R0
212832,Gwynedd Mercy University,2021,28,1792,47,25843,904,0.9059734513274337,PA,City/Suburb,142186,31.8,R0
212832,Gwynedd Mercy University,2020,29,1990,45,25219,1019,0.8802747791952895,PA,City/Suburb,143645,31.8,R0
212832,Gwynedd Mercy University,2019,30,2157,36,24542,1030,0.9514563106796117,PA,City/Suburb,143842,31.8,R0
225201,Hallmark University,2023,50,782,73,10153,113,0.9823008849557522,TX,City/Suburb,385604,30.3,Baccalaureate
225201,Hallmark University,2022,51,792,75,12281,329,0.5288753799392097,TX,City/Suburb,375741,30.3,Baccalaureate
225201,Hallmark University,2021,49,868,73,9816,312,0.5608974358974359,TX,City/Suburb,377064,30.3,Baccalaureate
225201,Hallmark University,2020,47,929,70,9887,548,0.4051094890510949,TX,City/Suburb,372402,30.3,Baccalaureate
225201,Hallmark University,2019,57,891,67,11213,163,0.7852760736196319,TX,City/Suburb,364979,30.3,Baccalaureate
191515,Hamilton College,2023,18,2048,35,26021,9643,0.11770195997096339,NY,City/Suburb,211853,37.2,Baccalaureate
191515,Hamilton College,2022,18,2072,36,24503,9899,0.11778967572482069,NY,City/Suburb,213993,37.2,Baccalaureate
191515,Hamilton College,2021,18,2050,35,26803,9380,0.14072494669509594,NY,City/Suburb,217586,37.2,Baccalaureate
191515,Hamilton College,2020,18,1902,35,23936,7443,0.18406556496036544,NY,City/Suburb,209688,37.2,Baccalaureate
191515,Hamilton College,2019,16,2012,36,29117,8339,0.16392852860055163,NY,City/Suburb,212104,37.2,Baccalaureate
173665,Hamline University,2023,40,1710,45,22759,3185,0.8982731554160126,MN,City/Suburb,67002,36.7,M
173665,Hamline University,2022,40,1765,44,23021,3840,0.80546875,MN,City/Suburb,64579,36.7,M
173665,Hamline University,2021,40,1817,43,20239,4493,0.764300022256844,MN,City/Suburb,65199,36.7,M
173665,Hamline University,2020,39,1925,41,21528,4441,0.689484350371538,MN,City/Suburb,66285,36.7,M
173665,Hamline University,2019,37,2088,39,22253,4602,0.6773142112125163,MN,City/Suburb,65499,36.7,M
232256,Hampden-Sydney College,2023,22,876,22,29578,2224,0.5013489208633094,VA,Town/Rural,99497,39.3,Baccalaureate
232256,Hampden-Sydney College,2022,20,850,22,29899,3262,0.39791538933169834,VA,Town/Rural,98780,39.3,Baccalaureate
232256,Hampden-Sydney College,2021,18,851,19,28679,2907,0.36807705538355695,VA,Town/Rural,100147,39.3,Baccalaureate
232256,Hampden-Sydney College,2020,17,881,18,33331,1906,0.4700944386149003,VA,Town/Rural,98970,39.3,Baccalaureate
232256,Hampden-Sydney College,2019,16,993,15,34853,3056,0.5742801047120419,VA,Town/Rural,95710,39.3,Baccalaureate
166018,Hampshire College,2023,38,717,41,27556,2216,0.7035198555956679,MA,Town/Rural,78133,44.5,Baccalaureate
166018,Hampshire College,2022,37,508,44,24087,2090,0.6889952153110048,MA,Town/Rural,78514,44.5,Baccalaureate
166018,Hampshire College,2021,36,472,42,30168,1340,0.7514925373134328,MA,Town/Rural,78839,44.5,Baccalaureate
166018,Hampshire College,2020,32,522,40,27680,1202,0.5881863560732113,MA,Town/Rural,79537,44.5,Baccalaureate
166018,Hampshire College,2019,34,745,40,35499,2485,0.01971830985915493,MA,Town/Rural,78060,44.5,Baccalaureate
232265,Hampton University,2023,38,3255,100,28576,12119,0.48271309513986305,VA,City/Suburb,99497,39.3,R0
232265,Hampton University,2022,17,2846,99,32421,15015,0.4568098568098568,VA,City/Suburb,98780,39.3,R0
232265,Hampton University,2021,21,2867,99,33204,13192,0.8012431776834446,VA,City/Suburb,100147,39.3,R0
232265,Hampton University,2020,35,3063,99,28952,10811,0.3600036999352511,VA,City/Suburb,98970,39.3,R0
232265,Hampton University,2019,36,3714,99,27441,9551,0.3599623076117684,VA,City/Suburb,95710,39.3,R0
177542,Hannibal-LaGrange University,2023,29,402,32,20640,366,0.587431693989071,MO,Town/Rural,67773,29.5,Baccalaureate
177542,Hannibal-LaGrange University,2022,30,452,28,20537,228,0.6710526315789473,MO,Town/Rural,66781,29.5,Baccalaureate
177542,Hannibal-LaGrange University,2021,35,658,25,22155,495,0.6505050505050505,MO,Town/Rural,66906,29.5,Baccalaureate
177542,Hannibal-LaGrange University,2020,32,671,22,21025,492,0.6463414634146342,MO,Town/Rural,67892,29.5,Baccalaureate
177542,Hannibal-LaGrange University,2019,35,746,19,20687,645,0.6124031007751938,MO,Town/Rural,68482,29.5,Baccalaureate
150756,Hanover College,2023,26,962,22,22929,2702,0.8397483345669874,IN,Town/Rural,76628,27.1,Baccalaureate
150756,Hanover College,2022,26,951,23,26599,3187,0.7411358644493253,IN,Town/Rural,74897,27.1,Baccalaureate
150756,Hanover College,2021,29,1004,23,21254,2613,0.7278989667049368,IN,Town/Rural,78348,27.1,Baccalaureate
150756,Hanover College,2020,30,1028,25,22389,2565,0.69317738791423,IN,Town/Rural,78809,27.1,Baccalaureate
150756,Hanover College,2019,31,1070,26,22376,3127,0.6482251359130157,IN,Town/Rural,76144,27.1,Baccalaureate
225247,Hardin-Simmons University,2023,38,1283,46,21321,2452,0.9653344208809136,TX,City/Suburb,385604,30.3,R0
225247,Hardin-Simmons University,2022,39,1347,46,22636,2314,0.8824546240276577,TX,City/Suburb,375741,30.3,R0
225247,Hardin-Simmons University,2021,39,1476,46,23337,2195,0.9152619589977221,TX,City/Suburb,377064,30.3,R0
225247,Hardin-Simmons University,2020,38,1618,46,21567,2308,0.9051126516464472,TX,City/Suburb,372402,30.3,R0
225247,Hardin-Simmons University,2019,39,1742,41,20696,2189,0.8378254910918228,TX,City/Suburb,364979,30.3,R0
107044,Harding University,2023,19,3496,20,21069,2202,1,AR,Town/Rural,33693,23.3,R0
107044,Harding University,2022,20,3523,20,19558,2254,0.45119787045252885,AR,Town/Rural,33705,23.3,R0
107044,Harding University,2021,21,3684,22,20533,2200,0.5413636363636364,AR,Town/Rural,34604,23.3,R0
107044,Harding University,2020,23,3572,20,19454,2201,0.550658791458428,AR,Town/Rural,34014,23.3,R0
107044,Harding University,2019,23,3779,19,19578,1834,0.6134133042529989,AR,Town/Rural,33531,23.3,R0
446640,Harrisburg University of Science and Technology,2023,48,718,59,14882,1290,0.8178294573643411,PA,City/Suburb,142275,31.8,M
446640,Harrisburg University of Science and Technology,2022,51,649,57,13616,1160,0.843103448275862,PA,City/Suburb,139193,31.8,M
191533,Hartwick College,2023,35,1112,39,26818,4278,0.6870032725572698,NY,Town/Rural,211853,37.2,Baccalaureate
191533,Hartwick College,2022,35,1099,42,22396,3914,0.8668880940214614,NY,Town/Rural,213993,37.2,Baccalaureate
191533,Hartwick College,2021,37,1163,40,22523,3394,0.9560989982321745,NY,Town/Rural,217586,37.2,Baccalaureate
191533,Hartwick College,2020,37,1207,41,24208,3609,0.9310058187863675,NY,Town/Rural,209688,37.2,Baccalaureate
191533,Hartwick College,2019,38,1193,38,23473,4449,0.8015284333558103,NY,Town/Rural,212104,37.2,Baccalaureate
166027,Harvard University,2023,16,9095,68,17900,56937,0.03451182886348069,MA,City/Suburb,78133,44.5,R1
166027,Harvard University,2022,13,9368,67,19491,61221,0.032407180542624266,MA,City/Suburb,78514,44.5,R1
166027,Harvard University,2021,13,9579,66,13910,57786,0.040113522306441,MA,City/Suburb,78839,44.5,R1
166027,Harvard University,2020,11,8527,62,18037,40248,0.05006459948320414,MA,City/Suburb,79537,44.5,R1
166027,Harvard University,2019,12,10063,62,18030,43330,0.04636510500807754,MA,City/Suburb,78060,44.5,R1
115409,Harvey Mudd College,2023,14,949,78,42720,4792,0.13063439065108515,CA,City/Suburb,492544,34.2,Baccalaureate
115409,Harvey Mudd College,2022,13,922,75,39850,4440,0.13355855855855855,CA,City/Suburb,473448,34.2,Baccalaureate
115409,Harvey Mudd College,2021,12,905,74,33838,4737,0.09985222714798396,CA,City/Suburb,467260,34.2,Baccalaureate
115409,Harvey Mudd College,2020,13,854,73,37192,3397,0.17957020900794818,CA,City/Suburb,477479,34.2,Baccalaureate
115409,Harvey Mudd College,2019,13,904,70,39411,4045,0.13671199011124846,CA,City/Suburb,478819,34.2,Baccalaureate
155140,Haskell Indian Nations University,2023,62,878,100,4537,334,0.8832335329341318,KS,City/Suburb,36832,33.8,Special or Tribal
155140,Haskell Indian Nations University,2022,57,727,100,4246,269,0.9330855018587361,KS,City/Suburb,36624,33.8,Special or Tribal
155140,Haskell Indian Nations University,2021,49,701,100,9169,217,0.9354838709677419,KS,City/Suburb,36149,33.8,Special or Tribal
155140,Haskell Indian Nations University,2020,63,731,100,2958,275,0.7272727272727273,KS,City/Suburb,35923,33.8,Special or Tribal
155140,Haskell Indian Nations University,2019,70,789,100,4477,263,0.8821292775665399,KS,City/Suburb,35979,33.8,Special or Tribal
181127,Hastings College,2023,29,990,35,21821,2257,0.6987151085511741,NE,Town/Rural,24387,32.4,Baccalaureate
181127,Hastings College,2022,29,919,33,22128,2121,0.7133427628477134,NE,Town/Rural,23856,32.4,Baccalaureate
181127,Hastings College,2021,33,924,31,21347,2226,0.7088948787061995,NE,Town/Rural,23769,32.4,Baccalaureate
181127,Hastings College,2020,32,956,29,20804,2126,0.6594543744120414,NE,Town/Rural,23830,32.4,Baccalaureate
181127,Hastings College,2019,31,967,26,21887,1893,0.6682514527205494,NE,Town/Rural,23314,32.4,Baccalaureate
212911,Haverford College,2023,14,1424,51,22828,6391,0.12908777969018934,PA,City/Suburb,142275,31.8,Baccalaureate
212911,Haverford College,2022,14,1421,51,23476,5657,0.1421248011313417,PA,City/Suburb,139193,31.8,Baccalaureate
212911,Haverford College,2021,15,1420,48,24462,5332,0.17835708927231808,PA,City/Suburb,142186,31.8,Baccalaureate
212911,Haverford College,2020,15,1307,49,25215,4530,0.18233995584988963,PA,City/Suburb,143645,31.8,Baccalaureate
212911,Haverford College,2019,16,1317,48,22837,4963,0.16320773725569213,PA,City/Suburb,143842,31.8,Baccalaureate
141644,Hawaii Pacific University,2023,20,3814,80,32204,14538,0.8448204704911267,HI,City/Suburb,14206,33.5,M
141644,Hawaii Pacific University,2022,21,4151,81,31283,13354,0.8709749887674105,HI,City/Suburb,14314,33.5,M
141644,Hawaii Pacific University,2021,22,4066,80,25385,11948,0.8531971878138601,HI,City/Suburb,14567,33.5,M
141644,Hawaii Pacific University,2020,22,3800,80,29827,8296,0.81400675024108,HI,City/Suburb,14100,33.5,M
141644,Hawaii Pacific University,2019,26,3698,79,27281,4787,0.7482765824106956,HI,City/Suburb,14706,33.5,M
145497,Hebrew Theological College,2023,12,197,13,11197,25,0.92,IL,City/Suburb,148445,35.1,Baccalaureate
145497,Hebrew Theological College,2022,14,160,7,13451,7,0.7142857142857143,IL,City/Suburb,145439,35.1,Baccalaureate
145497,Hebrew Theological College,2021,17,170,6,3914,5,0.8,IL,City/Suburb,150490,35.1,Baccalaureate
145497,Hebrew Theological College,2020,16,181,4,14914,12,0.8333333333333334,IL,City/Suburb,149373,35.1,Baccalaureate
145497,Hebrew Theological College,2019,19,193,7,18580,7,1,IL,City/Suburb,152277,35.1,Baccalaureate
203085,Heidelberg University,2023,29,905,19,19620,2253,0.6773191300488238,OH,Town/Rural,133760,29,M
203085,Heidelberg University,2022,32,933,19,20053,1801,0.7134925041643532,OH,Town/Rural,133872,29,M
203085,Heidelberg University,2021,37,1054,21,21650,1811,0.8636112644947542,OH,Town/Rural,136945,29,M
203085,Heidelberg University,2020,34,1045,20,22006,1874,0.8105656350053362,OH,Town/Rural,135941,29,M
203085,Heidelberg University,2019,40,1076,20,21192,1724,0.7482598607888631,OH,Town/Rural,135868,29,M
191597,Helene Fuld College of Nursing,2023,37,722,92,37732,42,0.23809523809523808,NY,City/Suburb,211853,37.2,Special or Tribal
191597,Helene Fuld College of Nursing,2022,36,544,89,37641,25,0.12,NY,City/Suburb,213993,37.2,Special or Tribal
166054,Hellenic College-Holy Cross Greek Orthodox School of Theology,2023,18,64,30,23317,21,0.9047619047619048,MA,City/Suburb,78133,44.5,Baccalaureate
166054,Hellenic College-Holy Cross Greek Orthodox School of Theology,2022,23,39,23,30506,38,0.5789473684210527,MA,City/Suburb,78514,44.5,Baccalaureate
166054,Hellenic College-Holy Cross Greek Orthodox School of Theology,2021,30,39,38,26548,74,0.7567567567567568,MA,City/Suburb,78839,44.5,Baccalaureate
166054,Hellenic College-Holy Cross Greek Orthodox School of Theology,2020,35,46,35,23005,98,0.5714285714285714,MA,City/Suburb,79537,44.5,Baccalaureate
166054,Hellenic College-Holy Cross Greek Orthodox School of Theology,2019,38,52,17,21826,78,0.6410256410256411,MA,City/Suburb,78060,44.5,Baccalaureate
107071,Henderson State University,2023,48,1493,41,16929,1814,0.8191841234840133,AR,Town/Rural,33693,23.3,M
107071,Henderson State University,2022,45,1807,38,17656,2345,0.7066098081023454,AR,Town/Rural,33705,23.3,M
107071,Henderson State University,2021,46,2228,35,16233,2377,0.7501051745898191,AR,Town/Rural,34604,23.3,M
107071,Henderson State University,2020,43,2626,37,14046,3673,0.7489790362101824,AR,Town/Rural,34014,23.3,M
107071,Henderson State University,2019,51,3430,33,11910,3879,0.7563805104408353,AR,Town/Rural,33531,23.3,M
107080,Hendrix College,2023,23,1098,31,24236,2616,0.5298165137614679,AR,City/Suburb,33693,23.3,Baccalaureate
107080,Hendrix College,2022,25,1132,31,22626,2729,0.6027849028948332,AR,City/Suburb,33705,23.3,Baccalaureate
107080,Hendrix College,2021,29,1111,31,9968,2385,0.6830188679245283,AR,City/Suburb,34604,23.3,Baccalaureate
107080,Hendrix College,2020,30,1066,30,20778,1775,0.7053521126760564,AR,City/Suburb,34014,23.3,Baccalaureate
107080,Hendrix College,2019,30,1109,39,20859,1628,0.6996314496314496,AR,City/Suburb,33531,23.3,Baccalaureate
101453,Heritage Christian University,2023,35,70,16,8499,6,1,AL,City/Suburb,52181,25.5,Special or Tribal
101453,Heritage Christian University,2022,39,82,17,5020,4,1,AL,City/Suburb,53739,25.5,Special or Tribal
101453,Heritage Christian University,2020,49,71,8,13571,3,0.6666666666666666,AL,City/Suburb,52925,25.5,Special or Tribal
101453,Heritage Christian University,2019,43,59,19,8680,17,0.23529411764705882,AL,City/Suburb,55331,25.5,Special or Tribal
200785,Herzing University-Akron,2023,78,381,48,20429,134,0.9402985074626866,OH,City/Suburb,133760,29,Baccalaureate
200785,Herzing University-Akron,2022,79,369,56,20929,114,0.9385964912280702,OH,City/Suburb,133872,29,Baccalaureate
200785,Herzing University-Akron,2021,79,410,54,24204,120,0.9416666666666667,OH,City/Suburb,136945,29,Baccalaureate
200785,Herzing University-Akron,2020,84,502,53,21388,119,0.9159663865546218,OH,City/Suburb,135941,29,Baccalaureate
200785,Herzing University-Akron,2019,86,497,53,22416,139,0.8633093525179856,OH,City/Suburb,135868,29,Baccalaureate
140340,Herzing University-Atlanta,2023,68,499,93,22886,68,0.9411764705882353,GA,City/Suburb,126146,31.9,Baccalaureate
140340,Herzing University-Atlanta,2022,71,615,91,23073,91,0.9340659340659341,GA,City/Suburb,122695,31.9,Baccalaureate
140340,Herzing University-Atlanta,2021,74,572,88,23172,73,0.9452054794520548,GA,City/Suburb,124712,31.9,Baccalaureate
140340,Herzing University-Atlanta,2020,72,693,86,23867,93,0.9247311827956989,GA,City/Suburb,126126,31.9,Baccalaureate
140340,Herzing University-Atlanta,2019,73,721,87,25724,78,0.8974358974358975,GA,City/Suburb,121897,31.9,Baccalaureate
101365,Herzing University-Birmingham,2023,64,446,73,21338,127,0.9448818897637795,AL,City/Suburb,52181,25.5,Special or Tribal
101365,Herzing University-Birmingham,2022,64,570,72,21953,153,0.9411764705882353,AL,City/Suburb,53739,25.5,Special or Tribal
101365,Herzing University-Birmingham,2021,67,608,69,26887,179,0.9385474860335196,AL,City/Suburb,54466,25.5,Special or Tribal
101365,Herzing University-Birmingham,2020,70,612,72,25741,177,0.9152542372881356,AL,City/Suburb,52925,25.5,Special or Tribal
101365,Herzing University-Birmingham,2019,71,571,68,26468,69,0.782608695652174,AL,City/Suburb,55331,25.5,Special or Tribal
459851,Herzing University-Brookfield,2023,60,379,63,19425,76,0.9078947368421053,WI,City/Suburb,67563,30,Special or Tribal
459851,Herzing University-Brookfield,2022,55,392,60,17553,61,0.9508196721311475,WI,City/Suburb,65909,30,Special or Tribal
459851,Herzing University-Brookfield,2021,59,348,53,24051,58,0.9137931034482759,WI,City/Suburb,66830,30,Special or Tribal
459851,Herzing University-Brookfield,2020,67,494,55,24852,105,0.9333333333333333,WI,City/Suburb,68053,30,Special or Tribal
459851,Herzing University-Brookfield,2019,70,553,56,22336,75,0.8133333333333334,WI,City/Suburb,68191,30,Special or Tribal
459842,Herzing University-Kenosha,2023,62,543,69,16286,66,0.8939393939393939,WI,City/Suburb,67563,30,Special or Tribal
459842,Herzing University-Kenosha,2022,59,627,67,21126,92,0.9347826086956522,WI,City/Suburb,65909,30,Special or Tribal
459842,Herzing University-Kenosha,2021,59,644,61,23393,73,0.9315068493150684,WI,City/Suburb,66830,30,Special or Tribal
459842,Herzing University-Kenosha,2020,60,667,58,16952,93,0.9139784946236559,WI,City/Suburb,68053,30,Special or Tribal
459842,Herzing University-Kenosha,2019,66,583,54,20435,28,0.5714285714285714,WI,City/Suburb,68191,30,Special or Tribal
240392,Herzing University-Madison,2023,67,2181,63,20679,513,0.9415204678362573,WI,City/Suburb,67563,30,M
240392,Herzing University-Madison,2022,62,1803,60,22720,435,0.9448275862068966,WI,City/Suburb,65909,30,M
240392,Herzing University-Madison,2021,74,1664,52,25595,435,0.9425287356321839,WI,City/Suburb,66830,30,M
240392,Herzing University-Madison,2020,81,1647,49,23504,445,0.9191011235955057,WI,City/Suburb,68053,30,M
240392,Herzing University-Madison,2019,73,1506,48,23908,127,0.905511811023622,WI,City/Suburb,68191,30,M
174154,Herzing University-Minneapolis,2023,52,748,59,15275,178,0.9382022471910112,MN,City/Suburb,67002,36.7,Special or Tribal
174154,Herzing University-Minneapolis,2022,55,808,56,19527,210,0.9428571428571428,MN,City/Suburb,64579,36.7,Special or Tribal
174154,Herzing University-Minneapolis,2021,59,750,52,22055,163,0.9447852760736196,MN,City/Suburb,65199,36.7,Special or Tribal
174154,Herzing University-Minneapolis,2020,55,620,55,21971,126,0.9206349206349206,MN,City/Suburb,66285,36.7,Special or Tribal
174154,Herzing University-Minneapolis,2019,63,514,56,19195,29,0.7931034482758621,MN,City/Suburb,65499,36.7,Special or Tribal
433536,Herzing University-New Orleans,2023,72,361,82,20824,46,0.8913043478260869,LA,City/Suburb,49729,24.3,Baccalaureate
433536,Herzing University-New Orleans,2022,75,364,81,22996,60,0.95,LA,City/Suburb,49777,24.3,Baccalaureate
433536,Herzing University-New Orleans,2021,80,372,77,24923,34,0.9411764705882353,LA,City/Suburb,52461,24.3,Baccalaureate
433536,Herzing University-New Orleans,2020,85,443,74,23121,76,0.9210526315789473,LA,City/Suburb,53334,24.3,Baccalaureate
433536,Herzing University-New Orleans,2019,83,431,75,24610,38,0.7368421052631579,LA,City/Suburb,52809,24.3,Baccalaureate
386472,Herzing University-Orlando,2023,60,702,80,19644,139,0.8992805755395683,FL,City/Suburb,214692,30.4,Special or Tribal
386472,Herzing University-Orlando,2022,59,735,78,22237,175,0.9428571428571428,FL,City/Suburb,217330,30.4,Special or Tribal
386472,Herzing University-Orlando,2021,60,728,75,24754,142,0.9436619718309859,FL,City/Suburb,223891,30.4,Special or Tribal
386472,Herzing University-Orlando,2020,62,693,69,23379,130,0.9230769230769231,FL,City/Suburb,215797,30.4,Special or Tribal
386472,Herzing University-Orlando,2019,62,609,71,23143,33,0.7575757575757576,FL,City/Suburb,213187,30.4,Special or Tribal
496973,Herzing University-Tampa,2023,49,237,73,19944,46,0.8695652173913043,FL,City/Suburb,214692,30.4,Not Carnegie
496973,Herzing University-Tampa,2022,50,185,73,23557,48,0.9375,FL,City/Suburb,217330,30.4,Not Carnegie
198695,High Point University,2023,11,5006,24,43578,15625,0.768256,NC,City/Suburb,108252,31.9,Baccalaureate
198695,High Point University,2022,12,5036,24,40221,12446,0.7887674754941346,NC,City/Suburb,114167,31.9,Baccalaureate
198695,High Point University,2021,11,4910,24,40604,11150,0.8027802690582959,NC,City/Suburb,116514,31.9,Baccalaureate
198695,High Point University,2020,10,4628,23,40719,11266,0.7704597905201491,NC,City/Suburb,116615,31.9,Baccalaureate
198695,High Point University,2019,11,4591,23,38745,11298,0.7375641706496725,NC,City/Suburb,114284,31.9,Baccalaureate
191621,Hilbert College,2023,44,939,63,22224,1310,0.9801526717557252,NY,City/Suburb,211853,37.2,Baccalaureate
191621,Hilbert College,2022,46,841,44,16930,1354,0.9549483013293943,NY,City/Suburb,213993,37.2,Baccalaureate
191621,Hilbert College,2021,43,728,36,17216,1046,0.9263862332695985,NY,City/Suburb,217586,37.2,Baccalaureate
191621,Hilbert College,2020,46,746,36,17397,1086,0.9171270718232044,NY,City/Suburb,209688,37.2,Baccalaureate
191621,Hilbert College,2019,50,723,30,15612,1294,0.9258114374034003,NY,City/Suburb,212104,37.2,Baccalaureate
203128,Hiram College,2023,32,983,47,21362,1906,0.9338929695697796,OH,Town/Rural,133760,29,Baccalaureate
203128,Hiram College,2022,30,1002,58,19384,1896,0.9314345991561181,OH,Town/Rural,133872,29,Baccalaureate
203128,Hiram College,2021,40,1315,68,17187,1870,0.9342245989304813,OH,Town/Rural,136945,29,Baccalaureate
203128,Hiram College,2020,36,1091,56,20072,1535,0.9276872964169381,OH,Town/Rural,135941,29,Baccalaureate
203128,Hiram College,2019,38,1267,58,21976,1815,0.9316804407713498,OH,Town/Rural,135868,29,Baccalaureate
191630,Hobart William Smith Colleges,2023,24,1618,35,33172,5560,0.572841726618705,NY,Town/Rural,211853,37.2,Baccalaureate
191630,Hobart William Smith Colleges,2022,23,1559,34,34259,5082,0.6837859110586383,NY,Town/Rural,213993,37.2,Baccalaureate
191630,Hobart William Smith Colleges,2021,22,1660,34,34239,3752,0.6743070362473348,NY,Town/Rural,217586,37.2,Baccalaureate
191630,Hobart William Smith Colleges,2020,21,1824,29,38247,3931,0.6184177054184686,NY,Town/Rural,209688,37.2,Baccalaureate
191630,Hobart William Smith Colleges,2019,20,2061,28,37761,3426,0.6608289550496206,NY,Town/Rural,212104,37.2,Baccalaureate
367884,Hodges University,2019,53,834,63,21577,214,0.6121495327102804,FL,City/Suburb,213187,30.4,M
191649,Hofstra University,2023,24,6224,52,35687,22890,0.7058540847531674,NY,City/Suburb,211853,37.2,R0
191649,Hofstra University,2022,23,6110,50,35036,23577,0.6933027950969165,NY,City/Suburb,213993,37.2,R0
191649,Hofstra University,2021,21,6050,48,33234,24886,0.6775697179136864,NY,City/Suburb,217586,37.2,R0
191649,Hofstra University,2020,22,6120,46,34011,24062,0.6911312442855956,NY,City/Suburb,209688,37.2,R0
191649,Hofstra University,2019,22,6498,46,32975,24425,0.6848720573183213,NY,City/Suburb,212104,37.2,R0
232308,Hollins University,2023,33,673,40,23444,2992,0.7085561497326203,VA,City/Suburb,99497,39.3,Baccalaureate
232308,Hollins University,2022,36,691,42,21207,3275,0.723969465648855,VA,City/Suburb,98780,39.3,Baccalaureate
232308,Hollins University,2021,37,713,42,23825,3093,0.747171031361138,VA,City/Suburb,100147,39.3,Baccalaureate
232308,Hollins University,2020,36,687,40,19315,3056,0.8079188481675392,VA,City/Suburb,98970,39.3,Baccalaureate
232308,Hollins University,2019,36,668,38,20457,3244,0.7123921085080148,VA,City/Suburb,95710,39.3,Baccalaureate
150774,Holy Cross College,2023,29,547,50,24214,1670,0.7371257485029941,IN,City/Suburb,76628,27.1,Baccalaureate
150774,Holy Cross College,2022,27,434,46,22650,944,0.7616525423728814,IN,City/Suburb,74897,27.1,Baccalaureate
150774,Holy Cross College,2021,29,468,44,20223,626,0.8594249201277955,IN,City/Suburb,78348,27.1,Baccalaureate
150774,Holy Cross College,2020,29,455,46,23186,644,0.7701863354037267,IN,City/Suburb,78809,27.1,Baccalaureate
150774,Holy Cross College,2019,26,447,45,23829,532,0.9360902255639098,IN,City/Suburb,76144,27.1,Baccalaureate
212984,Holy Family University,2023,40,2446,48,13016,2653,0.7421786656615152,PA,City/Suburb,142275,31.8,M
212984,Holy Family University,2022,37,2176,43,12379,1986,0.7744209466263847,PA,City/Suburb,139193,31.8,M
212984,Holy Family University,2021,37,2171,38,11935,1946,0.7702980472764646,PA,City/Suburb,142186,31.8,M
212984,Holy Family University,2020,35,2138,37,15234,1314,0.7770167427701674,PA,City/Suburb,143645,31.8,M
212984,Holy Family University,2019,37,2136,40,15294,1403,0.7277263007840342,PA,City/Suburb,143842,31.8,M
162760,Hood College,2023,36,1209,48,23462,3287,0.7812595071493763,MD,City/Suburb,69770,40.8,M
162760,Hood College,2022,38,1202,45,23624,3000,0.7786666666666666,MD,City/Suburb,69124,40.8,M
162760,Hood College,2021,39,1217,42,23755,3192,0.7678571428571429,MD,City/Suburb,71017,40.8,M
162760,Hood College,2020,41,1187,43,23775,3425,0.7132846715328467,MD,City/Suburb,67971,40.8,M
162760,Hood College,2019,37,1126,43,24567,3513,0.6532877882152007,MD,City/Suburb,68208,40.8,M
170301,Hope College,2023,16,3368,22,28643,5206,0.7585478294275836,MI,City/Suburb,108265,29.6,Baccalaureate
170301,Hope College,2022,16,3251,22,25800,5152,0.8045419254658385,MI,City/Suburb,103443,29.6,Baccalaureate
170301,Hope College,2021,16,3132,20,28688,4172,0.923777564717162,MI,City/Suburb,107239,29.6,Baccalaureate
170301,Hope College,2020,18,3061,18,30320,3907,0.7783465574609675,MI,City/Suburb,108725,29.6,Baccalaureate
170301,Hope College,2019,18,3056,18,29248,3748,0.8567235859124867,MI,City/Suburb,112177,29.6,Baccalaureate
120537,Hope International University,2023,43,549,73,30514,828,0.3538647342995169,CA,City/Suburb,492544,34.2,M
120537,Hope International University,2022,48,590,70,26146,810,0.32222222222222224,CA,City/Suburb,473448,34.2,M
120537,Hope International University,2021,49,619,65,18801,723,0.3997233748271093,CA,City/Suburb,467260,34.2,M
120537,Hope International University,2020,54,657,63,20470,794,0.38287153652392947,CA,City/Suburb,477479,34.2,M
120537,Hope International University,2019,50,633,65,20850,685,0.3678832116788321,CA,City/Suburb,478819,34.2,M
191676,Houghton University,2023,34,975,27,22358,1068,0.9269662921348315,NY,Town/Rural,211853,37.2,Baccalaureate
191676,Houghton University,2022,39,805,27,21550,974,0.7700205338809035,NY,Town/Rural,213993,37.2,Baccalaureate
191676,Houghton University,2021,35,863,27,24502,1008,0.7906746031746031,NY,Town/Rural,217586,37.2,Baccalaureate
191676,Houghton University,2020,39,870,25,25410,1004,0.799800796812749,NY,Town/Rural,209688,37.2,Baccalaureate
191676,Houghton University,2019,45,940,26,23992,1005,0.8069651741293532,NY,Town/Rural,212104,37.2,Baccalaureate
225399,Houston Christian University,2023,54,2787,82,20530,9021,0.8514577097882718,TX,City/Suburb,385604,30.3,M
225399,Houston Christian University,2022,52,2823,81,19515,10258,0.8448040553714175,TX,City/Suburb,375741,30.3,M
225399,Houston Christian University,2021,48,2780,79,20089,9685,0.8487351574599896,TX,City/Suburb,377064,30.3,M
225399,Houston Christian University,2020,49,2733,78,18782,8723,0.7151209446291413,TX,City/Suburb,372402,30.3,M
225399,Houston Christian University,2019,45,2632,77,20436,8904,0.7104672057502246,TX,City/Suburb,364979,30.3,M
225548,Howard Payne University,2023,42,768,47,25768,1269,0.6769109535066982,TX,Town/Rural,385604,30.3,Baccalaureate
225548,Howard Payne University,2022,38,773,49,24117,1233,0.6228710462287105,TX,Town/Rural,375741,30.3,Baccalaureate
225548,Howard Payne University,2021,31,863,48,23603,1333,0.5926481620405101,TX,Town/Rural,377064,30.3,Baccalaureate
225548,Howard Payne University,2020,37,981,47,24515,1638,0.48534798534798534,TX,Town/Rural,372402,30.3,Baccalaureate
225548,Howard Payne University,2019,32,969,49,23026,1896,0.5385021097046413,TX,Town/Rural,364979,30.3,Baccalaureate
131520,Howard University,2023,41,10190,100,30028,30342,0.3489222859402808,DC,City/Suburb,5190,60.4,R2
131520,Howard University,2022,41,9809,100,28279,19188,0.5343443819053575,DC,City/Suburb,5148,60.4,R2
131520,Howard University,2021,42,8964,100,26870,29396,0.3524969383589604,DC,City/Suburb,5077,60.4,R2
131520,Howard University,2020,44,7857,99,23233,24325,0.3863514902363823,DC,City/Suburb,4662,60.4,R2
131520,Howard University,2019,44,6526,99,21439,21006,0.3607540702656384,DC,City/Suburb,4757,60.4,R2
164368,Hult International Business School,2023,8,694,96,51986,2268,0.5335097001763669,MA,City/Suburb,78133,44.5,Special or Tribal
164368,Hult International Business School,2022,7,682,99,55251,2279,0.4774023694602896,MA,City/Suburb,78514,44.5,Special or Tribal
164368,Hult International Business School,2021,6,638,99,48780,1495,0.5070234113712374,MA,City/Suburb,78839,44.5,Special or Tribal
164368,Hult International Business School,2020,4,624,98,46763,1887,0.45151033386327505,MA,City/Suburb,79537,44.5,Special or Tribal
164368,Hult International Business School,2019,5,761,97,44377,2196,0.4335154826958106,MA,City/Suburb,78060,44.5,Special or Tribal
101435,Huntingdon College,2023,39,866,34,22642,2581,0.708252615265401,AL,City/Suburb,52181,25.5,Baccalaureate
101435,Huntingdon College,2022,39,812,33,23662,2573,0.6595413913719393,AL,City/Suburb,53739,25.5,Baccalaureate
101435,Huntingdon College,2021,39,839,34,23664,2404,0.6930116472545758,AL,City/Suburb,54466,25.5,Baccalaureate
101435,Huntingdon College,2020,41,920,33,22026,2129,0.5439173320807891,AL,City/Suburb,52925,25.5,Baccalaureate
101435,Huntingdon College,2019,44,1008,32,21738,2336,0.5928938356164384,AL,City/Suburb,55331,25.5,Baccalaureate
150941,Huntington University,2023,29,1286,23,21149,1570,0.7114649681528662,IN,Town/Rural,76628,27.1,M
150941,Huntington University,2022,35,1229,16,20066,1098,0.7750455373406193,IN,Town/Rural,74897,27.1,M
150941,Huntington University,2021,32,1120,20,21008,1093,0.787740164684355,IN,Town/Rural,78348,27.1,M
150941,Huntington University,2020,32,1150,19,20798,1075,0.7767441860465116,IN,Town/Rural,78809,27.1,M
150941,Huntington University,2019,35,1126,18,22333,1137,0.7546174142480211,IN,Town/Rural,76144,27.1,M
487524,Husson University,2023,35,2525,17,21101,2543,0.8643334644121117,ME,City/Suburb,14133,31.5,R0
487524,Husson University,2022,37,2429,16,19978,2542,0.9130605822187254,ME,City/Suburb,13869,31.5,R0
487524,Husson University,2021,39,2588,17,20197,2802,0.8554603854389722,ME,City/Suburb,14239,31.5,R0
487524,Husson University,2020,42,2679,16,19342,2301,0.8465884398087787,ME,City/Suburb,14677,31.5,R0
487524,Husson University,2019,42,2872,17,18524,2529,0.8457888493475683,ME,City/Suburb,15274,31.5,R0
225575,Huston-Tillotson University,2022,61,987,87,21069,1885,0.5193633952254642,TX,City/Suburb,375741,30.3,Baccalaureate
225575,Huston-Tillotson University,2021,67,991,96,11846,1875,0.5002666666666666,TX,City/Suburb,377064,30.3,Baccalaureate
225575,Huston-Tillotson University,2020,71,1045,96,14375,1903,0.5596426694692591,TX,City/Suburb,372402,30.3,Baccalaureate
225575,Huston-Tillotson University,2019,73,1112,95,16044,2766,0.6250903832248734,TX,City/Suburb,364979,30.3,Baccalaureate
145691,Illinois College,2023,35,956,30,17255,3660,0.7467213114754099,IL,Town/Rural,148445,35.1,Baccalaureate
145691,Illinois College,2022,39,1028,29,16296,3243,0.7718162195497996,IL,Town/Rural,145439,35.1,Baccalaureate
145691,Illinois College,2021,41,1097,26,18914,3522,0.7475865985235661,IL,Town/Rural,150490,35.1,Baccalaureate
145691,Illinois College,2020,41,1154,28,17544,3781,0.7524464427400158,IL,Town/Rural,149373,35.1,Baccalaureate
145691,Illinois College,2019,43,1057,28,17594,3725,0.7804026845637584,IL,Town/Rural,152277,35.1,Baccalaureate
145725,Illinois Institute of Technology,2023,29,3316,69,25001,8912,0.5541965888689407,IL,City/Suburb,148445,35.1,R2
145725,Illinois Institute of Technology,2022,29,3125,66,28702,7243,0.6143863040176722,IL,City/Suburb,145439,35.1,R2
145725,Illinois Institute of Technology,2021,30,2998,62,26789,6521,0.661094924091397,IL,City/Suburb,150490,35.1,R2
145725,Illinois Institute of Technology,2020,29,3122,63,28161,5033,0.6065964633419432,IL,City/Suburb,149373,35.1,R2
145725,Illinois Institute of Technology,2019,31,3144,63,26708,5049,0.6022974846504259,IL,City/Suburb,152277,35.1,R2
145813,Illinois State University,2023,30,18450,34,20871,20884,0.8901072591457575,IL,City/Suburb,148445,35.1,R2
145813,Illinois State University,2022,30,18055,31,20551,19596,0.862369871402327,IL,City/Suburb,145439,35.1,R2
145813,Illinois State University,2021,30,17674,30,21033,11913,0.915386552505666,IL,City/Suburb,150490,35.1,R2
145813,Illinois State University,2020,30,17987,29,20933,15487,0.813133595919158,IL,City/Suburb,149373,35.1,R2
145813,Illinois State University,2019,30,18250,28,20093,16151,0.8193919881121912,IL,City/Suburb,152277,35.1,R2
145646,Illinois Wesleyan University,2023,23,1576,34,31310,6128,0.4516971279373368,IL,City/Suburb,148445,35.1,Baccalaureate
145646,Illinois Wesleyan University,2022,25,1527,31,30096,4408,0.4221869328493648,IL,City/Suburb,145439,35.1,Baccalaureate
145646,Illinois Wesleyan University,2021,24,1653,31,30610,4543,0.45234426590358795,IL,City/Suburb,150490,35.1,Baccalaureate
145646,Illinois Wesleyan University,2020,23,1636,30,32545,3896,0.5693018480492813,IL,City/Suburb,149373,35.1,Baccalaureate
145646,Illinois Wesleyan University,2019,24,1629,30,28912,3719,0.607959128798064,IL,City/Suburb,152277,35.1,Baccalaureate
213011,Immaculata University,2023,21,1529,28,29499,1958,0.7844739530132788,PA,City/Suburb,142275,31.8,R0
213011,Immaculata University,2022,23,1496,27,29188,2188,0.6974405850091407,PA,City/Suburb,139193,31.8,R0
213011,Immaculata University,2021,25,1576,28,28510,2067,0.7958393807450411,PA,City/Suburb,142186,31.8,R0
213011,Immaculata University,2020,27,1614,29,28952,1958,0.8243105209397344,PA,City/Suburb,143645,31.8,R0
213011,Immaculata University,2019,26,1503,31,28867,1985,0.8100755667506297,PA,City/Suburb,143842,31.8,R0
151290,Indiana Institute of Technology,2023,34,1642,59,22148,6187,0.5689348634233069,IN,City/Suburb,76628,27.1,M
151290,Indiana Institute of Technology,2022,33,1490,67,22179,5323,0.6466278414427954,IN,City/Suburb,74897,27.1,M
151290,Indiana Institute of Technology,2021,39,1522,47,21397,2492,0.6500802568218299,IN,City/Suburb,78348,27.1,M
151290,Indiana Institute of Technology,2020,39,1612,47,20470,3396,0.6307420494699647,IN,City/Suburb,78809,27.1,M
151290,Indiana Institute of Technology,2019,40,1576,50,18793,3248,0.5963669950738916,IN,City/Suburb,76144,27.1,M
151324,Indiana State University,2023,39,6668,32,13321,13601,0.9150062495404749,IN,City/Suburb,76628,27.1,R0
151324,Indiana State University,2022,38,6965,31,12688,18531,0.9230478657384923,IN,City/Suburb,74897,27.1,R0
151324,Indiana State University,2021,38,7704,29,13653,12581,0.9368094746045624,IN,City/Suburb,78348,27.1,R0
151324,Indiana State University,2020,39,8938,31,12903,13477,0.9229056911775618,IN,City/Suburb,78809,27.1,R0
151324,Indiana State University,2019,41,10214,32,12996,10008,0.89568345323741,IN,City/Suburb,76144,27.1,R0
213020,Indiana University of Pennsylvania-Main Campus,2023,36,7432,26,17665,9422,0.9120144343026958,PA,Town/Rural,142275,31.8,R2
213020,Indiana University of Pennsylvania-Main Campus,2022,36,7038,26,20205,8603,0.919446704637917,PA,Town/Rural,139193,31.8,R2
213020,Indiana University of Pennsylvania-Main Campus,2021,35,7333,25,21153,8846,0.9420076870902102,PA,Town/Rural,142186,31.8,R2
213020,Indiana University of Pennsylvania-Main Campus,2020,38,8002,25,20933,9034,0.9310382997564756,PA,Town/Rural,143645,31.8,R2
213020,Indiana University of Pennsylvania-Main Campus,2019,37,8491,27,20944,10289,0.9300223539702595,PA,Town/Rural,143842,31.8,R2
151351,Indiana University-Bloomington,2023,17,36833,34,16282,54279,0.8036994049263988,IN,City/Suburb,76628,27.1,R1
151351,Indiana University-Bloomington,2022,17,35660,33,16234,50080,0.8241214057507987,IN,City/Suburb,74897,27.1,R1
151351,Indiana University-Bloomington,2021,18,34253,31,13386,46498,0.850423674136522,IN,City/Suburb,78348,27.1,R1
151351,Indiana University-Bloomington,2020,18,32986,31,13191,44129,0.8037571664891567,IN,City/Suburb,78809,27.1,R1
151351,Indiana University-Bloomington,2019,19,33084,31,13036,42902,0.7791012074029183,IN,City/Suburb,76144,27.1,R1
151388,Indiana University-East,2023,34,2746,25,9484,1749,0.7124070897655803,IN,Town/Rural,76628,27.1,M
151388,Indiana University-East,2022,36,2786,25,8837,1586,0.7755359394703657,IN,Town/Rural,74897,27.1,M
151388,Indiana University-East,2021,36,2887,23,8102,1288,0.8051242236024845,IN,Town/Rural,78348,27.1,M
151388,Indiana University-East,2020,36,3200,24,8675,1980,0.6732323232323232,IN,Town/Rural,78809,27.1,M
151388,Indiana University-East,2019,37,3500,25,7110,2316,0.6252158894645942,IN,Town/Rural,76144,27.1,M
151111,Indiana University-Indianapolis,2023,36,17037,41,11592,15715,0.813935730194082,IN,City/Suburb,76628,27.1,R2
151111,Indiana University-Indianapolis,2022,36,17727,39,11462,15637,0.8288674298139029,IN,City/Suburb,74897,27.1,R2
151111,Indiana University-Indianapolis,2021,35,19197,37,11550,15194,0.8361195208634987,IN,City/Suburb,78348,27.1,R2
151111,Indiana University-Indianapolis,2020,35,20966,35,12345,16220,0.7853884093711467,IN,City/Suburb,78809,27.1,R2
151111,Indiana University-Indianapolis,2019,36,21173,34,9807,15050,0.8073089700996677,IN,City/Suburb,76144,27.1,R2
151333,Indiana University-Kokomo,2023,35,2674,26,6459,1953,0.8469022017409115,IN,City/Suburb,76628,27.1,M
151333,Indiana University-Kokomo,2022,35,2669,24,6648,1972,0.8575050709939148,IN,City/Suburb,74897,27.1,M
151333,Indiana University-Kokomo,2021,36,2817,20,4446,2052,0.9035087719298246,IN,City/Suburb,78348,27.1,M
151333,Indiana University-Kokomo,2020,37,3016,20,10066,2319,0.8270806382061233,IN,City/Suburb,78809,27.1,M
151333,Indiana University-Kokomo,2019,39,2969,18,8629,2333,0.7363909129875696,IN,City/Suburb,76144,27.1,M
151360,Indiana University-Northwest,2023,43,2787,56,5553,2820,0.7670212765957447,IN,City/Suburb,76628,27.1,M
151360,Indiana University-Northwest,2022,43,2860,55,6553,1915,0.8031331592689295,IN,City/Suburb,74897,27.1,M
151360,Indiana University-Northwest,2021,42,3063,52,5625,1660,0.8548192771084338,IN,City/Suburb,78348,27.1,M
151360,Indiana University-Northwest,2020,43,3414,50,5453,2506,0.8168395849960096,IN,City/Suburb,78809,27.1,M
151360,Indiana University-Northwest,2019,42,3454,49,6179,2486,0.7461786001609011,IN,City/Suburb,76144,27.1,M
151342,Indiana University-South Bend,2023,41,3918,39,8090,2777,0.859920777817789,IN,City/Suburb,76628,27.1,M
151342,Indiana University-South Bend,2022,41,3753,38,8785,2348,0.868824531516184,IN,City/Suburb,74897,27.1,M
151342,Indiana University-South Bend,2021,39,3865,35,8189,2270,0.8894273127753304,IN,City/Suburb,78348,27.1,M
151342,Indiana University-South Bend,2020,41,4375,34,9446,2712,0.8687315634218289,IN,City/Suburb,78809,27.1,M
151342,Indiana University-South Bend,2019,44,4551,33,8962,2959,0.7769516728624535,IN,City/Suburb,76144,27.1,M
151379,Indiana University-Southeast,2023,34,3286,20,8829,2062,0.8312318137730359,IN,City/Suburb,76628,27.1,M
151379,Indiana University-Southeast,2022,34,3227,19,8264,1923,0.8523140925637025,IN,City/Suburb,74897,27.1,M
151379,Indiana University-Southeast,2021,33,3514,21,6344,2001,0.9005497251374313,IN,City/Suburb,78348,27.1,M
151379,Indiana University-Southeast,2020,36,4090,19,10421,2549,0.8540604158493527,IN,City/Suburb,78809,27.1,M
151379,Indiana University-Southeast,2019,38,4397,19,9648,2831,0.8191451783821971,IN,City/Suburb,76144,27.1,M
151801,Indiana Wesleyan University-Marion,2023,25,2079,19,23364,3035,0.8220757825370676,IN,Town/Rural,76628,27.1,M
151801,Indiana Wesleyan University-Marion,2022,26,2236,19,21755,3946,0.8672072985301571,IN,Town/Rural,74897,27.1,M
151801,Indiana Wesleyan University-Marion,2021,25,2461,18,22098,3880,0.9190721649484536,IN,Town/Rural,78348,27.1,M
151801,Indiana Wesleyan University-Marion,2020,28,2677,17,21827,2942,0.9146838885112168,IN,Town/Rural,78809,27.1,M
151801,Indiana Wesleyan University-Marion,2019,28,2762,17,21619,3458,0.8452862926547137,IN,Town/Rural,76144,27.1,M
187745,Institute of American Indian and Alaska Native Culture and Arts Development,2023,20,755,87,14334,83,1,NM,Town/Rural,20718,27.7,Special or Tribal
187745,Institute of American Indian and Alaska Native Culture and Arts Development,2022,23,800,87,13872,82,1,NM,Town/Rural,20683,27.7,Special or Tribal
187745,Institute of American Indian and Alaska Native Culture and Arts Development,2021,24,742,86,15614,61,1,NM,Town/Rural,20434,27.7,Special or Tribal
187745,Institute of American Indian and Alaska Native Culture and Arts Development,2020,38,649,92,14659,81,1,NM,Town/Rural,20968,27.7,Special or Tribal
187745,Institute of American Indian and Alaska Native Culture and Arts Development,2019,36,557,88,13881,169,1,NM,Town/Rural,21861,27.7,Special or Tribal
191931,Iona University,2023,26,3134,49,28557,7289,0.9113733022362464,NY,City/Suburb,211853,37.2,M
191931,Iona University,2022,27,3032,48,28827,6228,0.9640333975594091,NY,City/Suburb,213993,37.2,M
191931,Iona University,2021,28,2994,48,28596,6625,0.9255849056603773,NY,City/Suburb,217586,37.2,M
191931,Iona University,2020,31,2959,55,29103,10319,0.8594825079949607,NY,City/Suburb,209688,37.2,M
191931,Iona University,2019,32,2981,53,28135,9965,0.8411440040140492,NY,City/Suburb,212104,37.2,M
153603,Iowa State University,2023,18,25332,23,17354,22995,0.891324200913242,IA,City/Suburb,36870,29,R1
153603,Iowa State University,2022,19,25241,23,15310,21919,0.9022309411925726,IA,City/Suburb,36521,29,R1
153603,Iowa State University,2021,20,25808,23,15422,20357,0.9112344648032618,IA,City/Suburb,37097,29,R1
153603,Iowa State University,2020,20,26843,24,16105,20223,0.884240716016417,IA,City/Suburb,36359,29,R1
153603,Iowa State University,2019,21,28294,25,15195,18246,0.9205305272388469,IA,City/Suburb,36735,29,R1
191968,Ithaca College,2023,19,4368,28,34297,12007,0.699425335221121,NY,City/Suburb,211853,37.2,M
191968,Ithaca College,2022,19,4619,28,35858,12446,0.7519685039370079,NY,City/Suburb,213993,37.2,M
191968,Ithaca College,2021,20,4818,28,35327,13445,0.7773149869840089,NY,City/Suburb,217586,37.2,M
191968,Ithaca College,2020,19,4957,28,35904,12906,0.7567797923446459,NY,City/Suburb,209688,37.2,M
191968,Ithaca College,2019,20,5852,28,34942,14192,0.7275930101465614,NY,City/Suburb,212104,37.2,M
175856,Jackson State University,2023,68,4769,98,19892,14141,0.9103316597128915,MS,City/Suburb,32572,23.2,R2
175856,Jackson State University,2022,65,4927,98,15292,12583,0.8863546054200111,MS,City/Suburb,32131,23.2,R2
175856,Jackson State University,2021,69,4763,98,15477,7889,0.6211180124223602,MS,City/Suburb,32865,23.2,R2
175856,Jackson State University,2020,71,4668,97,14915,9551,0.8998010679509999,MS,City/Suburb,32110,23.2,R2
175856,Jackson State University,2019,70,5152,97,14050,8396,0.6752024773701762,MS,City/Suburb,32601,23.2,R2
101480,Jacksonville State University,2023,43,8378,39,14511,12008,0.7621585609593604,AL,City/Suburb,52181,25.5,M
101480,Jacksonville State University,2022,44,8310,38,11953,12570,0.7846459824980111,AL,City/Suburb,53739,25.5,M
101480,Jacksonville State University,2021,41,8067,37,13426,10483,0.7634265000476963,AL,City/Suburb,54466,25.5,M
101480,Jacksonville State University,2020,40,7747,33,13616,10932,0.6369374313940724,AL,City/Suburb,52925,25.5,M
101480,Jacksonville State University,2019,38,7749,31,10689,10187,0.5478551094532247,AL,City/Suburb,55331,25.5,M
134945,Jacksonville University,2023,30,2662,47,25745,8879,0.5729248789278072,FL,City/Suburb,214692,30.4,M
134945,Jacksonville University,2022,32,2563,49,26943,9119,0.5769272946595021,FL,City/Suburb,217330,30.4,M
134945,Jacksonville University,2021,32,2646,49,23503,7997,0.7761660622733525,FL,City/Suburb,223891,30.4,M
134945,Jacksonville University,2020,31,2771,51,24502,7354,0.7774000543921675,FL,City/Suburb,215797,30.4,M
134945,Jacksonville University,2019,30,2928,50,24020,5139,0.9169099046507102,FL,City/Suburb,213187,30.4,M
232423,James Madison University,2023,17,21006,26,26317,35750,0.7624615384615384,VA,City/Suburb,99497,39.3,R2
232423,James Madison University,2022,14,20346,25,18274,30727,0.7830897907377876,VA,City/Suburb,98780,39.3,R2
232423,James Madison University,2021,14,20070,25,18528,21176,0.8625330562901398,VA,City/Suburb,100147,39.3,R2
232423,James Madison University,2020,14,19727,25,18592,23922,0.8049076164200317,VA,City/Suburb,98970,39.3,R2
232423,James Madison University,2019,15,19895,25,18708,23579,0.7675473938674244,VA,City/Suburb,95710,39.3,R2
192040,Jewish Theological Seminary of America,2023,5,172,20,54588,142,0.4507042253521127,NY,City/Suburb,211853,37.2,Special or Tribal
192040,Jewish Theological Seminary of America,2022,6,149,16,61379,132,0.5075757575757576,NY,City/Suburb,213993,37.2,Special or Tribal
192040,Jewish Theological Seminary of America,2021,6,144,15,50279,117,0.5042735042735043,NY,City/Suburb,217586,37.2,Special or Tribal
192040,Jewish Theological Seminary of America,2020,7,133,20,51387,108,0.5833333333333334,NY,City/Suburb,209688,37.2,Special or Tribal
192040,Jewish Theological Seminary of America,2019,6,144,25,50088,116,0.5948275862068966,NY,City/Suburb,212104,37.2,Special or Tribal
107141,John Brown University,2023,21,1882,31,21464,1545,0.6763754045307443,AR,Town/Rural,33693,23.3,M
107141,John Brown University,2022,23,1801,30,20997,1490,0.5664429530201343,AR,Town/Rural,33705,23.3,M
107141,John Brown University,2021,25,1774,28,18298,1604,0.5286783042394015,AR,Town/Rural,34604,23.3,M
107141,John Brown University,2020,27,1820,28,21578,1422,0.5886075949367089,AR,Town/Rural,34014,23.3,M
107141,John Brown University,2019,29,1777,26,21912,1176,0.7576530612244898,AR,Town/Rural,33531,23.3,M
203368,John Carroll University,2023,20,2287,19,30790,4238,0.8109957527135441,OH,City/Suburb,133760,29,M
203368,John Carroll University,2022,19,2417,17,30496,4310,0.8236658932714617,OH,City/Suburb,133872,29,M
203368,John Carroll University,2021,19,2660,15,28661,3817,0.8810584228451663,OH,City/Suburb,136945,29,M
203368,John Carroll University,2020,20,2771,13,28805,3610,0.878393351800554,OH,City/Suburb,135941,29,M
203368,John Carroll University,2019,21,3017,16,27260,3782,0.863299841353781,OH,City/Suburb,135868,29,M
462354,John Paul the Great Catholic University,2023,38,298,61,31811,280,0.7928571428571428,CA,City/Suburb,492544,34.2,Baccalaureate
462354,John Paul the Great Catholic University,2022,38,300,56,31354,387,0.7958656330749354,CA,City/Suburb,473448,34.2,Baccalaureate
462354,John Paul the Great Catholic University,2021,39,292,57,28787,279,0.7885304659498208,CA,City/Suburb,467260,34.2,Baccalaureate
462354,John Paul the Great Catholic University,2020,36,274,54,33730,310,0.7677419354838709,CA,City/Suburb,477479,34.2,Baccalaureate
462354,John Paul the Great Catholic University,2019,33,272,56,30581,350,0.7285714285714285,CA,City/Suburb,478819,34.2,Baccalaureate
162928,Johns Hopkins University,2023,20,6089,78,22844,38926,0.07560499409135282,MD,City/Suburb,69770,40.8,R1
162928,Johns Hopkins University,2022,18,6044,78,24034,37844,0.07517704259592009,MD,City/Suburb,69124,40.8,R1
162928,Johns Hopkins University,2021,17,6132,74,20680,39515,0.07521194483107681,MD,City/Suburb,71017,40.8,R1
162928,Johns Hopkins University,2020,15,6331,72,25241,30115,0.11057612485472355,MD,City/Suburb,67971,40.8,R1
162928,Johns Hopkins University,2019,14,6256,70,28999,31139,0.11166061851697229,MD,City/Suburb,68208,40.8,R1
445708,Johnson & Wales University-Charlotte,2023,52,1128,66,29481,4677,0.7528330126149241,NC,City/Suburb,108252,31.9,Baccalaureate
445708,Johnson & Wales University-Charlotte,2022,54,1140,68,29238,4727,0.7332346096890205,NC,City/Suburb,114167,31.9,Baccalaureate
445708,Johnson & Wales University-Charlotte,2021,57,1262,67,27462,4480,0.8234375,NC,City/Suburb,116514,31.9,Baccalaureate
445708,Johnson & Wales University-Charlotte,2020,59,1391,67,26732,3920,0.8227040816326531,NC,City/Suburb,116615,31.9,Baccalaureate
445708,Johnson & Wales University-Charlotte,2019,59,1523,69,24272,3534,0.8455008488964346,NC,City/Suburb,114284,31.9,Baccalaureate
460349,Johnson & Wales University-Online,2023,36,1990,53,18265,446,0.5426008968609866,RI,City/Suburb,11503,34.4,M
460349,Johnson & Wales University-Online,2022,43,1843,55,20242,400,0.675,RI,City/Suburb,11411,34.4,M
460349,Johnson & Wales University-Online,2021,43,1571,53,21414,275,0.45454545454545453,RI,City/Suburb,11480,34.4,M
460349,Johnson & Wales University-Online,2020,47,1318,50,18929,211,0.36492890995260663,RI,City/Suburb,11395,34.4,M
460349,Johnson & Wales University-Online,2019,49,1070,48,18499,85,0.4117647058823529,RI,City/Suburb,10892,34.4,M
217235,Johnson & Wales University-Providence,2023,30,3952,40,33480,8841,0.8370093880782717,RI,City/Suburb,11503,34.4,M
217235,Johnson & Wales University-Providence,2022,33,4158,42,32801,8265,0.8341197822141561,RI,City/Suburb,11411,34.4,M
217235,Johnson & Wales University-Providence,2021,35,4645,43,30715,9658,0.8819631393663284,RI,City/Suburb,11480,34.4,M
217235,Johnson & Wales University-Providence,2020,37,5120,43,29560,10145,0.8650566781665845,RI,City/Suburb,11395,34.4,M
217235,Johnson & Wales University-Providence,2019,37,6123,44,28001,11668,0.92723688721289,RI,City/Suburb,10892,34.4,M
198756,Johnson C Smith University,2023,68,1058,99,19326,4273,0.4287385911537561,NC,City/Suburb,108252,31.9,Baccalaureate
198756,Johnson C Smith University,2022,71,1052,99,20045,2306,0.25281873373807456,NC,City/Suburb,114167,31.9,Baccalaureate
198756,Johnson C Smith University,2021,72,1122,99,14000,2634,0.44533029612756264,NC,City/Suburb,116514,31.9,Baccalaureate
198756,Johnson C Smith University,2020,74,1253,99,20468,7160,0.49203910614525137,NC,City/Suburb,116615,31.9,Baccalaureate
198756,Johnson C Smith University,2019,74,1435,98,18655,6168,0.4698443579766537,NC,City/Suburb,114284,31.9,Baccalaureate
220473,Johnson University,2023,38,708,22,20713,610,0.5377049180327869,TN,Town/Rural,72084,27.5,M
220473,Johnson University,2022,42,669,17,21012,443,0.6320541760722348,TN,Town/Rural,71347,27.5,M
220473,Johnson University,2021,43,658,17,19985,304,0.8092105263157895,TN,Town/Rural,72685,27.5,M
220473,Johnson University,2020,43,720,16,18292,573,0.5497382198952879,TN,Town/Rural,73281,27.5,M
220473,Johnson University,2019,43,725,15,18921,398,0.5326633165829145,TN,Town/Rural,72802,27.5,M
132879,Johnson University Florida,2023,46,136,78,21149,283,0.2332155477031802,FL,City/Suburb,214692,30.4,Special or Tribal
132879,Johnson University Florida,2022,64,155,72,20191,174,0.7931034482758621,FL,City/Suburb,217330,30.4,Special or Tribal
132879,Johnson University Florida,2021,64,149,64,15269,164,0.42073170731707316,FL,City/Suburb,223891,30.4,Special or Tribal
132879,Johnson University Florida,2020,65,160,58,19291,193,0.37305699481865284,FL,City/Suburb,215797,30.4,Special or Tribal
132879,Johnson University Florida,2019,62,182,53,17242,371,0.30727762803234504,FL,City/Suburb,213187,30.4,Special or Tribal
146339,Judson University,2023,40,793,63,21331,873,0.6311569301260023,IL,City/Suburb,148445,35.1,M
146339,Judson University,2022,33,798,61,19268,1153,0.5819601040763226,IL,City/Suburb,145439,35.1,M
146339,Judson University,2021,41,932,61,18266,984,0.6239837398373984,IL,City/Suburb,150490,35.1,M
146339,Judson University,2020,42,954,60,16039,970,0.5701030927835051,IL,City/Suburb,149373,35.1,M
146339,Judson University,2019,43,1046,55,18641,1713,0.38528896672504376,IL,City/Suburb,152277,35.1,M
213251,Juniata College,2023,26,1212,33,28925,2917,0.7164895440521083,PA,Town/Rural,142275,31.8,Baccalaureate
213251,Juniata College,2022,23,1179,31,29926,2563,0.7616074912212252,PA,Town/Rural,139193,31.8,Baccalaureate
213251,Juniata College,2021,26,1259,29,26493,2753,0.7442789683981111,PA,Town/Rural,142186,31.8,Baccalaureate
213251,Juniata College,2020,26,1303,26,24524,2757,0.6746463547334058,PA,Town/Rural,143645,31.8,Baccalaureate
213251,Juniata College,2019,24,1409,26,26844,2344,0.7077645051194539,PA,Town/Rural,143842,31.8,Baccalaureate
170532,Kalamazoo College,2023,23,1196,40,26050,3656,0.762308533916849,MI,City/Suburb,108265,29.6,Baccalaureate
170532,Kalamazoo College,2022,24,1210,40,26981,3702,0.7925445705024311,MI,City/Suburb,103443,29.6,Baccalaureate
170532,Kalamazoo College,2021,25,1241,40,27395,3350,0.7958208955223881,MI,City/Suburb,107239,29.6,Baccalaureate
170532,Kalamazoo College,2020,26,1451,42,27596,3456,0.7433449074074074,MI,City/Suburb,108725,29.6,Baccalaureate
170532,Kalamazoo College,2019,23,1286,45,26480,3576,0.7595078299776287,MI,City/Suburb,112177,29.6,Baccalaureate
177746,Kansas City Art Institute,2023,42,789,38,30142,1097,0.6034639927073838,MO,City/Suburb,67773,29.5,Special or Tribal
177746,Kansas City Art Institute,2022,43,738,38,29373,990,0.5848484848484848,MO,City/Suburb,66781,29.5,Special or Tribal
177746,Kansas City Art Institute,2021,46,726,39,27274,897,0.5997770345596433,MO,City/Suburb,66906,29.5,Special or Tribal
177746,Kansas City Art Institute,2020,43,698,35,29566,1005,0.591044776119403,MO,City/Suburb,67892,29.5,Special or Tribal
177746,Kansas City Art Institute,2019,45,699,34,30747,1015,0.5655172413793104,MO,City/Suburb,68482,29.5,Special or Tribal
155399,Kansas State University,2023,19,15113,21,18745,13437,0.7935551090273126,KS,City/Suburb,36832,33.8,R1
155399,Kansas State University,2022,20,15046,21,18855,9706,0.9513702864207707,KS,City/Suburb,36624,33.8,R1
155399,Kansas State University,2021,20,15619,21,19874,9822,0.9561189167175728,KS,City/Suburb,36149,33.8,R1
155399,Kansas State University,2020,22,16257,21,18494,9208,0.9414639443961772,KS,City/Suburb,35923,33.8,R1
155399,Kansas State University,2019,23,17210,22,18103,8277,0.9537271958439048,KS,City/Suburb,35979,33.8,R1
155414,Kansas Wesleyan University,2023,41,899,43,23419,1831,0.849808847624249,KS,Town/Rural,36832,33.8,Baccalaureate
155414,Kansas Wesleyan University,2022,43,791,42,22617,1356,0.696165191740413,KS,Town/Rural,36624,33.8,Baccalaureate
155414,Kansas Wesleyan University,2021,44,760,44,23803,1740,0.6764367816091954,KS,Town/Rural,36149,33.8,Baccalaureate
155414,Kansas Wesleyan University,2020,40,749,40,24196,1293,0.6179427687548337,KS,Town/Rural,35923,33.8,Baccalaureate
155414,Kansas Wesleyan University,2019,47,653,36,21831,1242,0.606280193236715,KS,Town/Rural,35979,33.8,Baccalaureate
185262,Kean University,2023,46,11234,75,11593,12142,0.7688189754570911,NJ,City/Suburb,104131,40.8,R0
185262,Kean University,2022,47,10845,74,10747,10485,0.8260371959942775,NJ,City/Suburb,107755,40.8,R0
185262,Kean University,2021,46,10573,72,16276,9048,0.7915561450044208,NJ,City/Suburb,109108,40.8,R0
185262,Kean University,2020,47,11686,70,17401,10138,0.7805287038863681,NJ,City/Suburb,109961,40.8,R0
185262,Kean University,2019,48,12120,70,17490,9540,0.6856394129979035,NJ,City/Suburb,113367,40.8,R0
183062,Keene State College,2023,24,2718,16,20405,4666,0.8909129875696528,NH,Town/Rural,15434,36.8,Baccalaureate
183062,Keene State College,2022,25,2737,17,19546,4487,0.8952529529752619,NH,Town/Rural,15352,36.8,Baccalaureate
183062,Keene State College,2021,24,2964,18,20058,4796,0.8809424520433695,NH,Town/Rural,15187,36.8,Baccalaureate
183062,Keene State College,2020,24,3096,19,20038,5343,0.906606775219914,NH,Town/Rural,14958,36.8,Baccalaureate
183062,Keene State College,2019,25,3378,18,19805,4978,0.8838891120932101,NH,Town/Rural,15466,36.8,Baccalaureate
135081,Keiser University-Ft Lauderdale,2023,58,17634,79,33865,3375,0.9742222222222222,FL,City/Suburb,214692,30.4,R0
135081,Keiser University-Ft Lauderdale,2022,50,16960,76,35346,3742,0.9652592196686264,FL,City/Suburb,217330,30.4,R0
135081,Keiser University-Ft Lauderdale,2021,55,17990,74,31984,4120,0.9606796116504854,FL,City/Suburb,223891,30.4,R0
135081,Keiser University-Ft Lauderdale,2020,59,18146,70,31371,4678,0.9719965797349295,FL,City/Suburb,215797,30.4,R0
486840,Kennesaw State University,2023,35,40509,57,17566,23138,0.6918489065606361,GA,City/Suburb,126146,31.9,R2
486840,Kennesaw State University,2022,36,38927,54,18079,21106,0.678480053065479,GA,City/Suburb,122695,31.9,R2
486840,Kennesaw State University,2021,35,38891,52,18245,20806,0.8158704219936557,GA,City/Suburb,124712,31.9,R2
486840,Kennesaw State University,2020,34,37390,50,18586,18601,0.8311381108542552,GA,City/Suburb,126126,31.9,R2
486840,Kennesaw State University,2019,35,34499,46,17175,15691,0.7522146453380919,GA,City/Suburb,121897,31.9,R2
203517,Kent State University at Kent,2023,27,20485,25,20333,22365,0.8664878157835905,OH,City/Suburb,133760,29,R1
203517,Kent State University at Kent,2022,27,20418,25,19046,20369,0.8802101232264716,OH,City/Suburb,133872,29,R1
203517,Kent State University at Kent,2021,28,21133,25,18947,19881,0.8731452140234395,OH,City/Suburb,136945,29,R1
203517,Kent State University at Kent,2020,30,21621,25,19034,18085,0.8442908487696986,OH,City/Suburb,135941,29,R1
203517,Kent State University at Kent,2019,30,22262,25,18643,16308,0.8554083885209713,OH,City/Suburb,135868,29,R1
157100,Kentucky Christian University,2023,37,503,40,22209,747,0.6238286479250335,KY,Town/Rural,49328,24.8,Baccalaureate
157100,Kentucky Christian University,2022,40,577,51,22682,606,0.4438943894389439,KY,Town/Rural,49640,24.8,Baccalaureate
157100,Kentucky Christian University,2021,42,603,32,23027,1139,0.5768217734855136,KY,Town/Rural,50879,24.8,Baccalaureate
157100,Kentucky Christian University,2020,37,600,45,20608,1559,0.28287363694676076,KY,Town/Rural,51547,24.8,Baccalaureate
157100,Kentucky Christian University,2019,43,630,43,19136,1083,0.40350877192982454,KY,Town/Rural,51210,24.8,Baccalaureate
157030,Kentucky Mountain Bible College,2023,55,87,16,11160,42,0.35714285714285715,KY,Town/Rural,49328,24.8,Baccalaureate
157030,Kentucky Mountain Bible College,2022,58,78,15,9885,60,0.45,KY,Town/Rural,49640,24.8,Baccalaureate
157030,Kentucky Mountain Bible College,2021,56,81,11,12732,56,0.48214285714285715,KY,Town/Rural,50879,24.8,Baccalaureate
157030,Kentucky Mountain Bible College,2020,56,87,15,8452,66,0.3939393939393939,KY,Town/Rural,51547,24.8,Baccalaureate
157030,Kentucky Mountain Bible College,2019,52,72,12,9759,85,0.4823529411764706,KY,Town/Rural,51210,24.8,Baccalaureate
157058,Kentucky State University,2023,57,1546,92,9672,2001,0.9255372313843079,KY,Town/Rural,49328,24.8,Baccalaureate
157058,Kentucky State University,2022,47,1610,93,11473,2870,0.9149825783972125,KY,Town/Rural,49640,24.8,Baccalaureate
157058,Kentucky State University,2021,46,2135,93,7492,2779,0.9323497661029148,KY,Town/Rural,50879,24.8,Baccalaureate
157058,Kentucky State University,2020,45,2148,92,7254,3377,0.8397986378442405,KY,Town/Rural,51547,24.8,Baccalaureate
157058,Kentucky State University,2019,49,2029,89,7363,2186,0.8064958828911254,KY,Town/Rural,51210,24.8,Baccalaureate
157076,Kentucky Wesleyan College,2023,42,834,36,20867,2009,0.6699850671976108,KY,City/Suburb,49328,24.8,Baccalaureate
157076,Kentucky Wesleyan College,2022,45,813,33,20735,1434,0.6854951185495118,KY,City/Suburb,49640,24.8,Baccalaureate
157076,Kentucky Wesleyan College,2021,43,811,32,22351,1361,0.6722997795738428,KY,City/Suburb,50879,24.8,Baccalaureate
157076,Kentucky Wesleyan College,2020,43,887,34,19348,1771,0.6019198193111237,KY,City/Suburb,51547,24.8,Baccalaureate
157076,Kentucky Wesleyan College,2019,48,863,32,17912,1693,0.6243354991139988,KY,City/Suburb,51210,24.8,Baccalaureate
203535,Kenyon College,2023,10,2184,42,44470,8218,0.30713068873205157,OH,Town/Rural,133760,29,Baccalaureate
203535,Kenyon College,2022,10,1885,34,43044,8116,0.3430261212419911,OH,Town/Rural,133872,29,Baccalaureate
203535,Kenyon College,2021,10,1875,31,38927,7601,0.36547822654913825,OH,Town/Rural,136945,29,Baccalaureate
203535,Kenyon College,2020,9,1615,32,40862,6614,0.36891442394919866,OH,Town/Rural,135941,29,Baccalaureate
203535,Kenyon College,2019,10,1750,29,37940,6662,0.3408886220354248,OH,Town/Rural,135868,29,Baccalaureate
461847,Keser Torah-Mayan Hatalmud,2023,19,59,20,11708,7,0.7142857142857143,NJ,City/Suburb,104131,40.8,Special or Tribal
461847,Keser Torah-Mayan Hatalmud,2022,32,54,19,5440,16,0.8125,NJ,City/Suburb,107755,40.8,Special or Tribal
461847,Keser Torah-Mayan Hatalmud,2021,27,66,9,7950,19,0.7894736842105263,NJ,City/Suburb,109108,40.8,Special or Tribal
461847,Keser Torah-Mayan Hatalmud,2020,27,88,5,9885,16,0.9375,NJ,City/Suburb,109961,40.8,Special or Tribal
461847,Keser Torah-Mayan Hatalmud,2019,21,89,2,10059,10,0.9,NJ,City/Suburb,113367,40.8,Special or Tribal
203544,Kettering College,2023,24,639,42,4048,140,0.8285714285714286,OH,City/Suburb,133760,29,Special or Tribal
203544,Kettering College,2022,29,645,40,16398,587,0.3441226575809199,OH,City/Suburb,133872,29,Special or Tribal
203544,Kettering College,2021,25,617,28,20366,423,0.25295508274231676,OH,City/Suburb,136945,29,Special or Tribal
203544,Kettering College,2020,27,566,23,18309,554,0.21299638989169675,OH,City/Suburb,135941,29,Special or Tribal
203544,Kettering College,2019,27,615,21,18087,447,0.2214765100671141,OH,City/Suburb,135868,29,Special or Tribal
169983,Kettering University,2023,17,1290,24,33616,1951,0.7908764736032804,MI,City/Suburb,108265,29.6,M
169983,Kettering University,2022,18,1422,23,34486,1823,0.8074602303894679,MI,City/Suburb,103443,29.6,M
169983,Kettering University,2021,18,1516,22,34760,1777,0.8559369724254361,MI,City/Suburb,107239,29.6,M
169983,Kettering University,2020,20,1659,23,34713,1975,0.7412658227848101,MI,City/Suburb,108725,29.6,M
169983,Kettering University,2019,20,1799,25,39255,2262,0.7298850574712644,MI,City/Suburb,112177,29.6,M
192192,Keuka College,2023,44,922,19,26153,1780,0.9387640449438203,NY,Town/Rural,211853,37.2,M
192192,Keuka College,2022,43,985,20,28397,1734,0.9279123414071511,NY,Town/Rural,213993,37.2,M
192192,Keuka College,2021,40,1119,21,27323,1619,0.9363804817788759,NY,Town/Rural,217586,37.2,M
192192,Keuka College,2020,44,1301,21,26126,2025,0.9091358024691358,NY,Town/Rural,209688,37.2,M
192192,Keuka College,2019,45,1529,23,25402,2213,0.8581111613194758,NY,Town/Rural,212104,37.2,M
213303,Keystone College,2023,45,978,36,21461,1789,0.7959754052543321,PA,City/Suburb,142275,31.8,Baccalaureate
213303,Keystone College,2022,61,1060,35,15559,1572,0.806615776081425,PA,City/Suburb,139193,31.8,Baccalaureate
213303,Keystone College,2021,50,1171,40,18692,1501,0.82145236508994,PA,City/Suburb,142186,31.8,Baccalaureate
213303,Keystone College,2020,56,1324,41,25268,1698,0.7873969375736161,PA,City/Suburb,143645,31.8,Baccalaureate
213303,Keystone College,2019,55,1288,36,25913,2051,0.787420770355924,PA,City/Suburb,143842,31.8,Baccalaureate
220516,King University,2023,42,1076,29,23282,1195,0.5439330543933054,TN,City/Suburb,72084,27.5,M
220516,King University,2022,42,1120,20,22626,875,0.608,TN,City/Suburb,71347,27.5,M
220516,King University,2021,42,1356,20,22029,831,0.6618531889290012,TN,City/Suburb,72685,27.5,M
220516,King University,2020,48,1435,18,22020,781,0.6017925736235595,TN,City/Suburb,73281,27.5,M
220516,King University,2019,49,1603,20,22098,949,0.6206533192834562,TN,City/Suburb,72802,27.5,M
213321,King's College,2023,27,1590,26,25608,3206,0.9320024953212727,PA,City/Suburb,142275,31.8,M
213321,King's College,2022,26,1671,26,25869,3216,0.9598880597014925,PA,City/Suburb,139193,31.8,M
213321,King's College,2021,27,1831,27,27313,3079,0.9584280610587853,PA,City/Suburb,142186,31.8,M
213321,King's College,2020,24,2059,29,27561,3160,0.8661392405063291,PA,City/Suburb,143645,31.8,M
213321,King's College,2019,27,2231,31,26791,4176,0.8093869731800766,PA,City/Suburb,143842,31.8,M
146427,Knox College,2023,30,1001,52,25524,4136,0.7113152804642167,IL,Town/Rural,148445,35.1,Baccalaureate
146427,Knox College,2022,30,1058,51,26882,2987,0.7331771007700033,IL,Town/Rural,145439,35.1,Baccalaureate
146427,Knox College,2021,32,1156,50,25476,3061,0.7023848415550473,IL,Town/Rural,150490,35.1,Baccalaureate
146427,Knox College,2020,32,1154,50,23266,3104,0.7084407216494846,IL,Town/Rural,149373,35.1,Baccalaureate
146427,Knox College,2019,34,1258,54,23476,3397,0.6832499264056521,IL,Town/Rural,152277,35.1,Baccalaureate
213349,Kutztown University of Pennsylvania,2023,31,6420,29,21856,8170,0.9483476132190942,PA,Town/Rural,142275,31.8,M
213349,Kutztown University of Pennsylvania,2022,31,6497,28,20776,7248,0.9613686534216336,PA,Town/Rural,139193,31.8,M
213349,Kutztown University of Pennsylvania,2021,32,6695,28,22418,6698,0.9725291131681099,PA,Town/Rural,142186,31.8,M
213349,Kutztown University of Pennsylvania,2020,33,6945,27,21673,6830,0.931918008784773,PA,Town/Rural,143645,31.8,M
213349,Kutztown University of Pennsylvania,2019,35,7200,26,22401,6854,0.8991829588561424,PA,Town/Rural,143842,31.8,M
171881,Kuyper College,2023,32,153,46,27708,195,0.3384615384615385,MI,City/Suburb,108265,29.6,Baccalaureate
171881,Kuyper College,2022,34,79,37,18853,37,0.7567567567567568,MI,City/Suburb,103443,29.6,Baccalaureate
171881,Kuyper College,2021,36,114,51,19920,106,0.6886792452830188,MI,City/Suburb,107239,29.6,Baccalaureate
171881,Kuyper College,2020,37,140,44,19266,128,0.59375,MI,City/Suburb,108725,29.6,Baccalaureate
171881,Kuyper College,2019,34,137,39,20296,100,0.62,MI,City/Suburb,112177,29.6,Baccalaureate
213358,La Roche University,2023,14,2300,51,24638,2063,0.7760542898691226,PA,City/Suburb,142275,31.8,M
213358,La Roche University,2022,36,1739,72,24233,3222,0.973618870266915,PA,City/Suburb,139193,31.8,M
213358,La Roche University,2021,37,934,40,23334,1444,0.9813019390581718,PA,City/Suburb,142186,31.8,M
213358,La Roche University,2020,36,1085,39,23932,1846,0.6890574214517876,PA,City/Suburb,143645,31.8,M
213358,La Roche University,2019,36,1241,39,21679,1220,0.9942622950819672,PA,City/Suburb,143842,31.8,M
213367,La Salle University,2023,33,2426,61,20119,4845,0.8619195046439628,PA,City/Suburb,142275,31.8,R0
213367,La Salle University,2022,37,2773,56,17552,5214,0.9424626006904487,PA,City/Suburb,139193,31.8,R0
213367,La Salle University,2021,38,2746,53,24130,5818,0.8135097971811619,PA,City/Suburb,142186,31.8,R0
213367,La Salle University,2020,38,3293,49,25401,6151,0.7634530970573891,PA,City/Suburb,143645,31.8,R0
213367,La Salle University,2019,40,3665,50,25059,6414,0.7770502026816339,PA,City/Suburb,143842,31.8,R0
117627,La Sierra University,2023,47,1244,90,28076,2238,0.9329758713136729,CA,City/Suburb,492544,34.2,M
117627,La Sierra University,2022,46,1263,90,25076,1821,0.9527732015376167,CA,City/Suburb,473448,34.2,M
117627,La Sierra University,2021,44,1351,88,25230,2726,0.6606749816581071,CA,City/Suburb,467260,34.2,M
117627,La Sierra University,2020,47,1577,89,24891,5113,0.5697242323489146,CA,City/Suburb,477479,34.2,M
117627,La Sierra University,2019,49,1743,88,25414,5399,0.5519540655676978,CA,City/Suburb,478819,34.2,M
165264,Laboure College of Healthcare,2021,37,1038,63,33180,4,0.75,MA,City/Suburb,78839,44.5,Special or Tribal
165264,Laboure College of Healthcare,2019,37,988,58,27743,24,0.20833333333333334,MA,City/Suburb,78060,44.5,Special or Tribal
213385,Lafayette College,2023,10,2764,32,34728,9874,0.3146647761798663,PA,City/Suburb,142275,31.8,Baccalaureate
213385,Lafayette College,2022,9,2729,32,37186,10500,0.3362857142857143,PA,City/Suburb,139193,31.8,Baccalaureate
213385,Lafayette College,2021,11,2725,32,38754,8262,0.4074074074074074,PA,City/Suburb,142186,31.8,Baccalaureate
213385,Lafayette College,2020,12,2514,34,28735,8215,0.3556908094948265,PA,City/Suburb,143645,31.8,Baccalaureate
213385,Lafayette College,2019,11,2662,35,26810,8521,0.31475178969604506,PA,City/Suburb,143842,31.8,Baccalaureate
140234,LaGrange College,2023,44,582,39,24564,1457,0.632120796156486,GA,Town/Rural,126146,31.9,Baccalaureate
140234,LaGrange College,2022,40,607,43,21557,1414,0.5912305516265912,GA,Town/Rural,122695,31.9,Baccalaureate
140234,LaGrange College,2021,40,583,36,21890,1271,0.7482297403619197,GA,Town/Rural,124712,31.9,Baccalaureate
140234,LaGrange College,2020,42,750,31,23185,1624,0.5966748768472906,GA,Town/Rural,126126,31.9,Baccalaureate
140234,LaGrange College,2019,43,872,29,20612,1686,0.48813760379596677,GA,Town/Rural,121897,31.9,Baccalaureate
117168,Laguna College of Art and Design,2023,31,776,56,44285,268,0.7761194029850746,CA,Town/Rural,492544,34.2,Special or Tribal
117168,Laguna College of Art and Design,2022,33,729,54,42896,361,0.8836565096952909,CA,Town/Rural,473448,34.2,Special or Tribal
117168,Laguna College of Art and Design,2021,36,735,53,40669,581,0.8330464716006885,CA,Town/Rural,467260,34.2,Special or Tribal
117168,Laguna College of Art and Design,2020,37,732,52,37560,439,0.8291571753986332,CA,Town/Rural,477479,34.2,Special or Tribal
117168,Laguna College of Art and Design,2019,37,784,52,37801,431,0.8097447795823666,CA,Town/Rural,478819,34.2,Special or Tribal
203580,Lake Erie College,2023,29,744,45,22322,1193,0.6412405699916177,OH,City/Suburb,133760,29,M
203580,Lake Erie College,2022,34,738,37,22678,1085,0.5410138248847927,OH,City/Suburb,133872,29,M
203580,Lake Erie College,2021,35,726,36,21347,1164,0.5472508591065293,OH,City/Suburb,136945,29,M
203580,Lake Erie College,2020,37,759,36,21425,1165,0.6394849785407726,OH,City/Suburb,135941,29,M
203580,Lake Erie College,2019,34,833,32,20254,1499,0.5737158105403602,OH,City/Suburb,135868,29,M
146481,Lake Forest College,2023,35,1796,53,29894,4811,0.5940552899605072,IL,City/Suburb,148445,35.1,Baccalaureate
146481,Lake Forest College,2022,35,1727,52,27839,4665,0.5972132904608789,IL,City/Suburb,145439,35.1,Baccalaureate
146481,Lake Forest College,2021,36,1661,52,25126,4358,0.6443322625057366,IL,City/Suburb,150490,35.1,Baccalaureate
146481,Lake Forest College,2020,33,1558,51,26968,4482,0.5760821062025882,IL,City/Suburb,149373,35.1,Baccalaureate
146481,Lake Forest College,2019,34,1538,45,26148,4739,0.5520151930787086,IL,City/Suburb,152277,35.1,Baccalaureate
170639,Lake Superior State University,2023,29,1669,28,14345,2473,0.680145572179539,MI,Town/Rural,108265,29.6,Baccalaureate
170639,Lake Superior State University,2022,30,1655,68,14336,2408,0.7691029900332226,MI,Town/Rural,103443,29.6,Baccalaureate
170639,Lake Superior State University,2021,30,1812,53,13583,2411,0.7328909166321028,MI,Town/Rural,107239,29.6,Baccalaureate
170639,Lake Superior State University,2020,31,1909,33,13568,1767,0.6949632144878325,MI,Town/Rural,108725,29.6,Baccalaureate
170639,Lake Superior State University,2019,36,1984,20,12310,1702,0.5722679200940071,MI,Town/Rural,112177,29.6,Baccalaureate
238980,Lakeland University,2023,29,2318,47,22593,1066,0.9108818011257036,WI,Town/Rural,67563,30,M
238980,Lakeland University,2022,41,1898,32,21611,1230,0.9951219512195122,WI,Town/Rural,65909,30,M
238980,Lakeland University,2021,32,1488,39,21470,1101,0.8010899182561307,WI,Town/Rural,66830,30,M
238980,Lakeland University,2020,42,2112,29,23080,823,0.9246658566221142,WI,Town/Rural,68053,30,M
238980,Lakeland University,2019,43,1787,30,20898,1130,0.7805309734513274,WI,Town/Rural,68191,30,M
226091,Lamar University,2023,44,7998,61,10999,7246,0.8573005796301407,TX,City/Suburb,385604,30.3,R0
226091,Lamar University,2022,43,8264,61,11757,6214,0.8373028644995172,TX,City/Suburb,375741,30.3,R0
226091,Lamar University,2021,42,8377,60,11449,6129,0.8805677924620656,TX,City/Suburb,377064,30.3,R0
226091,Lamar University,2020,41,8588,59,11116,7512,0.8268104366347178,TX,City/Suburb,372402,30.3,R0
226091,Lamar University,2019,40,8701,57,12716,6249,0.8380540886541846,TX,City/Suburb,364979,30.3,R0
213400,Lancaster Bible College,2023,30,1778,35,22872,395,0.9518987341772152,PA,City/Suburb,142275,31.8,M
213400,Lancaster Bible College,2022,32,1546,38,21415,351,0.9715099715099715,PA,City/Suburb,139193,31.8,M
213400,Lancaster Bible College,2021,33,1545,44,22700,275,0.96,PA,City/Suburb,142186,31.8,M
213400,Lancaster Bible College,2020,38,1610,50,20736,301,0.9667774086378738,PA,City/Suburb,143645,31.8,M
213400,Lancaster Bible College,2019,39,1568,46,22402,276,0.9601449275362319,PA,City/Suburb,143842,31.8,M
218229,Lander University,2023,40,3669,34,14657,5184,0.6792052469135802,SC,Town/Rural,53335,28.3,Baccalaureate
218229,Lander University,2022,39,3562,35,15524,4663,0.6740295946815354,SC,Town/Rural,52277,28.3,Baccalaureate
218229,Lander University,2021,41,3599,35,17083,4795,0.6905109489051094,SC,Town/Rural,52010,28.3,Baccalaureate
218229,Lander University,2020,43,3391,35,15541,5627,0.5702861204904923,SC,Town/Rural,52680,28.3,Baccalaureate
218229,Lander University,2019,46,3144,36,13009,5774,0.4315898856944925,SC,Town/Rural,53953,28.3,Baccalaureate
247649,Landmark College,2023,14,598,28,57640,488,0.4364754098360656,VT,Town/Rural,5789,38.7,Baccalaureate
247649,Landmark College,2022,14,585,28,54748,517,0.44874274661508706,VT,Town/Rural,5977,38.7,Baccalaureate
247649,Landmark College,2021,16,564,32,60406,469,0.5287846481876333,VT,Town/Rural,5988,38.7,Baccalaureate
247649,Landmark College,2020,19,501,32,58297,363,0.5482093663911846,VT,Town/Rural,6158,38.7,Baccalaureate
247649,Landmark College,2019,22,502,38,54548,419,0.4701670644391408,VT,Town/Rural,6547,38.7,Baccalaureate
166391,Lasell University,2023,32,1183,38,28477,3060,0.8225490196078431,MA,City/Suburb,78133,44.5,M
166391,Lasell University,2022,32,1247,38,29706,2833,0.7320861277797388,MA,City/Suburb,78514,44.5,M
166391,Lasell University,2021,31,1301,35,29401,2550,0.8505882352941176,MA,City/Suburb,78839,44.5,M
166391,Lasell University,2020,33,1492,37,27007,2496,0.8453525641025641,MA,City/Suburb,79537,44.5,M
166391,Lasell University,2019,33,1639,35,28404,2489,0.8364805142627562,MA,City/Suburb,78060,44.5,M
117283,Latin American Bible Institute,2023,52,78,100,9140,44,0.6818181818181818,CA,City/Suburb,492544,34.2,Special or Tribal
117283,Latin American Bible Institute,2022,8,45,100,11938,21,1,CA,City/Suburb,473448,34.2,Special or Tribal
117283,Latin American Bible Institute,2021,36,49,98,6516,69,0.36231884057971014,CA,City/Suburb,467260,34.2,Special or Tribal
117283,Latin American Bible Institute,2020,0,60,100,8594,22,0.7272727272727273,CA,City/Suburb,477479,34.2,Special or Tribal
170675,Lawrence Technological University,2023,17,2367,45,33807,2121,0.8024516737388024,MI,City/Suburb,108265,29.6,M
170675,Lawrence Technological University,2022,19,2298,45,32641,2537,0.8190776507686244,MI,City/Suburb,103443,29.6,M
170675,Lawrence Technological University,2021,21,2356,47,32628,2641,0.8106777735706172,MI,City/Suburb,107239,29.6,M
170675,Lawrence Technological University,2020,22,2138,39,33159,2588,0.8245749613601236,MI,City/Suburb,108725,29.6,M
170675,Lawrence Technological University,2019,22,2136,37,32406,2398,0.792743953294412,MI,City/Suburb,112177,29.6,M
239017,Lawrence University,2023,21,1410,40,27393,3489,0.6302665520206363,WI,City/Suburb,67563,30,Baccalaureate
239017,Lawrence University,2022,23,1426,40,26368,2943,0.7227319062181448,WI,City/Suburb,65909,30,Baccalaureate
239017,Lawrence University,2021,24,1483,40,24804,2907,0.7495700034399725,WI,City/Suburb,66830,30,Baccalaureate
239017,Lawrence University,2020,24,1430,41,26594,3028,0.6892338177014531,WI,City/Suburb,68053,30,Baccalaureate
239017,Lawrence University,2019,22,1387,40,26162,3463,0.6208489748772741,WI,City/Suburb,68191,30,Baccalaureate
192323,Le Moyne College,2023,30,2551,28,22139,7535,0.7528865295288653,NY,City/Suburb,211853,37.2,M
192323,Le Moyne College,2022,31,2600,28,23309,7066,0.7827625247664874,NY,City/Suburb,213993,37.2,M
192323,Le Moyne College,2021,31,2713,26,24618,7462,0.7339855266684535,NY,City/Suburb,217586,37.2,M
192323,Le Moyne College,2020,30,2801,26,23937,7248,0.747378587196468,NY,City/Suburb,209688,37.2,M
192323,Le Moyne College,2019,31,2765,26,23067,7323,0.7361736993035641,NY,City/Suburb,212104,37.2,M
220604,Le Moyne-Owen College,2023,71,646,100,8362,212,0.9716981132075472,TN,City/Suburb,72084,27.5,Baccalaureate
220604,Le Moyne-Owen College,2022,77,609,99,6308,451,0.9955654101995566,TN,City/Suburb,71347,27.5,Baccalaureate
220604,Le Moyne-Owen College,2021,80,613,100,6003,283,0.9787985865724381,TN,City/Suburb,72685,27.5,Baccalaureate
220604,Le Moyne-Owen College,2020,77,654,100,7721,231,0.987012987012987,TN,City/Suburb,73281,27.5,Baccalaureate
220604,Le Moyne-Owen College,2019,80,835,100,7531,368,0.8043478260869565,TN,City/Suburb,72802,27.5,Baccalaureate
213507,Lebanon Valley College,2023,22,1710,17,28640,3275,0.7453435114503817,PA,City/Suburb,142275,31.8,M
213507,Lebanon Valley College,2022,22,1683,16,26743,3130,0.7674121405750799,PA,City/Suburb,139193,31.8,M
213507,Lebanon Valley College,2021,22,1691,18,26944,3019,0.7764160317986089,PA,City/Suburb,142186,31.8,M
213507,Lebanon Valley College,2020,24,1699,17,27963,2500,0.778,PA,City/Suburb,143645,31.8,M
213507,Lebanon Valley College,2019,26,1729,17,27459,2649,0.7957719894299736,PA,City/Suburb,143842,31.8,M
220613,Lee University,2023,27,3253,24,20222,2150,0.7218604651162791,TN,City/Suburb,72084,27.5,M
220613,Lee University,2022,30,3446,23,19726,2014,0.7259185700099305,TN,City/Suburb,71347,27.5,M
220613,Lee University,2021,30,3950,23,19159,2222,0.8294329432943295,TN,City/Suburb,72685,27.5,M
220613,Lee University,2020,30,4670,26,17629,2236,0.8300536672629696,TN,City/Suburb,73281,27.5,M
220613,Lee University,2019,31,4686,22,16949,2416,0.8174668874172185,TN,City/Suburb,72802,27.5,M
198808,Lees-McRae College,2023,37,818,26,26009,1787,0.8074986010072748,NC,Town/Rural,108252,31.9,Baccalaureate
198808,Lees-McRae College,2022,41,855,26,24108,1733,0.6133871898442008,NC,Town/Rural,114167,31.9,Baccalaureate
198808,Lees-McRae College,2021,44,872,26,25894,1777,0.5920090039392234,NC,Town/Rural,116514,31.9,Baccalaureate
198808,Lees-McRae College,2020,48,836,27,24390,1430,0.7328671328671329,NC,Town/Rural,116615,31.9,Baccalaureate
198808,Lees-McRae College,2019,51,848,29,22357,1399,0.5482487491065047,NC,Town/Rural,114284,31.9,Baccalaureate
213543,Lehigh University,2023,18,5811,41,33289,18415,0.29264186804235676,PA,City/Suburb,142275,31.8,R2
213543,Lehigh University,2022,18,5624,40,30453,15163,0.3697817054672558,PA,City/Suburb,139193,31.8,R2
213543,Lehigh University,2021,18,5451,39,31539,14107,0.45970085773020486,PA,City/Suburb,142186,31.8,R2
213543,Lehigh University,2020,17,5203,39,29098,12389,0.49543950278472837,PA,City/Suburb,143645,31.8,R2
213543,Lehigh University,2019,16,5178,38,26631,15649,0.32097897629241484,PA,City/Suburb,143842,31.8,R2
198835,Lenoir-Rhyne University,2023,40,1477,38,24042,6299,0.8067947293221146,NC,City/Suburb,108252,31.9,M
198835,Lenoir-Rhyne University,2022,38,1529,37,21843,5452,0.8288701393983859,NC,City/Suburb,114167,31.9,M
198835,Lenoir-Rhyne University,2021,36,1579,34,21739,4847,0.8572312770786054,NC,City/Suburb,116514,31.9,M
198835,Lenoir-Rhyne University,2020,37,1783,34,18814,6194,0.7662253793994188,NC,City/Suburb,116615,31.9,M
198835,Lenoir-Rhyne University,2019,40,1846,34,19034,4791,0.7793780004174494,NC,City/Suburb,114284,31.9,M
166452,Lesley University,2023,28,1342,48,33111,2509,0.9442008768433638,MA,City/Suburb,78133,44.5,R0
166452,Lesley University,2022,29,1554,49,32414,3144,0.8622773536895675,MA,City/Suburb,78514,44.5,R0
166452,Lesley University,2021,32,1757,43,31928,2942,0.8694765465669613,MA,City/Suburb,78839,44.5,R0
166452,Lesley University,2020,31,1861,47,33717,2879,0.8381382424452936,MA,City/Suburb,79537,44.5,R0
166452,Lesley University,2019,30,2128,44,33524,3049,0.7468022302394227,MA,City/Suburb,78060,44.5,R0
226231,LeTourneau University,2023,13,3227,64,27007,3518,0.40676520750426376,TX,City/Suburb,385604,30.3,M
226231,LeTourneau University,2022,17,3350,65,26974,3000,0.48833333333333334,TX,City/Suburb,375741,30.3,M
226231,LeTourneau University,2021,20,2991,60,25932,2290,0.5419213973799126,TX,City/Suburb,377064,30.3,M
226231,LeTourneau University,2020,21,2853,57,25661,2201,0.5611085870059064,TX,City/Suburb,372402,30.3,M
226231,LeTourneau University,2019,24,2862,54,24609,2314,0.44511668107173724,TX,City/Suburb,364979,30.3,M
209056,Lewis & Clark College,2023,19,2194,35,38247,6334,0.7453425955162615,OR,City/Suburb,41163,34,Baccalaureate
209056,Lewis & Clark College,2022,21,2204,32,35832,6663,0.6858772324778628,OR,City/Suburb,41057,34,Baccalaureate
209056,Lewis & Clark College,2021,20,2116,34,37155,5519,0.7945279942018482,OR,City/Suburb,42778,34,Baccalaureate
209056,Lewis & Clark College,2020,20,1830,35,37478,5620,0.798220640569395,OR,City/Suburb,42173,34,Baccalaureate
209056,Lewis & Clark College,2019,20,1935,36,36026,5863,0.7216442094490875,OR,City/Suburb,41717,34,Baccalaureate
146612,Lewis University,2023,31,3948,48,19472,5291,0.7272727272727273,IL,City/Suburb,148445,35.1,M
146612,Lewis University,2022,32,3933,44,19184,4746,0.7406236831015592,IL,City/Suburb,145439,35.1,M
146612,Lewis University,2021,31,3907,42,18312,4311,0.7125956854558108,IL,City/Suburb,150490,35.1,M
146612,Lewis University,2020,33,4306,41,20022,6458,0.6605760297305667,IL,City/Suburb,149373,35.1,M
146612,Lewis University,2019,33,4274,42,19520,6674,0.6390470482469284,IL,City/Suburb,152277,35.1,M
142328,Lewis-Clark State College,2023,24,3702,25,12508,4256,0.8977913533834586,ID,City/Suburb,21457,27.7,Baccalaureate
142328,Lewis-Clark State College,2022,24,3744,22,11476,3938,0.8676993397663789,ID,City/Suburb,21128,27.7,Baccalaureate
142328,Lewis-Clark State College,2021,27,3709,23,13267,1650,1,ID,City/Suburb,20809,27.7,Baccalaureate
142328,Lewis-Clark State College,2020,31,3856,22,10957,1577,0.9974635383639823,ID,City/Suburb,20446,27.7,Baccalaureate
142328,Lewis-Clark State College,2019,33,3748,22,10978,1683,0.9976232917409388,ID,City/Suburb,20130,27.7,Baccalaureate
232557,Liberty University,2023,39,52823,44,29692,36921,0.9932287857858672,VA,City/Suburb,99497,39.3,R0
232557,Liberty University,2022,38,48906,43,29913,30943,0.9928901528617134,VA,City/Suburb,98780,39.3,R0
232557,Liberty University,2021,39,48135,43,27891,28448,0.9928290213723284,VA,City/Suburb,100147,39.3,R0
232557,Liberty University,2020,42,47988,44,28762,61649,0.5013382212201334,VA,City/Suburb,98970,39.3,R0
232557,Liberty University,2019,43,47025,45,28181,42312,0.5105643788996029,VA,City/Suburb,95710,39.3,R0
117104,Life Pacific University,2023,49,396,64,23311,281,0.9395017793594306,CA,City/Suburb,492544,34.2,Baccalaureate
117104,Life Pacific University,2022,47,397,59,22395,145,0.9448275862068966,CA,City/Suburb,473448,34.2,Baccalaureate
117104,Life Pacific University,2021,50,420,61,21748,116,0.9396551724137931,CA,City/Suburb,467260,34.2,Baccalaureate
117104,Life Pacific University,2020,54,490,63,21444,116,0.9310344827586207,CA,City/Suburb,477479,34.2,Baccalaureate
117104,Life Pacific University,2019,58,459,60,20642,139,0.9136690647482014,CA,City/Suburb,478819,34.2,Baccalaureate
140252,Life University,2023,39,873,70,30403,404,0.9381188118811881,GA,City/Suburb,126146,31.9,M
140252,Life University,2022,40,915,69,28226,448,0.9776785714285714,GA,City/Suburb,122695,31.9,M
140252,Life University,2021,39,921,66,28276,318,0.9591194968553459,GA,City/Suburb,124712,31.9,M
140252,Life University,2020,39,941,59,28379,408,0.9681372549019608,GA,City/Suburb,126126,31.9,M
140252,Life University,2019,42,879,64,30174,364,0.9560439560439561,GA,City/Suburb,121897,31.9,M
218238,Limestone University,2023,43,1598,62,21177,3075,0.9827642276422764,SC,Town/Rural,53335,28.3,Baccalaureate
218238,Limestone University,2022,42,1602,53,23478,2260,0.8946902654867257,SC,Town/Rural,52277,28.3,Baccalaureate
218238,Limestone University,2021,48,1680,55,22719,1911,0.8723181580324437,SC,Town/Rural,52010,28.3,Baccalaureate
218238,Limestone University,2020,52,1818,63,24967,2179,0.6828820559889858,SC,Town/Rural,52680,28.3,Baccalaureate
218238,Limestone University,2019,52,2116,54,23023,2569,0.5091475282210977,SC,Town/Rural,53953,28.3,Baccalaureate
220631,Lincoln Memorial University,2023,36,1605,23,19401,4007,0.5927127526828051,TN,Town/Rural,72084,27.5,R0
220631,Lincoln Memorial University,2022,40,1560,24,19162,2347,0.7848317000426076,TN,Town/Rural,71347,27.5,R0
220631,Lincoln Memorial University,2021,44,1673,22,23324,2013,0.698956780923994,TN,Town/Rural,72685,27.5,R0
220631,Lincoln Memorial University,2020,47,1817,17,22251,1630,0.6852760736196319,TN,Town/Rural,73281,27.5,R0
220631,Lincoln Memorial University,2019,44,1975,15,20374,1549,0.49580374435119434,TN,Town/Rural,72802,27.5,R0
213598,Lincoln University,2023,66,1717,99,12910,5987,0.7836980123601136,PA,City/Suburb,142275,31.8,M
213598,Lincoln University,2022,67,1712,99,15502,6699,0.8060904612628751,PA,City/Suburb,139193,31.8,M
213598,Lincoln University,2021,62,1767,99,14513,3536,0.7975113122171946,PA,City/Suburb,142186,31.8,M
213598,Lincoln University,2020,64,1895,99,17405,3871,0.9033841384655128,PA,City/Suburb,143645,31.8,M
213598,Lincoln University,2019,65,2040,99,16967,4429,0.8277263490629939,PA,City/Suburb,143842,31.8,M
177968,Lindenwood University,2023,29,4933,36,18698,6743,0.6586089277769539,MO,City/Suburb,67773,29.5,M
177968,Lindenwood University,2022,29,4808,36,18016,4372,0.7401646843549863,MO,City/Suburb,66781,29.5,M
177968,Lindenwood University,2021,31,4619,38,17654,3355,0.748435171385991,MO,City/Suburb,66906,29.5,M
177968,Lindenwood University,2020,31,4822,40,18054,2695,0.9213358070500928,MO,City/Suburb,67892,29.5,M
177968,Lindenwood University,2019,34,5654,43,17891,3899,0.875609130546294,MO,City/Suburb,68482,29.5,M
209065,Linfield University,2023,28,1678,40,31462,1963,0.8792664289353032,OR,Town/Rural,41163,34,Baccalaureate
209065,Linfield University,2022,28,1720,40,31585,2122,0.8868991517436381,OR,Town/Rural,41057,34,Baccalaureate
209065,Linfield University,2021,30,1283,36,28691,2187,0.8459076360310929,OR,Town/Rural,42778,34,Baccalaureate
209065,Linfield University,2020,27,1392,39,28517,2250,0.8017777777777778,OR,Town/Rural,42173,34,Baccalaureate
209065,Linfield University,2019,26,1414,39,29521,2390,0.8171548117154812,OR,Town/Rural,41717,34,Baccalaureate
219976,Lipscomb University,2023,21,3270,31,27386,4244,0.6663524976437323,TN,City/Suburb,72084,27.5,R0
219976,Lipscomb University,2022,23,3149,29,27937,3705,0.7112010796221323,TN,City/Suburb,71347,27.5,R0
219976,Lipscomb University,2021,22,2952,29,26614,3422,0.7399181765049678,TN,City/Suburb,72685,27.5,R0
219976,Lipscomb University,2020,22,2997,28,26421,3621,0.6150234741784038,TN,City/Suburb,73281,27.5,R0
219976,Lipscomb University,2019,25,2859,27,26013,3481,0.6311404768744614,TN,City/Suburb,72802,27.5,R0
198862,Livingstone College,2023,84,799,99,15162,4748,0.7409435551811289,NC,City/Suburb,108252,31.9,Baccalaureate
198862,Livingstone College,2022,83,839,98,15914,4074,0.6377025036818851,NC,City/Suburb,114167,31.9,Baccalaureate
198862,Livingstone College,2021,76,890,99,15205,3811,0.512988716872212,NC,City/Suburb,116514,31.9,Baccalaureate
198862,Livingstone College,2020,84,845,99,16016,5395,0.6895273401297498,NC,City/Suburb,116615,31.9,Baccalaureate
198862,Livingstone College,2019,84,1122,97,17711,6084,0.5006574621959238,NC,City/Suburb,114284,31.9,Baccalaureate
177986,Logan University,2023,40,272,35,11144,20,0.9,MO,City/Suburb,67773,29.5,Special or Tribal
177986,Logan University,2022,36,310,34,14006,22,0.8181818181818182,MO,City/Suburb,66781,29.5,Special or Tribal
177986,Logan University,2021,37,372,34,12826,29,0.6551724137931034,MO,City/Suburb,66906,29.5,Special or Tribal
177986,Logan University,2020,33,320,35,13356,26,0.8461538461538461,MO,City/Suburb,67892,29.5,Special or Tribal
177986,Logan University,2019,39,256,32,15911,24,0.6666666666666666,MO,City/Suburb,68482,29.5,Special or Tribal
192448,Long Island University,2023,19,11753,54,22620,12398,0.8977254395870302,NY,City/Suburb,211853,37.2,R2
192448,Long Island University,2022,20,11319,54,25802,14332,0.9265280491208484,NY,City/Suburb,213993,37.2,R2
192448,Long Island University,2021,20,10707,53,22620,17423,0.9331917580210067,NY,City/Suburb,217586,37.2,R2
192448,Long Island University,2020,21,10403,53,25031,14341,0.8500801896659926,NY,City/Suburb,209688,37.2,R2
192448,Long Island University,2019,24,10707,54,25436,13328,0.8009453781512605,NY,City/Suburb,212104,37.2,R2
232566,Longwood University,2023,26,3223,29,22900,6078,0.8479763079960513,VA,Town/Rural,99497,39.3,M
232566,Longwood University,2022,26,3154,29,21772,6042,0.8778550148957299,VA,Town/Rural,98780,39.3,M
232566,Longwood University,2021,26,3486,29,21166,5977,0.89978249958173,VA,Town/Rural,100147,39.3,M
232566,Longwood University,2020,26,3940,28,21446,6724,0.8734384295062463,VA,Town/Rural,98970,39.3,M
232566,Longwood University,2019,27,3859,26,19636,4431,0.8988941548183255,VA,Town/Rural,95710,39.3,M
166489,Longy School of Music of Bard College,2023,10,34,82,45752,109,0.8440366972477065,MA,City/Suburb,78133,44.5,Special or Tribal
166489,Longy School of Music of Bard College,2022,23,40,77,30524,82,0.8902439024390244,MA,City/Suburb,78514,44.5,Special or Tribal
166489,Longy School of Music of Bard College,2021,10,39,72,37540,102,0.8921568627450981,MA,City/Suburb,78839,44.5,Special or Tribal
166489,Longy School of Music of Bard College,2020,16,40,75,33787,70,0.9,MA,City/Suburb,79537,44.5,Special or Tribal
166489,Longy School of Music of Bard College,2019,14,37,65,35717,74,0.7297297297297297,MA,City/Suburb,78060,44.5,Special or Tribal
153825,Loras College,2023,25,1130,26,22338,1652,0.9182808716707022,IA,City/Suburb,36870,29,Baccalaureate
153825,Loras College,2022,25,1207,27,21886,1860,0.8983870967741936,IA,City/Suburb,36521,29,Baccalaureate
153825,Loras College,2021,26,1296,25,20068,2086,0.7195589645254075,IA,City/Suburb,37097,29,Baccalaureate
153825,Loras College,2020,27,1314,25,22418,2482,0.5838033843674456,IA,City/Suburb,36359,29,Baccalaureate
153825,Loras College,2019,26,1333,23,21751,1491,0.7531857813547954,IA,City/Suburb,36735,29,Baccalaureate
159568,Louisiana Christian University,2023,41,803,42,15470,549,0.8378870673952641,LA,City/Suburb,49729,24.3,M
159568,Louisiana Christian University,2022,42,832,37,14566,579,0.7461139896373057,LA,City/Suburb,49777,24.3,M
159568,Louisiana Christian University,2021,44,959,37,15011,941,0.7608926673751328,LA,City/Suburb,52461,24.3,M
159568,Louisiana Christian University,2020,47,943,34,14625,808,0.7116336633663366,LA,City/Suburb,53334,24.3,M
159568,Louisiana Christian University,2019,46,999,32,12495,1018,0.693516699410609,LA,City/Suburb,52809,24.3,M
159391,Louisiana State University and Agricultural & Mechanical College,2023,26,32574,39,21808,42558,0.7399548850979839,LA,City/Suburb,49729,24.3,R1
159391,Louisiana State University and Agricultural & Mechanical College,2022,25,30952,37,21296,38853,0.7571873471803979,LA,City/Suburb,49777,24.3,R1
159391,Louisiana State University and Agricultural & Mechanical College,2021,24,29273,34,21010,36561,0.7085965919969366,LA,City/Suburb,52461,24.3,R1
159391,Louisiana State University and Agricultural & Mechanical College,2020,24,27825,33,20352,28960,0.7338397790055249,LA,City/Suburb,53334,24.3,R1
159391,Louisiana State University and Agricultural & Mechanical College,2019,22,25826,31,18143,24501,0.7457654789600424,LA,City/Suburb,52809,24.3,R1
159382,Louisiana State University-Alexandria,2023,36,5330,41,8081,706,0.9263456090651558,LA,Town/Rural,49729,24.3,Baccalaureate
159382,Louisiana State University-Alexandria,2022,37,4289,40,7274,2913,0.576725025746653,LA,Town/Rural,49777,24.3,Baccalaureate
159382,Louisiana State University-Alexandria,2021,37,3771,38,7342,3174,0.5828607435412728,LA,Town/Rural,52461,24.3,Baccalaureate
159382,Louisiana State University-Alexandria,2020,41,3706,37,7302,2946,0.6354378818737271,LA,Town/Rural,53334,24.3,Baccalaureate
159382,Louisiana State University-Alexandria,2019,43,3381,35,7838,2683,0.5628028326500186,LA,Town/Rural,52809,24.3,Baccalaureate
159416,Louisiana State University-Shreveport,2023,38,2548,41,7554,949,0.827186512118019,LA,City/Suburb,49729,24.3,M
159416,Louisiana State University-Shreveport,2022,37,2465,43,7587,974,0.8891170431211499,LA,City/Suburb,49777,24.3,M
159416,Louisiana State University-Shreveport,2021,37,2477,44,8092,885,0.9073446327683616,LA,City/Suburb,52461,24.3,M
159416,Louisiana State University-Shreveport,2020,38,2553,49,8676,918,0.826797385620915,LA,City/Suburb,53334,24.3,M
159416,Louisiana State University-Shreveport,2019,39,2577,47,8834,819,0.8388278388278388,LA,City/Suburb,52809,24.3,M
159647,Louisiana Tech University,2023,20,10401,27,12593,9263,0.7256828241390478,LA,Town/Rural,49729,24.3,R2
159647,Louisiana Tech University,2022,20,9924,27,12243,7595,0.6236998025016458,LA,Town/Rural,49777,24.3,R2
159647,Louisiana Tech University,2021,21,10053,29,12154,7724,0.6583376488865873,LA,Town/Rural,52461,24.3,R2
159647,Louisiana Tech University,2020,23,10013,28,11630,7087,0.6356709468040074,LA,Town/Rural,53334,24.3,R2
159647,Louisiana Tech University,2019,23,10289,29,12261,7552,0.6408898305084746,LA,Town/Rural,52809,24.3,R2
203757,Lourdes University,2023,27,827,23,22614,1004,0.7410358565737052,OH,City/Suburb,133760,29,M
203757,Lourdes University,2022,31,953,23,22634,1082,0.6044362292051756,OH,City/Suburb,133872,29,M
203757,Lourdes University,2021,36,912,22,19395,1147,0.7523975588491717,OH,City/Suburb,136945,29,M
203757,Lourdes University,2020,39,1042,38,20361,992,0.7782258064516129,OH,City/Suburb,135941,29,M
203757,Lourdes University,2019,43,1115,34,19293,1220,0.6918032786885245,OH,City/Suburb,135868,29,M
117946,Loyola Marymount University,2023,13,7336,60,54471,23361,0.4029365181285048,CA,City/Suburb,492544,34.2,R2
117946,Loyola Marymount University,2022,13,7299,59,52815,21695,0.41313666743489286,CA,City/Suburb,473448,34.2,R2
117946,Loyola Marymount University,2021,14,7127,58,40180,19045,0.4582305066946705,CA,City/Suburb,467260,34.2,R2
117946,Loyola Marymount University,2020,15,6673,57,48758,18576,0.5013996554694229,CA,City/Suburb,477479,34.2,R2
117946,Loyola Marymount University,2019,17,6778,57,47292,18592,0.4383605851979346,CA,City/Suburb,478819,34.2,R2
146719,Loyola University Chicago,2023,23,12487,52,37592,40468,0.8139023425916774,IL,City/Suburb,148445,35.1,R2
146719,Loyola University Chicago,2022,22,11703,49,37511,40909,0.7914884255298346,IL,City/Suburb,145439,35.1,R2
146719,Loyola University Chicago,2021,23,11819,47,29371,37824,0.7698022419627749,IL,City/Suburb,150490,35.1,R2
146719,Loyola University Chicago,2020,23,11612,46,37731,25453,0.7053785408399795,IL,City/Suburb,149373,35.1,R2
146719,Loyola University Chicago,2019,25,12240,44,36388,25583,0.6722432865574796,IL,City/Suburb,152277,35.1,R2
163046,Loyola University Maryland,2023,18,3987,37,31857,10162,0.7633339893721708,MD,City/Suburb,69770,40.8,M
163046,Loyola University Maryland,2022,16,3977,34,33312,9643,0.8348024473711501,MD,City/Suburb,69124,40.8,M
163046,Loyola University Maryland,2021,15,3787,30,32901,9286,0.8421279345250915,MD,City/Suburb,71017,40.8,M
163046,Loyola University Maryland,2020,14,3822,27,37375,10489,0.8023643817332443,MD,City/Suburb,67971,40.8,M
163046,Loyola University Maryland,2019,14,3925,24,37918,10077,0.80202441202738906,MD,City/Suburb,68208,40.8,M
159656,Loyola University New Orleans,2023,37,3205,55,26150,6142,0.8772386844676001,LA,City/Suburb,49729,24.3,R0
159656,Loyola University New Orleans,2022,38,3289,55,23808,7340,0.7810626702997275,LA,City/Suburb,49777,24.3,R0
159656,Loyola University New Orleans,2021,36,3365,55,24850,7455,0.7826961770623743,LA,City/Suburb,52461,24.3,R0
159656,Loyola University New Orleans,2020,35,3219,55,22596,6259,0.7239175587154497,LA,City/Suburb,53334,24.3,R0
159656,Loyola University New Orleans,2019,33,3172,55,24494,5857,0.7502134198395083,LA,City/Suburb,52809,24.3,R0
226383,Lubbock Christian University,2023,33,1320,38,25351,1764,0.731859410430839,TX,City/Suburb,385604,30.3,M
226383,Lubbock Christian University,2022,32,1346,35,23551,1070,0.8158878504672897,TX,City/Suburb,375741,30.3,M
226383,Lubbock Christian University,2021,31,1393,35,24079,893,0.9518477043673013,TX,City/Suburb,377064,30.3,M
226383,Lubbock Christian University,2020,32,1382,35,24745,373,0.9651474530831099,TX,City/Suburb,372402,30.3,M
226383,Lubbock Christian University,2019,39,1473,33,23672,782,0.9066496163682864,TX,City/Suburb,364979,30.3,M
153834,Luther College,2023,19,1463,27,24790,2447,0.7327339599509604,IA,Town/Rural,36870,29,Baccalaureate
153834,Luther College,2022,18,1610,25,25734,2188,0.753199268738574,IA,Town/Rural,36521,29,Baccalaureate
153834,Luther College,2021,20,1744,25,25929,2495,0.7607214428857716,IA,Town/Rural,37097,29,Baccalaureate
153834,Luther College,2020,20,1802,22,25291,3640,0.6428571428571429,IA,Town/Rural,36359,29,Baccalaureate
153834,Luther College,2019,18,1951,22,23805,4108,0.6226874391431353,IA,Town/Rural,36735,29,Baccalaureate
135364,Luther Rice College & Seminary,2023,50,214,51,3935,35,0.34285714285714286,GA,City/Suburb,126146,31.9,Special or Tribal
135364,Luther Rice College & Seminary,2021,51,203,46,17608,19,0.47368421052631576,GA,City/Suburb,124712,31.9,Special or Tribal
213668,Lycoming College,2023,40,1063,36,20733,3225,0.6787596899224806,PA,City/Suburb,142275,31.8,Baccalaureate
213668,Lycoming College,2022,42,1059,39,19697,3039,0.7522211253701876,PA,City/Suburb,139193,31.8,Baccalaureate
213668,Lycoming College,2021,44,1089,41,19508,2791,0.7474023647438194,PA,City/Suburb,142186,31.8,Baccalaureate
213668,Lycoming College,2020,46,1065,41,19659,2917,0.6547823105930751,PA,City/Suburb,143645,31.8,Baccalaureate
213668,Lycoming College,2019,44,1140,41,20036,3204,0.6229712858926342,PA,City/Suburb,143842,31.8,Baccalaureate
132657,Lynn University,2023,23,2823,50,39582,8333,0.7394695787831513,FL,City/Suburb,214692,30.4,M
132657,Lynn University,2022,25,2792,51,38728,7843,0.8010965191890858,FL,City/Suburb,217330,30.4,M
132657,Lynn University,2021,26,2640,54,38315,7194,0.8301362246316375,FL,City/Suburb,223891,30.4,M
132657,Lynn University,2020,24,2459,53,37524,8053,0.7867875325965479,FL,City/Suburb,215797,30.4,M
132657,Lynn University,2019,25,2422,55,37627,7387,0.7422498984702857,FL,City/Suburb,213187,30.4,M
106342,Lyon College,2023,36,584,53,22675,2522,0.6554321966693101,AR,Town/Rural,33693,23.3,Baccalaureate
106342,Lyon College,2022,37,496,49,25545,1382,0.5984081041968162,AR,Town/Rural,33705,23.3,Baccalaureate
106342,Lyon College,2021,39,579,43,10537,2444,0.2720949263502455,AR,Town/Rural,34604,23.3,Baccalaureate
106342,Lyon College,2020,42,665,44,20495,2062,0.501454898157129,AR,Town/Rural,34014,23.3,Baccalaureate
106342,Lyon College,2019,41,662,45,17921,2394,0.4440267335004177,AR,Town/Rural,33531,23.3,Baccalaureate
173902,Macalester College,2023,17,2142,48,38571,8099,0.28213359674033833,MN,City/Suburb,67002,36.7,Baccalaureate
173902,Macalester College,2022,18,2175,46,36095,8434,0.28420678207256345,MN,City/Suburb,64579,36.7,Baccalaureate
173902,Macalester College,2021,22,2244,45,30939,9046,0.31262436435993807,MN,City/Suburb,65199,36.7,Baccalaureate
173902,Macalester College,2020,19,2049,47,35589,6373,0.3869449238976934,MN,City/Suburb,66285,36.7,Baccalaureate
173902,Macalester College,2019,18,2098,43,31458,6598,0.3226735374355865,MN,City/Suburb,65499,36.7,Baccalaureate
192624,Machzikei Hadath Rabbinical College,2023,84,129,2,9182,40,0.95,NY,City/Suburb,211853,37.2,Special or Tribal
192624,Machzikei Hadath Rabbinical College,2022,88,142,4,11142,40,0.95,NY,City/Suburb,213993,37.2,Special or Tribal
192624,Machzikei Hadath Rabbinical College,2021,92,172,1,14656,39,0.9487179487179487,NY,City/Suburb,217586,37.2,Special or Tribal
192624,Machzikei Hadath Rabbinical College,2020,84,158,0,5675,38,0.9473684210526315,NY,City/Suburb,209688,37.2,Special or Tribal
192624,Machzikei Hadath Rabbinical College,2019,88,138,1,17654,42,1,NY,City/Suburb,212104,37.2,Special or Tribal
170806,Madonna University,2023,30,1740,36,18583,1655,0.9293051359516616,MI,City/Suburb,108265,29.6,M
170806,Madonna University,2022,29,1766,36,18344,1988,0.6483903420523138,MI,City/Suburb,103443,29.6,M
170806,Madonna University,2021,30,2040,35,18469,1219,0.5225594749794914,MI,City/Suburb,107239,29.6,M
170806,Madonna University,2020,30,2291,37,17730,1132,0.6837455830388692,MI,City/Suburb,108725,29.6,M
170806,Madonna University,2019,31,2441,40,17444,1260,0.746031746031746,MI,City/Suburb,112177,29.6,M
182917,Magdalen College,2023,46,58,0,20058,45,0.4444444444444444,NH,Town/Rural,15434,36.8,Baccalaureate
182917,Magdalen College,2022,51,59,3,16699,49,0.9795918367346939,NH,Town/Rural,15352,36.8,Baccalaureate
182917,Magdalen College,2021,56,67,4,13208,43,0.9534883720930233,NH,Town/Rural,15187,36.8,Baccalaureate
182917,Magdalen College,2020,48,71,7,11245,81,0.7901234567901234,NH,Town/Rural,14958,36.8,Baccalaureate
182917,Magdalen College,2019,47,83,5,12153,71,0.8732394366197183,NH,Town/Rural,15466,36.8,Baccalaureate
153861,Maharishi International University,2023,55,777,55,18875,129,0.9689922480620154,IA,Town/Rural,36870,29,M
153861,Maharishi International University,2022,49,681,55,16979,70,0.9428571428571428,IA,Town/Rural,36521,29,M
153861,Maharishi International University,2021,46,655,58,14573,58,0.9482758620689655,IA,Town/Rural,37097,29,M
153861,Maharishi International University,2020,41,541,61,13802,50,1,IA,Town/Rural,36359,29,M
153861,Maharishi International University,2019,63,457,71,13341,53,0.8113207547169812,IA,Town/Rural,36735,29,M
161509,Maine College of Art & Design,2023,27,422,27,37132,913,0.7754654983570646,ME,City/Suburb,14133,31.5,Special or Tribal
161509,Maine College of Art & Design,2022,33,380,25,35395,649,0.7395993836671803,ME,City/Suburb,13869,31.5,Special or Tribal
161509,Maine College of Art & Design,2021,34,409,29,34956,666,0.7207207207207207,ME,City/Suburb,14239,31.5,Special or Tribal
161509,Maine College of Art & Design,2020,35,380,24,33486,797,0.7026348808030113,ME,City/Suburb,14677,31.5,Special or Tribal
161509,Maine College of Art & Design,2019,41,432,25,32495,906,0.6236203090507726,ME,City/Suburb,15274,31.5,Special or Tribal
161022,Maine College of Health Professions,2022,42,237,19,18466,16,0.5625,ME,City/Suburb,13869,31.5,Special or Tribal
161022,Maine College of Health Professions,2021,60,235,17,12351,13,0.8461538461538461,ME,City/Suburb,14239,31.5,Special or Tribal
161022,Maine College of Health Professions,2020,40,216,13,19110,20,0.45,ME,City/Suburb,14677,31.5,Special or Tribal
161022,Maine College of Health Professions,2019,47,183,15,16172,23,0.5217391304347826,ME,City/Suburb,15274,31.5,Special or Tribal
161299,Maine Maritime Academy,2023,25,889,17,21433,1145,0.6139737991266375,ME,Town/Rural,14133,31.5,Baccalaureate
161299,Maine Maritime Academy,2022,27,878,17,19964,1164,0.5764604810996563,ME,Town/Rural,13869,31.5,Baccalaureate
161299,Maine Maritime Academy,2021,28,871,17,21421,1109,0.5770964833183048,ME,Town/Rural,14239,31.5,Baccalaureate
161299,Maine Maritime Academy,2020,27,928,19,18739,1147,0.5213600697471665,ME,Town/Rural,14677,31.5,Baccalaureate
161299,Maine Maritime Academy,2019,27,992,16,20728,1441,0.4531575294934074,ME,Town/Rural,15274,31.5,Baccalaureate
203775,Malone University,2023,31,987,22,23362,1335,0.7558052434456929,OH,City/Suburb,133760,29,M
203775,Malone University,2022,33,947,25,21571,1395,0.7756272401433691,OH,City/Suburb,133872,29,M
203775,Malone University,2021,35,1018,26,18664,1593,0.7802887633396108,OH,City/Suburb,136945,29,M
203775,Malone University,2020,36,1114,24,19158,1306,0.7427258805513017,OH,City/Suburb,135941,29,M
203775,Malone University,2019,38,1147,21,20193,1899,0.708794102159031,OH,City/Suburb,135868,29,M
151777,Manchester University,2023,44,915,47,19367,2470,0.9129554655870445,IN,Town/Rural,76628,27.1,M
151777,Manchester University,2022,45,942,41,18024,2871,0.6638801811215604,IN,Town/Rural,74897,27.1,M
151777,Manchester University,2021,44,981,35,20226,3035,0.7607907742998352,IN,Town/Rural,78348,27.1,M
151777,Manchester University,2020,43,1084,32,17936,4001,0.7038240439890028,IN,Town/Rural,78809,27.1,M
151777,Manchester University,2019,43,1078,29,17938,4707,0.5606543445931591,IN,Town/Rural,76144,27.1,M
155496,Manhattan Christian College,2023,45,145,33,23523,56,1,KS,City/Suburb,36832,33.8,Special or Tribal
155496,Manhattan Christian College,2022,38,132,20,22675,47,1,KS,City/Suburb,36624,33.8,Special or Tribal
155496,Manhattan Christian College,2021,35,177,19,22905,117,0.47863247863247865,KS,City/Suburb,36149,33.8,Special or Tribal
155496,Manhattan Christian College,2020,42,170,21,22304,143,0.48951048951048953,KS,City/Suburb,35923,33.8,Special or Tribal
155496,Manhattan Christian College,2019,40,171,18,22783,120,0.44166666666666665,KS,City/Suburb,35979,33.8,Special or Tribal
192703,Manhattan College,2023,31,2928,57,28349,10432,0.7848926380368099,NY,City/Suburb,211853,37.2,M
192703,Manhattan College,2022,28,3066,54,29535,9930,0.8229607250755288,NY,City/Suburb,213993,37.2,M
192703,Manhattan College,2021,30,3166,50,27651,10988,0.7479068074262832,NY,City/Suburb,217586,37.2,M
192703,Manhattan College,2020,28,3352,50,32044,8429,0.7764859413928106,NY,City/Suburb,209688,37.2,M
192703,Manhattan College,2019,28,3543,46,29943,8807,0.736232542295901,NY,City/Suburb,212104,37.2,M
192712,Manhattan School of Music,2023,13,543,63,51879,1432,0.3994413407821229,NY,City/Suburb,211853,37.2,Special or Tribal
192712,Manhattan School of Music,2022,15,508,65,51278,1027,0.5501460564751705,NY,City/Suburb,213993,37.2,Special or Tribal
192712,Manhattan School of Music,2021,16,500,61,42578,1035,0.48985507246376814,NY,City/Suburb,217586,37.2,Special or Tribal
192712,Manhattan School of Music,2020,14,497,57,44217,1268,0.415615141955836,NY,City/Suburb,209688,37.2,Special or Tribal
192712,Manhattan School of Music,2019,13,518,57,41832,1317,0.3553530751708428,NY,City/Suburb,212104,37.2,Special or Tribal
192749,Manhattanville College,2023,33,1329,53,25017,3943,0.8465635303068729,NY,City/Suburb,211853,37.2,M
192749,Manhattanville College,2022,27,1290,51,24702,3338,0.8412222887956861,NY,City/Suburb,213993,37.2,M
192749,Manhattanville College,2021,29,1342,51,21969,2971,0.8293503870750589,NY,City/Suburb,217586,37.2,M
192749,Manhattanville College,2020,23,1409,49,24499,3200,0.898125,NY,City/Suburb,209688,37.2,M
192749,Manhattanville College,2019,29,1541,52,25205,3435,0.9024745269286754,NY,City/Suburb,212104,37.2,M
461528,Manna University,2023,34,172,56,16384,20,1,NC,City/Suburb,108252,31.9,Baccalaureate
461528,Manna University,2022,39,191,46,11849,25,1,NC,City/Suburb,114167,31.9,Baccalaureate
461528,Manna University,2021,38,184,43,14811,22,0.9545454545454546,NC,City/Suburb,116514,31.9,Baccalaureate
461528,Manna University,2020,17,187,35,11548,13,1,NC,City/Suburb,116615,31.9,Baccalaureate
461528,Manna University,2019,33,145,41,8163,20,0.95,NC,City/Suburb,114284,31.9,Baccalaureate
213774,Manor College,2023,49,599,60,15983,825,0.9575757575757575,PA,City/Suburb,142275,31.8,Baccalaureate
213774,Manor College,2022,51,583,56,17540,795,0.9320754716981132,PA,City/Suburb,139193,31.8,Baccalaureate
213774,Manor College,2021,50,660,57,17238,485,0.9525773195876288,PA,City/Suburb,142186,31.8,Baccalaureate
213774,Manor College,2020,61,833,57,17624,862,0.9095127610208816,PA,City/Suburb,143645,31.8,Baccalaureate
213774,Manor College,2019,62,740,68,16302,934,0.8554603854389722,PA,City/Suburb,143842,31.8,Baccalaureate
239071,Maranatha Baptist University,2023,34,759,20,26001,206,0.7087378640776699,WI,Town/Rural,67563,30,M
239071,Maranatha Baptist University,2022,40,736,15,22858,297,0.7508417508417509,WI,Town/Rural,65909,30,M
239071,Maranatha Baptist University,2021,38,818,28,20542,264,0.803030303030303,WI,Town/Rural,66830,30,M
239071,Maranatha Baptist University,2020,34,716,17,19999,282,0.8049645390070922,WI,Town/Rural,68053,30,M
239071,Maranatha Baptist University,2019,36,793,23,19399,343,0.7667638483965015,WI,Town/Rural,68191,30,M
192785,Maria College of Albany,2023,41,703,50,17290,256,0.609375,NY,City/Suburb,211853,37.2,Special or Tribal
192785,Maria College of Albany,2022,46,761,57,17537,162,0.9691358024691358,NY,City/Suburb,213993,37.2,Special or Tribal
192785,Maria College of Albany,2021,63,752,61,17215,235,0.37446808510638296,NY,City/Suburb,217586,37.2,Special or Tribal
192785,Maria College of Albany,2020,43,844,57,14028,338,0.35502958579881655,NY,City/Suburb,209688,37.2,Special or Tribal
192785,Maria College of Albany,2019,46,796,43,12659,336,0.44345238095238093,NY,City/Suburb,212104,37.2,Special or Tribal
151786,Marian University,2023,23,2492,43,23225,3883,0.9533865567859903,IN,City/Suburb,76628,27.1,R0
151786,Marian University,2022,22,2633,40,22554,1997,0.9384076114171257,IN,City/Suburb,74897,27.1,R0
151786,Marian University,2021,24,2980,38,21936,3151,0.7308790860044431,IN,City/Suburb,78348,27.1,R0
151786,Marian University,2020,24,2566,33,20024,2816,0.6424005681818182,IN,City/Suburb,78809,27.1,R0
151786,Marian University,2019,24,2405,30,20572,2525,0.6154455445544554,IN,City/Suburb,76144,27.1,R0
239080,Marian University,2023,32,1074,33,23552,1596,0.668546365914787,WI,City/Suburb,67563,30,M
239080,Marian University,2022,42,1068,28,25394,1262,0.7155309033280507,WI,City/Suburb,65909,30,M
239080,Marian University,2021,34,1149,28,21032,1062,0.7627118644067796,WI,City/Suburb,66830,30,M
239080,Marian University,2020,40,1290,27,23860,1596,0.6766917293233082,WI,City/Suburb,68053,30,M
239080,Marian University,2019,38,1327,27,20020,1868,0.6461456102783726,WI,City/Suburb,68191,30,M
497833,Marian University-Ancilla,2023,51,218,42,24675,363,0.8953168044077136,IN,Town/Rural,76628,27.1,Not Carnegie
497833,Marian University-Ancilla,2022,56,227,44,21539,332,0.9518072289156626,IN,Town/Rural,74897,27.1,Not Carnegie
203845,Marietta College,2023,27,1085,18,21333,2516,0.7861685214626392,OH,Town/Rural,133760,29,Baccalaureate
203845,Marietta College,2022,23,1109,19,22895,2467,0.8285366842318606,OH,Town/Rural,133872,29,Baccalaureate
203845,Marietta College,2021,27,1173,18,21384,2200,0.8309090909090909,OH,Town/Rural,136945,29,Baccalaureate
203845,Marietta College,2020,26,1168,20,20249,2438,0.7391304347826086,OH,Town/Rural,135941,29,Baccalaureate
203845,Marietta College,2019,25,1141,23,21483,2923,0.7078344166951762,OH,Town/Rural,135868,29,Baccalaureate
192819,Marist College,2023,15,5545,33,40106,10224,0.6471048513302035,NY,City/Suburb,211853,37.2,M
192819,Marist College,2022,15,5475,32,39364,10966,0.6284880539850447,NY,City/Suburb,213993,37.2,M
192819,Marist College,2021,15,5510,32,37868,11583,0.5994992661659329,NY,City/Suburb,217586,37.2,M
192819,Marist College,2020,15,5682,32,38797,11715,0.5504908237302604,NY,City/Suburb,209688,37.2,M
192819,Marist College,2019,16,5824,30,38715,11260,0.4922735346358792,NY,City/Suburb,212104,37.2,M
239105,Marquette University,2023,19,7652,35,32031,15636,0.8743924277308774,WI,City/Suburb,67563,30,R2
239105,Marquette University,2022,20,7528,33,33136,15883,0.8720644714474596,WI,City/Suburb,65909,30,R2
239105,Marquette University,2021,19,7660,32,33566,16270,0.8625691456668716,WI,City/Suburb,66830,30,R2
239105,Marquette University,2020,19,8024,31,34732,15324,0.8249151657530671,WI,City/Suburb,68053,30,R2
239105,Marquette University,2019,18,8515,32,34120,15078,0.8296193129062209,WI,City/Suburb,68191,30,R2
198899,Mars Hill University,2023,42,1002,37,19842,1393,0.7788944723618091,NC,Town/Rural,108252,31.9,Baccalaureate
198899,Mars Hill University,2022,47,994,36,17721,1597,0.7420162805259862,NC,Town/Rural,114167,31.9,Baccalaureate
198899,Mars Hill University,2021,53,1025,38,18717,1713,0.7950963222416813,NC,Town/Rural,116514,31.9,Baccalaureate
198899,Mars Hill University,2020,55,1021,37,18195,1718,0.6728754365541327,NC,Town/Rural,116615,31.9,Baccalaureate
198899,Mars Hill University,2019,61,1042,36,14967,1838,0.6332970620239391,NC,Town/Rural,114284,31.9,Baccalaureate
237525,Marshall University,2023,38,8235,23,9734,6499,0.9646099399907678,WV,City/Suburb,17853,21.3,R2
237525,Marshall University,2022,40,7952,17,8756,6356,0.9688483322844557,WV,City/Suburb,17400,21.3,R2
237525,Marshall University,2021,38,8008,16,8730,5602,0.9780435558729025,WV,City/Suburb,18271,21.3,R2
237525,Marshall University,2020,38,8771,17,8387,6718,0.8925275379577255,WV,City/Suburb,18751,21.3,R2
237525,Marshall University,2019,39,9415,17,8508,6451,0.8688575414664393,WV,City/Suburb,19036,21.3,R2
173452,Martin Luther College,2023,23,743,8,21072,218,0.8256880733944955,MN,Town/Rural,67002,36.7,Special or Tribal
173452,Martin Luther College,2022,23,755,9,22293,215,0.8372093023255814,MN,Town/Rural,64579,36.7,Special or Tribal
173452,Martin Luther College,2021,26,795,9,21988,197,0.9137055837563451,MN,Town/Rural,65199,36.7,Special or Tribal
173452,Martin Luther College,2020,27,850,9,21396,260,0.8730769230769231,MN,Town/Rural,66285,36.7,Special or Tribal
173452,Martin Luther College,2019,27,857,9,20154,266,0.8383458646616542,MN,Town/Rural,65499,36.7,Special or Tribal
232672,Mary Baldwin University,2020,55,1477,48,18741,7188,0.8710350584307178,VA,City/Suburb,98970,39.3,R0
232672,Mary Baldwin University,2019,56,1407,49,17879,7560,0.843915343915344,VA,City/Suburb,95710,39.3,R0
163295,Maryland Institute College of Art,2023,21,1324,67,43066,3127,0.772945314998401,MD,City/Suburb,69770,40.8,Special or Tribal
163295,Maryland Institute College of Art,2022,22,1403,66,43545,3139,0.7957948391207391,MD,City/Suburb,69124,40.8,Special or Tribal
163295,Maryland Institute College of Art,2021,22,1540,65,28569,3066,0.8574690150032616,MD,City/Suburb,71017,40.8,Special or Tribal
163295,Maryland Institute College of Art,2020,20,1331,70,45106,3249,0.8267159125884888,MD,City/Suburb,67971,40.8,Special or Tribal
163295,Maryland Institute College of Art,2019,21,1749,64,42750,4024,0.6389165009940357,MD,City/Suburb,68208,40.8,Special or Tribal
192864,Marymount Manhattan College,2023,28,1648,49,38426,8138,0.7887687392479725,NY,City/Suburb,211853,37.2,Baccalaureate
192864,Marymount Manhattan College,2022,30,1608,49,39442,7636,0.7209271870089052,NY,City/Suburb,213993,37.2,Baccalaureate
192864,Marymount Manhattan College,2021,28,1770,47,31750,6799,0.7690836887777615,NY,City/Suburb,217586,37.2,Baccalaureate
192864,Marymount Manhattan College,2020,26,1722,46,39928,5270,0.8817836812144213,NY,City/Suburb,209688,37.2,Baccalaureate
192864,Marymount Manhattan College,2019,25,1892,45,38900,5570,0.7955116696588869,NY,City/Suburb,212104,37.2,Baccalaureate
232706,Marymount University,2023,22,2216,72,28147,3598,0.8051695386325737,VA,City/Suburb,99497,39.3,R0
232706,Marymount University,2022,22,2275,72,24664,3503,0.8141592920353983,VA,City/Suburb,98780,39.3,R0
232706,Marymount University,2021,27,2221,70,26717,2375,0.8366315789473684,VA,City/Suburb,100147,39.3,R0
232706,Marymount University,2020,28,2041,69,24224,3046,0.8525935653315824,VA,City/Suburb,98970,39.3,R0
232706,Marymount University,2019,27,2158,69,27843,3313,0.8101418653788107,VA,City/Suburb,95710,39.3,R0
220710,Maryville College,2023,35,1142,29,20990,2809,0.6568173727305091,TN,City/Suburb,72084,27.5,Baccalaureate
220710,Maryville College,2022,37,1065,32,21583,2361,0.6950444726810674,TN,City/Suburb,71347,27.5,Baccalaureate
220710,Maryville College,2021,39,1046,28,22320,2056,0.6819066147859922,TN,City/Suburb,72685,27.5,Baccalaureate
220710,Maryville College,2020,41,1072,25,19548,2320,0.6211206896551724,TN,City/Suburb,73281,27.5,Baccalaureate
220710,Maryville College,2019,39,1143,24,19778,2460,0.5556910569105691,TN,City/Suburb,72802,27.5,Baccalaureate
178059,Maryville University of Saint Louis,2023,36,6062,35,26733,3916,0.9369254341164454,MO,City/Suburb,67773,29.5,R0
178059,Maryville University of Saint Louis,2022,37,5809,35,26757,4175,0.8776047904191617,MO,City/Suburb,66781,29.5,R0
178059,Maryville University of Saint Louis,2021,35,5685,36,24733,3557,0.915378127635648,MO,City/Suburb,66906,29.5,R0
178059,Maryville University of Saint Louis,2020,34,5504,36,28087,2503,0.9488613663603676,MO,City/Suburb,67892,29.5,R0
178059,Maryville University of Saint Louis,2019,30,4454,33,29357,2902,0.8287388008270159,MO,City/Suburb,68482,29.5,R0
213826,Marywood University,2023,29,1874,23,24712,3136,0.8370535714285714,PA,City/Suburb,142275,31.8,M
213826,Marywood University,2022,30,1857,25,22504,2645,0.8075614366729679,PA,City/Suburb,139193,31.8,M
213826,Marywood University,2021,32,1790,26,22687,2541,0.8185753640299095,PA,City/Suburb,142186,31.8,M
213826,Marywood University,2020,32,1808,26,21657,2231,0.8202599731062304,PA,City/Suburb,143645,31.8,M
213826,Marywood University,2019,32,1803,28,23380,2005,0.7775561097256858,PA,City/Suburb,143842,31.8,M
166674,Massachusetts College of Art and Design,2023,28,1876,47,24159,3027,0.7746944169144367,MA,City/Suburb,78133,44.5,Special or Tribal
166674,Massachusetts College of Art and Design,2022,27,1833,49,23737,2598,0.7863741339491916,MA,City/Suburb,78514,44.5,Special or Tribal
166674,Massachusetts College of Art and Design,2021,31,1778,47,24772,2433,0.7866831072749692,MA,City/Suburb,78839,44.5,Special or Tribal
166674,Massachusetts College of Art and Design,2020,28,1770,45,23396,2677,0.7026522226372806,MA,City/Suburb,79537,44.5,Special or Tribal
166674,Massachusetts College of Art and Design,2019,28,1955,43,25188,3087,0.5782312925170068,MA,City/Suburb,78060,44.5,Special or Tribal
167288,Massachusetts College of Liberal Arts,2023,40,836,29,17705,1543,0.9235255994815295,MA,Town/Rural,78133,44.5,Baccalaureate
167288,Massachusetts College of Liberal Arts,2022,43,838,32,15377,1456,0.9244505494505495,MA,Town/Rural,78514,44.5,Baccalaureate
167288,Massachusetts College of Liberal Arts,2021,43,870,30,14902,1371,0.9095550692924872,MA,Town/Rural,78839,44.5,Baccalaureate
167288,Massachusetts College of Liberal Arts,2020,45,1076,30,14780,1355,0.8767527675276753,MA,Town/Rural,79537,44.5,Baccalaureate
167288,Massachusetts College of Liberal Arts,2019,47,1345,30,15418,1754,0.8164196123147093,MA,Town/Rural,78060,44.5,Baccalaureate
166683,Massachusetts Institute of Technology,2023,19,4576,79,21519,26904,0.04735355337496283,MA,City/Suburb,78133,44.5,R1
166683,Massachusetts Institute of Technology,2022,18,4657,78,20232,33767,0.03959487073177955,MA,City/Suburb,78514,44.5,R1
166683,Massachusetts Institute of Technology,2021,20,4638,76,30958,33240,0.041064981949458484,MA,City/Suburb,78839,44.5,R1
166683,Massachusetts Institute of Technology,2020,19,4361,74,19998,20075,0.07257783312577833,MA,City/Suburb,79537,44.5,R1
166683,Massachusetts Institute of Technology,2019,18,4530,71,20465,21312,0.06695758258258258,MA,City/Suburb,78060,44.5,R1
166692,Massachusetts Maritime Academy,2023,17,1271,20,20759,1120,0.9455357142857143,MA,City/Suburb,78133,44.5,M
166692,Massachusetts Maritime Academy,2022,17,1326,17,21668,1028,0.8939688715953308,MA,City/Suburb,78514,44.5,M
166692,Massachusetts Maritime Academy,2021,18,1440,12,19412,1079,0.9008341056533827,MA,City/Suburb,78839,44.5,M
166692,Massachusetts Maritime Academy,2020,16,1538,17,17635,785,0.9248407643312102,MA,City/Suburb,79537,44.5,M
166692,Massachusetts Maritime Academy,2019,17,1695,15,15424,773,0.9146183699870634,MA,City/Suburb,78060,44.5,M
173957,Mayo Clinic College of Medicine and Science,2023,1,296,23,11577,124,0.3870967741935484,MN,City/Suburb,67002,36.7,Special or Tribal
173957,Mayo Clinic College of Medicine and Science,2022,2,216,26,11830,55,0.6363636363636364,MN,City/Suburb,64579,36.7,Special or Tribal
173957,Mayo Clinic College of Medicine and Science,2021,3,258,26,11188,53,0.49056603773584906,MN,City/Suburb,65199,36.7,Special or Tribal
173957,Mayo Clinic College of Medicine and Science,2020,5,283,26,12497,131,0.31297709923664124,MN,City/Suburb,66285,36.7,Special or Tribal
173957,Mayo Clinic College of Medicine and Science,2019,6,265,22,9546,166,0.29518072289156627,MN,City/Suburb,65499,36.7,Special or Tribal
200226,Mayville State University,2022,26,1077,19,14347,292,0.7123287671232876,ND,Town/Rural,7623,29.7,Baccalaureate
200226,Mayville State University,2021,25,1147,20,14270,546,0.6098901098901099,ND,Town/Rural,7291,29.7,Baccalaureate
200226,Mayville State University,2020,25,1145,20,13891,330,0.5303030303030303,ND,Town/Rural,7385,29.7,Baccalaureate
200226,Mayville State University,2019,28,1187,19,12479,385,0.7012987012987013,ND,Town/Rural,7006,29.7,Baccalaureate
164270,McDaniel College,2023,34,1665,45,23088,3856,0.8358402489626556,MD,Town/Rural,69770,40.8,M
164270,McDaniel College,2022,35,1766,46,23733,4311,0.8204592901878914,MD,Town/Rural,69124,40.8,M
164270,McDaniel College,2021,35,1757,45,22161,4391,0.8667729446595308,MD,Town/Rural,71017,40.8,M
164270,McDaniel College,2020,33,1804,45,21183,4207,0.8112669360589494,MD,Town/Rural,67971,40.8,M
164270,McDaniel College,2019,31,1679,43,19304,3761,0.9183727731986174,MD,Town/Rural,68208,40.8,M
147013,McKendree University,2023,29,1605,40,25200,2652,0.638763197586727,IL,City/Suburb,148445,35.1,M
147013,McKendree University,2022,32,1534,44,22431,2332,0.6835334476843911,IL,City/Suburb,145439,35.1,M
147013,McKendree University,2021,31,1443,40,25492,1765,0.7767705382436261,IL,City/Suburb,150490,35.1,M
147013,McKendree University,2020,31,1701,41,20869,1965,0.7007633587786259,IL,City/Suburb,149373,35.1,M
147013,McKendree University,2019,35,1788,39,21764,1997,0.6334501752628944,IL,City/Suburb,152277,35.1,M
226587,McMurry University,2023,45,2544,63,20817,4836,0.576509511993383,TX,City/Suburb,385604,30.3,Baccalaureate
226587,McMurry University,2022,53,1231,57,18757,2345,0.5650319829424307,TX,City/Suburb,375741,30.3,Baccalaureate
226587,McMurry University,2021,50,1142,56,22098,1372,0.7835276967930029,TX,City/Suburb,377064,30.3,Baccalaureate
226587,McMurry University,2020,50,1087,53,20963,1798,0.4738598442714127,TX,City/Suburb,372402,30.3,Baccalaureate
226587,McMurry University,2019,48,1166,52,21719,2116,0.4546313799621928,TX,City/Suburb,364979,30.3,Baccalaureate
159717,McNeese State University,2023,31,5560,34,11393,3294,0.6754705525197329,LA,City/Suburb,49729,24.3,M
159717,McNeese State University,2022,31,5696,32,10154,3554,0.7124366910523354,LA,City/Suburb,49777,24.3,M
159717,McNeese State University,2021,31,5893,31,10487,2599,0.6875721431319738,LA,City/Suburb,52461,24.3,M
159717,McNeese State University,2020,31,6674,31,9721,3496,0.6330091533180778,LA,City/Suburb,53334,24.3,M
159717,McNeese State University,2019,32,6663,31,11974,2352,0.8073979591836735,LA,City/Suburb,52809,24.3,M
155511,McPherson College,2023,34,788,48,25490,1209,0.8378825475599669,KS,Town/Rural,36832,33.8,Baccalaureate
155511,McPherson College,2022,33,815,48,25065,1445,0.6588235294117647,KS,Town/Rural,36624,33.8,Baccalaureate
155511,McPherson College,2021,32,830,46,24693,884,0.8461538461538461,KS,Town/Rural,36149,33.8,Baccalaureate
155511,McPherson College,2020,36,838,48,23872,1785,0.5215686274509804,KS,Town/Rural,35923,33.8,Baccalaureate
155511,McPherson College,2019,38,819,48,24672,1906,0.5209863588667366,KS,Town/Rural,35979,33.8,Baccalaureate
166656,MCPHS University,2023,28,3477,69,37182,6010,0.8520798668885191,MA,City/Suburb,78133,44.5,Special or Tribal
166656,MCPHS University,2022,28,3522,67,38776,5698,0.8825903825903826,MA,City/Suburb,78514,44.5,Special or Tribal
166656,MCPHS University,2021,25,3668,66,38390,4846,0.9770945109368552,MA,City/Suburb,78839,44.5,Special or Tribal
166656,MCPHS University,2020,25,3970,65,39316,4808,0.9111896838602329,MA,City/Suburb,79537,44.5,Special or Tribal
166656,MCPHS University,2019,26,4034,64,39112,4744,0.8532883642495784,MA,City/Suburb,78060,44.5,Special or Tribal
118693,Menlo College,2023,29,831,84,28158,3041,0.6780664255179217,CA,City/Suburb,492544,34.2,Special or Tribal
118693,Menlo College,2022,32,800,83,29151,3357,0.6172177539469764,CA,City/Suburb,473448,34.2,Special or Tribal
118693,Menlo College,2021,34,745,80,35658,2134,0.6977507029053421,CA,City/Suburb,467260,34.2,Special or Tribal
118693,Menlo College,2020,34,826,79,27052,2471,0.6450829623634157,CA,City/Suburb,477479,34.2,Special or Tribal
118693,Menlo College,2019,32,894,78,27233,3039,0.6271799934188877,CA,City/Suburb,478819,34.2,Special or Tribal
140447,Mercer University,2023,33,4807,58,24197,11058,0.664586724543317,GA,City/Suburb,126146,31.9,R2
140447,Mercer University,2022,33,4859,56,22087,7556,0.7468237162519852,GA,City/Suburb,122695,31.9,R2
140447,Mercer University,2021,32,4941,55,21164,7201,0.7540619358422441,GA,City/Suburb,124712,31.9,R2
140447,Mercer University,2020,33,4911,54,21693,5651,0.7816315696336932,GA,City/Suburb,126126,31.9,R2
140447,Mercer University,2019,33,4865,53,21696,5034,0.7421533571712357,GA,City/Suburb,121897,31.9,R2
153977,Mercy College of Health Sciences,2023,34,905,32,24881,164,0.9878048780487805,IA,City/Suburb,36870,29,Special or Tribal
153977,Mercy College of Health Sciences,2022,33,909,34,22433,152,0.9671052631578947,IA,City/Suburb,36521,29,Special or Tribal
153977,Mercy College of Health Sciences,2021,35,951,30,18129,132,0.9696969696969697,IA,City/Suburb,37097,29,Special or Tribal
153977,Mercy College of Health Sciences,2020,36,869,30,21339,120,0.9166666666666666,IA,City/Suburb,36359,29,Special or Tribal
153977,Mercy College of Health Sciences,2019,43,795,26,20368,137,0.9781021897810219,IA,City/Suburb,36735,29,Special or Tribal
203960,Mercy College of Ohio,2023,36,999,32,15705,283,0.4275618374558304,OH,City/Suburb,133760,29,Special or Tribal
203960,Mercy College of Ohio,2022,45,1120,28,14564,236,0.461864406779661,OH,City/Suburb,133872,29,Special or Tribal
203960,Mercy College of Ohio,2021,35,1224,28,18174,288,0.4097222222222222,OH,City/Suburb,136945,29,Special or Tribal
203960,Mercy College of Ohio,2020,35,1502,26,13856,324,0.3950617283950617,OH,City/Suburb,135941,29,Special or Tribal
203960,Mercy College of Ohio,2019,41,1500,24,19671,305,0.4131147540983607,OH,City/Suburb,135868,29,Special or Tribal
193016,Mercy University,2023,47,6482,84,16776,8581,0.8546789418482694,NY,City/Suburb,211853,37.2,M
193016,Mercy University,2022,50,6379,82,15879,7891,0.8585730579140793,NY,City/Suburb,213993,37.2,M
193016,Mercy University,2021,51,6505,81,15027,6471,0.8578272291763251,NY,City/Suburb,217586,37.2,M
193016,Mercy University,2020,52,7080,81,15721,7246,0.819624620480265,NY,City/Suburb,209688,37.2,M
193016,Mercy University,2019,52,7993,81,15283,6720,0.8162202380952381,NY,City/Suburb,212104,37.2,M
213987,Mercyhurst University,2023,30,2292,27,26962,3500,0.8322857142857143,PA,City/Suburb,142275,31.8,M
213987,Mercyhurst University,2022,29,2446,25,24935,3625,0.8055172413793104,PA,City/Suburb,139193,31.8,M
213987,Mercyhurst University,2021,32,2641,21,25785,3893,0.8237862830721808,PA,City/Suburb,142186,31.8,M
213987,Mercyhurst University,2020,27,2370,19,26942,3457,0.88024298524732425,PA,City/Suburb,143645,31.8,M
213987,Mercyhurst University,2019,29,2378,20,23605,2936,0.864441416893733,PA,City/Suburb,143842,31.8,M
198950,Meredith College,2023,33,1309,38,23405,1563,0.746641074856046,NC,City/Suburb,108252,31.9,Baccalaureate
198950,Meredith College,2022,35,1322,35,23259,1775,0.731830985915493,NC,City/Suburb,114167,31.9,Baccalaureate
198950,Meredith College,2021,33,1427,35,21717,1706,0.6987104337631888,NC,City/Suburb,116514,31.9,Baccalaureate
198950,Meredith College,2020,32,1521,34,25357,1674,0.7162485065710872,NC,City/Suburb,116615,31.9,Baccalaureate
198950,Meredith College,2019,32,1528,32,26958,1936,0.6472107438016529,NC,City/Suburb,114284,31.9,Baccalaureate
166850,Merrimack College,2023,15,4199,26,38849,13693,0.7360695245746002,MA,City/Suburb,78133,44.5,M
166850,Merrimack College,2022,16,4229,25,37296,13175,0.7463377609108159,MA,City/Suburb,78514,44.5,M
166850,Merrimack College,2021,16,4120,24,35500,10429,0.8030491897593249,MA,City/Suburb,78839,44.5,M
166850,Merrimack College,2020,16,4202,24,34606,10934,0.8164441192610207,MA,City/Suburb,79537,44.5,M
166850,Merrimack College,2019,18,4230,28,34378,9747,0.8190212373037857,MA,City/Suburb,78060,44.5,M
193061,Mesivta of Eastern Parkway-Yeshiva Zichron Meilech,2023,66,41,0,9001,8,0.625,NY,City/Suburb,211853,37.2,Two-Year
193061,Mesivta of Eastern Parkway-Yeshiva Zichron Meilech,2022,63,47,6,6129,12,0.5833333333333334,NY,City/Suburb,213993,37.2,Two-Year
193061,Mesivta of Eastern Parkway-Yeshiva Zichron Meilech,2021,56,49,2,5333,18,0.7222222222222222,NY,City/Suburb,217586,37.2,Two-Year
193061,Mesivta of Eastern Parkway-Yeshiva Zichron Meilech,2020,68,43,0,8645,10,0.7,NY,City/Suburb,209688,37.2,Two-Year
193061,Mesivta of Eastern Parkway-Yeshiva Zichron Meilech,2019,63,34,3,11302,13,0.9230769230769231,NY,City/Suburb,212104,37.2,Two-Year
193052,Mesivta Torah Vodaath Rabbinical Seminary,2023,54,337,0,9775,39,0.8974358974358975,NY,City/Suburb,211853,37.2,Special or Tribal
193052,Mesivta Torah Vodaath Rabbinical Seminary,2022,39,344,0,12449,40,0.925,NY,City/Suburb,213993,37.2,Special or Tribal
193052,Mesivta Torah Vodaath Rabbinical Seminary,2021,65,369,0,17250,25,0.72,NY,City/Suburb,217586,37.2,Special or Tribal
193052,Mesivta Torah Vodaath Rabbinical Seminary,2020,67,364,0,9401,40,0.9,NY,City/Suburb,209688,37.2,Special or Tribal
193052,Mesivta Torah Vodaath Rabbinical Seminary,2019,72,257,0,7168,18,0.8888888888888888,NY,City/Suburb,212104,37.2,Special or Tribal
193070,Mesivtha Tifereth Jerusalem of America,2023,35,45,0,10373,23,0.6086956521739131,NY,City/Suburb,211853,37.2,Special or Tribal
193070,Mesivtha Tifereth Jerusalem of America,2022,55,52,0,204,21,0.6190476190476191,NY,City/Suburb,213993,37.2,Special or Tribal
193070,Mesivtha Tifereth Jerusalem of America,2021,41,44,0,4999,25,0.64,NY,City/Suburb,217586,37.2,Special or Tribal
193070,Mesivtha Tifereth Jerusalem of America,2020,41,44,0,5750,19,0.8421052631578947,NY,City/Suburb,209688,37.2,Special or Tribal
193070,Mesivtha Tifereth Jerusalem of America,2019,49,44,0,7409,20,0.7,NY,City/Suburb,212104,37.2,Special or Tribal
417752,Messenger College,2023,84,26,35,18221,14,0.5,TX,City/Suburb,385604,30.3,Special or Tribal
417752,Messenger College,2022,84,19,42,17197,8,0.5,TX,City/Suburb,375741,30.3,Special or Tribal
417752,Messenger College,2021,79,31,45,16546,8,1,TX,City/Suburb,377064,30.3,Special or Tribal
417752,Messenger College,2020,67,33,36,18764,18,0.3333333333333333,TX,City/Suburb,372402,30.3,Special or Tribal
417752,Messenger College,2019,71,46,26,16312,4,0.75,TX,City/Suburb,364979,30.3,Special or Tribal
213996,Messiah University,2023,20,2586,24,29882,2375,0.7848421052631579,PA,City/Suburb,142275,31.8,M
213996,Messiah University,2022,17,2495,22,24120,2438,0.7940935192780968,PA,City/Suburb,139193,31.8,M
213996,Messiah University,2021,20,2495,21,23895,2458,0.7737998372660699,PA,City/Suburb,142186,31.8,M
213996,Messiah University,2020,20,2614,19,27641,2549,0.7752059631227932,PA,City/Suburb,143645,31.8,M
213996,Messiah University,2019,21,2709,19,28867,2640,0.7587121212121212,PA,City/Suburb,143842,31.8,M
147129,Methodist College,2023,56,374,32,35461,45,0.3111111111111111,IL,City/Suburb,148445,35.1,Special or Tribal
147129,Methodist College,2022,46,433,29,35578,54,0.3333333333333333,IL,City/Suburb,145439,35.1,Special or Tribal
147129,Methodist College,2021,48,514,27,28547,9,1,IL,City/Suburb,150490,35.1,Special or Tribal
147129,Methodist College,2020,56,557,26,25955,8,0.875,IL,City/Suburb,149373,35.1,Special or Tribal
147129,Methodist College,2019,52,676,21,32493,66,0.4393939393939394,IL,City/Suburb,152277,35.1,Special or Tribal
198969,Methodist University,2023,39,1436,54,25786,2738,0.752008765522279,NC,City/Suburb,108252,31.9,M
198969,Methodist University,2022,39,1448,52,28129,2397,0.756779307467668,NC,City/Suburb,114167,31.9,M
198969,Methodist University,2021,37,1520,55,18205,2914,0.7858613589567605,NC,City/Suburb,116514,31.9,M
198969,Methodist University,2020,38,1426,58,31730,2964,0.7587719298245614,NC,City/Suburb,116615,31.9,M
198969,Methodist University,2019,39,1646,60,32578,3206,0.6300686213349969,NC,City/Suburb,114284,31.9,M
190114,Metropolitan College of New York,2023,61,430,93,27481,81,0.7654320987654321,NY,City/Suburb,211853,37.2,M
190114,Metropolitan College of New York,2022,65,426,96,22183,113,0.6548672566371682,NY,City/Suburb,213993,37.2,M
190114,Metropolitan College of New York,2021,64,402,93,25596,88,0.7727272727272727,NY,City/Suburb,217586,37.2,M
190114,Metropolitan College of New York,2020,74,528,93,24083,146,0.4041095890410959,NY,City/Suburb,209688,37.2,M
190114,Metropolitan College of New York,2019,72,626,94,14687,152,0.3223684210526316,NY,City/Suburb,212104,37.2,M
174020,Metropolitan State University,2023,44,5271,63,18233,542,0.9649446494464945,MN,City/Suburb,67002,36.7,M
174020,Metropolitan State University,2022,45,5488,61,19347,612,0.8169934640522876,MN,City/Suburb,64579,36.7,M
174020,Metropolitan State University,2021,42,6000,57,16830,650,0.6661538461538462,MN,City/Suburb,65199,36.7,M
174020,Metropolitan State University,2020,45,6649,56,15941,887,0.6189402480270575,MN,City/Suburb,66285,36.7,M
174020,Metropolitan State University,2019,45,6770,55,15056,1096,0.5620437956204379,MN,City/Suburb,65499,36.7,M
127565,Metropolitan State University of Denver,2023,35,16430,57,13727,12403,0.9913730549060711,CO,City/Suburb,63277,41.7,M
127565,Metropolitan State University of Denver,2022,33,15848,56,14805,10163,0.9791400177113058,CO,City/Suburb,64869,41.7,M
127565,Metropolitan State University of Denver,2021,32,16515,53,14195,10402,0.9723130167275524,CO,City/Suburb,63204,41.7,M
127565,Metropolitan State University of Denver,2020,35,17988,51,13563,12045,0.8332918223329182,CO,City/Suburb,61237,41.7,M
127565,Metropolitan State University of Denver,2019,36,19194,50,13067,13583,0.6129720974747846,CO,City/Suburb,60962,41.7,M
204024,Miami University-Oxford,2023,11,16478,19,27928,34498,0.8208881674299959,OH,Town/Rural,133760,29,R2
204024,Miami University-Oxford,2022,11,16864,20,23031,30367,0.8792109856093786,OH,Town/Rural,133872,29,R2
204024,Miami University-Oxford,2021,12,17003,21,24616,29990,0.8859953317772591,OH,Town/Rural,136945,29,R2
204024,Miami University-Oxford,2020,11,16522,25,24345,26844,0.9195350916405901,OH,Town/Rural,135941,29,R2
204024,Miami University-Oxford,2019,11,17246,28,22989,27247,0.8532315484273498,OH,Town/Rural,135868,29,R2
171100,Michigan State University,2023,20,40483,33,24630,58879,0.8392465904651913,MI,City/Suburb,108265,29.6,R1
171100,Michigan State University,2022,22,39201,33,22803,53341,0.8795110702836467,MI,City/Suburb,103443,29.6,R1
171100,Michigan State University,2021,22,38574,32,8738,50630,0.8325103693462375,MI,City/Suburb,107239,29.6,R1
171100,Michigan State University,2020,22,38491,32,16655,45426,0.7630652049487078,MI,City/Suburb,108725,29.6,R1
171100,Michigan State University,2019,22,39176,32,16579,44322,0.7112043680339335,MI,City/Suburb,112177,29.6,R1
171128,Michigan Technological University,2023,18,5892,16,17928,12434,0.8794434614765965,MI,Town/Rural,108265,29.6,R2
171128,Michigan Technological University,2022,19,5699,16,18235,7893,0.9367794248067908,MI,Town/Rural,103443,29.6,R2
171128,Michigan Technological University,2021,20,5777,14,17826,8041,0.8574804128839697,MI,Town/Rural,107239,29.6,R2
171128,Michigan Technological University,2020,22,5640,13,17356,7476,0.7035848047084002,MI,Town/Rural,108725,29.6,R2
171128,Michigan Technological University,2019,23,5750,12,17814,5978,0.7430578788892607,MI,Town/Rural,112177,29.6,R2
199458,Mid-Atlantic Christian University,2023,47,177,46,26793,290,0.7620689655172413,NC,Town/Rural,108252,31.9,Baccalaureate
199458,Mid-Atlantic Christian University,2022,54,133,40,22120,210,0.6333333333333333,NC,Town/Rural,114167,31.9,Baccalaureate
199458,Mid-Atlantic Christian University,2021,63,145,43,22911,250,0.48,NC,Town/Rural,116514,31.9,Baccalaureate
199458,Mid-Atlantic Christian University,2020,53,165,35,21276,218,0.43119266055045874,NC,Town/Rural,116615,31.9,Baccalaureate
199458,Mid-Atlantic Christian University,2019,57,198,36,20557,253,0.4150197628458498,NC,Town/Rural,114284,31.9,Baccalaureate
481225,Mid-South Christian College,2023,35,24,87,15877,8,1,TN,City/Suburb,72084,27.5,Special or Tribal
481225,Mid-South Christian College,2022,29,17,76,10924,8,1,TN,City/Suburb,71347,27.5,Special or Tribal
481225,Mid-South Christian College,2020,25,22,82,13588,4,1,TN,City/Suburb,73281,27.5,Special or Tribal
481225,Mid-South Christian College,2019,32,24,75,12883,7,1,TN,City/Suburb,72802,27.5,Special or Tribal
155520,MidAmerica Nazarene University,2023,28,1185,49,29992,1085,0.7345622119815668,KS,City/Suburb,36832,33.8,M
155520,MidAmerica Nazarene University,2022,31,1159,48,28787,1103,0.6681776971894833,KS,City/Suburb,36624,33.8,M
155520,MidAmerica Nazarene University,2021,34,1171,47,28554,1092,0.6465201465201466,KS,City/Suburb,36149,33.8,M
155520,MidAmerica Nazarene University,2020,34,1222,42,29406,1043,0.6375838926174496,KS,City/Suburb,35923,33.8,M
155520,MidAmerica Nazarene University,2019,35,1252,38,25365,1197,0.5463659147869674,KS,City/Suburb,35979,33.8,M
482158,Middle Georgia State University,2023,41,7485,48,13326,3876,0.9976780185758514,GA,City/Suburb,126146,31.9,M
482158,Middle Georgia State University,2022,42,7259,47,13174,3440,0.997093023255814,GA,City/Suburb,122695,31.9,M
482158,Middle Georgia State University,2021,44,7457,47,10926,2446,0.99386753883892065,GA,City/Suburb,124712,31.9,M
482158,Middle Georgia State University,2020,45,8015,49,10571,3237,0.9932035835650294,GA,City/Suburb,126126,31.9,M
482158,Middle Georgia State University,2019,46,7787,48,9781,2759,0.9416455237404857,GA,City/Suburb,121897,31.9,M
220978,Middle Tennessee State University,2023,31,17668,36,12700,14763,0.6800108379055747,TN,City/Suburb,72084,27.5,R2
220978,Middle Tennessee State University,2022,34,17438,35,13062,12868,0.7254429592788312,TN,City/Suburb,71347,27.5,R2
220978,Middle Tennessee State University,2021,34,18603,34,12617,11244,0.6840092493774458,TN,City/Suburb,72685,27.5,R2
220978,Middle Tennessee State University,2020,37,19188,35,12265,9096,0.941952506596306,TN,City/Suburb,73281,27.5,R2
220978,Middle Tennessee State University,2019,38,19461,36,11964,8973,0.9371447676362421,TN,City/Suburb,72802,27.5,R2
230959,Middlebury College,2023,17,2800,45,22912,13297,0.10370760321877115,VT,Town/Rural,5789,38.7,Baccalaureate
230959,Middlebury College,2022,15,2773,44,22181,12952,0.12693020382952439,VT,Town/Rural,5977,38.7,Baccalaureate
230959,Middlebury College,2021,16,2858,41,26958,11906,0.13447001511842768,VT,Town/Rural,5988,38.7,Baccalaureate
230959,Middlebury College,2020,14,2580,40,24517,9174,0.22040549378678875,VT,Town/Rural,6158,38.7,Baccalaureate
230959,Middlebury College,2019,16,2580,38,23367,9754,0.15357801927414394,VT,Town/Rural,6547,38.7,Baccalaureate
181330,Midland University,2023,28,1333,44,24143,1436,0.6692200557103064,NE,Town/Rural,24387,32.4,M
181330,Midland University,2022,29,1340,43,22377,1493,0.6490288010716678,NE,Town/Rural,23856,32.4,M
181330,Midland University,2021,26,1401,42,21831,1691,0.6374926079243052,NE,Town/Rural,23769,32.4,M
181330,Midland University,2020,25,1512,42,20992,1967,0.5078800203355364,NE,Town/Rural,23830,32.4,M
181330,Midland University,2019,27,1663,47,21330,1747,0.4928448769318832,NE,Town/Rural,23314,32.4,M
157377,Midway University,2023,46,1687,47,24739,1120,0.9517857142857142,KY,Town/Rural,49328,24.8,M
157377,Midway University,2022,49,1203,29,22848,1057,0.9375591296121097,KY,Town/Rural,49640,24.8,M
157377,Midway University,2021,47,1181,25,22825,1002,0.7774451097804391,KY,Town/Rural,50879,24.8,M
157377,Midway University,2020,45,1164,27,24781,1043,0.7305848513902206,KY,Town/Rural,51547,24.8,M
157377,Midway University,2019,46,1141,27,23084,1162,0.5963855421686747,KY,Town/Rural,51210,24.8,M
178208,Midwestern Baptist Theological Seminary,2023,31,1067,28,25380,141,0.9432624113475178,MO,City/Suburb,67773,29.5,Special or Tribal
178208,Midwestern Baptist Theological Seminary,2022,32,1009,32,23318,105,0.9428571428571428,MO,City/Suburb,66781,29.5,Special or Tribal
178208,Midwestern Baptist Theological Seminary,2021,31,942,29,18597,212,0.9764150943396226,MO,City/Suburb,66906,29.5,Special or Tribal
178208,Midwestern Baptist Theological Seminary,2020,34,880,29,19424,233,0.9699570815450643,MO,City/Suburb,67892,29.5,Special or Tribal
178208,Midwestern Baptist Theological Seminary,2019,35,670,30,18556,80,1,MO,City/Suburb,68482,29.5,Special or Tribal
226833,Midwestern State University,2023,40,4508,57,11798,5824,0.8737980769230769,TX,City/Suburb,385604,30.3,M
226833,Midwestern State University,2022,40,4818,55,11361,5507,0.9242781913927728,TX,City/Suburb,375741,30.3,M
226833,Midwestern State University,2021,40,5041,54,10858,3887,0.9459737586827888,TX,City/Suburb,377064,30.3,M
226833,Midwestern State University,2020,40,5141,53,10094,4025,0.7095652173913043,TX,City/Suburb,372402,30.3,M
226833,Midwestern State University,2019,40,5226,53,9799,3808,0.7925420168067226,TX,City/Suburb,364979,30.3,M
480985,Midwives College of Utah,2023,52,253,43,26463,10,0.6,UT,City/Suburb,46946,34.9,Special or Tribal
480985,Midwives College of Utah,2022,38,279,37,27817,7,0.42857142857142855,UT,City/Suburb,46085,34.9,Special or Tribal
480985,Midwives College of Utah,2021,40,252,29,23629,11,0.8181818181818182,UT,City/Suburb,45251,34.9,Special or Tribal
480985,Midwives College of Utah,2020,38,232,29,22383,7,1,UT,City/Suburb,43182,34.9,Special or Tribal
480985,Midwives College of Utah,2019,35,213,25,22315,15,0.4,UT,City/Suburb,43372,34.9,Special or Tribal
214041,Millersville University of Pennsylvania,2023,27,5724,27,20860,6989,0.8941193303763056,PA,City/Suburb,142275,31.8,M
214041,Millersville University of Pennsylvania,2022,26,5814,26,21076,6506,0.9242237934214571,PA,City/Suburb,139193,31.8,M
214041,Millersville University of Pennsylvania,2021,27,6237,25,17995,6087,0.9636931164777395,PA,City/Suburb,142186,31.8,M
214041,Millersville University of Pennsylvania,2020,28,6454,26,21599,6381,0.8454787650838427,PA,City/Suburb,143645,31.8,M
214041,Millersville University of Pennsylvania,2019,30,6760,27,21505,6251,0.7926731722924332,PA,City/Suburb,143842,31.8,M
486901,Milligan University,2023,23,834,27,21463,1164,0.7027491408934707,TN,City/Suburb,72084,27.5,M
486901,Milligan University,2022,27,755,23,19865,844,0.6670616113744076,TN,City/Suburb,71347,27.5,M
486901,Milligan University,2021,24,789,23,20448,860,0.6034883720930233,TN,City/Suburb,72685,27.5,M
486901,Milligan University,2020,26,941,20,21003,518,0.9922779922779923,TN,City/Suburb,73281,27.5,M
486901,Milligan University,2019,26,882,21,20223,548,0.9890510948905109,TN,City/Suburb,72802,27.5,M
147244,Millikin University,2023,35,1570,37,10078,4009,0.5405337989523572,IL,City/Suburb,148445,35.1,Baccalaureate
147244,Millikin University,2022,35,1708,35,10492,2902,0.7539627842866988,IL,City/Suburb,145439,35.1,Baccalaureate
147244,Millikin University,2021,34,1812,33,20055,3049,0.7481141357822236,IL,City/Suburb,150490,35.1,Baccalaureate
147244,Millikin University,2020,36,1875,31,19948,3071,0.7114946271572777,IL,City/Suburb,149373,35.1,Baccalaureate
147244,Millikin University,2019,37,1995,33,22138,3531,0.712546020957236,IL,City/Suburb,152277,35.1,Baccalaureate
175980,Millsaps College,2023,36,582,43,26739,2058,0.4902818270165209,MS,City/Suburb,32572,23.2,Baccalaureate
175980,Millsaps College,2022,34,627,41,27260,2210,0.6782805429864254,MS,City/Suburb,32131,23.2,Baccalaureate
175980,Millsaps College,2021,32,697,41,23839,2220,0.6806306306306307,MS,City/Suburb,32865,23.2,Baccalaureate
175980,Millsaps College,2020,31,669,39,24263,2796,0.698140200286123,MS,City/Suburb,32110,23.2,Baccalaureate
175980,Millsaps College,2019,29,779,39,24457,5223,0.688110281447444,MS,City/Suburb,32601,23.2,Baccalaureate
239309,Milwaukee Institute of Art & Design,2023,36,885,35,28024,1059,0.6279508970727101,WI,City/Suburb,67563,30,Special or Tribal
239309,Milwaukee Institute of Art & Design,2022,38,896,35,25472,1052,0.6397338403041825,WI,City/Suburb,65909,30,Special or Tribal
239309,Milwaukee Institute of Art & Design,2021,40,898,34,25270,933,0.6827438370846731,WI,City/Suburb,66830,30,Special or Tribal
239309,Milwaukee Institute of Art & Design,2020,43,925,36,26342,1448,0.619475138121547,WI,City/Suburb,68053,30,Special or Tribal
239309,Milwaukee Institute of Art & Design,2019,41,870,36,25557,1134,0.6798941798941799,WI,City/Suburb,68191,30,Special or Tribal
239318,Milwaukee School of Engineering,2023,23,2653,32,26122,6032,0.603945623342175,WI,City/Suburb,67563,30,M
239318,Milwaukee School of Engineering,2022,23,2575,31,25661,5478,0.6347207009857613,WI,City/Suburb,65909,30,M
239318,Milwaukee School of Engineering,2021,24,2564,30,26665,4522,0.6671826625386997,WI,City/Suburb,66830,30,M
239318,Milwaukee School of Engineering,2020,24,2510,28,26541,4059,0.6008869179600886,WI,City/Suburb,68053,30,M
239318,Milwaukee School of Engineering,2019,27,2566,31,25917,3552,0.6171171171171171,WI,City/Suburb,68191,30,M
174127,Minneapolis College of Art and Design,2023,40,714,37,27031,885,0.48361581920903957,MN,City/Suburb,67002,36.7,Special or Tribal
174127,Minneapolis College of Art and Design,2022,39,702,36,28443,668,0.5688622754491018,MN,City/Suburb,64579,36.7,Special or Tribal
174127,Minneapolis College of Art and Design,2021,40,675,36,28520,638,0.6551724137931034,MN,City/Suburb,65199,36.7,Special or Tribal
174127,Minneapolis College of Art and Design,2020,37,670,36,29347,695,0.5467625899280576,MN,City/Suburb,66285,36.7,Special or Tribal
174127,Minneapolis College of Art and Design,2019,41,709,34,28848,747,0.5850066934404283,MN,City/Suburb,65499,36.7,Special or Tribal
174358,Minnesota State University Moorhead,2023,27,3413,23,18231,4654,0.5262140094542329,MN,City/Suburb,67002,36.7,M
174358,Minnesota State University Moorhead,2022,28,3729,21,17939,3898,0.5661877886095433,MN,City/Suburb,64579,36.7,M
174358,Minnesota State University Moorhead,2021,28,4026,20,17254,3143,0.7171492204899778,MN,City/Suburb,65199,36.7,M
174358,Minnesota State University Moorhead,2020,30,4445,20,17324,3688,0.6605206073752712,MN,City/Suburb,66285,36.7,M
174358,Minnesota State University Moorhead,2019,29,4673,20,16589,3963,0.6537976280595509,MN,City/Suburb,65499,36.7,M
173920,Minnesota State University-Mankato,2023,20,12897,28,17227,8974,0.9133051036327168,MN,City/Suburb,67002,36.7,M
173920,Minnesota State University-Mankato,2022,22,12676,28,16809,11152,0.7067790530846485,MN,City/Suburb,64579,36.7,M
173920,Minnesota State University-Mankato,2021,23,12620,28,15832,9859,0.694796632518511,MN,City/Suburb,65199,36.7,M
173920,Minnesota State University-Mankato,2020,25,12938,28,15201,10411,0.6725578714820862,MN,City/Suburb,66285,36.7,M
173920,Minnesota State University-Mankato,2019,25,12490,27,14464,10349,0.6271137307952459,MN,City/Suburb,65499,36.7,M
200253,Minot State University,2023,24,2474,36,12349,745,0.7221476510067114,ND,City/Suburb,7668,29.7,M
200253,Minot State University,2022,23,2530,32,12360,498,0.9317269076305221,ND,City/Suburb,7623,29.7,M
200253,Minot State University,2021,22,2576,31,12935,551,0.8838475499092558,ND,City/Suburb,7291,29.7,M
200253,Minot State University,2020,22,2656,31,11949,750,0.7733333333333333,ND,City/Suburb,7385,29.7,M
200253,Minot State University,2019,23,2836,31,11687,798,0.6666666666666666,ND,City/Suburb,7006,29.7,M
193247,Mirrer Yeshiva Cent Institute,2023,37,102,7,11993,45,0.7777777777777778,NY,City/Suburb,211853,37.2,Special or Tribal
193247,Mirrer Yeshiva Cent Institute,2022,43,115,7,12994,55,0.8,NY,City/Suburb,213993,37.2,Special or Tribal
193247,Mirrer Yeshiva Cent Institute,2021,39,125,8,14148,55,0.8,NY,City/Suburb,217586,37.2,Special or Tribal
193247,Mirrer Yeshiva Cent Institute,2020,45,131,5,12845,58,0.8620689655172413,NY,City/Suburb,209688,37.2,Special or Tribal
193247,Mirrer Yeshiva Cent Institute,2019,48,119,5,11134,58,0.7241379310344828,NY,City/Suburb,212104,37.2,Special or Tribal
214069,Misericordia University,2023,19,1670,20,25090,2508,0.8488835725677831,PA,City/Suburb,142275,31.8,R0
214069,Misericordia University,2022,23,1776,19,27033,2196,0.8870673952641166,PA,City/Suburb,139193,31.8,R0
214069,Misericordia University,2021,24,1773,16,23822,2184,0.8910256410256411,PA,City/Suburb,142186,31.8,R0
214069,Misericordia University,2020,26,1845,15,27693,1897,0.8328940432261466,PA,City/Suburb,143645,31.8,R0
214069,Misericordia University,2019,26,1964,15,25978,1547,0.8577892695539754,PA,City/Suburb,143842,31.8,R0
176053,Mississippi College,2023,26,2706,29,21135,3315,0.48868778280542985,MS,City/Suburb,32572,23.2,R0
176053,Mississippi College,2022,28,2396,29,20874,2413,0.3999171156237049,MS,City/Suburb,32131,23.2,R0
176053,Mississippi College,2021,29,2523,30,18667,2339,0.48995297135528004,MS,City/Suburb,32865,23.2,R0
176053,Mississippi College,2020,30,2757,27,18800,2559,0.2876123485736616,MS,City/Suburb,32110,23.2,R0
176053,Mississippi College,2019,31,2944,27,18040,2162,0.4204440333024977,MS,City/Suburb,32601,23.2,R0
176080,Mississippi State University,2023,29,18230,26,16480,20877,0.7632322651721991,MS,Town/Rural,32572,23.2,R1
176080,Mississippi State University,2022,30,18305,26,15364,18830,0.7518852894317578,MS,Town/Rural,32131,23.2,R1
176080,Mississippi State University,2021,31,18584,27,16175,17707,0.7611678997006833,MS,Town/Rural,32865,23.2,R1
176080,Mississippi State University,2020,31,18803,27,16402,16127,0.8003968500031003,MS,Town/Rural,32110,23.2,R1
176080,Mississippi State University,2019,32,18792,27,16471,18340,0.5386041439476554,MS,Town/Rural,32601,23.2,R1
176035,Mississippi University for Women,2023,42,1995,42,12617,553,1,MS,Town/Rural,32572,23.2,M
176035,Mississippi University for Women,2022,43,2080,43,12691,450,0.9911111111111112,MS,Town/Rural,32131,23.2,M
176035,Mississippi University for Women,2021,43,2178,43,12309,422,0.9928909952606635,MS,Town/Rural,32865,23.2,M
176035,Mississippi University for Women,2020,46,2418,44,13023,516,0.9903100775193798,MS,Town/Rural,32110,23.2,M
176035,Mississippi University for Women,2019,47,2594,44,11725,535,0.9663551401869159,MS,Town/Rural,32601,23.2,M
176044,Mississippi Valley State University,2023,60,2005,95,12304,3411,0.5115801817648783,MS,Town/Rural,32572,23.2,M
176044,Mississippi Valley State University,2022,52,1654,92,11598,2436,0.6477832512315271,MS,Town/Rural,32131,23.2,M
176044,Mississippi Valley State University,2021,65,1714,91,10320,3155,0.786053882725832,MS,Town/Rural,32865,23.2,M
176044,Mississippi Valley State University,2020,63,1694,99,11064,3351,0.8272157564905999,MS,Town/Rural,32110,23.2,M
176044,Mississippi Valley State University,2019,70,1833,98,12024,2837,0.6506873457878041,MS,Town/Rural,32601,23.2,M
178244,Missouri Baptist University,2023,13,4889,72,26117,1195,0.6410041841004184,MO,City/Suburb,67773,29.5,M
178244,Missouri Baptist University,2022,14,4549,63,25590,1055,0.7090047393364929,MO,City/Suburb,66781,29.5,M
178244,Missouri Baptist University,2021,16,4238,25,23356,699,0.6180257510729614,MO,City/Suburb,66906,29.5,M
178244,Missouri Baptist University,2020,16,4046,25,22509,765,0.6483660130718955,MO,City/Suburb,67892,29.5,M
178244,Missouri Baptist University,2019,19,4436,41,20481,865,0.6104046242774567,MO,City/Suburb,68482,29.5,M
178341,Missouri Southern State University,2023,35,3930,32,11264,2302,0.974370112945265,MO,City/Suburb,67773,29.5,M
178341,Missouri Southern State University,2022,38,4052,32,10345,1937,0.9948373773877129,MO,City/Suburb,66781,29.5,M
178341,Missouri Southern State University,2021,43,4245,30,9703,1695,0.9687315634218289,MO,City/Suburb,66906,29.5,M
178341,Missouri Southern State University,2020,43,4927,29,9519,2034,0.983284169124877,MO,City/Suburb,67892,29.5,M
178341,Missouri Southern State University,2019,43,5475,27,9810,2295,0.9407407407407408,MO,City/Suburb,68482,29.5,M
179566,Missouri State University-Springfield,2023,21,19259,22,17104,11901,0.9105117217040585,MO,City/Suburb,67773,29.5,R0
179566,Missouri State University-Springfield,2022,22,18419,21,17677,9625,0.9256103896103897,MO,City/Suburb,66781,29.5,R0
179566,Missouri State University-Springfield,2021,23,18837,20,16501,9726,0.9385153197614641,MO,City/Suburb,66906,29.5,R0
179566,Missouri State University-Springfield,2020,25,19621,20,16804,9591,0.8657074340527577,MO,City/Suburb,67892,29.5,R0
179566,Missouri State University-Springfield,2019,28,19801,19,16134,7581,0.87943543068196806,MO,City/Suburb,68482,29.5,R0
178411,Missouri University of Science and Technology,2023,21,5510,25,14414,8181,0.7307175161960641,MO,Town/Rural,67773,29.5,R2
178411,Missouri University of Science and Technology,2022,21,5498,20,14023,6311,0.8149263191253368,MO,Town/Rural,66781,29.5,R2
178411,Missouri University of Science and Technology,2021,21,5696,20,13589,5533,0.8539671064521959,MO,Town/Rural,66906,29.5,R2
178411,Missouri University of Science and Technology,2020,23,6083,19,13476,5528,0.8145803183791607,MO,Town/Rural,67892,29.5,R2
178411,Missouri University of Science and Technology,2019,25,6454,19,13954,5062,0.7917819043856184,MO,Town/Rural,68482,29.5,R2
178369,Missouri Valley College,2023,30,1558,56,18396,2230,0.5269058295964125,MO,Town/Rural,67773,29.5,Baccalaureate
178369,Missouri Valley College,2022,31,1494,58,18450,1824,0.612390350877193,MO,Town/Rural,66781,29.5,Baccalaureate
178369,Missouri Valley College,2021,36,1741,57,17716,2342,0.6588385994876175,MO,Town/Rural,66906,29.5,Baccalaureate
178369,Missouri Valley College,2020,34,1640,50,18783,2898,0.621808143547274,MO,Town/Rural,67892,29.5,Baccalaureate
178369,Missouri Valley College,2019,36,1740,48,19465,2408,0.5269933554817275,MO,Town/Rural,68482,29.5,Baccalaureate
129774,Mitchell College,2023,39,500,46,31760,1295,0.7335907335907336,CT,City/Suburb,44962,39.6,Baccalaureate
129774,Mitchell College,2022,42,539,49,30365,1179,0.7684478371501272,CT,City/Suburb,44540,39.6,Baccalaureate
129774,Mitchell College,2021,41,526,52,25488,1231,0.7798537774167343,CT,City/Suburb,44901,39.6,Baccalaureate
129774,Mitchell College,2020,44,599,50,28471,1307,0.7421576128538638,CT,City/Suburb,45222,39.6,Baccalaureate
129774,Mitchell College,2019,41,642,47,28287,1121,0.7805530776092774,CT,City/Suburb,45216,39.6,Baccalaureate
193292,Molloy College,2023,30,3259,54,25938,5789,0.7564346173777855,NY,City/Suburb,211853,37.2,M
193292,Molloy College,2022,29,3271,49,27243,5412,0.766260162601626,NY,City/Suburb,213993,37.2,M
193292,Molloy College,2021,28,3308,45,25540,5108,0.793265465935787,NY,City/Suburb,217586,37.2,M
193292,Molloy College,2020,28,3510,42,27454,5043,0.7414237557009716,NY,City/Suburb,209688,37.2,M
193292,Molloy College,2019,30,3496,40,28500,4624,0.779628027681661,NY,City/Suburb,212104,37.2,M
147341,Monmouth College,2023,31,727,31,19088,1614,0.8661710037174721,IL,Town/Rural,148445,35.1,Baccalaureate
147341,Monmouth College,2022,33,767,32,20237,1818,0.907040704070407,IL,Town/Rural,145439,35.1,Baccalaureate
147341,Monmouth College,2021,30,755,31,17935,2526,0.6563737133808393,IL,Town/Rural,150490,35.1,Baccalaureate
147341,Monmouth College,2020,36,860,33,18685,2663,0.6943297033420954,IL,Town/Rural,149373,35.1,Baccalaureate
147341,Monmouth College,2019,37,908,33,17992,2322,0.6666666666666666,IL,Town/Rural,152277,35.1,Baccalaureate
185572,Monmouth University,2023,30,3842,31,33228,8410,0.8953626634958383,NJ,City/Suburb,104131,40.8,M
185572,Monmouth University,2022,30,3811,31,31416,7937,0.9091596321028096,NJ,City/Suburb,107755,40.8,M
185572,Monmouth University,2021,31,4080,32,29059,8208,0.8354044834307992,NJ,City/Suburb,109108,40.8,M
185572,Monmouth University,2020,30,4263,31,31594,8367,0.789291263296283,NJ,City/Suburb,109961,40.8,M
185572,Monmouth University,2019,32,4450,30,30945,8984,0.7664737310774711,NJ,City/Suburb,113367,40.8,M
180461,Montana State University,2023,17,14872,16,18511,21975,0.8683048919226394,MT,City/Suburb,9999,31.7,R1
180461,Montana State University,2022,18,14625,16,17250,28794,0.7333472251163436,MT,City/Suburb,9694,31.7,R1
180461,Montana State University,2021,20,14648,16,17305,26741,0.7300400134624734,MT,City/Suburb,9661,31.7,R1
180461,Montana State University,2020,22,14228,15,17656,18892,0.8077493118780437,MT,City/Suburb,9686,31.7,R1
180461,Montana State University,2019,23,14760,16,16746,19142,0.8193501201546338,MT,City/Suburb,9627,31.7,R1
180416,Montana Technological University,2023,21,1435,18,15866,1623,0.8989525569932224,MT,Town/Rural,9999,31.7,M
180416,Montana Technological University,2022,22,1437,18,16045,1757,0.8947068867387592,MT,Town/Rural,9694,31.7,M
180416,Montana Technological University,2021,26,1474,18,15332,1594,0.8983688833124216,MT,Town/Rural,9661,31.7,M
180416,Montana Technological University,2020,29,1431,19,14618,916,0.972707423580786,MT,Town/Rural,9686,31.7,M
180416,Montana Technological University,2019,29,1493,20,13547,940,0.9095744680851063,MT,Town/Rural,9627,31.7,M
185590,Montclair State University,2023,44,18062,67,13880,23599,0.8741472096275266,NJ,City/Suburb,104131,40.8,R2
185590,Montclair State University,2022,45,17290,63,13742,21393,0.9131491609404946,NJ,City/Suburb,107755,40.8,R2
185590,Montclair State University,2021,44,16093,60,12026,18691,0.9061045422930822,NJ,City/Suburb,109108,40.8,R2
185590,Montclair State University,2020,44,16374,60,15061,11888,0.8266318977119784,NJ,City/Suburb,109961,40.8,R2
185590,Montclair State University,2019,44,16687,60,15890,12729,0.7630607274727002,NJ,City/Suburb,113367,40.8,R2
199032,Montreat College,2023,40,759,39,26294,2154,0.6555246053853296,NC,City/Suburb,108252,31.9,Baccalaureate
199032,Montreat College,2022,42,820,46,25485,1440,0.6805555555555556,NC,City/Suburb,114167,31.9,Baccalaureate
199032,Montreat College,2021,40,853,47,23083,1465,0.9023890784982935,NC,City/Suburb,116514,31.9,Baccalaureate
199032,Montreat College,2020,40,830,37,23906,861,0.7119628339140535,NC,City/Suburb,116615,31.9,Baccalaureate
199032,Montreat College,2019,40,811,34,23142,999,0.5595595595595596,NC,City/Suburb,114284,31.9,Baccalaureate
147369,Moody Bible Institute,2023,33,1624,38,23950,244,0.9754098360655737,IL,City/Suburb,148445,35.1,Special or Tribal
147369,Moody Bible Institute,2022,36,1753,40,21368,324,0.941358024691358,IL,City/Suburb,145439,35.1,Special or Tribal
147369,Moody Bible Institute,2021,36,1903,40,21399,298,0.9765100671140939,IL,City/Suburb,150490,35.1,Special or Tribal
147369,Moody Bible Institute,2020,38,2161,41,18790,361,0.9750692520775623,IL,City/Suburb,149373,35.1,Special or Tribal
147369,Moody Bible Institute,2019,40,2275,42,16247,322,0.9440993788819876,IL,City/Suburb,152277,35.1,Special or Tribal
214148,Moore College of Art and Design,2023,41,390,48,44371,1322,0.6051437216338881,PA,City/Suburb,142275,31.8,Special or Tribal
214148,Moore College of Art and Design,2022,41,355,44,38204,1510,0.5317880794701987,PA,City/Suburb,139193,31.8,Special or Tribal
214148,Moore College of Art and Design,2021,40,357,44,38354,1113,0.5813117699910153,PA,City/Suburb,142186,31.8,Special or Tribal
214148,Moore College of Art and Design,2020,42,365,41,40141,1199,0.5004170141784821,PA,City/Suburb,143645,31.8,Special or Tribal
214148,Moore College of Art and Design,2019,42,387,40,37232,1277,0.46985121378230227,PA,City/Suburb,143842,31.8,Special or Tribal
214157,Moravian University,2023,27,2006,35,30720,5115,0.5399804496578691,PA,City/Suburb,142275,31.8,M
214157,Moravian University,2022,26,1904,32,31168,3284,0.6702192448233861,PA,City/Suburb,139193,31.8,M
214157,Moravian University,2021,25,1928,30,32020,2789,0.7809250627465041,PA,City/Suburb,142186,31.8,M
214157,Moravian University,2020,27,1997,29,29936,2337,0.8010269576379975,PA,City/Suburb,143645,31.8,M
214157,Moravian University,2019,28,2073,31,29483,2127,0.7517630465444288,PA,City/Suburb,143842,31.8,M
157386,Morehead State University,2023,29,8058,18,10017,8818,0.821161261056929,KY,Town/Rural,49328,24.8,M
157386,Morehead State University,2022,31,8215,17,10991,7911,0.8397168499557578,KY,Town/Rural,49640,24.8,M
157386,Morehead State University,2021,33,8312,13,10471,6922,0.8982952903785033,KY,Town/Rural,50879,24.8,M
157386,Morehead State University,2020,33,8618,11,12498,8684,0.7670428374021189,KY,Town/Rural,51547,24.8,M
157386,Morehead State University,2019,34,8958,11,12560,8032,0.7760209163346613,KY,Town/Rural,51210,24.8,M
140553,Morehouse College,2023,44,2738,100,34733,5610,0.513903743315508,GA,City/Suburb,126146,31.9,Baccalaureate
140553,Morehouse College,2022,43,2567,100,35251,5221,0.6000766136755411,GA,City/Suburb,122695,31.9,Baccalaureate
140553,Morehouse College,2021,46,2554,100,20492,3777,0.6518400847233254,GA,City/Suburb,124712,31.9,Baccalaureate
140553,Morehouse College,2020,48,2151,100,30839,3258,0.7707182320441989,GA,City/Suburb,126126,31.9,Baccalaureate
140553,Morehouse College,2019,48,2238,100,28307,2030,0.9980295566502463,GA,City/Suburb,121897,31.9,Baccalaureate
163453,Morgan State University,2023,54,8300,99,15350,22741,0.8295589463963766,MD,City/Suburb,69770,40.8,R2
163453,Morgan State University,2022,54,7609,99,13956,16845,0.8537845057880676,MD,City/Suburb,69124,40.8,R2
163453,Morgan State University,2021,51,7034,99,16167,15564,0.8710485736314572,MD,City/Suburb,71017,40.8,R2
163453,Morgan State University,2020,53,6270,98,16651,9623,0.7359451314558869,MD,City/Suburb,67971,40.8,R2
163453,Morgan State University,2019,53,6461,98,15998,8155,0.6783568362967505,MD,City/Suburb,68208,40.8,R2
154004,Morningside University,2023,32,1177,42,23482,2756,0.7057329462989841,IA,City/Suburb,36870,29,M
154004,Morningside University,2022,32,1186,37,23947,3222,0.7060831781502173,IA,City/Suburb,36521,29,M
154004,Morningside University,2021,31,1245,32,23222,3271,0.7380006114338122,IA,City/Suburb,37097,29,M
154004,Morningside University,2020,31,1281,30,22146,3388,0.6859504132231405,IA,City/Suburb,36359,29,M
154004,Morningside University,2019,32,1277,27,22831,3739,0.6309173575822412,IA,City/Suburb,36735,29,M
214166,Mount Aloysius College,2023,16,2942,17,20570,2377,0.9040807740849811,PA,Town/Rural,142275,31.8,Baccalaureate
214166,Mount Aloysius College,2022,15,2720,30,20564,1865,0.8595174262734584,PA,Town/Rural,139193,31.8,Baccalaureate
214166,Mount Aloysius College,2021,14,2678,64,21793,1403,0.9237348538845331,PA,Town/Rural,142186,31.8,Baccalaureate
214166,Mount Aloysius College,2020,24,2770,50,22082,1428,0.9523809523809523,PA,Town/Rural,143645,31.8,Baccalaureate
214166,Mount Aloysius College,2019,27,1791,17,21874,1407,0.9488272921108742,PA,Town/Rural,143842,31.8,Baccalaureate
209241,Mount Angel Seminary,2021,12,34,74,35588,5,0.4,OR,Town/Rural,42778,34,Special or Tribal
209241,Mount Angel Seminary,2020,21,33,79,34587,4,1,OR,Town/Rural,42173,34,Special or Tribal
209241,Mount Angel Seminary,2019,23,38,74,33065,7,0.8571428571428571,OR,Town/Rural,41717,34,Special or Tribal
204176,Mount Carmel College of Nursing,2023,30,575,39,11686,115,0.5739130434782609,OH,City/Suburb,133760,29,Special or Tribal
204176,Mount Carmel College of Nursing,2022,32,628,37,15006,82,0.6341463414634146,OH,City/Suburb,133872,29,Special or Tribal
204176,Mount Carmel College of Nursing,2021,32,621,33,18984,136,0.5220588235294118,OH,City/Suburb,136945,29,Special or Tribal
204176,Mount Carmel College of Nursing,2020,29,705,30,14454,146,0.8082191780821918,OH,City/Suburb,135941,29,Special or Tribal
204176,Mount Carmel College of Nursing,2019,26,733,23,15560,129,0.7364341085271318,OH,City/Suburb,135868,29,Special or Tribal
166939,Mount Holyoke College,2023,20,2209,50,35782,5030,0.38290258449304176,MA,City/Suburb,78133,44.5,Baccalaureate
166939,Mount Holyoke College,2022,21,2193,49,35765,4894,0.39762975071516143,MA,City/Suburb,78514,44.5,Baccalaureate
166939,Mount Holyoke College,2021,22,2220,50,29218,3971,0.5230420548980106,MA,City/Suburb,78839,44.5,Baccalaureate
166939,Mount Holyoke College,2020,20,1915,56,31165,3480,0.524712643678161,MA,City/Suburb,79537,44.5,Baccalaureate
166939,Mount Holyoke College,2019,19,2190,53,32008,3908,0.381525076765609,MA,City/Suburb,78060,44.5,Baccalaureate
219198,Mount Marty University,2023,19,1096,25,23163,1290,0.4813953488372093,SD,Town/Rural,9564,29.2,M
219198,Mount Marty University,2022,18,1080,23,21476,949,0.6838777660695469,SD,Town/Rural,9036,29.2,M
219198,Mount Marty University,2021,22,1061,20,21359,944,0.673728813559322,SD,Town/Rural,9008,29.2,M
219198,Mount Marty University,2020,19,987,23,18924,737,0.7842605156037992,SD,Town/Rural,8951,29.2,M
219198,Mount Marty University,2019,24,867,22,19704,479,0.7160751565762005,SD,Town/Rural,9241,29.2,M
239390,Mount Mary University,2023,58,781,70,19409,933,0.9335476956055734,WI,City/Suburb,67563,30,M
239390,Mount Mary University,2022,60,716,67,22897,1339,0.6945481702763256,WI,City/Suburb,65909,30,M
239390,Mount Mary University,2021,62,716,68,24065,1193,0.6236378876781223,WI,City/Suburb,66830,30,M
239390,Mount Mary University,2020,59,639,65,21063,1296,0.5300925925925926,WI,City/Suburb,68053,30,M
239390,Mount Mary University,2019,63,659,60,20156,724,0.5787292817679558,WI,City/Suburb,68191,30,M
154013,Mount Mercy University,2023,26,1185,36,23972,1436,0.7876044568245125,IA,City/Suburb,36870,29,M
154013,Mount Mercy University,2022,36,1271,28,24078,1569,0.7527087316762269,IA,City/Suburb,36521,29,M
154013,Mount Mercy University,2021,38,1290,26,25345,1278,0.8098591549295775,IA,City/Suburb,37097,29,M
154013,Mount Mercy University,2020,40,1381,23,25182,1160,0.7620689655172413,IA,City/Suburb,36359,29,M
154013,Mount Mercy University,2019,40,1442,24,20977,1176,0.6598639455782312,IA,City/Suburb,36735,29,M
193353,Mount Saint Mary College,2023,30,1897,66,24588,2229,0.8245850157021085,NY,City/Suburb,211853,37.2,M
193353,Mount Saint Mary College,2022,30,1542,50,23439,2604,0.8828725038402457,NY,City/Suburb,213993,37.2,M
193353,Mount Saint Mary College,2021,28,1568,43,22512,2784,0.9145114942528736,NY,City/Suburb,217586,37.2,M
193353,Mount Saint Mary College,2020,30,1781,43,25959,2178,0.9017447199265382,NY,City/Suburb,209688,37.2,M
193353,Mount Saint Mary College,2019,33,1881,43,25433,3249,0.938134810710988,NY,City/Suburb,212104,37.2,M
119173,Mount Saint Mary's University,2023,55,1767,91,27434,3430,0.6871720116618075,CA,City/Suburb,492544,34.2,M
119173,Mount Saint Mary's University,2022,55,1795,91,28717,2405,0.7575883575883576,CA,City/Suburb,473448,34.2,M
119173,Mount Saint Mary's University,2021,56,1930,90,24508,1710,0.9011695906432748,CA,City/Suburb,467260,34.2,M
119173,Mount Saint Mary's University,2020,60,2071,90,27346,1986,0.8932527693856999,CA,City/Suburb,477479,34.2,M
119173,Mount Saint Mary's University,2019,58,2238,92,29708,2165,0.8965357967667437,CA,City/Suburb,478819,34.2,M
204200,Mount St. Joseph University,2023,27,1446,22,15887,2169,0.5652374366067312,OH,City/Suburb,133760,29,R0
204200,Mount St. Joseph University,2022,25,1423,19,17506,2127,0.5434884814292431,OH,City/Suburb,133872,29,R0
204200,Mount St. Joseph University,2021,23,1475,18,17142,2511,0.631620868180008,OH,City/Suburb,136945,29,R0
204200,Mount St. Joseph University,2020,27,1473,17,18646,1300,0.6015384615384616,OH,City/Suburb,135941,29,R0
204200,Mount St. Joseph University,2019,30,1450,21,18503,1301,0.6241352805534205,OH,City/Suburb,135868,29,R0
163462,Mount St. Mary's University,2023,27,1873,50,25298,5422,0.7185540390999631,MD,Town/Rural,69770,40.8,M
163462,Mount St. Mary's University,2022,27,1896,46,24379,4346,0.795674183156926,MD,Town/Rural,69124,40.8,M
163462,Mount St. Mary's University,2021,27,2055,48,24471,4620,0.8175324675324676,MD,Town/Rural,71017,40.8,M
163462,Mount St. Mary's University,2020,24,2071,46,28111,6543,0.8045239186917317,MD,Town/Rural,67971,40.8,M
163462,Mount St. Mary's University,2019,28,1898,42,29283,4716,0.7478795589482612,MD,Town/Rural,68208,40.8,M
204194,Mount Vernon Nazarene University,2023,29,1631,13,23293,1134,0.8430335097001763,OH,Town/Rural,133760,29,M
204194,Mount Vernon Nazarene University,2022,30,1628,12,23391,1070,0.8532710280373832,OH,Town/Rural,133872,29,M
204194,Mount Vernon Nazarene University,2021,35,1699,13,23440,1182,0.8722504230118443,OH,Town/Rural,136945,29,M
204194,Mount Vernon Nazarene University,2020,35,1771,13,22280,1341,0.7248322147651006,OH,Town/Rural,135941,29,M
204194,Mount Vernon Nazarene University,2019,35,1816,14,21221,1305,0.7302681992337164,OH,Town/Rural,135868,29,M
214175,Muhlenberg College,2023,21,1788,28,31814,4348,0.640064397424103,PA,City/Suburb,142275,31.8,Baccalaureate
214175,Muhlenberg College,2022,20,1945,28,32926,4329,0.6551166551166551,PA,City/Suburb,139193,31.8,Baccalaureate
214175,Muhlenberg College,2021,19,2074,27,30920,4118,0.6775133559980573,PA,City/Suburb,142186,31.8,Baccalaureate
214175,Muhlenberg College,2020,19,2046,25,35152,4543,0.6218357913273167,PA,City/Suburb,143645,31.8,Baccalaureate
214175,Muhlenberg College,2019,17,2251,27,33603,4224,0.662405303030303,PA,City/Suburb,143842,31.8,Baccalaureate
209287,Multnomah University,2023,47,330,63,23072,317,0.49842271293375395,OR,City/Suburb,41163,34,M
209287,Multnomah University,2022,43,378,59,27695,474,0.5337552742616034,OR,City/Suburb,41057,34,M
209287,Multnomah University,2021,41,336,49,31285,320,0.59375,OR,City/Suburb,42778,34,M
209287,Multnomah University,2020,44,336,37,30407,219,0.589041095890411,OR,City/Suburb,42173,34,M
209287,Multnomah University,2019,48,365,32,29420,285,0.5263157894736842,OR,City/Suburb,41717,34,M
157401,Murray State University,2023,31,7878,20,9738,11038,0.8616597209639427,KY,Town/Rural,49328,24.8,M
157401,Murray State University,2022,31,7679,22,11042,10251,0.8398205053165545,KY,Town/Rural,49640,24.8,M
157401,Murray State University,2021,31,7657,22,11237,9144,0.851596675415573,KY,Town/Rural,50879,24.8,M
157401,Murray State University,2020,31,7863,21,11628,9552,0.7703098827470687,KY,Town/Rural,51547,24.8,M
157401,Murray State University,2019,31,8139,19,11512,8327,0.8239461991113246,KY,Town/Rural,51210,24.8,M
204264,Muskingum University,2023,41,1524,23,20269,2623,0.8166221883339687,OH,Town/Rural,133760,29,M
204264,Muskingum University,2022,39,1484,21,19682,2690,0.8639405204460967,OH,Town/Rural,133872,29,M
204264,Muskingum University,2021,43,1580,23,18575,2504,0.8562300319488818,OH,Town/Rural,136945,29,M
204264,Muskingum University,2020,41,1549,21,18561,2237,0.7966025927581583,OH,Town/Rural,135941,29,M
204264,Muskingum University,2019,37,1603,21,19743,2404,0.8061564059900166,OH,Town/Rural,135868,29,M
127653,Naropa University,2023,57,368,35,31491,100,0.94,CO,City/Suburb,63277,41.7,M
127653,Naropa University,2022,54,343,34,28145,94,1,CO,City/Suburb,64869,41.7,M
127653,Naropa University,2021,51,325,35,29924,148,1,CO,City/Suburb,63204,41.7,M
127653,Naropa University,2020,49,320,30,30725,160,1,CO,City/Suburb,61237,41.7,M
127653,Naropa University,2019,51,381,30,28851,135,0.9851851851851852,CO,City/Suburb,60962,41.7,M
147536,National Louis University,2023,57,4239,86,15724,4145,0.9312424607961399,IL,City/Suburb,148445,35.1,R0
147536,National Louis University,2022,59,3984,85,14769,3181,0.9204652624960704,IL,City/Suburb,145439,35.1,R0
147536,National Louis University,2021,61,3607,84,14665,1518,0.9703557312252964,IL,City/Suburb,150490,35.1,R0
147536,National Louis University,2020,62,3604,85,14769,3983,0.9746422294752699,IL,City/Suburb,149373,35.1,R0
147536,National Louis University,2019,57,3363,84,14848,2665,0.9767354596622889,IL,City/Suburb,152277,35.1,R0
119605,National University,2021,25,7648,68,24524,154,0.5454545454545454,CA,City/Suburb,467260,34.2,M
119605,National University,2020,29,8441,66,21363,47,0.8936170212765957,CA,City/Suburb,477479,34.2,M
119605,National University,2019,30,7356,66,29382,171,0.8947368421052632,CA,City/Suburb,478819,34.2,M
193584,Nazareth University,2023,26,1900,22,31321,3614,0.7949640287769785,NY,City/Suburb,211853,37.2,M
193584,Nazareth University,2022,25,1987,21,31620,3911,0.8394272564561494,NY,City/Suburb,213993,37.2,M
193584,Nazareth University,2021,25,2057,21,30557,4050,0.8562962962962963,NY,City/Suburb,217586,37.2,M
193584,Nazareth University,2020,26,2147,23,31521,3833,0.7568484216018784,NY,City/Suburb,209688,37.2,M
193584,Nazareth University,2019,28,2282,23,30240,4477,0.6448514630332812,NY,City/Suburb,212104,37.2,M
181297,Nebraska Methodist College of Nursing & Allied Health,2023,32,752,26,20650,111,0.8828828828828829,NE,City/Suburb,24387,32.4,Special or Tribal
181297,Nebraska Methodist College of Nursing & Allied Health,2022,33,808,24,18661,95,0.9052631578947369,NE,City/Suburb,23856,32.4,Special or Tribal
181297,Nebraska Methodist College of Nursing & Allied Health,2021,34,857,22,22074,105,0.8380952380952381,NE,City/Suburb,23769,32.4,Special or Tribal
181297,Nebraska Methodist College of Nursing & Allied Health,2020,36,814,19,24840,86,0.9186046511627907,NE,City/Suburb,23830,32.4,Special or Tribal
181297,Nebraska Methodist College of Nursing & Allied Health,2019,37,766,18,24926,78,0.9743589743589743,NE,City/Suburb,23314,32.4,Special or Tribal
181446,Nebraska Wesleyan University,2023,30,1531,26,24863,2295,0.8374727668845315,NE,City/Suburb,24387,32.4,M
181446,Nebraska Wesleyan University,2022,28,1545,23,25201,2370,0.8147679324894515,NE,City/Suburb,23856,32.4,M
181446,Nebraska Wesleyan University,2021,28,1706,21,25628,2507,0.8181092939768648,NE,City/Suburb,23769,32.4,M
181446,Nebraska Wesleyan University,2020,32,1773,20,26576,2435,0.6952772073921971,NE,City/Suburb,23830,32.4,M
181446,Nebraska Wesleyan University,2019,31,1842,20,24015,2405,0.6777546777546778,NE,City/Suburb,23314,32.4,M
163532,Ner Israel Rabbinical College,2023,21,292,11,11734,68,0.7941176470588235,MD,City/Suburb,69770,40.8,Special or Tribal
163532,Ner Israel Rabbinical College,2022,22,246,9,12076,72,0.7222222222222222,MD,City/Suburb,69124,40.8,Special or Tribal
163532,Ner Israel Rabbinical College,2021,17,261,7,14685,51,0.8235294117647058,MD,City/Suburb,71017,40.8,Special or Tribal
163532,Ner Israel Rabbinical College,2020,17,305,8,12174,77,0.8051948051948052,MD,City/Suburb,67971,40.8,Special or Tribal
163532,Ner Israel Rabbinical College,2019,23,290,9,10228,45,0.7777777777777778,MD,City/Suburb,68208,40.8,Special or Tribal
214272,Neumann University,2023,42,1695,52,29298,4212,0.7640075973409307,PA,City/Suburb,142275,31.8,M
214272,Neumann University,2022,41,1682,48,28707,3501,0.8546129677235076,PA,City/Suburb,139193,31.8,M
214272,Neumann University,2021,38,1738,46,28325,3463,0.8420444701126191,PA,City/Suburb,142186,31.8,M
214272,Neumann University,2020,38,1942,45,29471,3341,0.8033522897336127,PA,City/Suburb,143645,31.8,M
214272,Neumann University,2019,39,1901,44,24076,3641,0.6231804449327107,PA,City/Suburb,143842,31.8,M
441900,Nevada State University,2023,22,7224,82,16255,1733,0.8615118291979227,NV,Town/Rural,31588,24.9,Baccalaureate
441900,Nevada State University,2022,24,7115,83,16624,1558,0.824775353016688,NV,Town/Rural,32270,24.9,Baccalaureate
441900,Nevada State University,2021,24,7158,81,17046,1230,0.7902439024390244,NV,Town/Rural,32747,24.9,Baccalaureate
441900,Nevada State University,2020,31,7218,79,14360,1371,0.899343544857768,NV,Town/Rural,32765,24.9,Baccalaureate
441900,Nevada State University,2019,32,5531,74,14750,1342,0.8479880774962743,NV,Town/Rural,32173,24.9,Baccalaureate
262129,New College of Florida,2023,30,710,43,8368,2119,0.7399716847569608,FL,City/Suburb,214692,30.4,Baccalaureate
262129,New College of Florida,2022,30,669,35,10496,1830,0.7540983606557377,FL,City/Suburb,217330,30.4,Baccalaureate
262129,New College of Florida,2021,30,632,36,9727,1650,0.7418181818181818,FL,City/Suburb,223891,30.4,Baccalaureate
262129,New College of Florida,2020,28,646,33,11869,1382,0.6997105643994211,FL,City/Suburb,215797,30.4,Baccalaureate
262129,New College of Florida,2019,31,702,31,11028,1226,0.7308319738988581,FL,City/Suburb,213187,30.4,Baccalaureate
182980,New England College,2023,42,986,46,30280,2841,0.9574093629003871,NH,Town/Rural,15434,36.8,M
182980,New England College,2022,43,1043,53,29512,6416,0.9993765586034913,NH,Town/Rural,15352,36.8,M
182980,New England College,2021,46,1311,54,30558,5952,0.9998319892473119,NH,Town/Rural,15187,36.8,M
182980,New England College,2020,50,1774,51,32024,6909,0.9625126646403243,NH,Town/Rural,14958,36.8,M
182980,New England College,2019,54,1858,51,29369,10012,1,NH,Town/Rural,15466,36.8,M
217305,New England Institute of Technology,2023,44,1712,45,36714,2530,0.7272727272727273,RI,City/Suburb,11503,34.4,M
217305,New England Institute of Technology,2022,47,1720,43,33437,2375,0.7448421052631579,RI,City/Suburb,11411,34.4,M
217305,New England Institute of Technology,2021,47,1739,40,34721,2058,0.684645286686103,RI,City/Suburb,11480,34.4,M
217305,New England Institute of Technology,2020,47,1843,92,33681,2090,0.6913875598086124,RI,City/Suburb,11395,34.4,M
217305,New England Institute of Technology,2019,49,2326,87,31704,2084,0.6319577735124761,RI,City/Suburb,10892,34.4,M
208725,New Hope Christian College-Eugene,2023,78,46,50,16858,32,0.65625,OR,City/Suburb,41163,34,Special or Tribal
208725,New Hope Christian College-Eugene,2022,57,38,68,15863,85,0.3411764705882353,OR,City/Suburb,41057,34,Special or Tribal
208725,New Hope Christian College-Eugene,2021,56,44,77,18909,77,0.2727272727272727,OR,City/Suburb,42778,34,Special or Tribal
208725,New Hope Christian College-Eugene,2020,55,52,65,17297,19,0.9473684210526315,OR,City/Suburb,42173,34,Special or Tribal
208725,New Hope Christian College-Eugene,2019,67,92,54,16128,42,0.9761904761904762,OR,City/Suburb,41717,34,Special or Tribal
185129,New Jersey City University,2023,52,4209,84,12157,5757,0.8917839152336287,NJ,City/Suburb,104131,40.8,M
185129,New Jersey City University,2022,53,4895,84,19252,6372,0.901443816698054,NJ,City/Suburb,107755,40.8,M
185129,New Jersey City University,2021,58,5262,82,13756,5586,0.9065520945220193,NJ,City/Suburb,109108,40.8,M
185129,New Jersey City University,2020,59,5844,82,14029,6545,0.9633307868601986,NJ,City/Suburb,109961,40.8,M
185129,New Jersey City University,2019,61,6137,81,13685,4868,0.9463845521774856,NJ,City/Suburb,113367,40.8,M
185828,New Jersey Institute of Technology,2023,39,9523,72,16736,13993,0.6690488101193454,NJ,City/Suburb,104131,40.8,R1
185828,New Jersey Institute of Technology,2022,38,9019,68,17762,13010,0.6598770176787087,NJ,City/Suburb,107755,40.8,R1
185828,New Jersey Institute of Technology,2021,37,9183,70,16878,11578,0.6913974779754707,NJ,City/Suburb,109108,40.8,R1
185828,New Jersey Institute of Technology,2020,37,9084,69,18328,10299,0.6602582775026702,NJ,City/Suburb,109961,40.8,R1
185828,New Jersey Institute of Technology,2019,37,8794,68,18359,8201,0.7280819412266797,NJ,City/Suburb,113367,40.8,R1
187967,New Mexico Institute of Mining and Technology,2023,31,1227,55,9133,1112,0.539568345323741,NM,Town/Rural,20718,27.7,M
187967,New Mexico Institute of Mining and Technology,2022,32,1218,53,10429,1220,0.7442622950819672,NM,Town/Rural,20683,27.7,M
187967,New Mexico Institute of Mining and Technology,2021,33,1244,53,12471,1006,0.967196819085487,NM,Town/Rural,20434,27.7,M
187967,New Mexico Institute of Mining and Technology,2020,33,1229,54,14834,1754,0.9657924743443558,NM,Town/Rural,20968,27.7,M
187967,New Mexico Institute of Mining and Technology,2019,32,1324,48,14908,1143,0.7979002624671916,NM,Town/Rural,21861,27.7,M
188030,New Mexico State University-Main Campus,2023,40,12113,75,8353,15201,0.7572528123149793,NM,City/Suburb,20718,27.7,R2
188030,New Mexico State University-Main Campus,2022,41,11591,76,10407,15860,0.780453972257251,NM,City/Suburb,20683,27.7,R2
188030,New Mexico State University-Main Campus,2021,44,11231,76,11397,12535,0.5725568408456322,NM,City/Suburb,20434,27.7,R2
188030,New Mexico State University-Main Campus,2020,46,11575,75,11467,13715,0.6266861100984323,NM,City/Suburb,20968,27.7,R2
188030,New Mexico State University-Main Campus,2019,46,11675,75,9930,11903,0.5458287826598337,NM,City/Suburb,21861,27.7,R2
194091,New York Institute of Technology,2023,44,3355,79,23074,11249,0.7807805138234509,NY,Town/Rural,211853,37.2,M
194091,New York Institute of Technology,2022,44,3453,80,22494,11537,0.7572159140157754,NY,Town/Rural,213993,37.2,M
194091,New York Institute of Technology,2021,39,3414,77,22739,10469,0.8035151399369568,NY,Town/Rural,217586,37.2,M
194091,New York Institute of Technology,2020,39,3473,75,21912,11007,0.7467974925047697,NY,Town/Rural,209688,37.2,M
194091,New York Institute of Technology,2019,38,3694,74,22197,11848,0.6780047265361242,NY,Town/Rural,212104,37.2,M
194116,New York School of Interior Design,2023,15,440,43,39155,179,0.6033519553072626,NY,City/Suburb,211853,37.2,Special or Tribal
194116,New York School of Interior Design,2022,13,480,43,35102,169,0.650887573964497,NY,City/Suburb,213993,37.2,Special or Tribal
194116,New York School of Interior Design,2021,13,487,43,39668,191,0.5392670157068062,NY,City/Suburb,217586,37.2,Special or Tribal
194116,New York School of Interior Design,2020,12,456,45,40271,171,0.672514619883041,NY,City/Suburb,209688,37.2,Special or Tribal
194116,New York School of Interior Design,2019,14,417,45,47112,340,0.2411764705882353,NY,City/Suburb,212104,37.2,Special or Tribal
193900,New York University,2023,19,29760,78,30730,113578,0.09414675377273768,NY,City/Suburb,211853,37.2,R1
193900,New York University,2022,19,29401,78,29499,100662,0.12456537720291669,NY,City/Suburb,213993,37.2,R1
193900,New York University,2021,18,28772,78,50991,95517,0.12961043583864654,NY,City/Suburb,217586,37.2,R1
193900,New York University,2020,18,27444,77,45417,80210,0.2109213315047999,NY,City/Suburb,209688,37.2,R1
193900,New York University,2019,19,26981,74,37739,79462,0.16200196320253707,NY,City/Suburb,212104,37.2,R1
218414,Newberry College,2023,49,1462,51,20941,4269,0.7479503396579995,SC,Town/Rural,53335,28.3,Baccalaureate
218414,Newberry College,2022,49,1296,59,19405,3196,0.7531289111389237,SC,Town/Rural,52277,28.3,Baccalaureate
218414,Newberry College,2021,47,1237,57,19156,2160,0.5740740740740741,SC,Town/Rural,52010,28.3,Baccalaureate
218414,Newberry College,2020,48,1256,51,20205,2163,0.565880721220527,SC,Town/Rural,52680,28.3,Baccalaureate
218414,Newberry College,2019,49,1271,49,19623,1968,0.6275406504065041,SC,Town/Rural,53953,28.3,Baccalaureate
155335,Newman University,2023,12,2398,33,19315,985,0.4761421319796954,KS,City/Suburb,36832,33.8,M
155335,Newman University,2022,13,2444,34,18792,1454,0.5103163686382394,KS,City/Suburb,36624,33.8,M
155335,Newman University,2021,22,2154,25,17372,695,0.7165467625899281,KS,City/Suburb,36149,33.8,M
155335,Newman University,2020,14,1577,28,18545,597,0.830820770519263,KS,City/Suburb,35923,33.8,M
155335,Newman University,2019,14,2705,31,16533,1076,0.6747211895910781,KS,City/Suburb,35979,33.8,M
193973,Niagara University,2023,26,2747,42,17495,4148,0.8534233365477338,NY,City/Suburb,211853,37.2,M
193973,Niagara University,2022,27,2709,38,18165,3836,0.8954640250260688,NY,City/Suburb,213993,37.2,M
193973,Niagara University,2021,28,2785,36,18118,3628,0.9219955898566703,NY,City/Suburb,217586,37.2,M
193973,Niagara University,2020,28,2726,34,19172,3740,0.9240641711229947,NY,City/Suburb,209688,37.2,M
193973,Niagara University,2019,28,2808,35,18462,3660,0.8920765027322405,NY,City/Suburb,212104,37.2,M
159966,Nicholls State University,2023,35,5612,36,11029,3320,0.9602409638554217,LA,City/Suburb,49729,24.3,M
159966,Nicholls State University,2022,35,5314,38,12365,2289,0.9842726081258192,LA,City/Suburb,49777,24.3,M
159966,Nicholls State University,2021,36,5567,34,12907,2167,0.9718504845408399,LA,City/Suburb,52461,24.3,M
159966,Nicholls State University,2020,38,6134,36,12621,3189,0.9328943242395735,LA,City/Suburb,53334,24.3,M
159966,Nicholls State University,2019,37,5906,32,11545,2815,0.8799289520426288,LA,City/Suburb,52809,24.3,M
167260,Nichols College,2023,30,1152,28,31032,2117,0.8814359943316014,MA,City/Suburb,78133,44.5,M
167260,Nichols College,2022,30,1164,30,27192,2358,0.8486005089058524,MA,City/Suburb,78514,44.5,M
167260,Nichols College,2021,29,1207,28,28184,2193,0.8476972184222527,MA,City/Suburb,78839,44.5,M
167260,Nichols College,2020,30,1279,25,30300,2507,0.8037495013960909,MA,City/Suburb,79537,44.5,M
167260,Nichols College,2019,33,1325,23,28532,2488,0.797427652733119,MA,City/Suburb,78060,44.5,M
232937,Norfolk State University,2023,62,5510,98,12272,10211,0.8746449906963079,VA,City/Suburb,99497,39.3,M
232937,Norfolk State University,2022,63,5337,98,14652,8884,0.894979738856371,VA,City/Suburb,98780,39.3,M
232937,Norfolk State University,2021,63,5016,97,12264,6490,0.8864406779661017,VA,City/Suburb,100147,39.3,M
232937,Norfolk State University,2020,74,4992,97,15657,6944,0.9107142857142857,VA,City/Suburb,98970,39.3,M
232937,Norfolk State University,2019,65,5112,97,12645,7172,0.9168990518683771,VA,City/Suburb,95710,39.3,M
199102,North Carolina A & T State University,2023,51,12216,96,10258,30717,0.4617312888628447,NC,City/Suburb,108252,31.9,R2
199102,North Carolina A & T State University,2022,52,11833,96,9189,25762,0.5638537380638149,NC,City/Suburb,114167,31.9,R2
199102,North Carolina A & T State University,2021,53,11596,96,9145,21528,0.5734856930509105,NC,City/Suburb,116514,31.9,R2
199102,North Carolina A & T State University,2020,56,11130,95,9541,16366,0.5670903091775632,NC,City/Suburb,116615,31.9,R2
199102,North Carolina A & T State University,2019,57,11039,95,9097,15083,0.5829079095670623,NC,City/Suburb,114284,31.9,R2
199157,North Carolina Central University,2023,57,5973,96,13884,14192,0.9048759864712514,NC,City/Suburb,108252,31.9,M
199157,North Carolina Central University,2022,57,5634,95,13708,8423,0.8437611302386323,NC,City/Suburb,114167,31.9,M
199157,North Carolina Central University,2021,57,5892,95,14496,8244,0.7601892285298398,NC,City/Suburb,116514,31.9,M
199157,North Carolina Central University,2020,60,6067,94,13324,7496,0.8741995731056563,NC,City/Suburb,116615,31.9,M
199157,North Carolina Central University,2019,61,6101,94,13755,8311,0.679821922752978,NC,City/Suburb,114284,31.9,M
199193,North Carolina State University at Raleigh,2023,19,27323,33,14860,40049,0.39846188419186496,NC,City/Suburb,108252,31.9,R1
199193,North Carolina State University at Raleigh,2022,19,26254,33,14852,35568,0.4717442645074224,NC,City/Suburb,114167,31.9,R1
199193,North Carolina State University at Raleigh,2021,19,26505,33,14328,32998,0.47484696042184377,NC,City/Suburb,116514,31.9,R1
199193,North Carolina State University at Raleigh,2020,19,26150,32,14600,31487,0.4621907453869851,NC,City/Suburb,116615,31.9,R1
199193,North Carolina State University at Raleigh,2019,20,25973,33,14958,31130,0.45133311917764213,NC,City/Suburb,114284,31.9,R1
199209,North Carolina Wesleyan University,2023,47,1212,76,19111,2417,0.77947869259412494,NC,City/Suburb,108252,31.9,Baccalaureate
199209,North Carolina Wesleyan University,2022,45,1249,73,18701,2379,0.6843211433375368,NC,City/Suburb,114167,31.9,Baccalaureate
199209,North Carolina Wesleyan University,2021,51,1424,74,20208,2220,0.4509009009009009,NC,City/Suburb,116514,31.9,Baccalaureate
199209,North Carolina Wesleyan University,2020,52,1603,71,16772,3358,0.47587849910661106,NC,City/Suburb,116615,31.9,Baccalaureate
199209,North Carolina Wesleyan University,2019,52,1822,72,15437,3171,0.6228319142226427,NC,City/Suburb,114284,31.9,Baccalaureate
147660,North Central College,2023,25,2397,39,24190,5241,0.5830948292310628,IL,City/Suburb,148445,35.1,M
147660,North Central College,2022,26,2368,39,25285,5099,0.608746813100608,IL,City/Suburb,145439,35.1,M
147660,North Central College,2021,25,2404,36,26207,4551,0.6840254889035376,IL,City/Suburb,150490,35.1,M
147660,North Central College,2020,26,2475,35,26053,6919,0.5328804740569446,IL,City/Suburb,149373,35.1,M
147660,North Central College,2019,28,2615,35,25536,6847,0.5364393164889733,IL,City/Suburb,152277,35.1,M
174437,North Central University,2023,43,865,37,23694,621,0.9082125603864735,MN,City/Suburb,67002,36.7,Baccalaureate
174437,North Central University,2022,41,893,35,23374,544,0.9080882352941176,MN,City/Suburb,64579,36.7,Baccalaureate
174437,North Central University,2021,37,950,35,24232,553,0.9403254972875226,MN,City/Suburb,65199,36.7,Baccalaureate
174437,North Central University,2020,37,1007,32,22259,613,0.9298531810766721,MN,City/Suburb,66285,36.7,Baccalaureate
174437,North Central University,2019,37,1085,30,21457,653,0.8989280245022971,MN,City/Suburb,65499,36.7,Baccalaureate
200332,North Dakota State University-Main Campus,2023,19,9791,15,16461,7331,0.9581230391488201,ND,City/Suburb,7668,29.7,R1
200332,North Dakota State University-Main Campus,2022,19,10096,14,15962,8535,0.9567662565905096,ND,City/Suburb,7623,29.7,R1
200332,North Dakota State University-Main Campus,2021,19,10199,14,16677,8143,0.9545622006631462,ND,City/Suburb,7291,29.7,R1
200332,North Dakota State University-Main Campus,2020,20,10555,13,16638,7880,0.940989847715736,ND,City/Suburb,7385,29.7,R1
200332,North Dakota State University-Main Campus,2019,21,10831,14,16330,6211,0.935598132345838,ND,City/Suburb,7006,29.7,R1
218441,North Greenville University,2023,32,1944,32,20264,3243,0.627813752698119,SC,Town/Rural,53335,28.3,M
218441,North Greenville University,2022,30,1839,35,20323,2197,0.7605826126536186,SC,Town/Rural,52277,28.3,M
218441,North Greenville University,2021,34,1982,48,19514,1966,0.6973550356052899,SC,Town/Rural,52010,28.3,M
218441,North Greenville University,2020,33,1993,37,20627,1999,0.6533266633316658,SC,Town/Rural,52680,28.3,M
218441,North Greenville University,2019,34,2166,31,19124,1934,0.6282316442605997,SC,Town/Rural,53953,28.3,M
147679,North Park University,2023,43,1876,70,19910,3468,0.7283737024221453,IL,City/Suburb,148445,35.1,M
147679,North Park University,2022,44,1864,68,19029,5039,0.6800952569954356,IL,City/Suburb,145439,35.1,M
147679,North Park University,2021,46,1849,64,20260,4053,0.6713545521835678,IL,City/Suburb,150490,35.1,M
147679,North Park University,2020,46,1846,64,19320,4782,0.4395650355499791,IL,City/Suburb,149373,35.1,M
147679,North Park University,2019,45,1912,61,20068,4435,0.47643742953776774,IL,City/Suburb,152277,35.1,M
147776,Northeastern Illinois University,2023,54,4042,83,14669,8481,0.704044334394529,IL,City/Suburb,148445,35.1,M
147776,Northeastern Illinois University,2022,51,4207,78,14262,4603,0.6269824027807951,IL,City/Suburb,145439,35.1,M
147776,Northeastern Illinois University,2021,48,4608,77,14133,3399,0.6210650191232715,IL,City/Suburb,150490,35.1,M
147776,Northeastern Illinois University,2020,49,5220,76,14831,4885,0.6069600818833163,IL,City/Suburb,149373,35.1,M
147776,Northeastern Illinois University,2019,48,5700,73,14941,4711,0.5848015283379325,IL,City/Suburb,152277,35.1,M
207263,Northeastern State University,2023,42,5006,56,11153,1386,0.9920634920634921,OK,Town/Rural,47211,25.6,M
207263,Northeastern State University,2022,43,5242,54,9669,1674,0.9946236559139785,OK,Town/Rural,46032,25.6,M
207263,Northeastern State University,2021,44,5523,52,9507,1474,0.994572591587517,OK,Town/Rural,46211,25.6,M
207263,Northeastern State University,2020,45,6004,52,9790,1584,0.9949494949494949,OK,Town/Rural,45702,25.6,M
207263,Northeastern State University,2019,46,6289,53,9415,1529,0.9960758665794637,OK,Town/Rural,43828,25.6,M
167358,Northeastern University,2023,12,15891,60,34770,96631,0.056493257857209385,MA,City/Suburb,78133,44.5,R1
167358,Northeastern University,2022,13,16302,58,35827,91000,0.06803296703296703,MA,City/Suburb,78514,44.5,R1
167358,Northeastern University,2021,11,15747,57,38927,75244,0.18378874063048217,MA,City/Suburb,78839,44.5,R1
167358,Northeastern University,2020,11,15156,55,37738,64459,0.2047658201337284,MA,City/Suburb,79537,44.5,R1
167358,Northeastern University,2019,11,14202,56,36479,62263,0.18052454909014984,MA,City/Suburb,78060,44.5,R1
118888,Northeastern University Oakland,2021,46,446,67,25283,847,0.7981109799291618,CA,City/Suburb,467260,34.2,M
118888,Northeastern University Oakland,2020,49,613,66,27954,824,0.9114077669902912,CA,City/Suburb,477479,34.2,M
118888,Northeastern University Oakland,2019,52,723,63,25417,1064,0.7584586466165414,CA,City/Suburb,478819,34.2,M
105330,Northern Arizona University,2023,30,23128,46,16544,37805,0.9094828726358947,AZ,City/Suburb,76808,29.7,R2
105330,Northern Arizona University,2022,31,23204,44,17115,44855,0.7999331178240999,AZ,City/Suburb,74911,29.7,R2
105330,Northern Arizona University,2021,32,24162,45,16059,42872,0.7835417055420787,AZ,City/Suburb,77005,29.7,R2
105330,Northern Arizona University,2020,33,25228,46,15692,37386,0.8164286096399722,AZ,City/Suburb,77873,29.7,R2
105330,Northern Arizona University,2019,34,26511,46,14236,36810,0.8488997555012225,AZ,City/Suburb,76552,29.7,R2
147703,Northern Illinois University,2023,46,11358,58,13533,24177,0.7045125532530918,IL,City/Suburb,148445,35.1,R2
147703,Northern Illinois University,2022,45,11429,56,13884,25961,0.7067524363468279,IL,City/Suburb,145439,35.1,R2
147703,Northern Illinois University,2021,43,11834,54,13265,22602,0.7044509335457039,IL,City/Suburb,150490,35.1,R2
147703,Northern Illinois University,2020,43,12277,52,14397,16690,0.5924505692031157,IL,City/Suburb,149373,35.1,R2
147703,Northern Illinois University,2019,44,12131,48,18346,15693,0.4835276875039827,IL,City/Suburb,152277,35.1,R2
157447,Northern Kentucky University,2023,24,9927,23,8151,6417,0.9602618045815802,KY,City/Suburb,49328,24.8,R0
157447,Northern Kentucky University,2022,26,10776,22,7259,6905,0.8601013758146271,KY,City/Suburb,49640,24.8,R0
157447,Northern Kentucky University,2021,26,10814,20,7443,6637,0.8029230073828537,KY,City/Suburb,50879,24.8,R0
157447,Northern Kentucky University,2020,27,11507,19,9664,6686,0.8703260544421179,KY,City/Suburb,51547,24.8,R0
157447,Northern Kentucky University,2019,29,11868,19,9412,6080,0.9018092105263158,KY,City/Suburb,51210,24.8,R0
171456,Northern Michigan University,2023,27,6584,16,17937,6922,0.6995088124819416,MI,Town/Rural,108265,29.6,M
171456,Northern Michigan University,2022,29,6434,15,17346,6217,0.7054849605919253,MI,Town/Rural,103443,29.6,M
171456,Northern Michigan University,2021,30,6611,15,17686,6553,0.712650694338471,MI,Town/Rural,107239,29.6,M
171456,Northern Michigan University,2020,32,6734,15,15681,6233,0.668859297288625,MI,Town/Rural,108725,29.6,M
171456,Northern Michigan University,2019,34,7136,16,15201,7677,0.6558551517519865,MI,Town/Rural,112177,29.6,M
219259,Northern State University,2023,12,2932,16,16873,1082,0.9279112754158965,SD,Town/Rural,9564,29.2,M
219259,Northern State University,2022,13,2851,16,17264,1109,0.933273219116321,SD,Town/Rural,9036,29.2,M
219259,Northern State University,2021,14,2867,15,16821,1229,0.7982099267697315,SD,Town/Rural,9008,29.2,M
219259,Northern State University,2020,15,2968,15,16404,1038,0.7870905587668593,SD,Town/Rural,8951,29.2,M
219259,Northern State University,2019,17,3008,17,15575,1409,0.8445706174591909,SD,Town/Rural,9241,29.2,M
239512,Northland College,2023,32,485,30,24020,894,0.7181208053691275,WI,Town/Rural,67563,30,Baccalaureate
239512,Northland College,2022,37,518,29,23252,1316,0.6838905775075987,WI,Town/Rural,65909,30,Baccalaureate
239512,Northland College,2021,35,531,29,22994,1436,0.5766016713091922,WI,Town/Rural,66830,30,Baccalaureate
239512,Northland College,2020,37,570,33,20340,1706,0.6430246189917936,WI,Town/Rural,68053,30,Baccalaureate
239512,Northland College,2019,40,609,26,19822,1442,0.6650485436893204,WI,Town/Rural,68191,30,Baccalaureate
178624,Northwest Missouri State University,2023,27,5599,19,15497,6834,0.8590869183494293,MO,Town/Rural,67773,29.5,M
178624,Northwest Missouri State University,2022,28,5308,18,14197,6877,0.855605641995056,MO,Town/Rural,66781,29.5,M
178624,Northwest Missouri State University,2021,30,5306,17,13754,7039,0.8558033811620969,MO,Town/Rural,66906,29.5,M
178624,Northwest Missouri State University,2020,31,5482,17,13375,8143,0.8010561218224241,MO,Town/Rural,67892,29.5,M
178624,Northwest Missouri State University,2019,32,5710,18,12765,9013,0.7323865527571286,MO,Town/Rural,68482,29.5,M
142461,Northwest Nazarene University,2023,29,1156,33,27291,3571,0.6295155418650238,ID,City/Suburb,21457,27.7,M
142461,Northwest Nazarene University,2022,27,1140,26,25674,3394,0.8818503241013553,ID,City/Suburb,21128,27.7,M
142461,Northwest Nazarene University,2021,31,1323,25,23045,2843,0.8814632430531129,ID,City/Suburb,20809,27.7,M
142461,Northwest Nazarene University,2020,30,1389,25,21616,2793,0.7683494450411744,ID,City/Suburb,20446,27.7,M
142461,Northwest Nazarene University,2019,34,1423,25,20559,1666,0.8553421368547419,ID,City/Suburb,20130,27.7,M
236133,Northwest University,2023,23,679,42,25917,586,0.8805460750853242,WA,City/Suburb,78990,36.7,M
236133,Northwest University,2022,28,720,42,23722,383,0.9425587467362925,WA,City/Suburb,78071,36.7,M
236133,Northwest University,2021,30,778,35,23169,473,0.959830866807611,WA,City/Suburb,79537,36.7,M
236133,Northwest University,2020,34,838,45,21825,498,0.927710843373494,WA,City/Suburb,79042,36.7,M
236133,Northwest University,2019,33,947,40,22010,556,0.9316546762589928,WA,City/Suburb,78061,36.7,M
154101,Northwestern College,2023,23,1146,22,24737,1155,0.8701298701298701,IA,Town/Rural,36870,29,M
154101,Northwestern College,2022,25,1153,23,25198,1105,0.8733031674208145,IA,Town/Rural,36521,29,M
154101,Northwestern College,2021,25,1053,20,24848,1172,0.8302047781569966,IA,Town/Rural,37097,29,M
154101,Northwestern College,2020,25,1069,17,24513,1136,0.7376760563380281,IA,Town/Rural,36359,29,M
154101,Northwestern College,2019,27,1061,18,24085,1332,0.6951951951951952,IA,Town/Rural,36735,29,M
207306,Northwestern Oklahoma State University,2023,41,1724,38,12067,1293,0.6643464810518175,OK,Town/Rural,47211,25.6,M
207306,Northwestern Oklahoma State University,2022,40,1647,37,10448,1503,0.5642049234863606,OK,Town/Rural,46032,25.6,M
207306,Northwestern Oklahoma State University,2021,41,1590,36,10403,1204,0.5930232558139535,OK,Town/Rural,46211,25.6,M
207306,Northwestern Oklahoma State University,2020,48,1640,39,10747,1012,0.7025691699604744,OK,Town/Rural,45702,25.6,M
207306,Northwestern Oklahoma State University,2019,45,1767,39,9660,1143,0.6255468066491688,OK,Town/Rural,43828,25.6,M
160038,Northwestern State University of Louisiana,2023,35,7898,43,13156,3194,0.9373825923606762,LA,Town/Rural,49729,24.3,M
160038,Northwestern State University of Louisiana,2022,37,8405,42,14238,2903,0.9793317258008957,LA,Town/Rural,49777,24.3,M
160038,Northwestern State University of Louisiana,2021,38,9622,43,13500,3738,0.9628143392188336,LA,Town/Rural,52461,24.3,M
160038,Northwestern State University of Louisiana,2020,42,10339,44,12938,4290,0.9484848484848485,LA,Town/Rural,53334,24.3,M
160038,Northwestern State University of Louisiana,2019,41,9825,44,12336,4035,0.8198265179677819,LA,Town/Rural,52809,24.3,M
147767,Northwestern University,2023,19,9157,66,23341,51769,0.07152929359269061,IL,City/Suburb,148445,35.1,R1
147767,Northwestern University,2022,18,8993,63,22095,51261,0.07208208969782096,IL,City/Suburb,145439,35.1,R1
147767,Northwestern University,2021,19,8847,60,29259,47636,0.06971618103954992,IL,City/Suburb,150490,35.1,R1
147767,Northwestern University,2020,18,8559,58,28344,39263,0.09306471741843465,IL,City/Suburb,149373,35.1,R1
147767,Northwestern University,2019,18,8682,56,26196,40585,0.09050141677959837,IL,City/Suburb,152277,35.1,R1
171492,Northwood University,2023,25,1989,33,26429,2074,0.8389585342333655,MI,City/Suburb,108265,29.6,Special or Tribal
171492,Northwood University,2022,24,1940,31,24616,1368,0.7967836257309941,MI,City/Suburb,103443,29.6,Special or Tribal
171492,Northwood University,2021,26,2116,31,23080,1123,0.8334817453250223,MI,City/Suburb,107239,29.6,Special or Tribal
171492,Northwood University,2020,26,2254,31,21348,1056,0.7679924242424242,MI,City/Suburb,108725,29.6,Special or Tribal
171492,Northwood University,2019,30,2623,34,20610,1099,0.7907188353048226,MI,City/Suburb,112177,29.6,Special or Tribal
230995,Norwich University,2023,24,2642,32,28196,5157,0.7360868722125267,VT,Town/Rural,5789,38.7,M
230995,Norwich University,2022,24,2863,33,24501,4268,0.8261480787253983,VT,Town/Rural,5977,38.7,M
230995,Norwich University,2021,24,2988,29,27973,3280,0.8676829268292683,VT,Town/Rural,5988,38.7,M
230995,Norwich University,2020,26,3236,32,25641,4053,0.7416728349370837,VT,Town/Rural,6158,38.7,M
230995,Norwich University,2019,27,3266,31,26343,3827,0.7507185785210347,VT,Town/Rural,6547,38.7,M
163578,Notre Dame of Maryland University,2023,32,686,72,22552,2309,0.8648765699436985,MD,City/Suburb,69770,40.8,M
163578,Notre Dame of Maryland University,2022,42,660,70,22675,1680,0.6958333333333333,MD,City/Suburb,69124,40.8,M
163578,Notre Dame of Maryland University,2021,46,807,67,26574,1816,0.6508810572687225,MD,City/Suburb,71017,40.8,M
163578,Notre Dame of Maryland University,2020,43,755,60,20023,1554,0.6229086229086229,MD,City/Suburb,67971,40.8,M
163578,Notre Dame of Maryland University,2019,42,783,62,19664,1155,0.6173160173160173,MD,City/Suburb,68208,40.8,M
136215,Nova Southeastern University,2023,37,7219,72,32756,17621,0.7266897451903979,FL,City/Suburb,214692,30.4,R2
136215,Nova Southeastern University,2022,39,6971,73,29589,16789,0.7579963071058431,FL,City/Suburb,217330,30.4,R2
136215,Nova Southeastern University,2021,39,6637,74,26530,11749,0.925014894884671,FL,City/Suburb,223891,30.4,R2
136215,Nova Southeastern University,2020,41,6314,73,26317,11324,0.9245849523136701,FL,City/Suburb,215797,30.4,R2
136215,Nova Southeastern University,2019,40,5666,73,24776,11058,0.8009585820220655,FL,City/Suburb,213187,30.4,R2
174525,Oak Hills Christian College,2020,60,103,33,17485,126,0.626984126984127,MN,Town/Rural,66285,36.7,Baccalaureate
174525,Oak Hills Christian College,2019,66,90,19,16989,26,1,MN,Town/Rural,65499,36.7,Baccalaureate
152099,Oakland City University,2023,32,522,42,12268,626,0.6821086261980831,IN,Town/Rural,76628,27.1,R0
152099,Oakland City University,2022,28,699,35,17103,883,0.5571913929784824,IN,Town/Rural,74897,27.1,R0
152099,Oakland City University,2021,18,694,41,11760,913,0.7261774370208105,IN,Town/Rural,78348,27.1,R0
152099,Oakland City University,2020,18,1100,21,12481,913,0.6330777656078861,IN,Town/Rural,78809,27.1,R0
152099,Oakland City University,2019,19,1265,30,12416,1010,0.5475247524752476,IN,Town/Rural,76144,27.1,R0
171571,Oakland University,2023,30,12719,30,15734,12398,0.7023713502177771,MI,City/Suburb,108265,29.6,R2
171571,Oakland University,2022,30,12841,30,15161,11110,0.9005400540054005,MI,City/Suburb,103443,29.6,R2
171571,Oakland University,2021,30,13771,29,14316,10645,0.9209018318459371,MI,City/Suburb,107239,29.6,R2
171571,Oakland University,2020,31,15100,29,14672,12054,0.8110170897627343,MI,City/Suburb,108725,29.6,R2
171571,Oakland University,2019,31,15543,28,12843,12443,0.830507112432693,MI,City/Suburb,112177,29.6,R2
101912,Oakwood University,2023,47,1279,99,22833,2370,0.5050632911392405,AL,City/Suburb,52181,25.5,Baccalaureate
101912,Oakwood University,2022,49,1431,99,19373,1446,0.6804979253112033,AL,City/Suburb,53739,25.5,Baccalaureate
101912,Oakwood University,2021,47,1378,100,22484,881,0.7185017026106697,AL,City/Suburb,54466,25.5,Baccalaureate
101912,Oakwood University,2020,54,1339,99,27330,1135,0.8881057268722466,AL,City/Suburb,52925,25.5,Baccalaureate
101912,Oakwood University,2019,48,1461,100,23398,1775,0.6473239436619719,AL,City/Suburb,55331,25.5,Baccalaureate
204501,Oberlin College,2023,9,2966,38,50484,11039,0.3298306005978802,OH,Town/Rural,133760,29,Baccalaureate
204501,Oberlin College,2022,9,2986,39,46462,11066,0.34872582685703957,OH,Town/Rural,133872,29,Baccalaureate
204501,Oberlin College,2021,9,2942,39,44689,10597,0.3433990752099651,OH,Town/Rural,136945,29,Baccalaureate
204501,Oberlin College,2020,9,2647,41,42745,9309,0.3536362659791599,OH,Town/Rural,135941,29,Baccalaureate
204501,Oberlin College,2019,9,2846,39,43612,7708,0.3640373637778931,OH,Town/Rural,135868,29,Baccalaureate
120254,Occidental College,2023,16,1854,52,47113,6573,0.3989046097672296,CA,City/Suburb,492544,34.2,Baccalaureate
120254,Occidental College,2022,17,1942,51,44853,6305,0.39397303727200633,CA,City/Suburb,473448,34.2,Baccalaureate
120254,Occidental College,2021,18,1964,53,43047,6495,0.38244803695150115,CA,City/Suburb,467260,34.2,Baccalaureate
120254,Occidental College,2020,19,1839,53,41102,6939,0.4089926502377864,CA,City/Suburb,477479,34.2,Baccalaureate
120254,Occidental College,2019,20,1985,51,35362,7501,0.3668844154112785,CA,City/Suburb,478819,34.2,Baccalaureate
140696,Oglethorpe University,2023,34,1499,70,22251,2854,0.6005606166783461,GA,City/Suburb,126146,31.9,Baccalaureate
140696,Oglethorpe University,2022,37,1491,62,20094,2816,0.7098721590909091,GA,City/Suburb,122695,31.9,Baccalaureate
140696,Oglethorpe University,2021,35,1446,61,14929,2277,0.8129117259552042,GA,City/Suburb,124712,31.9,Baccalaureate
140696,Oglethorpe University,2020,37,1452,58,22623,2386,0.6693210393964795,GA,City/Suburb,126126,31.9,Baccalaureate
140696,Oglethorpe University,2019,39,1385,56,22539,2327,0.6755479157713794,GA,City/Suburb,121897,31.9,Baccalaureate
201964,Ohio Christian University,2023,34,1340,29,21092,1223,0.3990188062142273,OH,Town/Rural,133760,29,M
204617,Ohio Dominican University,2023,39,894,48,21006,1559,0.8524695317511225,OH,City/Suburb,133760,29,M
204617,Ohio Dominican University,2022,37,846,48,21881,2186,0.5242451967063129,OH,City/Suburb,133872,29,M
204617,Ohio Dominican University,2021,38,904,50,20772,2185,0.5354691075514875,OH,City/Suburb,136945,29,M
204617,Ohio Dominican University,2020,40,951,46,19365,2190,0.4949771689497717,OH,City/Suburb,135941,29,M
204617,Ohio Dominican University,2019,40,1080,49,20478,1395,0.839426523297491,OH,City/Suburb,135868,29,M
204635,Ohio Northern University,2023,19,2592,23,26396,4537,0.7335243553008596,OH,Town/Rural,133760,29,Baccalaureate
204635,Ohio Northern University,2022,19,2569,20,27376,6625,0.5436981132075471,OH,Town/Rural,133872,29,Baccalaureate
204635,Ohio Northern University,2021,23,2426,19,25006,5205,0.68895292987512,OH,Town/Rural,136945,29,Baccalaureate
204635,Ohio Northern University,2020,23,2130,22,26011,4221,0.6519782042170101,OH,Town/Rural,135941,29,Baccalaureate
204635,Ohio Northern University,2019,26,2239,23,24821,3899,0.7014619133111054,OH,Town/Rural,135868,29,Baccalaureate
204796,Ohio State University-Main Campus,2023,19,45728,38,19575,70028,0.5081967213114754,OH,City/Suburb,133760,29,R1
204796,Ohio State University-Main Campus,2022,20,46123,37,19582,65189,0.5272361901547807,OH,City/Suburb,133872,29,R1
204796,Ohio State University-Main Campus,2021,20,47106,36,19474,58180,0.5718288071502234,OH,City/Suburb,136945,29,R1
204796,Ohio State University-Main Campus,2020,20,46984,34,18884,49087,0.6848860187014892,OH,City/Suburb,135941,29,R1
204796,Ohio State University-Main Campus,2019,21,46818,35,18706,47703,0.5373666226442781,OH,City/Suburb,135868,29,R1
204857,Ohio University-Main Campus,2023,20,19100,18,20550,25648,0.8475904553961322,OH,Town/Rural,133760,29,R1
204857,Ohio University-Main Campus,2022,21,18113,19,20207,24978,0.8651613419809432,OH,Town/Rural,133872,29,R1
204857,Ohio University-Main Campus,2021,22,18399,20,20496,21733,0.8855197165600699,OH,Town/Rural,136945,29,R1
204857,Ohio University-Main Campus,2020,23,19284,19,23307,22518,0.8748556710187405,OH,Town/Rural,135941,29,R1
204857,Ohio University-Main Campus,2019,24,20989,18,22521,24179,0.8206708300591422,OH,Town/Rural,135868,29,R1
204909,Ohio Wesleyan University,2023,25,1452,26,23826,5708,0.5066573230553609,OH,City/Suburb,133760,29,Baccalaureate
204909,Ohio Wesleyan University,2022,26,1410,29,27311,5324,0.5217881292261457,OH,City/Suburb,133872,29,Baccalaureate
204909,Ohio Wesleyan University,2021,28,1339,29,25522,3573,0.7408340330254688,OH,City/Suburb,136945,29,Baccalaureate
204909,Ohio Wesleyan University,2020,29,1426,29,26628,3962,0.6839979808177689,OH,City/Suburb,135941,29,Baccalaureate
204909,Ohio Wesleyan University,2019,32,1494,31,27242,4281,0.6729736042980612,OH,City/Suburb,135868,29,Baccalaureate
207403,Oklahoma Baptist University,2023,31,1409,41,25099,3730,0.5568364611260054,OK,Town/Rural,47211,25.6,M
207403,Oklahoma Baptist University,2022,29,1330,35,24672,3403,0.47340581839553336,OK,Town/Rural,46032,25.6,M
207403,Oklahoma Baptist University,2021,34,1430,32,23871,2603,0.5574337303111794,OK,Town/Rural,46211,25.6,M
207403,Oklahoma Baptist University,2020,34,1647,33,24277,3269,0.5821352095442032,OK,Town/Rural,45702,25.6,M
207403,Oklahoma Baptist University,2019,37,1754,32,23175,4313,0.5747739392534199,OK,Town/Rural,43828,25.6,M
207324,Oklahoma Christian University,2023,30,2012,37,21810,1367,0.9707388441843453,OK,City/Suburb,47211,25.6,M
207324,Oklahoma Christian University,2022,28,1950,39,20237,1634,0.9602203182374541,OK,City/Suburb,46032,25.6,M
207324,Oklahoma Christian University,2021,25,1862,32,19807,1499,0.9653102068045364,OK,City/Suburb,46211,25.6,M
207324,Oklahoma Christian University,2020,25,1755,27,20761,2186,0.6120768526989936,OK,City/Suburb,45702,25.6,M
207324,Oklahoma Christian University,2019,25,1742,27,22137,2206,0.6654578422484134,OK,City/Suburb,43828,25.6,M
207458,Oklahoma City University,2023,23,1447,38,23143,1432,0.7039106145251397,OK,City/Suburb,47211,25.6,R0
207458,Oklahoma City University,2022,22,1361,37,25235,1432,0.7039106145251397,OK,City/Suburb,46032,25.6,R0
207458,Oklahoma City University,2021,21,1429,37,26350,1334,0.7923538230884558,OK,City/Suburb,46211,25.6,R0
207458,Oklahoma City University,2020,23,1527,37,25072,1714,0.7310385064177363,OK,City/Suburb,45702,25.6,R0
207458,Oklahoma City University,2019,22,1597,37,24264,1723,0.7463726059199072,OK,City/Suburb,43828,25.6,R0
207388,Oklahoma State University-Main Campus,2023,26,21354,34,18291,19612,0.7092596369569651,OK,Town/Rural,47211,25.6,R1
207388,Oklahoma State University-Main Campus,2022,27,20786,33,16718,19117,0.706334675942878,OK,Town/Rural,46032,25.6,R1
207388,Oklahoma State University-Main Campus,2021,27,20216,32,14603,16934,0.6836541868430377,OK,Town/Rural,46211,25.6,R1
207388,Oklahoma State University-Main Campus,2020,28,20323,32,14763,17164,0.6708809135399674,OK,Town/Rural,45702,25.6,R1
207388,Oklahoma State University-Main Campus,2019,29,20041,32,15325,15277,0.6998101721542188,OK,Town/Rural,43828,25.6,R1
206835,Oklahoma Wesleyan University,2023,39,824,50,26811,688,0.7703488372093024,OK,Town/Rural,47211,25.6,M
206835,Oklahoma Wesleyan University,2022,38,850,47,27590,800,0.52125,OK,Town/Rural,46032,25.6,M
206835,Oklahoma Wesleyan University,2021,28,782,48,25436,894,0.5391498881431768,OK,Town/Rural,46211,25.6,M
206835,Oklahoma Wesleyan University,2020,39,791,43,25273,2376,0.8265993265993266,OK,Town/Rural,45702,25.6,M
206835,Oklahoma Wesleyan University,2019,43,864,38,24501,2370,0.5751054852320675,OK,Town/Rural,43828,25.6,M
232982,Old Dominion University,2023,37,17736,59,16150,15216,0.9051656151419558,VA,City/Suburb,99497,39.3,R1
232982,Old Dominion University,2022,37,18375,58,16098,14435,0.9514374783512296,VA,City/Suburb,98780,39.3,R1
232982,Old Dominion University,2021,36,18678,57,17254,13586,0.9623141469159429,VA,City/Suburb,100147,39.3,R1
232982,Old Dominion University,2020,38,19622,56,17162,13651,0.9540692989524577,VA,City/Suburb,98970,39.3,R1
232982,Old Dominion University,2019,39,19176,56,16681,13761,0.8933217062713465,VA,City/Suburb,95710,39.3,R1
147828,Olivet Nazarene University,2023,35,2569,38,22707,4426,0.6690013556258473,IL,City/Suburb,148445,35.1,M
147828,Olivet Nazarene University,2022,35,2519,35,20059,6196,0.577953518398967,IL,City/Suburb,145439,35.1,M
147828,Olivet Nazarene University,2021,35,2643,31,20431,5881,0.6055092671314403,IL,City/Suburb,150490,35.1,M
147828,Olivet Nazarene University,2020,35,2802,29,20006,4711,0.6656760772659732,IL,City/Suburb,149373,35.1,M
147828,Olivet Nazarene University,2019,33,3110,28,21043,5019,0.5776051006176529,IL,City/Suburb,152277,35.1,M
207582,Oral Roberts University,2023,34,4565,61,24347,3639,0.9859851607584501,OK,City/Suburb,47211,25.6,M
207582,Oral Roberts University,2022,36,4289,63,22360,4045,0.7836835599505563,OK,City/Suburb,46032,25.6,M
207582,Oral Roberts University,2021,36,4009,68,21176,3350,0.8498507462686568,OK,City/Suburb,46211,25.6,M
207582,Oral Roberts University,2020,38,3682,63,20461,3956,0.7838725985844287,OK,City/Suburb,45702,25.6,M
207582,Oral Roberts University,2019,39,3581,60,20872,3434,0.6828771112405359,OK,City/Suburb,43828,25.6,M
209506,Oregon Institute of Technology,2023,19,5012,36,17274,5006,0.9166999600479425,OR,Town/Rural,41163,34,Baccalaureate
209506,Oregon Institute of Technology,2022,21,4802,35,17283,4570,0.92582056892779,OR,Town/Rural,41057,34,Baccalaureate
209506,Oregon Institute of Technology,2021,23,4776,32,17532,4593,0.9061615501850643,OR,Town/Rural,42778,34,Baccalaureate
209506,Oregon Institute of Technology,2020,23,5184,33,16702,4231,0.9513117466320019,OR,Town/Rural,42173,34,Baccalaureate
209506,Oregon Institute of Technology,2019,24,5172,33,16880,1206,0.9709784411276948,OR,Town/Rural,41717,34,Baccalaureate
209542,Oregon State University,2023,22,30021,37,21868,29025,0.7884926787252369,OR,City/Suburb,41163,34,R1
209542,Oregon State University,2022,22,28905,37,21163,25651,0.8252699699816771,OR,City/Suburb,41057,34,R1
209542,Oregon State University,2021,23,27564,37,20318,23188,0.8921424874935311,OR,City/Suburb,42778,34,R1
209542,Oregon State University,2020,23,26644,38,21444,17374,0.8221480372971106,OR,City/Suburb,42173,34,R1
209542,Oregon State University,2019,26,26247,38,19273,15786,0.8232611174458381,OR,City/Suburb,41717,34,R1
440828,Oregon State University-Cascades Campus,2023,28,1058,24,18949,1787,0.6843872411863459,OR,City/Suburb,41163,34,Not Carnegie
440828,Oregon State University-Cascades Campus,2022,29,1042,25,18129,2097,0.7901764425369575,OR,City/Suburb,41057,34,Not Carnegie
440828,Oregon State University-Cascades Campus,2021,31,1044,25,18737,3439,0.8580982843849957,OR,City/Suburb,42778,34,Not Carnegie
440828,Oregon State University-Cascades Campus,2020,33,1050,25,19735,1660,0.766867469879518,OR,City/Suburb,42173,34,Not Carnegie
440828,Oregon State University-Cascades Campus,2019,40,1026,25,17837,1450,0.7744827586206896,OR,City/Suburb,41717,34,Not Carnegie
120403,Otis College of Art and Design,2023,31,1243,78,49440,2459,0.8397722651484343,CA,City/Suburb,492544,34.2,Special or Tribal
120403,Otis College of Art and Design,2022,32,1268,78,48198,2083,0.8329332693230916,CA,City/Suburb,473448,34.2,Special or Tribal
120403,Otis College of Art and Design,2021,37,1197,78,45402,2284,0.7981611208406305,CA,City/Suburb,467260,34.2,Special or Tribal
120403,Otis College of Art and Design,2020,36,1030,77,46876,2342,0.8031596925704526,CA,City/Suburb,477479,34.2,Special or Tribal
120403,Otis College of Art and Design,2019,35,1125,77,45406,2442,0.7817362817362817,CA,City/Suburb,478819,34.2,Special or Tribal
155627,Ottawa University-Ottawa,2023,35,936,47,28126,3600,0.8002777777777778,KS,Town/Rural,36832,33.8,Baccalaureate
155627,Ottawa University-Ottawa,2022,39,853,50,26872,3331,0.7823476433503452,KS,Town/Rural,36624,33.8,Baccalaureate
155627,Ottawa University-Ottawa,2021,45,787,43,26354,2082,0.6657060518731989,KS,Town/Rural,36149,33.8,Baccalaureate
155627,Ottawa University-Ottawa,2020,44,720,45,27504,1845,0.7029810298102981,KS,Town/Rural,35923,33.8,Baccalaureate
155627,Ottawa University-Ottawa,2019,50,673,41,24718,1974,0.1453900709219858,KS,Town/Rural,35979,33.8,Baccalaureate
464226,Ottawa University-Surprise,2023,37,768,59,35030,1359,0.398822663723326,AZ,City/Suburb,76808,29.7,Baccalaureate
464226,Ottawa University-Surprise,2022,43,798,62,35402,1155,0.2865800865800866,AZ,City/Suburb,74911,29.7,Baccalaureate
464226,Ottawa University-Surprise,2021,46,830,56,32741,1232,0.3051948051948052,AZ,City/Suburb,77005,29.7,Baccalaureate
464226,Ottawa University-Surprise,2020,49,726,55,33201,1185,0.28354430379746837,AZ,City/Suburb,77873,29.7,Baccalaureate
464226,Ottawa University-Surprise,2019,52,721,55,30976,994,0.43158953722334004,AZ,City/Suburb,76552,29.7,Baccalaureate
204936,Otterbein University,2023,29,2119,30,22242,3498,0.8330474556889651,OH,City/Suburb,133760,29,M
204936,Otterbein University,2022,31,2173,27,22661,3762,0.8367889420521,OH,City/Suburb,133872,29,M
204936,Otterbein University,2021,24,2253,27,22138,3537,0.8289510884930732,OH,City/Suburb,136945,29,M
204936,Otterbein University,2020,27,2313,25,23229,2849,0.7606177606177607,OH,City/Suburb,135941,29,M
204936,Otterbein University,2019,26,2501,24,23732,2861,0.8014680181754631,OH,City/Suburb,135868,29,M
107512,Ouachita Baptist University,2023,23,1734,18,22087,2138,0.6852198316183349,AR,Town/Rural,33693,23.3,Baccalaureate
107512,Ouachita Baptist University,2022,23,1730,19,21677,2063,0.7232186136694134,AR,Town/Rural,33705,23.3,Baccalaureate
107512,Ouachita Baptist University,2021,24,1716,20,20074,2610,0.7375478927203065,AR,Town/Rural,34604,23.3,Baccalaureate
107512,Ouachita Baptist University,2020,26,1664,18,20534,2524,0.6176703645007924,AR,Town/Rural,34014,23.3,Baccalaureate
107512,Ouachita Baptist University,2019,26,1633,19,19962,2538,0.6142631993695824,AR,Town/Rural,33531,23.3,Baccalaureate
227331,Our Lady of the Lake University,2021,58,1217,92,18362,3933,0.657767607424358,TX,City/Suburb,377064,30.3,R0
227331,Our Lady of the Lake University,2020,58,1294,92,18671,5529,0.7397359377826008,TX,City/Suburb,372402,30.3,R0
227331,Our Lady of the Lake University,2019,58,1368,91,18012,6645,0.6794582392776524,TX,City/Suburb,364979,30.3,R0
178679,Ozark Christian College,2023,38,614,17,17968,277,0.9819494584837545,MO,City/Suburb,67773,29.5,Special or Tribal
178679,Ozark Christian College,2022,38,608,17,17604,377,0.9442970822281167,MO,City/Suburb,66781,29.5,Special or Tribal
178679,Ozark Christian College,2021,38,559,16,17482,257,0.980544747081712,MO,City/Suburb,66906,29.5,Special or Tribal
178679,Ozark Christian College,2020,41,629,17,17007,274,0.9817518248175182,MO,City/Suburb,67892,29.5,Special or Tribal
178679,Ozark Christian College,2019,40,675,18,15101,485,0.6701030927835051,MO,City/Suburb,68482,29.5,Special or Tribal
194310,Pace University,2023,27,8176,56,34299,28469,0.7714004706874144,NY,City/Suburb,211853,37.2,R0
194310,Pace University,2022,27,8223,55,33363,26613,0.8292939540825912,NY,City/Suburb,213993,37.2,R0
194310,Pace University,2021,25,8260,55,30632,24795,0.8762250453720508,NY,City/Suburb,217586,37.2,R0
194310,Pace University,2020,26,7994,52,32886,24902,0.8286884587583326,NY,City/Suburb,209688,37.2,R0
194310,Pace University,2019,28,8528,52,32492,22411,0.7871134710633171,NY,City/Suburb,212104,37.2,R0
236230,Pacific Lutheran University,2023,33,2393,54,23841,4139,0.8052669726987195,WA,City/Suburb,78990,36.7,M
236230,Pacific Lutheran University,2022,34,2301,50,24825,3334,0.8890221955608878,WA,City/Suburb,78071,36.7,M
236230,Pacific Lutheran University,2021,32,2373,46,23568,3220,0.8838509316770187,WA,City/Suburb,79537,36.7,M
236230,Pacific Lutheran University,2020,32,2544,44,25368,3306,0.8629764065335753,WA,City/Suburb,79042,36.7,M
236230,Pacific Lutheran University,2019,33,2695,44,25362,3679,0.8602881217722207,WA,City/Suburb,78061,36.7,M
209603,Pacific Northwest College of Art,2023,44,412,38,42195,658,0.6854103343465046,OR,City/Suburb,41163,34,Not Carnegie
209603,Pacific Northwest College of Art,2022,41,376,37,44616,471,0.9447983014861996,OR,City/Suburb,41057,34,Not Carnegie
209603,Pacific Northwest College of Art,2021,40,388,39,36405,364,0.9752747252747253,OR,City/Suburb,42778,34,Not Carnegie
209603,Pacific Northwest College of Art,2020,41,445,43,35205,621,0.9597423510466989,OR,City/Suburb,42173,34,Not Carnegie
209603,Pacific Northwest College of Art,2019,47,514,41,37252,999,0.8868868868868869,OR,City/Suburb,41717,34,Not Carnegie
457484,Pacific Rim Christian University,2020,52,123,80,17138,35,0.6,HI,City/Suburb,14100,33.5,Baccalaureate
457484,Pacific Rim Christian University,2019,19,116,82,13927,36,0.4722222222222222,HI,City/Suburb,14706,33.5,Baccalaureate
120865,Pacific Union College,2023,33,910,82,22799,1323,0.42479213907785335,CA,Town/Rural,492544,34.2,Baccalaureate
120865,Pacific Union College,2022,40,848,81,21841,1364,0.4846041055718475,CA,Town/Rural,473448,34.2,Baccalaureate
120865,Pacific Union College,2021,40,825,79,22767,1216,0.5773026315789473,CA,Town/Rural,467260,34.2,Baccalaureate
120865,Pacific Union College,2020,43,955,78,23163,1543,0.5917044718081659,CA,Town/Rural,477479,34.2,Baccalaureate
120865,Pacific Union College,2019,44,906,78,22585,1658,0.5331724969843185,CA,Town/Rural,478819,34.2,Baccalaureate
209612,Pacific University,2023,27,1613,56,34809,2817,0.9176428824991125,OR,City/Suburb,41163,34,R0
209612,Pacific University,2022,27,1639,56,33472,2759,0.9227981152591519,OR,City/Suburb,41057,34,R0
209612,Pacific University,2021,27,1741,53,33523,2266,0.91041482789055606,OR,City/Suburb,42778,34,R0
209612,Pacific University,2020,28,1758,53,32006,2458,0.8930024410089503,OR,City/Suburb,42173,34,R0
209612,Pacific University,2019,30,1864,52,29432,2524,0.8660855784469097,OR,City/Suburb,41717,34,R0
140720,Paine College,2023,71,344,98,17048,2253,0.833555259653795,GA,City/Suburb,126146,31.9,Baccalaureate
140720,Paine College,2022,68,310,99,15877,3302,0.5151423379769836,GA,City/Suburb,122695,31.9,Baccalaureate
140720,Paine College,2021,79,251,99,12087,846,0.5200945626477541,GA,City/Suburb,124712,31.9,Baccalaureate
140720,Paine College,2020,83,189,99,14699,2403,0.7498959633791095,GA,City/Suburb,126126,31.9,Baccalaureate
140720,Paine College,2019,84,448,99,12683,3160,0.649367088607595,GA,City/Suburb,121897,31.9,Baccalaureate
136330,Palm Beach Atlantic University,2023,25,3094,49,31103,7657,0.8832440903748204,FL,City/Suburb,214692,30.4,R0
136330,Palm Beach Atlantic University,2022,25,3027,43,30276,6220,0.94662379421221865,FL,City/Suburb,217330,30.4,R0
136330,Palm Beach Atlantic University,2021,28,2837,42,27881,1923,0.8985959438377535,FL,City/Suburb,223891,30.4,R0
136330,Palm Beach Atlantic University,2020,29,2916,38,27242,1581,0.9171410499683744,FL,City/Suburb,215797,30.4,R0
136330,Palm Beach Atlantic University,2019,29,2883,41,25908,1534,0.954367666232073,FL,City/Suburb,213187,30.4,R0
227429,Paul Quinn College,2023,70,600,94,18118,3398,0.3381400824014126,TX,City/Suburb,385604,30.3,Baccalaureate
227429,Paul Quinn College,2022,74,938,77,8994,2048,0.57275390625,TX,City/Suburb,375741,30.3,Baccalaureate
227429,Paul Quinn College,2021,75,384,99,7306,1117,0.873769024171889,TX,City/Suburb,377064,30.3,Baccalaureate
227429,Paul Quinn College,2020,79,468,99,14237,1403,0.6186742694226657,TX,City/Suburb,372402,30.3,Baccalaureate
227429,Paul Quinn College,2019,81,554,99,13951,667,0.7916041979010495,TX,City/Suburb,364979,30.3,Baccalaureate
194392,Paul Smiths College of Arts and Science,2023,37,582,15,26370,939,0.9073482428115016,NY,Town/Rural,211853,37.2,Baccalaureate
194392,Paul Smiths College of Arts and Science,2022,38,1147,53,25056,955,0.8492146596858638,NY,Town/Rural,213993,37.2,Baccalaureate
194392,Paul Smiths College of Arts and Science,2021,42,711,17,25632,1301,0.7471176018447349,NY,Town/Rural,217586,37.2,Baccalaureate
194392,Paul Smiths College of Arts and Science,2020,45,667,21,23608,1283,0.6742010911925176,NY,Town/Rural,209688,37.2,Baccalaureate
194392,Paul Smiths College of Arts and Science,2019,44,716,17,25132,1325,0.6981132075471698,NY,Town/Rural,212104,37.2,Baccalaureate
214971,Pennsylvania Academy of the Fine Arts,2023,32,99,42,45518,192,0.875,PA,City/Suburb,142275,31.8,Special or Tribal
214971,Pennsylvania Academy of the Fine Arts,2022,34,114,45,48191,183,0.912568306010929,PA,City/Suburb,139193,31.8,Special or Tribal
214971,Pennsylvania Academy of the Fine Arts,2021,30,121,38,29925,122,0.8360655737704918,PA,City/Suburb,142186,31.8,Special or Tribal
214971,Pennsylvania Academy of the Fine Arts,2020,28,135,42,39823,172,0.877906976744186,PA,City/Suburb,143645,31.8,Special or Tribal
214971,Pennsylvania Academy of the Fine Arts,2019,31,193,40,37461,172,0.8837209302325582,PA,City/Suburb,143842,31.8,Special or Tribal
215053,Pennsylvania College of Art and Design,2023,46,323,36,30437,677,0.45937961595273263,PA,City/Suburb,142275,31.8,Special or Tribal
215053,Pennsylvania College of Art and Design,2022,47,245,29,26649,562,0.4430604982206406,PA,City/Suburb,139193,31.8,Special or Tribal
215053,Pennsylvania College of Art and Design,2021,49,228,37,26452,187,0.5133689839572193,PA,City/Suburb,142186,31.8,Special or Tribal
215053,Pennsylvania College of Art and Design,2020,43,242,31,28321,378,0.4708994708994709,PA,City/Suburb,143645,31.8,Special or Tribal
215053,Pennsylvania College of Art and Design,2019,41,246,24,26927,353,0.43342776203966005,PA,City/Suburb,143842,31.8,Special or Tribal
442356,Pennsylvania College of Health Sciences,2023,30,1648,39,33565,451,0.44124168514412415,PA,Town/Rural,142275,31.8,Special or Tribal
442356,Pennsylvania College of Health Sciences,2022,34,1640,38,33047,593,0.45699831365935917,PA,Town/Rural,139193,31.8,Special or Tribal
442356,Pennsylvania College of Health Sciences,2021,30,1670,35,36179,493,0.4908722109533469,PA,Town/Rural,142186,31.8,Special or Tribal
442356,Pennsylvania College of Health Sciences,2020,29,1848,32,31499,430,0.54186046511627906,PA,Town/Rural,143645,31.8,Special or Tribal
442356,Pennsylvania College of Health Sciences,2019,26,1688,27,31064,216,0.7824074074074074,PA,Town/Rural,143842,31.8,Special or Tribal
214777,Pennsylvania State University-Main Campus,2023,13,42223,37,27450,85956,0.5421960072595281,PA,City/Suburb,142275,31.8,R1
214777,Pennsylvania State University-Main Campus,2022,14,41745,37,26747,85783,0.5520907405896273,PA,City/Suburb,139193,31.8,R1
214777,Pennsylvania State University-Main Campus,2019,23,76099,35,24697,95970,0.7594039804105449,PA,City/Suburb,143842,31.8,R1
214801,Pennsylvania State University-Penn State Abington,2023,38,3095,56,17561,6575,0.9203041825095057,PA,City/Suburb,142275,31.8,Not Carnegie
214801,Pennsylvania State University-Penn State Abington,2022,41,3090,56,20460,6463,0.9340863376141111,PA,City/Suburb,139193,31.8,Not Carnegie
214689,Pennsylvania State University-Penn State Altoona,2023,26,2421,28,22506,7134,0.9730866274179983,PA,City/Suburb,142275,31.8,Not Carnegie
214689,Pennsylvania State University-Penn State Altoona,2022,28,2577,26,20621,7523,0.9575967034427755,PA,City/Suburb,139193,31.8,Not Carnegie
214698,Pennsylvania State University-Penn State Beaver,2023,34,504,31,19329,1603,0.9220212102308172,PA,City/Suburb,142275,31.8,Not Carnegie
214698,Pennsylvania State University-Penn State Beaver,2022,33,522,31,18113,1707,0.9320445225541887,PA,City/Suburb,139193,31.8,Not Carnegie
214704,Pennsylvania State University-Penn State Berks,2023,29,1940,41,22450,5844,0.971252566735113,PA,City/Suburb,142275,31.8,Not Carnegie
214704,Pennsylvania State University-Penn State Berks,2022,31,2071,39,21728,5605,0.9728813559322034,PA,City/Suburb,139193,31.8,Not Carnegie
214731,Pennsylvania State University-Penn State Brandywine,2023,35,1223,50,21739,2461,0.9532710280373832,PA,City/Suburb,142275,31.8,Not Carnegie
214731,Pennsylvania State University-Penn State Brandywine,2022,35,1196,50,21600,2440,0.9618852459016394,PA,City/Suburb,139193,31.8,Not Carnegie
214740,Pennsylvania State University-Penn State DuBois,2023,25,353,8,18960,481,0.9251559251559252,PA,Town/Rural,142275,31.8,Not Carnegie
214740,Pennsylvania State University-Penn State DuBois,2022,27,366,8,17865,511,0.923679060665362,PA,Town/Rural,139193,31.8,Not Carnegie
214591,Pennsylvania State University-Penn State Erie-Behrend College,2023,27,3226,23,20964,4827,0.9571162212554382,PA,City/Suburb,142275,31.8,Not Carnegie
214591,Pennsylvania State University-Penn State Erie-Behrend College,2022,28,3188,21,21968,4363,0.9543891817556727,PA,City/Suburb,139193,31.8,Not Carnegie
214759,Pennsylvania State University-Penn State Fayette- Eberly,2023,35,419,11,18780,731,0.9165526675786594,PA,Town/Rural,142275,31.8,Not Carnegie
214759,Pennsylvania State University-Penn State Fayette- Eberly,2022,33,424,12,15897,872,0.8073394495412844,PA,Town/Rural,139193,31.8,Not Carnegie
214786,Pennsylvania State University-Penn State Greater Allegheny,2023,44,361,41,14933,581,0.9466437177280551,PA,City/Suburb,142275,31.8,Not Carnegie
214786,Pennsylvania State University-Penn State Greater Allegheny,2022,44,363,44,19505,672,0.8764880952380952,PA,City/Suburb,139193,31.8,Not Carnegie
214713,Pennsylvania State University-Penn State Harrisburg,2023,26,4164,53,22406,10296,0.9638694638694638,PA,City/Suburb,142275,31.8,Not Carnegie
214713,Pennsylvania State University-Penn State Harrisburg,2022,28,4063,52,22096,9925,0.9554659949622166,PA,City/Suburb,139193,31.8,Not Carnegie
214768,Pennsylvania State University-Penn State Hazleton,2023,48,510,45,19920,714,0.9103641456582633,PA,City/Suburb,142275,31.8,Not Carnegie
214768,Pennsylvania State University-Penn State Hazleton,2022,43,473,46,18724,585,0.8991452991452992,PA,City/Suburb,139193,31.8,Not Carnegie
214670,Pennsylvania State University-Penn State Lehigh Valley,2023,33,954,47,19070,1848,0.9420995670995671,PA,City/Suburb,142275,31.8,Not Carnegie
214670,Pennsylvania State University-Penn State Lehigh Valley,2022,36,888,47,18142,1806,0.9407530454042082,PA,City/Suburb,139193,31.8,Not Carnegie
214795,Pennsylvania State University-Penn State Mont Alto,2023,26,587,22,20294,608,0.9029605263157895,PA,Town/Rural,142275,31.8,Not Carnegie
214795,Pennsylvania State University-Penn State Mont Alto,2022,27,670,22,19838,679,0.9116347569955817,PA,Town/Rural,139193,31.8,Not Carnegie
214625,Pennsylvania State University-Penn State New Kensington,2023,32,456,24,19294,643,0.9331259720062208,PA,Town/Rural,142275,31.8,Not Carnegie
214625,Pennsylvania State University-Penn State New Kensington,2022,31,460,22,19757,678,0.9144542772861357,PA,Town/Rural,139193,31.8,Not Carnegie
214810,Pennsylvania State University-Penn State Schuylkill,2023,38,650,33,20317,816,0.9105392156862745,PA,Town/Rural,142275,31.8,Not Carnegie
214810,Pennsylvania State University-Penn State Schuylkill,2022,44,623,34,17252,928,0.8577586206896551,PA,Town/Rural,139193,31.8,Not Carnegie
214652,Pennsylvania State University-Penn State Scranton,2023,43,837,32,18239,2240,0.9486607142857143,PA,City/Suburb,142275,31.8,Not Carnegie
214652,Pennsylvania State University-Penn State Scranton,2022,45,875,34,16594,2297,0.9399216369177188,PA,City/Suburb,139193,31.8,Not Carnegie
214634,Pennsylvania State University-Penn State Shenango,2023,41,332,28,14895,209,0.9090909090909091,PA,Town/Rural,142275,31.8,Not Carnegie
214634,Pennsylvania State University-Penn State Shenango,2022,35,281,41,16778,192,0.8697916666666666,PA,Town/Rural,139193,31.8,Not Carnegie
214643,Pennsylvania State University-Penn State Wilkes-Barre,2023,38,348,20,16275,640,0.9453125,PA,Town/Rural,142275,31.8,Not Carnegie
214643,Pennsylvania State University-Penn State Wilkes-Barre,2022,40,363,24,16728,653,0.9525267993874426,PA,Town/Rural,139193,31.8,Not Carnegie
214829,Pennsylvania State University-Penn State York,2023,28,702,37,19159,2012,0.9219681908548708,PA,City/Suburb,142275,31.8,Not Carnegie
214829,Pennsylvania State University-Penn State York,2022,29,711,33,18910,2005,0.9286783042394015,PA,City/Suburb,139193,31.8,Not Carnegie
479956,Pennsylvania State University-World Campus,2023,30,7945,35,21171,882,0.8027210884353742,PA,City/Suburb,142275,31.8,Not Carnegie
479956,Pennsylvania State University-World Campus,2022,28,8210,35,19551,857,0.8168028004667445,PA,City/Suburb,139193,31.8,Not Carnegie
498571,Pennsylvania Western University,2023,37,8336,26,19579,6189,0.9365002423654871,PA,Town/Rural,142275,31.8,M
498571,Pennsylvania Western University,2022,36,9404,22,18527,8463,0.9361928394186458,PA,Town/Rural,139193,31.8,M
121150,Pepperdine University,2023,20,3629,55,52216,12457,0.4985148912258168,CA,City/Suburb,492544,34.2,R0
121150,Pepperdine University,2022,19,3662,54,47804,11472,0.487360529986053,CA,City/Suburb,473448,34.2,R0
121150,Pepperdine University,2021,19,3708,53,40945,11855,0.5271193589202868,CA,City/Suburb,467260,34.2,R0
121150,Pepperdine University,2020,18,3459,52,46550,11634,0.4233281760357573,CA,City/Suburb,477479,34.2,R0
121150,Pepperdine University,2019,19,3583,51,42135,12764,0.3172203071137574,CA,City/Suburb,478819,34.2,R0
199306,Pfeiffer University,2023,56,654,41,21402,1637,0.9529627367135003,NC,Town/Rural,108252,31.9,M
199306,Pfeiffer University,2022,54,683,43,21575,1299,0.6905311778290993,NC,Town/Rural,114167,31.9,M
199306,Pfeiffer University,2021,55,744,42,19198,1335,0.7176029962546816,NC,Town/Rural,116514,31.9,M
199306,Pfeiffer University,2020,51,812,40,22121,1796,0.7583518930957683,NC,Town/Rural,116615,31.9,M
199306,Pfeiffer University,2019,58,897,40,22340,2297,0.6377884196778406,NC,Town/Rural,114284,31.9,M
140818,Piedmont University,2023,41,1261,33,21599,2066,0.9283639883833494,GA,Town/Rural,126146,31.9,M
140818,Piedmont University,2022,42,1245,33,18792,1726,0.8690614136732329,GA,Town/Rural,122695,31.9,M
140818,Piedmont University,2021,42,1255,30,19803,2124,0.6699623352165726,GA,Town/Rural,124712,31.9,M
140818,Piedmont University,2020,43,1278,30,19796,1457,0.700754975978037,GA,Town/Rural,126126,31.9,M
140818,Piedmont University,2019,45,1283,30,19715,1910,0.5397905759162304,GA,Town/Rural,121897,31.9,M
155681,Pittsburg State University,2023,32,4426,21,19357,2856,0.8816526610644257,KS,Town/Rural,36832,33.8,M
155681,Pittsburg State University,2022,30,4489,22,13968,2642,0.8618470855412567,KS,Town/Rural,36624,33.8,M
155681,Pittsburg State University,2021,33,4560,21,14748,2216,0.9363718411552346,KS,Town/Rural,36149,33.8,M
155681,Pittsburg State University,2020,36,4825,21,14006,2007,0.9068261086198306,KS,Town/Rural,35923,33.8,M
155681,Pittsburg State University,2019,34,5181,21,13847,1822,0.955543358946213,KS,Town/Rural,35979,33.8,M
121257,Pitzer College,2023,10,1204,52,34801,3464,0.1665704387990762,CA,City/Suburb,492544,34.2,Baccalaureate
121257,Pitzer College,2022,11,1212,51,39809,3500,0.184,CA,City/Suburb,473448,34.2,Baccalaureate
121257,Pitzer College,2021,14,1168,50,19153,3676,0.18307943416757344,CA,City/Suburb,467260,34.2,Baccalaureate
121257,Pitzer College,2020,14,922,55,30095,4260,0.16572769953051644,CA,City/Suburb,477479,34.2,Baccalaureate
121257,Pitzer College,2019,15,1086,51,36552,4415,0.13703284258210646,CA,City/Suburb,478819,34.2,Baccalaureate
183080,Plymouth State University,2023,26,3336,21,20280,7421,0.9102546826573238,NH,Town/Rural,15434,36.8,M
183080,Plymouth State University,2022,28,3308,19,20321,5917,0.9754943383471354,NH,Town/Rural,15352,36.8,M
183080,Plymouth State University,2021,29,3536,20,20145,6856,0.9167152858809802,NH,Town/Rural,15187,36.8,M
183080,Plymouth State University,2020,30,3739,22,20631,7129,0.893673727030439,NH,Town/Rural,14958,36.8,M
183080,Plymouth State University,2019,30,3802,19,19675,8035,0.8481642812694462,NH,Town/Rural,15466,36.8,M
121309,Point Loma Nazarene University,2023,23,3158,47,36370,3065,0.8176182707993475,CA,City/Suburb,492544,34.2,M
121309,Point Loma Nazarene University,2022,23,3154,47,34933,3149,0.8193077167354715,CA,City/Suburb,473448,34.2,M
121309,Point Loma Nazarene University,2021,26,3174,47,34851,3060,0.8366013071895425,CA,City/Suburb,467260,34.2,M
121309,Point Loma Nazarene University,2020,26,3216,47,34644,2949,0.8355374703289251,CA,City/Suburb,477479,34.2,M
121309,Point Loma Nazarene University,2019,28,3203,47,33183,3277,0.7366493744278303,CA,City/Suburb,478819,34.2,M
215442,Point Park University,2023,37,2323,35,25477,5291,0.9788319788319788,PA,City/Suburb,142275,31.8,R0
215442,Point Park University,2022,38,2418,33,24702,6033,0.8204873197414222,PA,City/Suburb,139193,31.8,R0
215442,Point Park University,2021,38,2575,30,25004,6076,0.8232389730085583,PA,City/Suburb,142186,31.8,R0
215442,Point Park University,2020,41,2791,29,23980,5411,0.695065607096655,PA,City/Suburb,143645,31.8,R0
215442,Point Park University,2019,42,3100,30,23705,5359,0.7311065497294271,PA,City/Suburb,143842,31.8,R0
138868,Point University,2023,32,2617,45,22622,3250,0.6750769230769231,GA,Town/Rural,126146,31.9,Baccalaureate
138868,Point University,2022,32,1943,48,19890,2355,0.24203821656050956,GA,Town/Rural,122695,31.9,Baccalaureate
138868,Point University,2021,43,1641,49,20099,771,0.4656290531776913,GA,Town/Rural,124712,31.9,Baccalaureate
138868,Point University,2020,28,1916,51,24449,1044,0.3486590038314176,GA,Town/Rural,126126,31.9,Baccalaureate
138868,Point University,2019,27,2340,53,17185,1419,0.28893587033121915,GA,Town/Rural,121897,31.9,Baccalaureate
121345,Pomona College,2023,19,1664,71,17423,12121,0.0675686824519429,CA,City/Suburb,492544,34.2,Baccalaureate
121345,Pomona College,2022,18,1716,69,19962,10666,0.07022313894618414,CA,City/Suburb,473448,34.2,Baccalaureate
121345,Pomona College,2021,21,1761,66,17000,11620,0.06635111876075732,CA,City/Suburb,467260,34.2,Baccalaureate
121345,Pomona College,2020,21,1475,70,30392,10388,0.086157104351174435,CA,City/Suburb,477479,34.2,Baccalaureate
121345,Pomona College,2019,23,1637,66,18500,10401,0.07403134314008268,CA,City/Suburb,478819,34.2,Baccalaureate
205027,Pontifical College Josephinum,2020,11,50,22,36821,4,0.75,OH,City/Suburb,135941,29,Baccalaureate
205027,Pontifical College Josephinum,2019,10,63,33,36312,13,0.6923076923076923,OH,City/Suburb,135868,29,Baccalaureate
209807,Portland State University,2023,40,15960,53,12509,8877,0.9090909090909091,OR,City/Suburb,41163,34,R2
209807,Portland State University,2022,40,16862,53,16273,7926,0.9308604592480444,OR,City/Suburb,41057,34,R2
209807,Portland State University,2021,39,17753,51,13015,6859,0.9842542644700394,OR,City/Suburb,42778,34,R2
209807,Portland State University,2020,39,18656,53,12195,6701,0.9519474705267871,OR,City/Suburb,42173,34,R2
209807,Portland State University,2019,41,20320,52,12710,6861,0.9580236117184084,OR,City/Suburb,41717,34,R2
227526,Prairie View A & M University,2023,62,8527,99,14065,8777,0.7529907713341688,TX,Town/Rural,385604,30.3,R2
227526,Prairie View A & M University,2022,66,8103,99,12875,5691,0.7606747496046389,TX,Town/Rural,375741,30.3,R2
227526,Prairie View A & M University,2021,64,8444,99,14927,6753,0.7700281356434178,TX,Town/Rural,377064,30.3,R2
227526,Prairie View A & M University,2020,63,8372,99,13794,7802,0.7636503460651115,TX,Town/Rural,372402,30.3,R2
227526,Prairie View A & M University,2019,65,8109,99,13460,6196,0.8010006455777922,TX,Town/Rural,364979,30.3,R2
194578,Pratt Institute-Main,2023,17,3814,67,51702,8281,0.5316990701606086,NY,City/Suburb,211853,37.2,Special or Tribal
194578,Pratt Institute-Main,2022,17,3934,67,47326,10129,0.5044920525224602,NY,City/Suburb,213993,37.2,Special or Tribal
194578,Pratt Institute-Main,2021,18,3908,67,46486,7922,0.6786165109820752,NY,City/Suburb,217586,37.2,Special or Tribal
194578,Pratt Institute-Main,2020,17,3122,66,47516,7601,0.6593869227733193,NY,City/Suburb,209688,37.2,Special or Tribal
194578,Pratt Institute-Main,2019,20,3677,65,45880,8432,0.5550284629981025,NY,City/Suburb,212104,37.2,Special or Tribal
218539,Presbyterian College,2023,28,903,39,20058,3359,0.723429592140518,SC,Town/Rural,53335,28.3,Baccalaureate
218539,Presbyterian College,2022,29,955,35,21571,3329,0.5938720336437369,SC,Town/Rural,52277,28.3,Baccalaureate
218539,Presbyterian College,2021,29,991,34,21170,1964,0.709775967413442,SC,Town/Rural,52010,28.3,Baccalaureate
218539,Presbyterian College,2020,30,1048,31,21959,2016,0.7083333333333334,SC,Town/Rural,52680,28.3,Baccalaureate
218539,Presbyterian College,2019,29,1102,32,19778,2141,0.7547874824848202,SC,Town/Rural,53953,28.3,Baccalaureate
105589,Prescott College,2023,47,257,33,23163,140,0.9857142857142858,AZ,City/Suburb,76808,29.7,M
105589,Prescott College,2022,45,313,34,25317,185,0.9837837837837838,AZ,City/Suburb,74911,29.7,M
105589,Prescott College,2021,45,388,33,17082,147,0.9931972789115646,AZ,City/Suburb,77005,29.7,M
105589,Prescott College,2020,45,422,33,23225,317,0.9842271293375394,AZ,City/Suburb,77873,29.7,M
105589,Prescott College,2019,43,503,34,20965,232,0.9741379310344828,AZ,City/Suburb,76552,29.7,M
186131,Princeton University,2023,19,5671,65,19811,39644,0.04495005549389567,NJ,City/Suburb,104131,40.8,R1
186131,Princeton University,2022,19,5604,63,18698,38019,0.05699781688103317,NJ,City/Suburb,107755,40.8,R1
186131,Princeton University,2021,22,5321,62,20908,37601,0.04380202654184729,NJ,City/Suburb,109108,40.8,R1
186131,Princeton University,2020,21,4774,64,18685,32835,0.05628140703517588,NJ,City/Suburb,109961,40.8,R1
186131,Princeton University,2019,19,5422,60,18712,32804,0.057767345445677354,NJ,City/Suburb,113367,40.8,R1
455770,Providence Christian College,2023,34,147,52,25354,107,0.9252336448598131,CA,City/Suburb,492544,34.2,Baccalaureate
455770,Providence Christian College,2022,38,136,54,25416,132,0.8712121212121212,CA,City/Suburb,473448,34.2,Baccalaureate
455770,Providence Christian College,2021,45,117,60,23408,80,0.825,CA,City/Suburb,467260,34.2,Baccalaureate
455770,Providence Christian College,2020,41,121,63,26894,62,0.41935483870967744,CA,City/Suburb,477479,34.2,Baccalaureate
455770,Providence Christian College,2019,44,151,59,23765,161,0.422360248447205,CA,City/Suburb,478819,34.2,Baccalaureate
217402,Providence College,2023,13,4191,21,46645,12469,0.48720827652578397,RI,City/Suburb,11503,34.4,M
217402,Providence College,2022,14,3996,23,43970,11129,0.5278102255368856,RI,City/Suburb,11411,34.4,M
217402,Providence College,2021,15,4179,23,39566,11129,0.5798364632940965,RI,City/Suburb,11480,34.4,M
217402,Providence College,2020,14,4298,23,37284,10817,0.5385966534159193,RI,City/Suburb,11395,34.4,M
217402,Providence College,2019,14,4096,24,35796,11478,0.4745600278794215,RI,City/Suburb,10892,34.4,M
151102,Purdue University Fort Wayne,2023,23,8110,28,12619,6466,0.8566347046087226,IN,City/Suburb,76628,27.1,M
151102,Purdue University Fort Wayne,2022,26,8390,26,11951,5853,0.8065949085938835,IN,City/Suburb,74897,27.1,M
151102,Purdue University Fort Wayne,2021,30,7768,25,12333,6007,0.8320292991509906,IN,City/Suburb,78348,27.1,M
151102,Purdue University Fort Wayne,2020,26,7584,26,12071,5540,0.827797833935018,IN,City/Suburb,78809,27.1,M
151102,Purdue University Fort Wayne,2019,29,9697,24,11444,6376,0.8143036386449184,IN,City/Suburb,76144,27.1,M
490805,Purdue University Northwest,2023,28,7902,46,9637,6394,0.7062871441976853,IN,City/Suburb,76628,27.1,M
490805,Purdue University Northwest,2022,29,8176,44,9162,5670,0.7282186948853615,IN,City/Suburb,74897,27.1,M
490805,Purdue University Northwest,2021,31,8044,41,8472,3642,0.7635914332784185,IN,City/Suburb,78348,27.1,M
490805,Purdue University Northwest,2020,32,8539,42,10279,5301,0.6270514997170346,IN,City/Suburb,78809,27.1,M
490805,Purdue University Northwest,2019,33,9106,41,10157,5670,0.2857142857142857,IN,City/Suburb,76144,27.1,M
243780,Purdue University-Main Campus,2023,13,39864,41,12421,73083,0.503030800596582,IN,City/Suburb,76628,27.1,R1
243780,Purdue University-Main Campus,2022,14,38593,39,12576,68582,0.527047913446677,IN,City/Suburb,74897,27.1,R1
243780,Purdue University-Main Campus,2021,15,37806,37,14619,59436,0.6881014873140857,IN,City/Suburb,78348,27.1,R1
243780,Purdue University-Main Campus,2020,15,35706,36,12294,57510,0.6715179968701096,IN,City/Suburb,78809,27.1,R1
243780,Purdue University-Main Campus,2019,16,34596,36,12684,55311,0.5983077507186636,IN,City/Suburb,76144,27.1,R1
199412,Queens University of Charlotte,2023,22,1373,48,27178,4357,0.6768418636676612,NC,City/Suburb,108252,31.9,M
199412,Queens University of Charlotte,2022,23,1317,48,29459,3154,0.7127457197209892,NC,City/Suburb,114167,31.9,M
199412,Queens University of Charlotte,2021,27,1440,47,29810,3503,0.6919783043105909,NC,City/Suburb,116514,31.9,M
199412,Queens University of Charlotte,2020,26,1670,45,25756,3437,0.6843177189409368,NC,City/Suburb,116615,31.9,M
199412,Queens University of Charlotte,2019,28,1733,44,24286,3419,0.6522374963439602,NC,City/Suburb,114284,31.9,M
148131,Quincy University,2023,30,1130,31,17424,2197,0.4988620846609012,IL,Town/Rural,148445,35.1,Baccalaureate
148131,Quincy University,2022,29,1147,26,11985,1760,0.6170454545454546,IL,Town/Rural,145439,35.1,Baccalaureate
148131,Quincy University,2021,29,1055,26,16423,1480,0.597972972972973,IL,Town/Rural,150490,35.1,Baccalaureate
148131,Quincy University,2020,32,1092,25,16599,1223,0.6713000817661489,IL,Town/Rural,149373,35.1,Baccalaureate
148131,Quincy University,2019,36,1042,26,17423,1242,0.6175523349436393,IL,Town/Rural,152277,35.1,Baccalaureate
130226,Quinnipiac University,2023,16,6248,26,39632,21323,0.7699667026215823,CT,City/Suburb,44962,39.6,R0
130226,Quinnipiac University,2022,15,6073,26,39051,18668,0.8378508677951575,CT,City/Suburb,44540,39.6,R0
130226,Quinnipiac University,2021,15,6298,26,38244,15722,0.8812492049357588,CT,City/Suburb,44901,39.6,R0
130226,Quinnipiac University,2020,15,6843,25,41815,19798,0.8239216082432569,CT,City/Suburb,45222,39.6,R0
130226,Quinnipiac University,2019,15,6845,24,41636,22653,0.7012316249503378,CT,City/Suburb,45216,39.6,R0
384421,Rabbi Jacob Joseph School,2023,18,96,4,9977,31,0.9032258064516129,NJ,City/Suburb,104131,40.8,Special or Tribal
384421,Rabbi Jacob Joseph School,2022,26,95,6,7307,45,0.7333333333333333,NJ,City/Suburb,107755,40.8,Special or Tribal
384421,Rabbi Jacob Joseph School,2021,32,93,2,8036,35,0.8285714285714286,NJ,City/Suburb,109108,40.8,Special or Tribal
384421,Rabbi Jacob Joseph School,2020,30,73,1,9171,26,0.7692307692307693,NJ,City/Suburb,109961,40.8,Special or Tribal
384421,Rabbi Jacob Joseph School,2019,23,73,5,11598,30,0.8666666666666667,NJ,City/Suburb,113367,40.8,Special or Tribal
194657,Rabbinical Academy Mesivta Rabbi Chaim Berlin,2023,22,160,1,6209,40,1,NY,City/Suburb,211853,37.2,Special or Tribal
194657,Rabbinical Academy Mesivta Rabbi Chaim Berlin,2022,17,135,0,8982,45,0.9555555555555556,NY,City/Suburb,213993,37.2,Special or Tribal
194657,Rabbinical Academy Mesivta Rabbi Chaim Berlin,2021,20,167,2,8665,58,0.9137931034482759,NY,City/Suburb,217586,37.2,Special or Tribal
194657,Rabbinical Academy Mesivta Rabbi Chaim Berlin,2020,18,138,4,9196,49,0.9795918367346939,NY,City/Suburb,209688,37.2,Special or Tribal
194657,Rabbinical Academy Mesivta Rabbi Chaim Berlin,2019,22,157,5,7618,50,0.94,NY,City/Suburb,212104,37.2,Special or Tribal
194693,Rabbinical College Beth Shraga,2023,21,48,6,16744,27,0.9259259259259259,NY,City/Suburb,211853,37.2,Two-Year
194693,Rabbinical College Beth Shraga,2022,21,38,5,15204,16,0.875,NY,City/Suburb,213993,37.2,Two-Year
194693,Rabbinical College Beth Shraga,2021,20,52,0,15864,25,1,NY,City/Suburb,217586,37.2,Two-Year
194693,Rabbinical College Beth Shraga,2020,34,40,0,15803,18,1,NY,City/Suburb,209688,37.2,Two-Year
194693,Rabbinical College Beth Shraga,2019,28,41,0,11653,25,0.84,NY,City/Suburb,212104,37.2,Two-Year
186186,Rabbinical College of America,2023,38,197,18,14947,70,0.8714285714285714,NJ,City/Suburb,104131,40.8,Special or Tribal
186186,Rabbinical College of America,2022,43,193,21,13833,75,0.9466666666666667,NJ,City/Suburb,107755,40.8,Special or Tribal
186186,Rabbinical College of America,2021,44,217,20,15740,83,0.8674698795180723,NJ,City/Suburb,109108,40.8,Special or Tribal
186186,Rabbinical College of America,2020,47,249,17,14209,79,0.8354430379746836,NJ,City/Suburb,109961,40.8,Special or Tribal
186186,Rabbinical College of America,2019,50,216,27,15265,65,0.8615384615384616,NJ,City/Suburb,113367,40.8,Special or Tribal
194736,Rabbinical College of Long Island,2023,30,161,1,7838,45,1,NY,City/Suburb,211853,37.2,Special or Tribal
194736,Rabbinical College of Long Island,2022,37,148,1,7620,37,1,NY,City/Suburb,213993,37.2,Special or Tribal
194736,Rabbinical College of Long Island,2021,34,157,2,8314,37,1,NY,City/Suburb,217586,37.2,Special or Tribal
194736,Rabbinical College of Long Island,2020,36,160,2,11277,50,0.8,NY,City/Suburb,209688,37.2,Special or Tribal
194736,Rabbinical College of Long Island,2019,37,158,1,10893,48,0.9375,NY,City/Suburb,212104,37.2,Special or Tribal
205124,Rabbinical College Telshe,2023,36,57,0,11403,36,0.8055555555555556,OH,City/Suburb,133760,29,Special or Tribal
205124,Rabbinical College Telshe,2022,43,55,0,11012,30,0.9,OH,City/Suburb,133872,29,Special or Tribal
205124,Rabbinical College Telshe,2021,64,51,0,8247,32,0.84375,OH,City/Suburb,136945,29,Special or Tribal
205124,Rabbinical College Telshe,2020,50,39,0,10676,22,0.8181818181818182,OH,City/Suburb,135941,29,Special or Tribal
205124,Rabbinical College Telshe,2019,61,36,0,8441,18,0.8333333333333334,OH,City/Suburb,135868,29,Special or Tribal
194718,Rabbinical Seminary Mkor Chaim,2023,63,81,0,6745,31,1,NJ,City/Suburb,104131,40.8,Not Carnegie
194718,Rabbinical Seminary Mkor Chaim,2022,72,72,0,3132,28,1,NJ,City/Suburb,107755,40.8,Not Carnegie
194718,Rabbinical Seminary Mkor Chaim,2021,71,49,0,5139,30,1,NJ,City/Suburb,109108,40.8,Not Carnegie
194763,Rabbinical Seminary of America,2023,14,379,0,9049,122,0.9754098360655737,NY,City/Suburb,211853,37.2,Special or Tribal
194763,Rabbinical Seminary of America,2022,15,346,0,8787,95,0.9894736842105263,NY,City/Suburb,213993,37.2,Special or Tribal
194763,Rabbinical Seminary of America,2021,17,415,0,9251,116,0.9568965517241379,NY,City/Suburb,217586,37.2,Special or Tribal
194763,Rabbinical Seminary of America,2020,15,281,0,9307,116,0.9827586206896551,NY,City/Suburb,209688,37.2,Special or Tribal
194763,Rabbinical Seminary of America,2019,18,268,0,8993,102,0.9803921568627451,NY,City/Suburb,212104,37.2,Special or Tribal
233277,Radford University,2023,35,5704,34,18282,11072,0.9064306358381503,VA,Town/Rural,99497,39.3,R0
233277,Radford University,2022,36,6008,35,17105,11442,0.9334032511798637,VA,Town/Rural,98780,39.3,R0
233277,Radford University,2021,37,6513,36,16835,11291,0.9531485253741918,VA,Town/Rural,100147,39.3,R0
233277,Radford University,2020,38,7307,37,15747,14994,0.7868480725623582,VA,Town/Rural,98970,39.3,R0
233277,Radford University,2019,37,7250,36,14981,16013,0.7532005245737838,VA,Town/Rural,95710,39.3,R0
186201,Ramapo College of New Jersey,2023,27,5013,45,17348,7553,0.732159406858202,NJ,City/Suburb,104131,40.8,M
186201,Ramapo College of New Jersey,2022,26,4932,44,16262,7207,0.7047315110309421,NJ,City/Suburb,107755,40.8,M
186201,Ramapo College of New Jersey,2021,28,5145,45,12251,6930,0.701010101010101,NJ,City/Suburb,109108,40.8,M
186201,Ramapo College of New Jersey,2020,26,5412,43,17286,7980,0.6684210526315789,NJ,City/Suburb,109961,40.8,M
186201,Ramapo College of New Jersey,2019,26,5574,40,16823,7331,0.6558450416041468,NJ,City/Suburb,113367,40.8,M
207157,Randall University,2023,39,281,56,17827,183,0.44808743169398907,OK,City/Suburb,47211,25.6,Baccalaureate
207157,Randall University,2022,46,269,58,20952,154,0.42857142857142855,OK,City/Suburb,46032,25.6,Baccalaureate
207157,Randall University,2021,51,285,55,17614,197,0.5532994923857868,OK,City/Suburb,46211,25.6,Baccalaureate
207157,Randall University,2020,55,295,53,18278,152,0.3881578947368421,OK,City/Suburb,45702,25.6,Baccalaureate
207157,Randall University,2019,60,313,56,17261,182,0.43956043956043955,OK,City/Suburb,43828,25.6,Baccalaureate
233301,Randolph College,2023,41,541,42,20856,1935,0.9493540051679586,VA,City/Suburb,99497,39.3,Baccalaureate
233301,Randolph College,2022,39,478,42,22886,1602,0.9500624219725343,VA,City/Suburb,98780,39.3,Baccalaureate
233301,Randolph College,2021,39,482,45,23166,1161,0.937984496124031,VA,City/Suburb,100147,39.3,Baccalaureate
233301,Randolph College,2020,40,508,42,25419,1335,0.8966292134831461,VA,City/Suburb,98970,39.3,Baccalaureate
233301,Randolph College,2019,37,565,40,26802,1177,0.8954970263381479,VA,City/Suburb,95710,39.3,Baccalaureate
233295,Randolph-Macon College,2023,20,1500,26,29058,2620,0.833969465648855,VA,City/Suburb,99497,39.3,Baccalaureate
233295,Randolph-Macon College,2022,19,1490,25,28389,2446,0.8544562551103843,VA,City/Suburb,98780,39.3,Baccalaureate
233295,Randolph-Macon College,2021,19,1501,25,26794,2250,0.8382222222222222,VA,City/Suburb,100147,39.3,Baccalaureate
233295,Randolph-Macon College,2020,21,1554,24,26061,2684,0.7131147540983607,VA,City/Suburb,98970,39.3,Baccalaureate
233295,Randolph-Macon College,2019,20,1543,24,27429,2460,0.7089430894308943,VA,City/Suburb,95710,39.3,Baccalaureate
497480,Reach University,2023,61,1226,43,14108,117,0.9914529914529915,CA,City/Suburb,492544,34.2,Not Carnegie
497480,Reach University,2022,33,774,41,15054,66,0.9848484848484849,CA,City/Suburb,473448,34.2,Not Carnegie
209922,Reed College,2023,12,1439,41,36993,10045,0.2715778994524639,OR,City/Suburb,41163,34,Baccalaureate
209922,Reed College,2022,11,1523,40,33106,9023,0.30799069045771915,OR,City/Suburb,41057,34,Baccalaureate
209922,Reed College,2021,11,1548,41,33056,7010,0.43808844507845934,OR,City/Suburb,42778,34,Baccalaureate
209922,Reed College,2020,12,1366,42,33980,5647,0.4234106605277138,OR,City/Suburb,42173,34,Baccalaureate
209922,Reed College,2019,13,1457,43,32069,5815,0.39466895958727427,OR,City/Suburb,41717,34,Baccalaureate
231651,Regent University,2023,48,4577,55,18314,7261,0.41178900977826743,VA,City/Suburb,99497,39.3,R0
231651,Regent University,2022,50,4541,52,17341,6989,0.3233652883102017,VA,City/Suburb,98780,39.3,R0
231651,Regent University,2021,60,4507,50,16579,5240,0.4070610687022901,VA,City/Suburb,100147,39.3,R0
231651,Regent University,2020,49,4533,49,14785,4120,0.5043689320388349,VA,City/Suburb,98970,39.3,R0
231651,Regent University,2019,54,4408,45,15062,2344,0.8553754266211604,VA,City/Suburb,95710,39.3,R0
167598,Regis College,2023,28,1096,57,30212,2490,0.8927710843373494,MA,City/Suburb,78133,44.5,M
167598,Regis College,2022,27,1121,56,30014,2841,0.8877155931010208,MA,City/Suburb,78514,44.5,M
167598,Regis College,2021,28,1271,59,35775,2678,0.8905899925317401,MA,City/Suburb,78839,44.5,M
167598,Regis College,2020,28,1308,60,32683,2851,0.8407576289021396,MA,City/Suburb,79537,44.5,M
167598,Regis College,2019,27,1352,58,32047,2256,0.7925531914893617,MA,City/Suburb,78060,44.5,M
127918,Regis University,2023,26,2680,54,25062,4997,0.8727236341805084,CO,City/Suburb,63277,41.7,R0
127918,Regis University,2022,25,2398,50,26377,5549,0.7608578122184178,CO,City/Suburb,64869,41.7,R0
127918,Regis University,2021,22,2745,50,27735,5959,0.813727135425407,CO,City/Suburb,63204,41.7,R0
127918,Regis University,2020,23,3197,50,27785,5912,0.7819688768606224,CO,City/Suburb,61237,41.7,R0
127918,Regis University,2019,24,3500,51,27565,6910,0.7095513748191028,CO,City/Suburb,60962,41.7,R0
140872,Reinhardt University,2023,39,1082,41,27507,1755,0.5515669515669516,GA,Town/Rural,126146,31.9,Baccalaureate
140872,Reinhardt University,2022,36,1059,43,26845,1083,0.6232686980609419,GA,Town/Rural,122695,31.9,Baccalaureate
140872,Reinhardt University,2021,38,1099,34,23917,1010,0.7039603960396039,GA,Town/Rural,124712,31.9,Baccalaureate
140872,Reinhardt University,2020,40,1292,38,22645,1142,0.9868651488616462,GA,Town/Rural,126126,31.9,Baccalaureate
140872,Reinhardt University,2019,41,1430,38,21997,1166,0.9202401372212693,GA,Town/Rural,121897,31.9,Baccalaureate
194824,Rensselaer Polytechnic Institute,2023,19,5954,57,35940,16283,0.5844746054166923,NY,City/Suburb,211853,37.2,R1
194824,Rensselaer Polytechnic Institute,2022,18,5902,57,39127,16863,0.6450809464508095,NY,City/Suburb,213993,37.2,R1
194824,Rensselaer Polytechnic Institute,2021,18,5614,57,40070,17498,0.5301748771288147,NY,City/Suburb,217586,37.2,R1
194824,Rensselaer Polytechnic Institute,2020,17,6283,56,40661,16661,0.5725946821919453,NY,City/Suburb,209688,37.2,R1
194824,Rensselaer Polytechnic Institute,2019,18,6241,53,41006,18635,0.47410786155084517,NY,City/Suburb,212104,37.2,R1
217420,Rhode Island College,2023,41,4785,52,11549,4988,0.8109462710505213,RI,City/Suburb,11503,34.4,M
217420,Rhode Island College,2022,43,4719,49,11014,3921,0.8752869166029075,RI,City/Suburb,11411,34.4,M
217420,Rhode Island College,2021,44,5252,47,8710,3592,0.8482739420935412,RI,City/Suburb,11480,34.4,M
217420,Rhode Island College,2020,46,5998,47,10557,4709,0.8126990868549586,RI,City/Suburb,11395,34.4,M
217420,Rhode Island College,2019,46,6432,45,9572,4753,0.7839259415106249,RI,City/Suburb,10892,34.4,M
217493,Rhode Island School of Design,2023,14,2092,78,42106,7126,0.13808588268313218,RI,City/Suburb,11503,34.4,M
217493,Rhode Island School of Design,2022,15,2108,77,39800,5099,0.17415179446950382,RI,City/Suburb,11411,34.4,M
217493,Rhode Island School of Design,2021,18,2044,77,38234,4742,0.18684099536060733,RI,City/Suburb,11480,34.4,M
217493,Rhode Island School of Design,2020,16,1736,74,40048,4001,0.2711822044488878,RI,City/Suburb,11395,34.4,M
217493,Rhode Island School of Design,2019,16,2009,73,39791,3832,0.2575678496868476,RI,City/Suburb,10892,34.4,M
221351,Rhodes College,2023,15,1936,38,30590,6025,0.4967634854771784,TN,City/Suburb,72084,27.5,Baccalaureate
221351,Rhodes College,2022,14,1996,37,30672,5253,0.53912050256996,TN,City/Suburb,71347,27.5,Baccalaureate
221351,Rhodes College,2021,15,2050,36,30525,5318,0.5688228657389997,TN,City/Suburb,72685,27.5,Baccalaureate
221351,Rhodes College,2020,14,1840,36,29852,5074,0.5135987386677178,TN,City/Suburb,73281,27.5,Baccalaureate
221351,Rhodes College,2019,13,1973,35,30632,5207,0.4470904551565201,TN,City/Suburb,72802,27.5,Baccalaureate
227757,Rice University,2023,16,4574,74,20587,31059,0.0787855372033871,TX,City/Suburb,385604,30.3,R1
227757,Rice University,2022,17,4494,72,19902,31443,0.08682377635721782,TX,City/Suburb,375741,30.3,R1
227757,Rice University,2021,16,4247,70,18521,29544,0.09484159220146222,TX,City/Suburb,377064,30.3,R1
227757,Rice University,2020,16,4076,69,19215,23455,0.10893199744191004,TX,City/Suburb,372402,30.3,R1
227757,Rice University,2019,15,3989,68,20335,27087,0.08716358400708828,TX,City/Suburb,364979,30.3,R1
186283,Rider University,2023,33,3244,47,26618,9069,0.7940235968684529,NJ,City/Suburb,104131,40.8,M
186283,Rider University,2022,34,3169,48,26388,9340,0.8413276231263384,NJ,City/Suburb,107755,40.8,M
186283,Rider University,2021,33,3222,46,23781,8791,0.8194744625184848,NJ,City/Suburb,109108,40.8,M
186283,Rider University,2020,32,3630,46,29396,9250,0.7566486486486487,NJ,City/Suburb,109961,40.8,M
186283,Rider University,2019,31,3770,44,29122,9388,0.7147422241158926,NJ,City/Suburb,113367,40.8,M
136774,Ringling College of Art and Design,2023,21,1722,56,60362,2685,0.6737430167597765,FL,City/Suburb,214692,30.4,Special or Tribal
136774,Ringling College of Art and Design,2022,22,1705,56,55752,2462,0.6470349309504468,FL,City/Suburb,217330,30.4,Special or Tribal
136774,Ringling College of Art and Design,2021,24,1663,56,51318,2117,0.687293339631554,FL,City/Suburb,223891,30.4,Special or Tribal
136774,Ringling College of Art and Design,2020,25,1624,54,53496,2420,0.6851239669421487,FL,City/Suburb,215797,30.4,Special or Tribal
136774,Ringling College of Art and Design,2019,28,1658,53,52384,2557,0.6386390301134142,FL,City/Suburb,213187,30.4,Special or Tribal
239628,Ripon College,2023,33,734,22,22557,1797,0.8391764051196439,WI,Town/Rural,67563,30,Baccalaureate
239628,Ripon College,2022,35,766,21,21999,2142,0.81325863678804855,WI,Town/Rural,65909,30,Baccalaureate
239628,Ripon College,2021,37,810,20,21734,2486,0.7976669348350764,WI,Town/Rural,66830,30,Baccalaureate
239628,Ripon College,2020,35,816,21,21596,2614,0.740627390971691,WI,Town/Rural,68053,30,Baccalaureate
239628,Ripon College,2019,39,787,22,22830,2900,0.6951724137931035,WI,Town/Rural,68191,30,Baccalaureate
233408,Riverside College of Health Careers,2023,48,325,44,23596,30,0.16666666666666666,VA,City/Suburb,99497,39.3,Two-Year
233408,Riverside College of Health Careers,2022,49,338,42,27679,2,1,VA,City/Suburb,98780,39.3,Two-Year
233408,Riverside College of Health Careers,2021,24,322,39,14585,2,1,VA,City/Suburb,100147,39.3,Two-Year
233408,Riverside College of Health Careers,2019,21,305,29,16435,10,0.6,VA,City/Suburb,95710,39.3,Two-Year
183211,Rivier University,2023,27,1335,29,28227,1749,0.8176100628930818,NH,City/Suburb,15434,36.8,M
183211,Rivier University,2022,28,1340,29,28983,1629,0.8446899938612645,NH,City/Suburb,15352,36.8,M
183211,Rivier University,2021,28,1454,27,26870,1838,0.8367791077257889,NH,City/Suburb,15187,36.8,M
183211,Rivier University,2020,24,1296,27,27304,1540,0.7571428571428571,NH,City/Suburb,14958,36.8,M
183211,Rivier University,2019,29,1438,24,25068,1657,0.7483403741701871,NH,City/Suburb,15466,36.8,M
233426,Roanoke College,2023,24,1824,23,27695,6829,0.8007028847561869,VA,City/Suburb,99497,39.3,Baccalaureate
233426,Roanoke College,2022,26,1826,20,29169,5055,0.7976261127596439,VA,City/Suburb,98780,39.3,Baccalaureate
233426,Roanoke College,2021,25,1863,19,27758,4953,0.803755299818292,VA,City/Suburb,100147,39.3,Baccalaureate
233426,Roanoke College,2020,26,1920,18,27975,5296,0.7813444108761329,VA,City/Suburb,98970,39.3,Baccalaureate
233426,Roanoke College,2019,26,2003,19,27180,5453,0.7480286081056299,VA,City/Suburb,95710,39.3,Baccalaureate
215655,Robert Morris University,2023,22,3769,41,26215,7117,0.9057187017001546,PA,City/Suburb,142275,31.8,R0
215655,Robert Morris University,2022,29,3449,37,23572,4684,0.9376601195559351,PA,City/Suburb,139193,31.8,R0
215655,Robert Morris University,2021,27,3005,24,23183,5012,0.9395450917797287,PA,City/Suburb,142186,31.8,R0
215655,Robert Morris University,2020,28,3312,25,26917,4469,0.8563437010516894,PA,City/Suburb,143645,31.8,R0
215655,Robert Morris University,2019,29,3770,25,26682,5956,0.8445265278710544,PA,City/Suburb,143842,31.8,R0
194958,Roberts Wesleyan University,2023,40,1092,34,24202,1314,0.7777777777777778,NY,City/Suburb,211853,37.2,M
194958,Roberts Wesleyan University,2022,36,1048,33,23341,1148,0.8501742160278746,NY,City/Suburb,213993,37.2,M
194958,Roberts Wesleyan University,2021,36,1118,33,21710,1340,0.8738805970149254,NY,City/Suburb,217586,37.2,M
194958,Roberts Wesleyan University,2020,34,1197,31,23359,1538,0.7581274382314694,NY,City/Suburb,209688,37.2,M
194958,Roberts Wesleyan University,2019,34,1293,27,23300,1888,0.6657838983050848,NY,City/Suburb,212104,37.2,M
195003,Rochester Institute of Technology,2023,26,14076,42,39753,24269,0.7139972804812724,NY,City/Suburb,211853,37.2,R2
195003,Rochester Institute of Technology,2022,27,13940,41,39600,23976,0.6717133800467133,NY,City/Suburb,213993,37.2,R2
195003,Rochester Institute of Technology,2021,27,14000,40,35012,21923,0.7136340829266068,NY,City/Suburb,217586,37.2,R2
195003,Rochester Institute of Technology,2020,28,13412,39,36514,21928,0.7385990514410798,NY,City/Suburb,209688,37.2,R2
195003,Rochester Institute of Technology,2019,29,13313,38,33744,19744,0.7072528363047001,NY,City/Suburb,212104,37.2,R2
170967,Rochester University,2023,31,1144,39,19660,490,0.6530612244897959,MI,City/Suburb,108265,29.6,Baccalaureate
170967,Rochester University,2022,35,1140,38,18665,929,0.7136706135629709,MI,City/Suburb,103443,29.6,Baccalaureate
170967,Rochester University,2021,32,1087,33,18716,628,0.9808917197452229,MI,City/Suburb,107239,29.6,Baccalaureate
170967,Rochester University,2020,37,1198,32,17649,530,0.9943396226415094,MI,City/Suburb,108725,29.6,Baccalaureate
170967,Rochester University,2019,39,1044,30,16948,432,1,MI,City/Suburb,112177,29.6,Baccalaureate
148405,Rockford University,2023,42,968,60,24098,2979,0.5723397113125209,IL,City/Suburb,148445,35.1,M
148405,Rockford University,2022,49,951,59,25047,2779,0.5491183879093199,IL,City/Suburb,145439,35.1,M
148405,Rockford University,2021,43,987,54,23305,1692,0.6678486997635934,IL,City/Suburb,150490,35.1,M
148405,Rockford University,2020,45,1019,48,23417,2021,0.508164275111331,IL,City/Suburb,149373,35.1,M
148405,Rockford University,2019,47,982,46,22166,2297,0.542446669569003,IL,City/Suburb,152277,35.1,M
179043,Rockhurst University,2023,19,2430,35,23785,2627,0.6905215074229158,MO,City/Suburb,67773,29.5,M
179043,Rockhurst University,2022,21,2545,36,22994,3154,0.6645529486366518,MO,City/Suburb,66781,29.5,M
179043,Rockhurst University,2021,20,2704,36,22050,3455,0.6665701881331404,MO,City/Suburb,66906,29.5,M
179043,Rockhurst University,2020,15,2746,35,21518,3629,0.7288509231193167,MO,City/Suburb,67892,29.5,M
179043,Rockhurst University,2019,14,2185,29,22688,3278,0.6366687004270897,MO,City/Suburb,68482,29.5,M
180595,Rocky Mountain College,2023,32,794,28,19173,1471,0.7287559483344663,MT,City/Suburb,9999,31.7,M
180595,Rocky Mountain College,2022,30,845,30,19353,1458,0.7517146776406035,MT,City/Suburb,9694,31.7,M
180595,Rocky Mountain College,2021,33,817,28,19726,1396,0.8065902578796562,MT,City/Suburb,9661,31.7,M
180595,Rocky Mountain College,2020,35,839,26,20615,1370,0.7116788321167883,MT,City/Suburb,9686,31.7,M
180595,Rocky Mountain College,2019,34,850,34,18999,1558,0.5917843388960206,MT,City/Suburb,9627,31.7,M
217518,Roger Williams University,2023,16,4050,28,37936,8238,0.8777615926195679,RI,City/Suburb,11503,34.4,M
217518,Roger Williams University,2022,11,4103,26,37964,8121,0.9098633173254526,RI,City/Suburb,11411,34.4,M
217518,Roger Williams University,2021,16,4207,25,36537,8163,0.9098370697047654,RI,City/Suburb,11480,34.4,M
217518,Roger Williams University,2020,18,4346,26,34890,8775,0.8600569800569801,RI,City/Suburb,11395,34.4,M
217518,Roger Williams University,2019,14,4523,26,37611,8906,0.8534695710756793,RI,City/Suburb,10892,34.4,M
136950,Rollins College,2023,22,2595,41,37134,9796,0.4055737035524704,FL,City/Suburb,214692,30.4,M
136950,Rollins College,2022,24,2583,42,35317,9022,0.49988915983152293,FL,City/Suburb,217330,30.4,M
136950,Rollins College,2021,19,2510,43,30229,8409,0.4868593173980259,FL,City/Suburb,223891,30.4,M
136950,Rollins College,2020,18,2559,45,33216,6080,0.6080592105263158,FL,City/Suburb,215797,30.4,M
136950,Rollins College,2019,19,2598,46,35661,6167,0.583427922814983,FL,City/Suburb,213187,30.4,M
148487,Roosevelt University,2023,46,2605,72,21503,5987,0.9427092032737598,IL,City/Suburb,148445,35.1,R0
148487,Roosevelt University,2022,48,2413,68,22117,2997,0.8832165498832165,IL,City/Suburb,145439,35.1,R0
148487,Roosevelt University,2021,47,2656,65,23964,3541,0.9229031347077097,IL,City/Suburb,150490,35.1,R0
148487,Roosevelt University,2020,50,3068,63,22856,5379,0.7651979921918572,IL,City/Suburb,149373,35.1,R0
148487,Roosevelt University,2019,42,2381,57,24036,4966,0.6729762384212646,IL,City/Suburb,152277,35.1,R0
152318,Rose-Hulman Institute of Technology,2023,12,2235,31,44016,5384,0.7280832095096582,IN,City/Suburb,76628,27.1,Special or Tribal
152318,Rose-Hulman Institute of Technology,2022,12,2169,32,41678,5011,0.7301935741368988,IN,City/Suburb,74897,27.1,Special or Tribal
152318,Rose-Hulman Institute of Technology,2021,12,2081,33,39294,4536,0.7740299823633157,IN,City/Suburb,78348,27.1,Special or Tribal
152318,Rose-Hulman Institute of Technology,2020,12,1972,34,43606,4376,0.7662248628884827,IN,City/Suburb,78809,27.1,Special or Tribal
152318,Rose-Hulman Institute of Technology,2019,13,2000,36,45356,4350,0.7420689655172413,IN,City/Suburb,76144,27.1,Special or Tribal
215691,Rosemont College,2023,39,484,74,19297,1578,0.7452471482889734,PA,City/Suburb,142275,31.8,M
215691,Rosemont College,2022,33,446,71,19741,950,0.7557894736842106,PA,City/Suburb,139193,31.8,M
215691,Rosemont College,2021,37,425,70,25644,916,0.8002183406113537,PA,City/Suburb,142186,31.8,M
215691,Rosemont College,2020,40,480,66,17516,1042,0.690978886756238,PA,City/Suburb,143645,31.8,M
215691,Rosemont College,2019,36,518,63,22680,784,0.9209183673469388,PA,City/Suburb,143842,31.8,M
184782,Rowan University,2023,31,14869,39,22237,17923,0.7782179322658037,NJ,City/Suburb,104131,40.8,R2
184782,Rowan University,2022,31,15231,37,21007,16903,0.7694492101993728,NJ,City/Suburb,107755,40.8,R2
184782,Rowan University,2021,32,15119,35,22681,11659,0.8377219315550218,NJ,City/Suburb,109108,40.8,R2
184782,Rowan University,2020,32,15939,35,24810,14763,0.7801259906523065,NJ,City/Suburb,109961,40.8,R2
184782,Rowan University,2019,33,16011,34,22805,14694,0.743432693616442,NJ,City/Suburb,113367,40.8,R2
195128,Russell Sage College,2023,43,1080,41,23588,1655,0.7619335347432025,NY,City/Suburb,211853,37.2,R0
195128,Russell Sage College,2022,43,1123,41,22456,1737,0.7363270005757052,NY,City/Suburb,213993,37.2,R0
195128,Russell Sage College,2021,41,1197,41,22713,1884,0.7308917197452229,NY,City/Suburb,217586,37.2,R0
195128,Russell Sage College,2020,41,1271,43,22296,1740,0.743103448275862,NY,City/Suburb,209688,37.2,R0
195128,Russell Sage College,2019,43,1332,41,23659,1561,0.8500960922485586,NY,City/Suburb,212104,37.2,R0
176318,Rust College,2023,69,429,100,8234,1715,0.3469387755102041,MS,Town/Rural,32572,23.2,Baccalaureate
176318,Rust College,2022,59,755,99,8151,2467,0.7875962707742197,MS,Town/Rural,32131,23.2,Baccalaureate
176318,Rust College,2021,84,768,100,7927,2609,0.37600613261786126,MS,Town/Rural,32865,23.2,Baccalaureate
176318,Rust College,2020,84,623,99,8644,2158,0.29471733086190915,MS,Town/Rural,32110,23.2,Baccalaureate
176318,Rust College,2019,87,738,100,10316,4852,0.5024732069249794,MS,Town/Rural,32601,23.2,Baccalaureate
186371,Rutgers University-Camden,2023,44,3922,63,18735,11951,0.7775081583131118,NJ,City/Suburb,104131,40.8,R2
186371,Rutgers University-Camden,2022,48,4185,62,14151,11145,0.7651861821444594,NJ,City/Suburb,107755,40.8,R2
186371,Rutgers University-Camden,2021,47,4856,60,10104,11156,0.7870204374327716,NJ,City/Suburb,109108,40.8,R2
186371,Rutgers University-Camden,2020,44,5502,58,15381,9879,0.7628302459763134,NJ,City/Suburb,109961,40.8,R2
186371,Rutgers University-Camden,2019,46,5739,56,13844,10451,0.7919816285522916,NJ,City/Suburb,113367,40.8,R2
186380,Rutgers University-New Brunswick,2023,27,36588,69,19052,43347,0.6534708284310333,NJ,City/Suburb,104131,40.8,R1
186380,Rutgers University-New Brunswick,2022,28,36344,68,17535,41654,0.6628895184135978,NJ,City/Suburb,107755,40.8,R1
186380,Rutgers University-New Brunswick,2021,29,36152,66,11803,43161,0.681610713375501,NJ,City/Suburb,109108,40.8,R1
186380,Rutgers University-New Brunswick,2020,27,35844,65,17835,41263,0.6693163366696556,NJ,City/Suburb,109961,40.8,R1
186380,Rutgers University-New Brunswick,2019,29,36158,64,16873,41286,0.6122414377755171,NJ,City/Suburb,113367,40.8,R1
186399,Rutgers University-Newark,2023,56,7417,79,17425,17779,0.7872771246976771,NJ,City/Suburb,104131,40.8,R2
186399,Rutgers University-Newark,2022,56,7511,79,16578,14935,0.7394040843655842,NJ,City/Suburb,107755,40.8,R2
186399,Rutgers University-Newark,2021,56,8334,80,11364,14456,0.774349750968456,NJ,City/Suburb,109108,40.8,R2
186399,Rutgers University-Newark,2020,53,9118,80,13832,13506,0.7409299570561232,NJ,City/Suburb,109961,40.8,R2
186399,Rutgers University-Newark,2019,54,9319,79,11981,13732,0.718977570637926,NJ,City/Suburb,113367,40.8,R2
172033,Sacred Heart Major Seminary,2023,6,188,35,10371,4,1,MI,City/Suburb,108265,29.6,Baccalaureate
172033,Sacred Heart Major Seminary,2020,5,253,36,19140,2,1,MI,City/Suburb,108725,29.6,Baccalaureate
172033,Sacred Heart Major Seminary,2019,8,279,30,24334,19,1,MI,City/Suburb,112177,29.6,Baccalaureate
130253,Sacred Heart University,2023,15,6960,24,46165,14284,0.6767712125455054,CT,City/Suburb,44962,39.6,R0
130253,Sacred Heart University,2022,16,6782,24,45280,13316,0.657104235506158,CT,City/Suburb,44540,39.6,R0
130253,Sacred Heart University,2021,17,6761,25,43907,12663,0.6612177209192135,CT,City/Suburb,44901,39.6,R0
130253,Sacred Heart University,2020,17,6417,26,43313,12189,0.6553449831815571,CT,City/Suburb,45222,39.6,R0
130253,Sacred Heart University,2019,19,6158,28,41570,11717,0.6391567807459247,CT,City/Suburb,45216,39.6,R0
172051,Saginaw Valley State University,2023,32,6184,24,15144,10222,0.7288201917432988,MI,City/Suburb,108265,29.6,M
172051,Saginaw Valley State University,2022,34,6468,24,12432,9330,0.7636655948553055,MI,City/Suburb,103443,29.6,M
172051,Saginaw Valley State University,2021,32,6789,24,15476,5899,0.7780979827089337,MI,City/Suburb,107239,29.6,M
172051,Saginaw Valley State University,2020,35,7203,24,15032,6881,0.8946374073535823,MI,City/Suburb,108725,29.6,M
172051,Saginaw Valley State University,2019,35,7476,24,14271,7149,0.7311512099594348,MI,City/Suburb,112177,29.6,M
154235,Saint Ambrose University,2023,28,2114,31,23578,3456,0.7332175925925926,IA,City/Suburb,36870,29,R0
154235,Saint Ambrose University,2022,27,2118,28,23359,3589,0.7392031206464196,IA,City/Suburb,36521,29,R0
154235,Saint Ambrose University,2021,26,2228,27,24844,4005,0.7240948813982522,IA,City/Suburb,37097,29,R0
154235,Saint Ambrose University,2020,26,2305,26,26497,4607,0.7384415020620795,IA,City/Suburb,36359,29,R0
154235,Saint Ambrose University,2019,28,2260,26,26561,4877,0.7678900963707197,IA,City/Suburb,36735,29,R0
183239,Saint Anselm College,2023,11,2052,13,35091,4165,0.7831932773109244,NH,City/Suburb,15434,36.8,Baccalaureate
183239,Saint Anselm College,2022,11,1959,13,35080,3514,0.8229937393284007,NH,City/Suburb,15352,36.8,Baccalaureate
183239,Saint Anselm College,2021,11,1954,14,34450,4007,0.7758921886698278,NH,City/Suburb,15187,36.8,Baccalaureate
183239,Saint Anselm College,2020,12,2019,14,33292,3942,0.7615423642820903,NH,City/Suburb,14958,36.8,Baccalaureate
183239,Saint Anselm College,2019,13,2033,14,34164,3740,0.7516042780748663,NH,City/Suburb,15466,36.8,Baccalaureate
149028,Saint Anthony College of Nursing,2020,46,210,28,36624,3,1,IL,City/Suburb,149373,35.1,Special or Tribal
199582,Saint Augustine's University,2023,52,930,95,18373,3160,0.5873417721518988,NC,City/Suburb,108252,31.9,Baccalaureate
199582,Saint Augustine's University,2022,61,1085,96,20081,4918,0.5884505896705978,NC,City/Suburb,114167,31.9,Baccalaureate
199582,Saint Augustine's University,2021,63,1239,100,18158,5633,0.7475590271613705,NC,City/Suburb,116514,31.9,Baccalaureate
199582,Saint Augustine's University,2020,75,1110,96,18662,5887,0.6733480550365212,NC,City/Suburb,116615,31.9,Baccalaureate
199582,Saint Augustine's University,2019,77,1044,97,17898,3086,0.7339598185353208,NC,City/Suburb,114284,31.9,Baccalaureate
216047,Saint Charles Borromeo Seminary-Overbrook,2023,13,41,32,32698,12,1,PA,City/Suburb,142275,31.8,Special or Tribal
216047,Saint Charles Borromeo Seminary-Overbrook,2021,13,47,30,39834,6,1,PA,City/Suburb,142186,31.8,Special or Tribal
216047,Saint Charles Borromeo Seminary-Overbrook,2020,17,39,28,35337,5,1,PA,City/Suburb,143645,31.8,Special or Tribal
216047,Saint Charles Borromeo Seminary-Overbrook,2019,20,48,25,32724,6,1,PA,City/Suburb,143842,31.8,Special or Tribal
174783,Saint Cloud State University,2023,20,8430,34,14648,5026,0.9494627934739356,MN,City/Suburb,67002,36.7,M
174783,Saint Cloud State University,2022,23,8569,33,14065,4810,0.9528066528066528,MN,City/Suburb,64579,36.7,M
174783,Saint Cloud State University,2021,24,8956,32,13615,4228,0.9432355723746452,MN,City/Suburb,65199,36.7,M
174783,Saint Cloud State University,2020,25,10187,31,13697,5251,0.7322414778137497,MN,City/Suburb,66285,36.7,M
174783,Saint Cloud State University,2019,27,11346,30,13594,5171,0.9004061110036743,MN,City/Suburb,65499,36.7,M
227845,Saint Edward's University,2023,39,2731,72,28351,5611,0.8369274639101765,TX,City/Suburb,385604,30.3,M
227845,Saint Edward's University,2022,40,2769,68,27193,6015,0.8510390689941812,TX,City/Suburb,375741,30.3,M
227845,Saint Edward's University,2021,39,2870,67,24668,4940,0.9216599190283401,TX,City/Suburb,377064,30.3,M
227845,Saint Edward's University,2020,38,3014,66,30072,5203,0.9131270420911013,TX,City/Suburb,372402,30.3,M
227845,Saint Edward's University,2019,40,3443,64,28214,5672,0.8820521861777151,TX,City/Suburb,364979,30.3,M
186618,Saint Elizabeth University,2023,54,670,81,18412,1777,0.7720877884074282,NJ,City/Suburb,104131,40.8,M
186618,Saint Elizabeth University,2022,53,737,79,21689,1966,0.7192268565615463,NJ,City/Suburb,107755,40.8,M
186618,Saint Elizabeth University,2021,55,752,78,21774,1266,0.7369668246445498,NJ,City/Suburb,109108,40.8,M
186618,Saint Elizabeth University,2020,52,786,78,20121,1515,0.7537953795379538,NJ,City/Suburb,109961,40.8,M
186618,Saint Elizabeth University,2019,54,834,78,19176,1688,0.7375592417061612,NJ,City/Suburb,113367,40.8,M
215743,Saint Francis University,2023,18,2429,16,27421,2259,0.7689243027888446,PA,Town/Rural,142275,31.8,M
215743,Saint Francis University,2022,17,2461,16,27459,2167,0.7305029995385325,PA,Town/Rural,139193,31.8,M
215743,Saint Francis University,2021,21,2552,16,28883,2063,0.7333979641299079,PA,Town/Rural,142186,31.8,M
215743,Saint Francis University,2020,20,2279,16,29393,1904,0.5934873949579832,PA,Town/Rural,143645,31.8,M
215743,Saint Francis University,2019,23,2373,15,29188,1748,0.7454233409610984,PA,Town/Rural,143842,31.8,M
174792,Saint Johns University,2023,18,1481,21,29473,1597,0.9048215403882279,MN,Town/Rural,67002,36.7,Baccalaureate
174792,Saint Johns University,2022,20,1528,20,27982,1592,0.8624371859296482,MN,Town/Rural,64579,36.7,Baccalaureate
174792,Saint Johns University,2021,20,1538,21,27750,1542,0.8865110246433203,MN,Town/Rural,65199,36.7,Baccalaureate
174792,Saint Johns University,2020,21,1569,22,28128,1595,0.8137931034482758,MN,Town/Rural,66285,36.7,Baccalaureate
174792,Saint Johns University,2019,22,1629,22,27126,1746,0.7829324169530355,MN,Town/Rural,65499,36.7,Baccalaureate
161518,Saint Joseph's College of Maine,2023,20,1059,20,28268,2216,0.8172382671480144,ME,Town/Rural,14133,31.5,M
161518,Saint Joseph's College of Maine,2022,21,990,20,29625,1472,0.8084239130434783,ME,Town/Rural,13869,31.5,M
161518,Saint Joseph's College of Maine,2021,21,1066,16,30044,1354,0.8057607090103397,ME,Town/Rural,14239,31.5,M
161518,Saint Joseph's College of Maine,2020,25,1329,80,27979,1274,0.8673469387755102,ME,Town/Rural,14677,31.5,M
161518,Saint Joseph's College of Maine,2019,24,1360,64,27324,1301,0.8716372021521906,ME,Town/Rural,15274,31.5,M
215770,Saint Joseph's University,2023,18,4828,33,36392,8751,0.8639012684264655,PA,City/Suburb,142275,31.8,M
215770,Saint Joseph's University,2022,18,5071,34,33777,9708,0.8867943963741244,PA,City/Suburb,139193,31.8,M
215770,Saint Joseph's University,2021,14,4196,26,33438,8119,0.8308905037566203,PA,City/Suburb,142186,31.8,M
215770,Saint Joseph's University,2020,13,4299,24,35780,7632,0.8007075471698113,PA,City/Suburb,143645,31.8,M
215770,Saint Joseph's University,2019,14,4784,23,35242,8692,0.749769903359411,PA,City/Suburb,143842,31.8,M
137032,Saint Leo University,2023,37,7603,76,19478,7788,0.7209809964047252,FL,Town/Rural,214692,30.4,R0
137032,Saint Leo University,2022,44,7320,73,20390,6928,0.8009526558891455,FL,Town/Rural,217330,30.4,R0
137032,Saint Leo University,2021,45,6740,70,18336,10086,0.7066230418401745,FL,Town/Rural,223891,30.4,R0
137032,Saint Leo University,2020,49,6945,68,19818,5662,0.7299540798304486,FL,Town/Rural,215797,30.4,R0
137032,Saint Leo University,2019,50,7843,68,19843,5195,0.7208854667949952,FL,Town/Rural,213187,30.4,R0
179159,Saint Louis University,2023,15,10519,37,30911,15377,0.8146582558366391,MO,City/Suburb,67773,29.5,R2
179159,Saint Louis University,2022,18,10662,50,29651,12986,0.8471430771600185,MO,City/Suburb,66781,29.5,R2
179159,Saint Louis University,2021,19,8745,36,30096,15047,0.7004718548547884,MO,City/Suburb,66906,29.5,R2
179159,Saint Louis University,2020,17,7723,34,27872,16580,0.5553679131483715,MO,City/Suburb,67892,29.5,R2
179159,Saint Louis University,2019,14,8332,30,31098,15573,0.5828035702818981,MO,City/Suburb,68482,29.5,R2
236452,Saint Martin's University,2023,40,1267,63,22779,3473,0.7592859199539304,WA,City/Suburb,78990,36.7,M
236452,Saint Martin's University,2022,39,1365,63,21811,2095,0.9503579952267303,WA,City/Suburb,78071,36.7,M
236452,Saint Martin's University,2021,36,1358,60,23964,2653,0.7161703731624576,WA,City/Suburb,79537,36.7,M
236452,Saint Martin's University,2020,37,1394,56,23824,1704,0.9419014084507042,WA,City/Suburb,79042,36.7,M
236452,Saint Martin's University,2019,38,1389,55,24596,1614,0.9591078066914498,WA,City/Suburb,78061,36.7,M
152390,Saint Mary's College,2023,24,1424,24,30389,2377,0.8111064366848969,IN,City/Suburb,76628,27.1,Baccalaureate
152390,Saint Mary's College,2022,27,1406,24,27960,2260,0.8389380530973451,IN,City/Suburb,74897,27.1,Baccalaureate
152390,Saint Mary's College,2021,26,1402,25,27686,2351,0.8307103360272224,IN,City/Suburb,78348,27.1,Baccalaureate
152390,Saint Mary's College,2020,25,1438,25,27121,2412,0.8150912106135987,IN,City/Suburb,78809,27.1,Baccalaureate
152390,Saint Mary's College,2019,25,1452,26,26906,2033,0.8121003443187408,IN,City/Suburb,76144,27.1,Baccalaureate
123554,Saint Mary's College of California,2023,24,2044,62,31615,4308,0.8857938718662952,CA,City/Suburb,492544,34.2,M
123554,Saint Mary's College of California,2022,23,2003,62,32129,3353,0.8789144050104384,CA,City/Suburb,473448,34.2,M
123554,Saint Mary's College of California,2021,24,2199,61,25022,3523,0.7008231620777746,CA,City/Suburb,467260,34.2,M
123554,Saint Mary's College of California,2020,25,2468,61,40401,5364,0.773117076808352,CA,City/Suburb,477479,34.2,M
123554,Saint Mary's College of California,2019,25,2646,58,36613,6069,0.8100181248970176,CA,City/Suburb,478819,34.2,M
174817,Saint Mary's University of Minnesota,2023,22,1075,41,22518,1350,0.8881481481481481,MN,Town/Rural,67002,36.7,R0
174817,Saint Mary's University of Minnesota,2022,25,1100,37,22843,1071,0.9682539682539683,MN,Town/Rural,64579,36.7,R0
174817,Saint Mary's University of Minnesota,2021,26,1246,35,21606,1587,0.9779458097038437,MN,Town/Rural,65199,36.7,R0
174817,Saint Mary's University of Minnesota,2020,30,1329,29,22021,1459,0.8409869773817683,MN,Town/Rural,66285,36.7,R0
174817,Saint Mary's University of Minnesota,2019,27,1467,30,20369,1498,0.9198931909212283,MN,Town/Rural,65499,36.7,R0
152381,Saint Mary-of-the-Woods College,2023,51,898,27,18470,1182,0.7614213197969543,IN,Town/Rural,76628,27.1,M
152381,Saint Mary-of-the-Woods College,2022,54,815,25,17358,971,0.7816683831101957,IN,Town/Rural,74897,27.1,M
152381,Saint Mary-of-the-Woods College,2021,55,793,20,15694,812,0.7032019704433498,IN,Town/Rural,78348,27.1,M
152381,Saint Mary-of-the-Woods College,2020,52,761,20,16874,657,0.7123287671232876,IN,Town/Rural,78809,27.1,M
152381,Saint Mary-of-the-Woods College,2019,55,767,25,17088,714,0.6722689075630253,IN,Town/Rural,76144,27.1,M
231059,Saint Michael's College,2023,18,1178,19,30806,2639,0.9185297461159531,VT,City/Suburb,5789,38.7,Baccalaureate
231059,Saint Michael's College,2022,19,1209,17,27700,2626,0.8514851485148515,VT,City/Suburb,5977,38.7,Baccalaureate
231059,Saint Michael's College,2021,17,1421,17,28979,2359,0.8588384908859686,VT,City/Suburb,5988,38.7,Baccalaureate
231059,Saint Michael's College,2020,16,1537,18,31096,3184,0.878140703517588,VT,City/Suburb,6158,38.7,Baccalaureate
231059,Saint Michael's College,2019,17,1583,19,30386,3967,0.830854550037812,VT,City/Suburb,6547,38.7,Baccalaureate
239716,Saint Norbert College,2023,14,2089,22,27236,3338,0.9215098861593769,WI,City/Suburb,67563,30,Baccalaureate
239716,Saint Norbert College,2022,17,2173,16,26983,3918,0.8358856559469117,WI,City/Suburb,65909,30,Baccalaureate
239716,Saint Norbert College,2021,17,1941,15,27107,4067,0.8514875829850013,WI,City/Suburb,66830,30,Baccalaureate
239716,Saint Norbert College,2020,18,1867,12,27854,3358,0.8424657534246576,WI,City/Suburb,68053,30,Baccalaureate
239716,Saint Norbert College,2019,21,2000,13,26540,3355,0.7979135618479881,WI,City/Suburb,68191,30,Baccalaureate
186432,Saint Peter's University,2023,54,2101,76,14486,4381,0.9052727687742524,NJ,City/Suburb,104131,40.8,M
186432,Saint Peter's University,2022,56,2071,77,11996,2999,0.8882960986995665,NJ,City/Suburb,107755,40.8,M
186432,Saint Peter's University,2021,56,2134,81,12937,2627,0.9284354777312523,NJ,City/Suburb,109108,40.8,M
186432,Saint Peter's University,2020,62,2355,84,16487,4154,0.8464130958112662,NJ,City/Suburb,109961,40.8,M
186432,Saint Peter's University,2019,62,2423,87,13122,4323,0.8096229470275271,NJ,City/Suburb,113367,40.8,M
215798,Saint Vincent College,2023,27,1280,20,23857,2374,0.5909856781802865,PA,City/Suburb,142275,31.8,Baccalaureate
215798,Saint Vincent College,2022,27,1359,19,23121,2163,0.7337031900138696,PA,City/Suburb,139193,31.8,Baccalaureate
215798,Saint Vincent College,2021,28,1430,20,23361,2102,0.7302568981921979,PA,City/Suburb,142186,31.8,Baccalaureate
215798,Saint Vincent College,2020,29,1462,19,21169,2310,0.7212121212121212,PA,City/Suburb,143645,31.8,Baccalaureate
215798,Saint Vincent College,2019,26,1560,18,21426,2025,0.677037037037037,PA,City/Suburb,143842,31.8,Baccalaureate
148627,Saint Xavier University,2023,56,3039,70,11943,7216,0.8575388026607539,IL,City/Suburb,148445,35.1,M
148627,Saint Xavier University,2022,55,2981,68,11302,7833,0.8413123962721818,IL,City/Suburb,145439,35.1,M
148627,Saint Xavier University,2021,53,3101,66,13419,7780,0.8479434447300771,IL,City/Suburb,150490,35.1,M
148627,Saint Xavier University,2020,53,3080,63,13798,8306,0.7900313026727667,IL,City/Suburb,149373,35.1,M
148627,Saint Xavier University,2019,54,2957,60,14975,8083,0.7264629469256464,IL,City/Suburb,152277,35.1,M
199607,Salem College,2023,49,436,59,19000,1951,0.8703229113275244,NC,City/Suburb,108252,31.9,Baccalaureate
199607,Salem College,2022,51,363,53,18354,1159,0.8748921484037964,NC,City/Suburb,114167,31.9,Baccalaureate
199607,Salem College,2021,58,374,51,11408,479,0.9018789144050104,NC,City/Suburb,116514,31.9,Baccalaureate
199607,Salem College,2020,55,492,50,19128,872,0.8463302752293578,NC,City/Suburb,116615,31.9,Baccalaureate
199607,Salem College,2019,55,590,45,18428,833,0.7995198079231692,NC,City/Suburb,114284,31.9,Baccalaureate
167729,Salem State University,2023,35,4853,47,19324,4852,0.9556883759274526,MA,City/Suburb,78133,44.5,M
167729,Salem State University,2022,36,5078,46,19277,5093,0.9265658747300216,MA,City/Suburb,78514,44.5,M
167729,Salem State University,2021,41,5555,43,18125,6287,0.9001113408620964,MA,City/Suburb,78839,44.5,M
167729,Salem State University,2020,37,5716,43,19704,6557,0.8674698795180723,MA,City/Suburb,79537,44.5,M
167729,Salem State University,2019,38,6273,41,17720,5825,0.855793991416309,MA,City/Suburb,78060,44.5,M
163851,Salisbury University,2023,24,6281,32,17931,8090,0.8862793572311496,MD,City/Suburb,69770,40.8,M
163851,Salisbury University,2022,23,6378,31,19756,8108,0.9105821410952146,MD,City/Suburb,69124,40.8,M
163851,Salisbury University,2021,23,6695,30,18885,7691,0.864646989988298,MD,City/Suburb,71017,40.8,M
163851,Salisbury University,2020,24,7150,30,18599,8701,0.7762326169405815,MD,City/Suburb,67971,40.8,M
163851,Salisbury University,2019,25,7686,31,19271,8421,0.7350670941693386,MD,City/Suburb,68208,40.8,M
217536,Salve Regina University,2023,15,2117,24,37794,5697,0.6991398981920309,RI,City/Suburb,11503,34.4,M
217536,Salve Regina University,2022,17,2190,21,37997,5562,0.6952535059331176,RI,City/Suburb,11411,34.4,M
217536,Salve Regina University,2021,20,2149,18,36708,5104,0.7343260188087775,RI,City/Suburb,11480,34.4,M
217536,Salve Regina University,2020,21,2150,19,35620,4972,0.7461786001609011,RI,City/Suburb,11395,34.4,M
217536,Salve Regina University,2019,23,2167,19,36646,4889,0.7377786868480262,RI,City/Suburb,10892,34.4,M
227881,Sam Houston State University,2023,40,18179,54,14556,17582,0.853941531111364,TX,Town/Rural,385604,30.3,R2
227881,Sam Houston State University,2022,40,18235,53,13632,16316,0.8463471439078205,TX,Town/Rural,375741,30.3,R2
227881,Sam Houston State University,2021,39,18288,52,14287,11556,0.9658186223606784,TX,Town/Rural,377064,30.3,R2
227881,Sam Houston State University,2020,41,18811,52,13904,12025,0.924989604989605,TX,Town/Rural,372402,30.3,R2
227881,Sam Houston State University,2019,41,18805,51,13055,11569,0.8340392428040453,TX,Town/Rural,364979,30.3,R2
102049,Samford University,2023,11,3832,14,32176,4541,0.8222858401233208,AL,City/Suburb,52181,25.5,R0
102049,Samford University,2022,11,3672,15,31803,4337,0.8326031819229882,AL,City/Suburb,53739,25.5,R0
102049,Samford University,2021,11,3607,15,31871,4217,0.8387479250652122,AL,City/Suburb,54466,25.5,R0
102049,Samford University,2020,11,3576,14,31322,3867,0.8399275924489268,AL,City/Suburb,52925,25.5,R0
102049,Samford University,2019,11,3591,15,30695,3912,0.8330777096114519,AL,City/Suburb,55331,25.5,R0
112084,San Diego Christian College,2023,16,93,69,26979,320,0.628125,CA,City/Suburb,492544,34.2,M
112084,San Diego Christian College,2021,36,449,62,34564,2607,0.5270425776754891,CA,City/Suburb,467260,34.2,M
112084,San Diego Christian College,2020,46,464,58,27919,614,0.496742671009772,CA,City/Suburb,477479,34.2,M
112084,San Diego Christian College,2019,51,488,61,26278,333,0.5525525525525525,CA,City/Suburb,478819,34.2,M
122409,San Diego State University,2023,31,34050,66,19500,82800,0.34440821256038645,CA,City/Suburb,492544,34.2,R2
122409,San Diego State University,2022,32,32194,66,13017,77250,0.39263430420711976,CA,City/Suburb,473448,34.2,R2
122409,San Diego State University,2021,32,31321,66,6867,67660,0.3790422701744014,CA,City/Suburb,467260,34.2,R2
122409,San Diego State University,2020,33,31491,67,13192,64784,0.3670350703877501,CA,City/Suburb,477479,34.2,R2
122409,San Diego State University,2019,33,30848,66,14499,70048,0.3412659890360895,CA,City/Suburb,478819,34.2,R2
122506,San Francisco Conservatory of Music,2023,16,215,70,44360,439,0.5193621867881549,CA,City/Suburb,492544,34.2,Special or Tribal
122506,San Francisco Conservatory of Music,2022,17,221,68,45726,392,0.41581632653061223,CA,City/Suburb,473448,34.2,Special or Tribal
122506,San Francisco Conservatory of Music,2021,10,228,61,43036,422,0.46445497630331756,CA,City/Suburb,467260,34.2,Special or Tribal
122506,San Francisco Conservatory of Music,2020,21,243,65,41918,502,0.45617529880478086,CA,City/Suburb,477479,34.2,Special or Tribal
122506,San Francisco Conservatory of Music,2019,24,233,60,40081,475,0.47578947368421054,CA,City/Suburb,478819,34.2,Special or Tribal
122597,San Francisco State University,2023,41,20756,85,13353,29878,0.9614766717986478,CA,City/Suburb,492544,34.2,R2
122597,San Francisco State University,2022,42,21961,85,13267,29932,0.9419684618468529,CA,City/Suburb,473448,34.2,R2
122597,San Francisco State University,2021,43,23424,85,13641,27777,0.9291500162004536,CA,City/Suburb,467260,34.2,R2
122597,San Francisco State University,2020,43,24024,85,14757,31430,0.8409481387209672,CA,City/Suburb,477479,34.2,R2
122597,San Francisco State University,2019,44,25924,84,15166,34629,0.6730486008836525,CA,City/Suburb,478819,34.2,R2
122755,San Jose State University,2023,35,27111,88,13833,35780,0.8023476802683063,CA,City/Suburb,492544,34.2,M
122755,San Jose State University,2022,36,26863,87,14219,34002,0.7671019351802835,CA,City/Suburb,473448,34.2,M
122755,San Jose State University,2021,37,28288,87,14603,30441,0.8436647941920437,CA,City/Suburb,467260,34.2,M
122755,San Jose State University,2020,39,27701,86,15995,32375,0.6736679536679536,CA,City/Suburb,477479,34.2,M
122755,San Jose State University,2019,41,27905,86,14471,35307,0.6357379556461892,CA,City/Suburb,478819,34.2,M
122931,Santa Clara University,2023,11,6249,63,49651,18843,0.43841214244016347,CA,City/Suburb,492544,34.2,R0
122931,Santa Clara University,2022,11,6115,60,50551,16650,0.5211411411411412,CA,City/Suburb,473448,34.2,R0
122931,Santa Clara University,2021,11,5895,58,48469,16848,0.539826685660019,CA,City/Suburb,467260,34.2,R0
122931,Santa Clara University,2020,11,5608,56,48284,16488,0.5071567200388161,CA,City/Suburb,477479,34.2,R0
122931,Santa Clara University,2019,11,5694,53,42114,16300,0.48822085889570555,CA,City/Suburb,478819,34.2,R0
195304,Sarah Lawrence College,2023,13,1521,41,43571,4819,0.5893338866984852,NY,City/Suburb,211853,37.2,Baccalaureate
195304,Sarah Lawrence College,2022,12,1462,42,42781,5186,0.498843038951022,NY,City/Suburb,213993,37.2,Baccalaureate
195304,Sarah Lawrence College,2021,15,1529,43,34091,4452,0.584681042228212,NY,City/Suburb,217586,37.2,Baccalaureate
195304,Sarah Lawrence College,2020,14,1292,42,41396,3674,0.5462710941752857,NY,City/Suburb,209688,37.2,Baccalaureate
195304,Sarah Lawrence College,2019,16,1433,42,40630,4053,0.5309647174932149,NY,City/Suburb,212104,37.2,Baccalaureate
140951,Savannah College of Art and Design,2023,19,14657,48,46524,14931,0.8368495077355836,GA,City/Suburb,126146,31.9,M
140951,Savannah College of Art and Design,2022,19,13582,48,45976,14387,0.8173350941822478,GA,City/Suburb,122695,31.9,M
140951,Savannah College of Art and Design,2021,18,12772,49,45163,14914,0.80776451656162,GA,City/Suburb,124712,31.9,M
140951,Savannah College of Art and Design,2020,20,11679,49,45798,14327,0.7792280309904376,GA,City/Suburb,126126,31.9,M
140951,Savannah College of Art and Design,2019,21,12167,46,44460,11267,0.9590840507677287,GA,City/Suburb,121897,31.9,M
140960,Savannah State University,2020,70,3245,97,9611,10032,0.46142344497607657,GA,City/Suburb,126126,31.9,M
140960,Savannah State University,2019,71,3482,96,9557,8207,0.33203362982819545,GA,City/Suburb,121897,31.9,M
143048,School of the Art Institute of Chicago,2023,19,2762,66,55485,6633,0.7642092567465701,IL,City/Suburb,148445,35.1,Special or Tribal
143048,School of the Art Institute of Chicago,2022,19,2819,65,53923,6075,0.7896296296296297,IL,City/Suburb,145439,35.1,Special or Tribal
143048,School of the Art Institute of Chicago,2021,18,2795,63,50214,5835,0.8097686375321337,IL,City/Suburb,150490,35.1,Special or Tribal
143048,School of the Art Institute of Chicago,2020,19,2487,64,51606,6530,0.7777947932618683,IL,City/Suburb,149373,35.1,Special or Tribal
143048,School of the Art Institute of Chicago,2019,19,2983,66,50167,6410,0.5703588143525741,IL,City/Suburb,152277,35.1,Special or Tribal
228042,Schreiner University,2023,44,1062,51,21786,2128,0.8796992481203008,TX,Town/Rural,385604,30.3,M
228042,Schreiner University,2022,35,1098,51,24278,2202,0.851952770208901,TX,Town/Rural,375741,30.3,M
228042,Schreiner University,2021,35,1017,47,23048,1443,0.8378378378378378,TX,Town/Rural,377064,30.3,M
228042,Schreiner University,2020,35,1145,45,25771,1403,0.9615110477548111,TX,Town/Rural,372402,30.3,M
228042,Schreiner University,2019,37,1257,50,22860,1194,0.9321608040201005,TX,Town/Rural,364979,30.3,M
123165,Scripps College,2023,11,1082,47,45505,3082,0.3393900064892927,CA,City/Suburb,492544,34.2,Baccalaureate
123165,Scripps College,2022,11,1081,46,43923,3099,0.2791222975153275,CA,City/Suburb,473448,34.2,Baccalaureate
123165,Scripps College,2021,11,1095,46,44770,2952,0.2953929539295393,CA,City/Suburb,467260,34.2,Baccalaureate
123165,Scripps College,2020,11,936,50,40259,2938,0.3512593601089176,CA,City/Suburb,477479,34.2,Baccalaureate
123165,Scripps College,2019,11,1089,48,39702,3022,0.3199867637326274,CA,City/Suburb,478819,34.2,Baccalaureate
236577,Seattle Pacific University,2023,33,2082,62,26155,2806,0.9109052031361369,WA,City/Suburb,78990,36.7,R0
236577,Seattle Pacific University,2022,34,2432,60,26549,3895,0.9070603337612323,WA,City/Suburb,78071,36.7,R0
236577,Seattle Pacific University,2021,33,2640,58,26153,4358,0.9194584671867829,WA,City/Suburb,79537,36.7,R0
236577,Seattle Pacific University,2020,32,2702,54,28367,3923,0.9061942391027275,WA,City/Suburb,79042,36.7,R0
236577,Seattle Pacific University,2019,30,2717,52,27947,4387,0.906086163665375,WA,City/Suburb,78061,36.7,R0
236595,Seattle University,2023,22,4137,69,37103,8976,0.7604723707664884,WA,City/Suburb,78990,36.7,R0
236595,Seattle University,2022,20,4046,66,35412,7934,0.8515250819258886,WA,City/Suburb,78071,36.7,R0
236595,Seattle University,2021,19,4241,63,36671,8539,0.8211734395128235,WA,City/Suburb,79537,36.7,R0
236595,Seattle University,2020,19,4244,61,36843,7914,0.8323224665150366,WA,City/Suburb,79042,36.7,R0
236595,Seattle University,2019,19,4633,60,35569,7968,0.7847640562248996,WA,City/Suburb,78061,36.7,R0
186584,Seton Hall University,2023,30,6061,57,31642,23748,0.7890348660939869,NJ,City/Suburb,104131,40.8,R2
186584,Seton Hall University,2022,28,6012,53,33472,25731,0.7506509657611441,NJ,City/Suburb,107755,40.8,R2
186584,Seton Hall University,2021,25,6063,50,33177,23417,0.7661100909595593,NJ,City/Suburb,109108,40.8,R2
186584,Seton Hall University,2020,26,5913,49,33652,20830,0.7822851656265002,NJ,City/Suburb,109961,40.8,R2
186584,Seton Hall University,2019,27,6102,51,30909,19757,0.7363466113276307,NJ,City/Suburb,113367,40.8,R2
215947,Seton Hill University,2023,30,1597,18,23732,2441,0.7578861122490782,PA,City/Suburb,142275,31.8,M
215947,Seton Hill University,2022,33,1627,20,24576,2668,0.7833583208395802,PA,City/Suburb,139193,31.8,M
215947,Seton Hill University,2021,34,1653,19,22424,2684,0.7380774962742176,PA,City/Suburb,142186,31.8,M
215947,Seton Hill University,2020,30,1635,19,23008,2583,0.7866821525358111,PA,City/Suburb,143645,31.8,M
215947,Seton Hill University,2019,27,1728,20,23971,2539,0.7569909413154785,PA,City/Suburb,143842,31.8,M
195438,Sh'or Yoshuv Rabbinical College,2019,4,162,4,4610,3,0.6666666666666666,NY,City/Suburb,212104,37.2,Special or Tribal
123280,Shasta Bible College and Graduate School,2023,54,13,31,17119,2,1,CA,City/Suburb,492544,34.2,Special or Tribal
123280,Shasta Bible College and Graduate School,2022,76,24,17,11387,4,1,CA,City/Suburb,473448,34.2,Special or Tribal
123280,Shasta Bible College and Graduate School,2021,74,29,21,20489,5,1,CA,City/Suburb,467260,34.2,Special or Tribal
123280,Shasta Bible College and Graduate School,2020,48,31,19,2781,4,1,CA,City/Suburb,477479,34.2,Special or Tribal
123280,Shasta Bible College and Graduate School,2019,55,29,24,17545,2,1,CA,City/Suburb,478819,34.2,Special or Tribal
199643,Shaw University,2023,65,843,97,14111,10699,0.30479484063931206,NC,City/Suburb,108252,31.9,Baccalaureate
199643,Shaw University,2022,56,924,97,14204,2435,0.6102669404517453,NC,City/Suburb,114167,31.9,Baccalaureate
199643,Shaw University,2021,70,998,98,15498,2435,0.653388090349076,NC,City/Suburb,116514,31.9,Baccalaureate
199643,Shaw University,2020,75,1152,98,17785,6437,0.705608202578841,NC,City/Suburb,116615,31.9,Baccalaureate
199643,Shaw University,2019,75,1174,99,18846,4311,0.6339596381350034,NC,City/Suburb,114284,31.9,Baccalaureate
233541,Shenandoah University,2023,19,2590,43,26400,3763,0.7783683231464257,VA,City/Suburb,99497,39.3,R0
233541,Shenandoah University,2022,18,2461,41,26143,2296,0.8035714285714286,VA,City/Suburb,98780,39.3,R0
233541,Shenandoah University,2021,21,2416,40,29077,2616,0.7435015290519877,VA,City/Suburb,100147,39.3,R0
233541,Shenandoah University,2020,23,2267,36,31089,2646,0.7437641723356009,VA,City/Suburb,98970,39.3,R0
233541,Shenandoah University,2019,25,2040,40,29311,2322,0.743755383290267,VA,City/Suburb,95710,39.3,R0
237792,Shepherd University,2023,27,2906,31,12651,1793,0.9564974902398216,WV,Town/Rural,17853,21.3,M
237792,Shepherd University,2022,31,2718,27,11966,1690,0.9585798816568047,WV,Town/Rural,17400,21.3,M
237792,Shepherd University,2021,32,2450,27,7641,1338,0.9641255605381166,WV,Town/Rural,18271,21.3,M
237792,Shepherd University,2020,31,2716,25,10685,1651,0.9769836462749849,WV,Town/Rural,18751,21.3,M
237792,Shepherd University,2019,31,3200,23,10390,1381,0.9630702389572773,WV,Town/Rural,19036,21.3,M
216010,Shippensburg University of Pennsylvania,2023,30,4421,26,23344,6545,0.8554621848739495,PA,Town/Rural,142275,31.8,M
216010,Shippensburg University of Pennsylvania,2022,30,4443,27,21462,6367,0.8779645044762054,PA,Town/Rural,139193,31.8,M
216010,Shippensburg University of Pennsylvania,2021,32,4900,29,21077,6000,0.9311666666666667,PA,Town/Rural,142186,31.8,M
216010,Shippensburg University of Pennsylvania,2020,33,5324,28,21631,6760,0.9392011834319527,PA,Town/Rural,143645,31.8,M
216010,Shippensburg University of Pennsylvania,2019,32,5274,26,20308,6019,0.9122777870078086,PA,Town/Rural,143842,31.8,M
140988,Shorter University,2023,37,1322,39,16692,783,0.9693486590038314,GA,City/Suburb,126146,31.9,M
140988,Shorter University,2022,40,1373,36,13490,871,0.9747416762342136,GA,City/Suburb,122695,31.9,M
140988,Shorter University,2021,41,1332,35,16438,1149,0.8120104438642297,GA,City/Suburb,124712,31.9,M
140988,Shorter University,2020,39,1306,41,17463,1548,0.7093023255813954,GA,City/Suburb,126126,31.9,M
140988,Shorter University,2019,44,1394,38,19217,1643,0.603164942178941,GA,City/Suburb,121897,31.9,M
195474,Siena College,2023,23,3497,26,32602,8992,0.7057384341637011,NY,City/Suburb,211853,37.2,M
195474,Siena College,2022,24,3516,24,30842,8344,0.8034515819750719,NY,City/Suburb,213993,37.2,M
195474,Siena College,2021,24,3496,24,32810,8597,0.8283122019309062,NY,City/Suburb,217586,37.2,M
195474,Siena College,2020,25,3297,23,29625,8326,0.8066298342541437,NY,City/Suburb,209688,37.2,M
195474,Siena College,2019,25,3188,23,27997,7728,0.8112060041407867,NY,City/Suburb,212104,37.2,M
172264,Siena Heights University,2023,31,1669,41,17740,1809,0.6655610834715312,MI,Town/Rural,108265,29.6,M
172264,Siena Heights University,2022,30,1702,41,20074,1545,0.6498381877022654,MI,Town/Rural,103443,29.6,M
172264,Siena Heights University,2021,33,1782,40,18931,1502,0.6844207723035952,MI,Town/Rural,107239,29.6,M
172264,Siena Heights University,2020,35,1878,36,18910,1263,0.7442596991290578,MI,Town/Rural,108725,29.6,M
172264,Siena Heights University,2019,37,2103,39,19146,1722,0.7340301974448316,MI,Town/Rural,112177,29.6,M
461759,Simmons College of Kentucky,2023,43,389,100,19083,280,0.9821428571428571,KY,City/Suburb,49328,24.8,Baccalaureate
461759,Simmons College of Kentucky,2022,53,237,100,18831,286,0.6713286713286714,KY,City/Suburb,49640,24.8,Baccalaureate
461759,Simmons College of Kentucky,2021,65,163,99,12473,85,0.5764705882352941,KY,City/Suburb,50879,24.8,Baccalaureate
461759,Simmons College of Kentucky,2020,66,140,99,7745,23,0.9130434782608695,KY,City/Suburb,51547,24.8,Baccalaureate
167783,Simmons University,2023,30,1760,51,29575,4871,0.660028741531513,MA,City/Suburb,78133,44.5,R0
167783,Simmons University,2022,30,1788,48,24423,4001,0.7645588602849288,MA,City/Suburb,78514,44.5,R0
167783,Simmons University,2021,29,1748,43,19026,3516,0.8353242320819113,MA,City/Suburb,78839,44.5,R0
167783,Simmons University,2020,24,1736,43,29021,2905,0.825473321858864,MA,City/Suburb,79537,44.5,R0
167783,Simmons University,2019,27,1761,38,30841,2933,0.7313331060347766,MA,City/Suburb,78060,44.5,R0
154350,Simpson College,2023,33,1140,25,23637,1646,0.8888213851761847,IA,Town/Rural,36870,29,Baccalaureate
154350,Simpson College,2022,36,1127,23,23185,1569,0.8910133843212237,IA,Town/Rural,36521,29,Baccalaureate
154350,Simpson College,2021,36,1172,21,20986,1330,0.9082706766917293,IA,Town/Rural,37097,29,Baccalaureate
154350,Simpson College,2020,36,1225,21,20457,1300,0.8661538461538462,IA,Town/Rural,36359,29,Baccalaureate
154350,Simpson College,2019,35,1307,21,20145,1607,0.8046048537647791,IA,Town/Rural,36735,29,Baccalaureate
123457,Simpson University,2023,42,755,52,28453,823,0.9902794653705954,CA,City/Suburb,492544,34.2,Baccalaureate
123457,Simpson University,2021,45,745,52,25311,953,0.6694648478488983,CA,City/Suburb,467260,34.2,Baccalaureate
123457,Simpson University,2020,47,696,52,23012,1276,0.5971786833855799,CA,City/Suburb,477479,34.2,Baccalaureate
123457,Simpson University,2019,46,702,48,22081,648,0.5231481481481481,CA,City/Suburb,478819,34.2,Baccalaureate
195526,Skidmore College,2023,14,2776,36,32368,12144,0.22924901185770752,NY,City/Suburb,211853,37.2,Baccalaureate
195526,Skidmore College,2022,15,2758,37,33389,13183,0.2554046878555716,NY,City/Suburb,213993,37.2,Baccalaureate
195526,Skidmore College,2021,16,2686,37,31553,11176,0.3059234073013601,NY,City/Suburb,217586,37.2,Baccalaureate
195526,Skidmore College,2020,16,2582,38,26995,10433,0.3216716189015624,NY,City/Suburb,209688,37.2,Baccalaureate
195526,Skidmore College,2019,15,2662,38,23589,11102,0.3004863988470546,NY,City/Suburb,212104,37.2,Baccalaureate
216038,Slippery Rock University of Pennsylvania,2023,28,6803,17,18407,6119,0.7462003595358718,PA,Town/Rural,142275,31.8,M
216038,Slippery Rock University of Pennsylvania,2022,29,6757,16,17873,5591,0.743337506707208,PA,Town/Rural,139193,31.8,M
216038,Slippery Rock University of Pennsylvania,2021,30,6901,16,12364,4936,0.7949756888168558,PA,Town/Rural,142186,31.8,M
216038,Slippery Rock University of Pennsylvania,2020,31,7399,16,18117,5461,0.7397912470243545,PA,Town/Rural,143645,31.8,M
216038,Slippery Rock University of Pennsylvania,2019,33,7440,15,18144,5781,0.7064521709046878,PA,Town/Rural,143842,31.8,M
167835,Smith College,2023,18,2506,48,27823,9869,0.1972844259803425,MA,City/Suburb,78133,44.5,Baccalaureate
167835,Smith College,2022,18,2523,49,30790,7269,0.22864217911679735,MA,City/Suburb,78514,44.5,Baccalaureate
167835,Smith College,2021,22,2566,50,29569,6064,0.2991424802110818,MA,City/Suburb,78839,44.5,Baccalaureate
167835,Smith College,2020,21,2183,53,28422,5249,0.3652124214136026,MA,City/Suburb,79537,44.5,Baccalaureate
167835,Smith College,2019,22,2531,51,28905,5597,0.3246381990351974,MA,City/Suburb,78060,44.5,Baccalaureate
399911,Soka University of America,2023,17,464,86,18807,397,0.6952141057934509,CA,City/Suburb,492544,34.2,Baccalaureate
399911,Soka University of America,2022,19,445,86,17928,498,0.5662650602409639,CA,City/Suburb,473448,34.2,Baccalaureate
399911,Soka University of America,2021,21,435,84,10586,519,0.5240847784200385,CA,City/Suburb,467260,34.2,Baccalaureate
399911,Soka University of America,2020,21,392,83,16411,427,0.5199063231850117,CA,City/Suburb,477479,34.2,Baccalaureate
399911,Soka University of America,2019,24,406,83,14439,504,0.4007936507936508,CA,City/Suburb,478819,34.2,Baccalaureate
123572,Sonoma State University,2023,36,5412,60,15113,10529,0.9472884414474309,CA,City/Suburb,492544,34.2,M
123572,Sonoma State University,2022,34,5934,59,15507,10806,0.9400333148250972,CA,City/Suburb,473448,34.2,M
123572,Sonoma State University,2021,34,6587,58,7055,10598,0.9373466691828647,CA,City/Suburb,467260,34.2,M
123572,Sonoma State University,2020,34,7255,58,17239,13353,0.8911855013854565,CA,City/Suburb,477479,34.2,M
123572,Sonoma State University,2019,35,8143,57,17086,15094,0.911885517424142,CA,City/Suburb,478819,34.2,M
218733,South Carolina State University,2023,68,2762,99,17928,9830,0.817293997965412,SC,Town/Rural,53335,28.3,M
218733,South Carolina State University,2022,66,2374,98,17435,6833,0.8390165373920679,SC,Town/Rural,52277,28.3,M
218733,South Carolina State University,2021,63,2074,98,20901,2497,0.8758510212254705,SC,Town/Rural,52010,28.3,M
218733,South Carolina State University,2020,73,2020,97,20022,3128,0.9408567774936062,SC,Town/Rural,52680,28.3,M
218733,South Carolina State University,2019,72,2155,98,20007,2631,0.6643861649562904,SC,Town/Rural,53953,28.3,M
219347,South Dakota School of Mines and Technology,2023,16,2170,18,20243,1539,0.852501624431449,SD,City/Suburb,9564,29.2,M
219347,South Dakota School of Mines and Technology,2022,16,2163,17,21124,1514,0.8269484808454426,SD,City/Suburb,9036,29.2,M
219347,South Dakota School of Mines and Technology,2021,17,2083,17,19257,1445,0.8048442906574395,SD,City/Suburb,9008,29.2,M
219347,South Dakota School of Mines and Technology,2020,20,2146,17,19799,1329,0.8555304740406321,SD,City/Suburb,8951,29.2,M
219347,South Dakota School of Mines and Technology,2019,20,2202,17,19444,1504,0.7659574468085106,SD,City/Suburb,9241,29.2,M
219356,South Dakota State University,2023,16,10177,14,18233,5884,0.9870836165873556,SD,Town/Rural,9564,29.2,R2
219356,South Dakota State University,2022,18,9917,14,18160,6364,0.8607793840351979,SD,Town/Rural,9036,29.2,R2
219356,South Dakota State University,2021,18,9847,13,17859,5774,0.8742639418081053,SD,Town/Rural,9008,29.2,R2
219356,South Dakota State University,2020,20,9976,13,17894,5290,0.889413988657845,SD,Town/Rural,8951,29.2,R2
219356,South Dakota State University,2019,21,10067,13,18195,5861,0.9003583006312916,SD,Town/Rural,9241,29.2,R2
417734,Southeast Missouri Hospital College of Nursing and Health Sciences,2023,46,147,11,25189,18,1,MO,City/Suburb,67773,29.5,Special or Tribal
417734,Southeast Missouri Hospital College of Nursing and Health Sciences,2022,43,134,7,14354,31,0.25806451612903225,MO,City/Suburb,66781,29.5,Special or Tribal
417734,Southeast Missouri Hospital College of Nursing and Health Sciences,2021,45,158,9,22039,48,0.3333333333333333,MO,City/Suburb,66906,29.5,Special or Tribal
417734,Southeast Missouri Hospital College of Nursing and Health Sciences,2020,43,203,13,16127,20,0.9,MO,City/Suburb,67892,29.5,Special or Tribal
417734,Southeast Missouri Hospital College of Nursing and Health Sciences,2019,47,154,9,22395,30,0.5,MO,City/Suburb,68482,29.5,Special or Tribal
179557,Southeast Missouri State University,2023,29,8099,23,14843,7462,0.7850442240686143,MO,City/Suburb,67773,29.5,M
179557,Southeast Missouri State University,2022,30,8454,22,14519,7092,0.8630851663846588,MO,City/Suburb,66781,29.5,M
179557,Southeast Missouri State University,2021,32,8629,21,13291,7213,0.7930126161098018,MO,City/Suburb,66906,29.5,M
179557,Southeast Missouri State University,2020,31,8929,19,13815,4871,0.9332785875590228,MO,City/Suburb,67892,29.5,M
179557,Southeast Missouri State University,2019,31,9524,19,12350,4785,0.8618599791013584,MO,City/Suburb,68482,29.5,M
176336,Southeastern Baptist College,2020,76,62,76,7634,41,0.5609756097560976,MS,Town/Rural,32110,23.2,Baccalaureate
199759,Southeastern Baptist Theological Seminary,2023,18,758,21,11395,124,0.7661290322580645,NC,City/Suburb,108252,31.9,R0
199759,Southeastern Baptist Theological Seminary,2022,14,679,20,16324,60,0.8,NC,City/Suburb,114167,31.9,R0
199759,Southeastern Baptist Theological Seminary,2021,16,775,18,19778,89,0.898876404494382,NC,City/Suburb,116514,31.9,R0
199759,Southeastern Baptist Theological Seminary,2020,24,893,18,11486,222,0.8243243243243243,NC,City/Suburb,116615,31.9,R0
199759,Southeastern Baptist Theological Seminary,2019,0,557,23,13077,252,0.9246031746031746,NC,City/Suburb,114284,31.9,R0
160612,Southeastern Louisiana University,2023,33,12684,37,12007,5485,0.9427529626253418,LA,City/Suburb,49729,24.3,M
160612,Southeastern Louisiana University,2022,34,12426,39,12291,4887,0.989768774299161,LA,City/Suburb,49777,24.3,M
160612,Southeastern Louisiana University,2021,35,12459,37,12891,5634,0.9893503727369543,LA,City/Suburb,52461,24.3,M
160612,Southeastern Louisiana University,2020,37,13456,37,12206,6036,0.9736580516898609,LA,City/Suburb,53334,24.3,M
160612,Southeastern Louisiana University,2019,36,13257,36,11890,4384,0.9021441605839416,LA,City/Suburb,52809,24.3,M
207847,Southeastern Oklahoma State University,2023,40,3207,49,8064,1221,0.8034398034398035,OK,Town/Rural,47211,25.6,M
207847,Southeastern Oklahoma State University,2022,41,3022,49,10004,915,0.7420765027322405,OK,Town/Rural,46032,25.6,M
207847,Southeastern Oklahoma State University,2021,40,3021,46,10263,825,0.7369696969696969,OK,Town/Rural,46211,25.6,M
207847,Southeastern Oklahoma State University,2020,41,3274,47,8276,1009,0.7859266600594648,OK,Town/Rural,45702,25.6,M
207847,Southeastern Oklahoma State University,2019,41,3168,46,8061,1115,0.737219730941704,OK,Town/Rural,43828,25.6,M
137564,Southeastern University,2023,22,9167,48,27935,2800,0.7428571428571429,FL,City/Suburb,214692,30.4,R0
137564,Southeastern University,2022,27,8840,45,27910,2182,0.608615948670944,FL,City/Suburb,217330,30.4,R0
137564,Southeastern University,2021,27,8118,45,27536,4940,0.44919028340080974,FL,City/Suburb,223891,30.4,R0
137564,Southeastern University,2020,29,8312,44,25987,5689,0.42661276146950255,FL,City/Suburb,215797,30.4,R0
137564,Southeastern University,2019,34,8717,45,25025,4981,0.4814294318409958,FL,City/Suburb,213187,30.4,R0
221661,Southern Adventist University,2023,31,2827,60,25374,2731,0.6660563896008788,TN,City/Suburb,72084,27.5,M
221661,Southern Adventist University,2022,32,2571,60,24332,2490,0.6578313253012048,TN,City/Suburb,71347,27.5,M
221661,Southern Adventist University,2021,34,2400,60,24127,1914,0.7439916405433646,TN,City/Suburb,72685,27.5,M
221661,Southern Adventist University,2020,34,2384,59,24491,2281,0.7395879000438405,TN,City/Suburb,73281,27.5,M
107983,Southern Arkansas University Main Campus,2023,45,3224,36,14164,2936,0.6658719346049047,AR,Town/Rural,33693,23.3,M
107983,Southern Arkansas University Main Campus,2022,43,3148,35,14056,2916,0.6361454046639232,AR,Town/Rural,33705,23.3,M
107983,Southern Arkansas University Main Campus,2021,45,3160,37,14141,2813,0.6260220405261286,AR,Town/Rural,34604,23.3,M
107983,Southern Arkansas University Main Campus,2020,46,3447,32,13561,3426,0.6853473438412142,AR,Town/Rural,34014,23.3,M
107983,Southern Arkansas University Main Campus,2019,49,3586,32,13514,3870,0.6506459948320413,AR,Town/Rural,33531,23.3,M
123952,Southern California Institute of Architecture,2023,21,239,85,21514,606,0.8267326732673267,CA,City/Suburb,492544,34.2,Special or Tribal
123952,Southern California Institute of Architecture,2022,21,250,84,19041,513,0.5984405458089669,CA,City/Suburb,473448,34.2,Special or Tribal
123952,Southern California Institute of Architecture,2021,22,256,86,37958,424,0.6485849056603774,CA,City/Suburb,467260,34.2,Special or Tribal
123952,Southern California Institute of Architecture,2020,25,249,86,51591,422,0.6729857819905213,CA,City/Suburb,477479,34.2,Special or Tribal
130493,Southern Connecticut State University,2023,37,6781,56,19870,8303,0.8111525954474287,CT,City/Suburb,44962,39.6,M
130493,Southern Connecticut State University,2022,40,6920,55,18712,8316,0.8292448292448292,CT,City/Suburb,44540,39.6,M
130493,Southern Connecticut State University,2021,42,6800,51,18493,7294,0.8293117630929531,CT,City/Suburb,44901,39.6,M
130493,Southern Connecticut State University,2020,41,7440,49,19220,8504,0.7968015051740357,CT,City/Suburb,45222,39.6,M
130493,Southern Connecticut State University,2019,39,7962,47,19155,9156,0.6936435124508519,CT,City/Suburb,45216,39.6,M
149222,Southern Illinois University-Carbondale,2023,37,8195,34,16131,10401,0.9044322661282569,IL,Town/Rural,148445,35.1,R2
149222,Southern Illinois University-Carbondale,2022,36,8000,34,16990,9771,0.9149524101934295,IL,Town/Rural,145439,35.1,R2
149222,Southern Illinois University-Carbondale,2021,35,8147,34,15976,6987,0.9514813224559897,IL,Town/Rural,150490,35.1,R2
149222,Southern Illinois University-Carbondale,2020,36,8299,34,15638,6165,0.9177615571776155,IL,Town/Rural,149373,35.1,R2
149222,Southern Illinois University-Carbondale,2019,37,8466,32,16299,5377,0.6637530221312999,IL,Town/Rural,152277,35.1,R2
149231,Southern Illinois University-Edwardsville,2023,32,8975,33,15182,8937,0.9721383014434374,IL,City/Suburb,148445,35.1,R0
149231,Southern Illinois University-Edwardsville,2022,32,9321,31,13586,9325,0.9751206434316354,IL,City/Suburb,145439,35.1,R0
149231,Southern Illinois University-Edwardsville,2021,32,9967,30,15519,8995,0.9806559199555308,IL,City/Suburb,150490,35.1,R0
149231,Southern Illinois University-Edwardsville,2020,33,9942,28,14506,8773,0.8504502450701015,IL,City/Suburb,149373,35.1,R0
149231,Southern Illinois University-Edwardsville,2019,34,10400,28,14790,7306,0.8566931289351218,IL,City/Suburb,152277,35.1,R0
228246,Southern Methodist University,2023,12,7115,42,45792,15092,0.6122448979591837,TX,City/Suburb,385604,30.3,R2
228246,Southern Methodist University,2022,12,7056,39,45094,16150,0.5225386996904025,TX,City/Suburb,375741,30.3,R2
228246,Southern Methodist University,2021,11,6908,37,41986,15685,0.5312719158431622,TX,City/Suburb,377064,30.3,R2
228246,Southern Methodist University,2020,11,6827,36,41444,14010,0.5266952177016417,TX,City/Suburb,372402,30.3,R2
228246,Southern Methodist University,2019,11,6710,36,40404,13959,0.4728848771401963,TX,City/Suburb,364979,30.3,R2
183026,Southern New Hampshire University,2023,47,159653,49,33163,45127,0.9612205553216477,NH,City/Suburb,15434,36.8,M
183026,Southern New Hampshire University,2022,46,140865,50,32043,35992,0.9637419426539231,NH,City/Suburb,15352,36.8,M
183026,Southern New Hampshire University,2021,45,121884,51,21502,27953,0.9206882982148606,NH,City/Suburb,15187,36.8,M
183026,Southern New Hampshire University,2020,46,111519,47,41217,30219,0.9219365299976836,NH,City/Suburb,14958,36.8,M
183026,Southern New Hampshire University,2019,48,92902,42,39743,25019,0.8816499460410089,NH,City/Suburb,15466,36.8,M
210146,Southern Oregon University,2023,24,4368,53,17433,3564,0.8265993265993266,OR,City/Suburb,41163,34,M
210146,Southern Oregon University,2022,28,4285,43,17976,2126,0.8795860771401693,OR,City/Suburb,41057,34,M
210146,Southern Oregon University,2021,25,4396,42,12134,1913,0.8970203868269734,OR,City/Suburb,42778,34,M
210146,Southern Oregon University,2020,27,4518,40,10806,2320,0.9043103448275862,OR,City/Suburb,42173,34,M
210146,Southern Oregon University,2019,29,5088,39,12022,2514,0.7820206841686556,OR,City/Suburb,41717,34,M
160621,Southern University and A & M College,2023,65,5848,98,18937,12221,0.4987316913509533,LA,City/Suburb,49729,24.3,R2
160621,Southern University and A & M College,2022,63,5757,98,16959,10609,0.5389763408426808,LA,City/Suburb,49777,24.3,R2
160621,Southern University and A & M College,2021,62,5837,98,16310,8551,0.5888200210501696,LA,City/Suburb,52461,24.3,R2
160621,Southern University and A & M College,2020,64,6145,98,16518,6935,0.43446286950252344,LA,City/Suburb,53334,24.3,R2
160621,Southern University and A & M College,2019,68,6324,97,15511,10563,0.34904856574836696,LA,City/Suburb,52809,24.3,R2
160630,Southern University at New Orleans,2023,45,1773,98,14825,2920,0.602054794520548,LA,City/Suburb,49729,24.3,M
160630,Southern University at New Orleans,2022,43,1680,95,14999,928,0.9353448275862069,LA,City/Suburb,49777,24.3,M
160630,Southern University at New Orleans,2021,54,1812,97,13194,1318,0.7928679817905918,LA,City/Suburb,52461,24.3,M
160630,Southern University at New Orleans,2020,62,1941,98,11500,2261,0.7200353825740823,LA,City/Suburb,53334,24.3,M
160630,Southern University at New Orleans,2019,60,1894,98,6761,1016,0.6033464566929134,LA,City/Suburb,52809,24.3,M
230603,Southern Utah University,2023,24,13043,27,12375,19190,0.8047420531526837,UT,Town/Rural,46946,34.9,M
230603,Southern Utah University,2022,26,12649,31,12681,18570,0.8385029617662897,UT,Town/Rural,46085,34.9,M
230603,Southern Utah University,2021,27,12080,30,12372,17209,0.8872682898483352,UT,Town/Rural,45251,34.9,M
230603,Southern Utah University,2020,28,11249,26,13432,16694,0.7556008146639511,UT,Town/Rural,43182,34.9,M
230603,Southern Utah University,2019,31,10274,31,14879,12248,0.7834748530372305,UT,Town/Rural,43372,34.9,M
233611,Southern Virginia University,2023,43,967,24,25440,1101,0.9963669391462306,VA,Town/Rural,99497,39.3,Baccalaureate
233611,Southern Virginia University,2022,46,1053,27,23274,1090,0.9944954128440368,VA,Town/Rural,98780,39.3,Baccalaureate
233611,Southern Virginia University,2021,44,1170,22,22951,1232,0.9951298701298701,VA,Town/Rural,100147,39.3,Baccalaureate
233611,Southern Virginia University,2020,49,1140,23,22496,514,0.9902723735408561,VA,Town/Rural,98970,39.3,Baccalaureate
233611,Southern Virginia University,2019,49,1111,25,20816,710,0.9802816901408451,VA,Town/Rural,95710,39.3,Baccalaureate
217776,Southern Wesleyan University,2023,29,887,31,20336,472,1,SC,City/Suburb,53335,28.3,M
217776,Southern Wesleyan University,2022,41,896,35,17639,846,0.5118203309692672,SC,City/Suburb,52277,28.3,M
217776,Southern Wesleyan University,2021,44,1043,35,19479,749,0.5660881174899867,SC,City/Suburb,52010,28.3,M
217776,Southern Wesleyan University,2020,45,1085,32,18614,922,0.5574837310195228,SC,City/Suburb,52680,28.3,M
217776,Southern Wesleyan University,2019,46,1150,33,17978,1042,0.3502879078694818,SC,City/Suburb,53953,28.3,M
179326,Southwest Baptist University,2023,35,1622,25,19781,1057,0.9971617786187322,MO,Town/Rural,67773,29.5,M
179326,Southwest Baptist University,2022,37,1836,32,18926,881,0.9954597048808173,MO,Town/Rural,66781,29.5,M
179326,Southwest Baptist University,2021,37,2101,38,18433,871,0.9621125143513203,MO,Town/Rural,66906,29.5,M
179326,Southwest Baptist University,2020,38,2379,36,18202,1542,0.7334630350194552,MO,Town/Rural,67892,29.5,M
179326,Southwest Baptist University,2019,40,2588,35,18344,2090,0.7086124401913876,MO,Town/Rural,68482,29.5,M
175078,Southwest Minnesota State University,2023,11,6884,21,14839,2630,0.6893536121673004,MN,Town/Rural,67002,36.7,M
175078,Southwest Minnesota State University,2022,10,6518,21,15004,1558,0.9159178433889602,MN,Town/Rural,64579,36.7,M
175078,Southwest Minnesota State University,2021,10,6556,20,14061,1672,0.9102870813397129,MN,Town/Rural,65199,36.7,M
175078,Southwest Minnesota State University,2020,11,6846,18,14340,1856,0.8060344827586207,MN,Town/Rural,66285,36.7,M
175078,Southwest Minnesota State University,2019,11,6636,17,14658,2264,0.6391342756183745,MN,Town/Rural,65499,36.7,M
228468,Southwestern Adventist University,2023,39,813,78,20198,1468,0.5551771117166212,TX,Town/Rural,385604,30.3,Baccalaureate
228468,Southwestern Adventist University,2022,42,786,80,20028,1438,0.5361613351877608,TX,Town/Rural,375741,30.3,Baccalaureate
228468,Southwestern Adventist University,2021,46,838,78,18472,1099,0.5750682438580528,TX,Town/Rural,377064,30.3,Baccalaureate
228468,Southwestern Adventist University,2020,48,745,75,20654,1342,0.6229508196721312,TX,Town/Rural,372402,30.3,Baccalaureate
228468,Southwestern Adventist University,2019,49,673,77,21717,1565,0.576996805111821,TX,Town/Rural,364979,30.3,Baccalaureate
228325,Southwestern Assemblies of God University,2023,49,1413,48,19834,615,0.8422764227642277,TX,City/Suburb,385604,30.3,M
228325,Southwestern Assemblies of God University,2022,53,1491,48,19217,627,0.8564593301435407,TX,City/Suburb,375741,30.3,M
228325,Southwestern Assemblies of God University,2021,54,1519,48,22245,658,0.8541033434650456,TX,City/Suburb,377064,30.3,M
228325,Southwestern Assemblies of God University,2020,54,1632,47,23931,703,0.887624466571835,TX,City/Suburb,372402,30.3,M
228325,Southwestern Assemblies of God University,2019,55,1683,42,24760,730,0.8753424657534247,TX,City/Suburb,364979,30.3,M
207856,Southwestern Christian University,2019,49,498,61,20291,340,0.6205882352941177,OK,City/Suburb,43828,25.6,Baccalaureate
155900,Southwestern College,2023,39,1038,58,27337,1333,0.6496624156039009,KS,Town/Rural,36832,33.8,Baccalaureate
155900,Southwestern College,2022,38,1067,58,27003,1240,0.7016129032258065,KS,Town/Rural,36624,33.8,Baccalaureate
155900,Southwestern College,2021,42,1164,62,26401,1338,0.6913303437967115,KS,Town/Rural,36149,33.8,Baccalaureate
155900,Southwestern College,2020,40,1272,64,25012,1410,0.5624113475177305,KS,Town/Rural,35923,33.8,Baccalaureate
155900,Southwestern College,2019,41,1359,59,23731,925,0.5156756756756756,KS,Town/Rural,35979,33.8,Baccalaureate
207865,Southwestern Oklahoma State University,2023,38,3995,38,14761,1689,1,OK,Town/Rural,47211,25.6,M
207865,Southwestern Oklahoma State University,2022,38,3941,38,13699,2571,0.7677946324387398,OK,Town/Rural,46032,25.6,M
207865,Southwestern Oklahoma State University,2021,36,3749,36,12697,2076,0.941233140655106,OK,Town/Rural,46211,25.6,M
207865,Southwestern Oklahoma State University,2020,37,4015,36,13105,2132,0.9319887429643527,OK,Town/Rural,45702,25.6,M
207865,Southwestern Oklahoma State University,2019,36,4116,37,12692,2196,0.9107468123861566,OK,Town/Rural,43828,25.6,M
228343,Southwestern University,2023,23,1457,46,30687,6585,0.39073652239939255,TX,City/Suburb,385604,30.3,Baccalaureate
228343,Southwestern University,2022,25,1483,44,31014,5557,0.4479035450782797,TX,City/Suburb,375741,30.3,Baccalaureate
228343,Southwestern University,2021,25,1504,42,28496,4757,0.5104057178894261,TX,City/Suburb,377064,30.3,Baccalaureate
228343,Southwestern University,2020,23,1506,41,29830,4578,0.49366535605067713,TX,City/Suburb,372402,30.3,Baccalaureate
228343,Southwestern University,2019,26,1511,39,27757,4766,0.49034830046160305,TX,City/Suburb,364979,30.3,Baccalaureate
157757,Spalding University,2023,36,734,49,25539,807,0.9863692688971499,KY,City/Suburb,49328,24.8,M
157757,Spalding University,2022,38,767,47,26539,720,0.9763888888888889,KY,City/Suburb,49640,24.8,M
157757,Spalding University,2021,41,765,36,24822,695,0.897841726618705,KY,City/Suburb,50879,24.8,M
157757,Spalding University,2020,42,855,35,23003,700,0.9342857142857143,KY,City/Suburb,51547,24.8,M
157757,Spalding University,2019,43,925,36,22314,851,0.7931844888366627,KY,City/Suburb,51210,24.8,M
218821,Spartanburg Methodist College,2023,60,1029,56,16556,1946,0.8139773895169579,SC,City/Suburb,53335,28.3,Two-Year
218821,Spartanburg Methodist College,2022,58,1064,55,16333,1959,0.821337417049515,SC,City/Suburb,52277,28.3,Two-Year
218821,Spartanburg Methodist College,2021,57,1042,56,14899,1918,0.8039624608967675,SC,City/Suburb,52010,28.3,Two-Year
218821,Spartanburg Methodist College,2020,58,1051,56,12457,1809,0.8264234383637369,SC,City/Suburb,52680,28.3,Two-Year
218821,Spartanburg Methodist College,2019,60,933,52,12672,1653,0.6110102843315185,SC,City/Suburb,53953,28.3,Two-Year
141060,Spelman College,2023,29,3633,97,37403,10610,0.3409048067860509,GA,City/Suburb,126146,31.9,Baccalaureate
141060,Spelman College,2022,42,3102,93,37085,13649,0.28390358268004984,GA,City/Suburb,122695,31.9,Baccalaureate
141060,Spelman College,2021,42,2417,99,28527,11176,0.507605583392985,GA,City/Suburb,124712,31.9,Baccalaureate
141060,Spelman College,2020,43,2207,100,43920,9118,0.5257731958762887,GA,City/Suburb,126126,31.9,Baccalaureate
141060,Spelman College,2019,46,2120,100,43042,9106,0.4344388315396442,GA,City/Suburb,121897,31.9,Baccalaureate
172334,Spring Arbor University,2023,26,1091,34,21720,3145,0.37329093799682034,MI,Town/Rural,108265,29.6,M
172334,Spring Arbor University,2022,26,1127,30,22375,2312,0.4731833910034602,MI,Town/Rural,103443,29.6,M
172334,Spring Arbor University,2021,31,1215,31,21441,1760,0.5994318181818182,MI,Town/Rural,107239,29.6,M
172334,Spring Arbor University,2020,33,1350,30,21535,1504,0.6329787234042553,MI,Town/Rural,108725,29.6,M
172334,Spring Arbor University,2019,37,1614,30,20427,1459,0.656614119259767,MI,Town/Rural,112177,29.6,M
102234,Spring Hill College,2023,33,851,43,20271,2279,0.5910487055726196,AL,City/Suburb,52181,25.5,Baccalaureate
102234,Spring Hill College,2022,35,933,39,21018,2050,0.7263414634146341,AL,City/Suburb,53739,25.5,Baccalaureate
102234,Spring Hill College,2021,36,990,37,21781,2114,0.7152317880794702,AL,City/Suburb,54466,25.5,Baccalaureate
102234,Spring Hill College,2020,37,1061,35,23067,2742,0.5415754923413567,AL,City/Suburb,52925,25.5,Baccalaureate
102234,Spring Hill College,2019,36,1160,32,22362,7616,0.49776785714285715,AL,City/Suburb,55331,25.5,Baccalaureate
167899,Springfield College,2023,22,1924,27,29198,3614,0.7022689540675152,MA,City/Suburb,78133,44.5,R0
167899,Springfield College,2022,22,2005,27,27930,3549,0.756269371653987,MA,City/Suburb,78514,44.5,R0
167899,Springfield College,2021,22,2059,25,28296,2853,0.7690150718541886,MA,City/Suburb,78839,44.5,R0
167899,Springfield College,2020,24,2188,26,29395,3441,0.6341179889566987,MA,City/Suburb,79537,44.5,R0
167899,Springfield College,2019,26,2175,27,29706,3616,0.6805862831858407,MA,City/Suburb,78060,44.5,R0
195164,St Bonaventure University,2023,23,1914,23,27659,4299,0.8153058850895557,NY,Town/Rural,211853,37.2,M
195164,St Bonaventure University,2022,25,1856,23,26004,3774,0.811075781664017,NY,Town/Rural,213993,37.2,M
195164,St Bonaventure University,2021,27,1796,24,25533,3330,0.7810810810810811,NY,Town/Rural,217586,37.2,M
195164,St Bonaventure University,2020,28,1839,24,23748,3014,0.7631055076310551,NY,Town/Rural,209688,37.2,M
195164,St Bonaventure University,2019,27,1826,26,23445,3058,0.750163505559189,NY,Town/Rural,212104,37.2,M
175005,St Catherine University,2023,36,2431,50,22357,1703,0.9406928948913682,MN,City/Suburb,67002,36.7,R0
175005,St Catherine University,2022,38,2404,48,19976,1512,0.9252645502645502,MN,City/Suburb,64579,36.7,R0
175005,St Catherine University,2021,37,2585,46,19252,1561,0.7488789237668162,MN,City/Suburb,65199,36.7,R0
175005,St Catherine University,2020,38,2983,43,18912,1677,0.7614788312462731,MN,City/Suburb,66285,36.7,R0
175005,St Catherine University,2019,38,3153,41,20172,2458,0.6733116354759967,MN,City/Suburb,65499,36.7,R0
195216,St Lawrence University,2023,21,2060,23,36175,5367,0.5846841811067636,NY,Town/Rural,211853,37.2,Baccalaureate
195216,St Lawrence University,2022,22,2145,24,33283,5172,0.6349574632637278,NY,Town/Rural,213993,37.2,Baccalaureate
195216,St Lawrence University,2021,21,2247,24,31744,5217,0.565459076097374,NY,Town/Rural,217586,37.2,Baccalaureate
195216,St Lawrence University,2020,21,2280,25,31578,5952,0.47261424731182794,NY,Town/Rural,209688,37.2,Baccalaureate
195216,St Lawrence University,2019,21,2392,23,34047,6998,0.4241211774792798,NY,Town/Rural,212104,37.2,Baccalaureate
154262,St Luke's College,2023,46,196,34,12771,18,0.4444444444444444,IA,City/Suburb,36870,29,Special or Tribal
154262,St Luke's College,2022,53,196,32,19405,15,0.8,IA,City/Suburb,36521,29,Special or Tribal
154262,St Luke's College,2021,45,202,27,20953,24,1,IA,City/Suburb,37097,29,Special or Tribal
154262,St Luke's College,2020,48,211,26,16930,27,0.5925925925925926,IA,City/Suburb,36359,29,Special or Tribal
154262,St Luke's College,2019,35,235,18,21704,31,0.2903225806451613,IA,City/Suburb,36735,29,Special or Tribal
174844,St Olaf College,2023,20,3074,33,27282,5956,0.5214909335124245,MN,Town/Rural,67002,36.7,Baccalaureate
174844,St Olaf College,2022,20,3046,33,26171,5523,0.5640050697084917,MN,Town/Rural,64579,36.7,Baccalaureate
174844,St Olaf College,2021,20,2988,33,27729,6494,0.47428395441946414,MN,Town/Rural,65199,36.7,Baccalaureate
174844,St Olaf College,2020,19,2953,32,27838,5231,0.5081246415599312,MN,Town/Rural,66285,36.7,Baccalaureate
174844,St Olaf College,2019,20,3072,32,27779,5694,0.47506146821215317,MN,Town/Rural,65499,36.7,Baccalaureate
199698,St. Andrews University,2022,51,780,72,31864,1767,0.6479909451046972,NC,Town/Rural,114167,31.9,Baccalaureate
199698,St. Andrews University,2021,61,876,69,19954,2164,0.12292051756007394,NC,Town/Rural,116514,31.9,Baccalaureate
199698,St. Andrews University,2020,41,862,72,24546,2343,0.6086214255228339,NC,Town/Rural,116615,31.9,Baccalaureate
199698,St. Andrews University,2019,38,744,70,22699,1670,0.4532934131736527,NC,Town/Rural,114284,31.9,Baccalaureate
195173,St. Francis College,2022,47,2276,80,18602,4272,0.8426966292134831,NY,City/Suburb,213993,37.2,Baccalaureate
195173,St. Francis College,2021,48,2372,77,15481,4488,0.8524955436720143,NY,City/Suburb,217586,37.2,Baccalaureate
195173,St. Francis College,2020,45,2646,74,15817,5492,0.8452294246176256,NY,City/Suburb,209688,37.2,Baccalaureate
195173,St. Francis College,2019,47,2507,70,13492,3857,0.781177080632616,NY,City/Suburb,212104,37.2,Baccalaureate
195720,St. John Fisher University,2023,28,2590,20,28969,4600,0.6780434782608695,NY,City/Suburb,211853,37.2,R0
195720,St. John Fisher University,2022,27,2629,19,28312,4200,0.7304761904761905,NY,City/Suburb,213993,37.2,R0
195720,St. John Fisher University,2021,28,2597,18,27325,4515,0.7109634551495017,NY,City/Suburb,217586,37.2,R0
195720,St. John Fisher University,2020,27,2690,17,29722,4409,0.6840553413472443,NY,City/Suburb,209688,37.2,R0
195720,St. John Fisher University,2019,29,2656,16,28468,4720,0.6449152542372881,NY,City/Suburb,212104,37.2,R0
137272,St. John Vianney College Seminary,2020,13,57,63,35190,13,0.9230769230769231,FL,City/Suburb,215797,30.4,Special or Tribal
137272,St. John Vianney College Seminary,2019,21,46,65,29568,10,1,FL,City/Suburb,213187,30.4,Special or Tribal
163976,St. John's College,2023,22,488,37,27729,1059,0.4428706326723324,MD,City/Suburb,69770,40.8,Baccalaureate
163976,St. John's College,2022,19,462,33,27643,982,0.4989816700610998,MD,City/Suburb,69124,40.8,Baccalaureate
163976,St. John's College,2021,26,473,36,29431,967,0.531540847983454,MD,City/Suburb,71017,40.8,Baccalaureate
163976,St. John's College,2020,23,383,37,30806,777,0.6138996138996139,MD,City/Suburb,67971,40.8,Baccalaureate
163976,St. John's College,2019,22,494,37,31887,909,0.5984598459845984,MD,City/Suburb,68208,40.8,Baccalaureate
245652,St. John's College,2023,24,369,36,28368,463,0.4946004319654428,NM,Town/Rural,20718,27.7,Baccalaureate
245652,St. John's College,2022,30,364,34,29265,453,0.5408388520971302,NM,Town/Rural,20683,27.7,Baccalaureate
245652,St. John's College,2021,27,368,35,25628,456,0.6271929824561403,NM,Town/Rural,20434,27.7,Baccalaureate
245652,St. John's College,2020,28,268,43,26913,476,0.6890756302521008,NM,Town/Rural,20968,27.7,Baccalaureate
245652,St. John's College,2019,66,317,42,26609,422,0.6635071090047393,NM,Town/Rural,21861,27.7,Baccalaureate
195809,St. John's University-New York,2023,24,15699,55,28206,25223,0.796653847678706,NY,City/Suburb,211853,37.2,R0
195809,St. John's University-New York,2022,23,15652,55,26052,24607,0.8466696468484578,NY,City/Suburb,213993,37.2,R0
195809,St. John's University-New York,2021,23,15452,53,26655,23658,0.8514244652971511,NY,City/Suburb,217586,37.2,R0
195809,St. John's University-New York,2020,24,15693,51,26771,27917,0.7506537235376294,NY,City/Suburb,209688,37.2,R0
195809,St. John's University-New York,2019,27,17086,52,26993,29059,0.723355931036856,NY,City/Suburb,212104,37.2,R0
195544,St. Joseph's University-New York,2023,34,3369,46,18324,5003,0.7139716170297822,NY,City/Suburb,211853,37.2,M
195544,St. Joseph's University-New York,2022,34,3556,44,18001,4306,0.7670692057594055,NY,City/Suburb,213993,37.2,M
195544,St. Joseph's University-New York,2021,33,3774,44,16186,4107,0.7976625273922571,NY,City/Suburb,217586,37.2,M
195544,St. Joseph's University-New York,2020,34,3903,44,16290,4654,0.7067039106145251,NY,City/Suburb,209688,37.2,M
195544,St. Joseph's University-New York,2019,45,961,64,16363,2427,0.7124021425628347,NY,City/Suburb,212104,37.2,M
163912,St. Mary's College of Maryland,2023,20,1577,30,20679,3109,0.7539401736892891,MD,Town/Rural,69770,40.8,Baccalaureate
163912,St. Mary's College of Maryland,2022,20,1497,31,20714,2934,0.7730061349693251,MD,Town/Rural,69124,40.8,Baccalaureate
163912,St. Mary's College of Maryland,2021,21,1519,31,20213,2872,0.7733286908077994,MD,Town/Rural,71017,40.8,Baccalaureate
163912,St. Mary's College of Maryland,2020,21,1486,30,20237,2604,0.7903225806451613,MD,Town/Rural,67971,40.8,Baccalaureate
163912,St. Mary's College of Maryland,2019,21,1467,30,20996,1621,0.8426896977174584,MD,Town/Rural,68208,40.8,Baccalaureate
228149,St. Mary's University,2023,42,2147,80,20562,5203,0.889486834518547,TX,City/Suburb,385604,30.3,M
228149,St. Mary's University,2022,41,2001,88,21379,5369,0.8621717265785063,TX,City/Suburb,375741,30.3,M
228149,St. Mary's University,2021,42,2093,86,17899,4305,0.8845528455284553,TX,City/Suburb,377064,30.3,M
228149,St. Mary's University,2020,43,2139,85,18827,5210,0.8543186180422265,TX,City/Suburb,372402,30.3,M
228149,St. Mary's University,2019,43,2270,85,19528,4861,0.7862579716107797,TX,City/Suburb,364979,30.3,M
195243,St. Thomas Aquinas College,2023,18,1795,42,21257,2251,0.8223011994669036,NY,City/Suburb,211853,37.2,M
195243,St. Thomas Aquinas College,2022,19,1859,45,21745,1738,0.8866513233601842,NY,City/Suburb,213993,37.2,M
195243,St. Thomas Aquinas College,2021,22,1848,44,18502,1417,0.8920254057868737,NY,City/Suburb,217586,37.2,M
195243,St. Thomas Aquinas College,2020,23,1612,45,21139,1793,0.8683770217512549,NY,City/Suburb,209688,37.2,M
195243,St. Thomas Aquinas College,2019,22,1797,44,20972,1864,0.805793991416309,NY,City/Suburb,212104,37.2,M
137476,St. Thomas University,2023,25,3967,88,27029,4798,0.9939558149228845,FL,City/Suburb,214692,30.4,R0
137476,St. Thomas University,2022,28,3950,88,25540,7520,0.6514627659574468,FL,City/Suburb,217330,30.4,R0
137476,St. Thomas University,2021,23,3583,88,28550,6737,0.7086240166246104,FL,City/Suburb,223891,30.4,R0
137476,St. Thomas University,2020,24,3670,86,24436,5649,0.5962117188882988,FL,City/Suburb,215797,30.4,R0
137476,St. Thomas University,2019,20,3100,87,20172,5098,0.5462926637897214,FL,City/Suburb,213187,30.4,R0
243744,Stanford University,2023,19,8054,76,17998,53733,0.03906351776375784,CA,City/Suburb,492544,34.2,R1
243744,Stanford University,2022,19,8049,75,18279,56378,0.03680513675547199,CA,City/Suburb,473448,34.2,R1
243744,Stanford University,2021,19,7645,72,14402,55471,0.03948008869499378,CA,City/Suburb,467260,34.2,R1
243744,Stanford University,2020,18,6366,71,20023,45227,0.05193800163619077,CA,City/Suburb,477479,34.2,R1
243744,Stanford University,2019,17,6996,68,16779,47498,0.043412354204387556,CA,City/Suburb,478819,34.2,R1
196149,State University of New York at Cortland,2023,27,5905,24,18474,15867,0.5070901871809416,NY,Town/Rural,211853,37.2,M
196149,State University of New York at Cortland,2022,28,5993,25,18304,11711,0.5978140210058919,NY,Town/Rural,213993,37.2,M
196149,State University of New York at Cortland,2021,29,5984,26,17703,11420,0.6049912434325744,NY,Town/Rural,217586,37.2,M
196149,State University of New York at Cortland,2020,31,6256,27,17743,12392,0.5220303421562298,NY,Town/Rural,209688,37.2,M
196149,State University of New York at Cortland,2019,33,6295,28,17012,12942,0.46043888116210785,NY,Town/Rural,212104,37.2,M
196176,State University of New York at New Paltz,2023,33,6504,41,17848,16249,0.5869899686134531,NY,Town/Rural,211853,37.2,M
196176,State University of New York at New Paltz,2022,34,6090,41,19592,13228,0.5827033565164802,NY,Town/Rural,213993,37.2,M
196176,State University of New York at New Paltz,2021,34,6256,42,15318,12482,0.4613843935266784,NY,Town/Rural,217586,37.2,M
196176,State University of New York at New Paltz,2020,36,6597,41,16079,8843,0.6201515322854235,NY,Town/Rural,209688,37.2,M
196176,State University of New York at New Paltz,2019,36,6807,41,15496,14425,0.45178509532062394,NY,Town/Rural,212104,37.2,M
196194,State University of New York at Oswego,2023,39,5652,35,16923,14465,0.8039405461458693,NY,Town/Rural,211853,37.2,M
196194,State University of New York at Oswego,2022,40,5985,35,17376,12555,0.8255675029868578,NY,Town/Rural,213993,37.2,M
196194,State University of New York at Oswego,2021,41,6135,33,15078,10357,0.7964661581539055,NY,Town/Rural,217586,37.2,M
196194,State University of New York at Oswego,2020,43,6673,32,16398,12277,0.6890119736091879,NY,Town/Rural,209688,37.2,M
196194,State University of New York at Oswego,2019,44,6920,32,15762,12669,0.5405320072618202,NY,Town/Rural,212104,37.2,M
228431,Stephen F Austin State University,2023,37,9575,43,15498,12591,0.8825351441505838,TX,Town/Rural,385604,30.3,M
228431,Stephen F Austin State University,2022,38,9905,42,13858,9944,0.8951126307320998,TX,Town/Rural,375741,30.3,M
228431,Stephen F Austin State University,2021,37,10353,42,16819,8214,0.9192841490138788,TX,Town/Rural,377064,30.3,M
228431,Stephen F Austin State University,2020,37,10987,42,12649,9016,0.7610913930789707,TX,Town/Rural,372402,30.3,M
228431,Stephen F Austin State University,2019,39,11494,41,12866,10664,0.6794823705926482,TX,Town/Rural,364979,30.3,M
179548,Stephens College,2023,42,354,43,23261,414,0.9154589371980676,MO,City/Suburb,67773,29.5,M
179548,Stephens College,2022,44,381,31,26372,650,0.6415384615384615,MO,City/Suburb,66781,29.5,M
179548,Stephens College,2021,46,409,35,22487,677,0.6366322008862629,MO,City/Suburb,66906,29.5,M
179548,Stephens College,2020,50,443,33,22641,644,0.6428571428571429,MO,City/Suburb,67892,29.5,M
179548,Stephens College,2019,52,480,31,22604,992,0.5625,MO,City/Suburb,68482,29.5,M
155937,Sterling College,2023,32,680,33,22996,826,0.5302663438256658,KS,Town/Rural,36832,33.8,Baccalaureate
155937,Sterling College,2022,36,682,38,22680,1959,0.6110260336906586,KS,Town/Rural,36624,33.8,Baccalaureate
155937,Sterling College,2021,38,686,42,22377,2574,0.473970473970474,KS,Town/Rural,36149,33.8,Baccalaureate
155937,Sterling College,2020,39,665,40,24068,1898,0.36880927291886195,KS,Town/Rural,35923,33.8,Baccalaureate
155937,Sterling College,2019,44,643,39,19604,1596,0.3991228070175439,KS,Town/Rural,35979,33.8,Baccalaureate
231095,Sterling College,2023,35,78,26,30785,52,0.9230769230769231,VT,Town/Rural,5789,38.7,Baccalaureate
231095,Sterling College,2022,37,101,32,21222,28,0.9285714285714286,VT,Town/Rural,5977,38.7,Baccalaureate
231095,Sterling College,2021,44,126,24,15350,41,1,VT,Town/Rural,5988,38.7,Baccalaureate
231095,Sterling College,2020,40,139,29,17685,46,0.9565217391304348,VT,Town/Rural,6158,38.7,Baccalaureate
231095,Sterling College,2019,51,146,38,22734,87,0.8620689655172413,VT,Town/Rural,6547,38.7,Baccalaureate
137546,Stetson University,2023,35,2338,50,22914,7824,0.8642638036809815,FL,City/Suburb,214692,30.4,M
137546,Stetson University,2022,36,2561,48,25756,7344,0.9380446623093682,FL,City/Suburb,217330,30.4,M
137546,Stetson University,2021,34,2876,46,21240,9260,0.916414686825054,FL,City/Suburb,223891,30.4,M
137546,Stetson University,2020,33,3125,44,23864,11957,0.8149201304675086,FL,City/Suburb,215797,30.4,M
137546,Stetson University,2019,33,3183,43,23761,13005,0.7235678585159554,FL,City/Suburb,213187,30.4,M
186867,Stevens Institute of Technology,2023,20,4092,51,43665,14170,0.434438955539873,NJ,City/Suburb,104131,40.8,R2
186867,Stevens Institute of Technology,2022,20,4070,49,41689,12500,0.46224,NJ,City/Suburb,107755,40.8,R2
186867,Stevens Institute of Technology,2021,18,4064,49,40828,11320,0.5269434628975265,NJ,City/Suburb,109108,40.8,R2
186867,Stevens Institute of Technology,2020,18,3791,41,40303,10346,0.5306398608157742,NJ,City/Suburb,109961,40.8,R2
186867,Stevens Institute of Technology,2019,17,3659,39,40770,10475,0.399618138424821,NJ,City/Suburb,113367,40.8,R2
164173,Stevenson University,2023,29,3028,52,28201,5233,0.8320275176762851,MD,City/Suburb,69770,40.8,M
164173,Stevenson University,2022,29,2985,50,27600,4793,0.8410181514708951,MD,City/Suburb,69124,40.8,M
164173,Stevenson University,2021,29,2979,49,25354,4431,0.9088241931843828,MD,City/Suburb,71017,40.8,M
164173,Stevenson University,2020,28,3027,47,27770,4177,0.8917883648551592,MD,City/Suburb,67971,40.8,M
164173,Stevenson University,2019,31,3107,45,27913,4413,0.80784047133469294,MD,City/Suburb,68208,40.8,M
102270,Stillman College,2023,68,779,93,12479,2440,0.7422131147540983,AL,City/Suburb,52181,25.5,Baccalaureate
102270,Stillman College,2022,70,744,97,15574,1791,0.6454494695700725,AL,City/Suburb,53739,25.5,Baccalaureate
102270,Stillman College,2021,74,728,94,14760,1190,0.7579831932773109,AL,City/Suburb,54466,25.5,Baccalaureate
102270,Stillman College,2020,79,712,96,19922,1230,0.5552845528455285,AL,City/Suburb,52925,25.5,Baccalaureate
102270,Stillman College,2019,71,861,96,18111,2697,0.3296255098257323,AL,City/Suburb,55331,25.5,Baccalaureate
186876,Stockton University,2023,41,7812,42,19752,9338,0.8816663097022918,NJ,Town/Rural,104131,40.8,R0
186876,Stockton University,2022,40,8138,42,18515,9591,0.8553852570117819,NJ,Town/Rural,107755,40.8,R0
186876,Stockton University,2021,40,8392,39,19581,6247,0.8453657755722747,NJ,Town/Rural,109108,40.8,R0
186876,Stockton University,2020,40,8846,37,20526,7262,0.7730652712751308,NJ,Town/Rural,109961,40.8,R0
186876,Stockton University,2019,40,8893,35,17815,6914,0.7632340179346254,NJ,Town/Rural,113367,40.8,R0
167996,Stonehill College,2023,15,2515,24,31134,7915,0.725584333543904,MA,City/Suburb,78133,44.5,Baccalaureate
167996,Stonehill College,2022,13,2500,23,31021,7269,0.7343513550694731,MA,City/Suburb,78514,44.5,Baccalaureate
167996,Stonehill College,2021,12,2423,22,31467,7219,0.7200443274691786,MA,City/Suburb,78839,44.5,Baccalaureate
167996,Stonehill College,2020,13,2428,19,35508,7117,0.6896164114093016,MA,City/Suburb,79537,44.5,Baccalaureate
167996,Stonehill College,2019,14,2467,17,35409,6961,0.6769142364602787,MA,City/Suburb,78060,44.5,Baccalaureate
196097,Stony Brook University,2023,38,17549,73,18601,50341,0.49005780576468483,NY,City/Suburb,211853,37.2,R1
196097,Stony Brook University,2022,37,17509,73,17213,40513,0.4913978229210377,NY,City/Suburb,213993,37.2,R1
196097,Stony Brook University,2021,36,17999,71,16445,38826,0.4805800236954618,NY,City/Suburb,217586,37.2,R1
196097,Stony Brook University,2020,35,18010,70,16478,37083,0.48911900331688374,NY,City/Suburb,209688,37.2,R1
196097,Stony Brook University,2019,35,17909,70,15605,37079,0.4414897920655897,NY,City/Suburb,212104,37.2,R1
168005,Suffolk University,2023,27,4484,51,33089,10101,0.8474408474408475,MA,City/Suburb,78133,44.5,R0
168005,Suffolk University,2022,27,4381,51,32270,9699,0.8679245283018868,MA,City/Suburb,78514,44.5,R0
168005,Suffolk University,2021,26,4227,50,32393,7501,0.8802826289828023,MA,City/Suburb,78839,44.5,R0
168005,Suffolk University,2020,26,4397,51,34561,7686,0.8589643507676294,MA,City/Suburb,79537,44.5,R0
168005,Suffolk University,2019,26,4862,53,33105,8194,0.8363436660971443,MA,City/Suburb,78060,44.5,R0
228501,Sul Ross State University,2023,52,1441,79,12240,1073,0.9561975768872321,TX,Town/Rural,385604,30.3,M
228501,Sul Ross State University,2022,55,1550,79,13130,717,0.9707112970711297,TX,Town/Rural,375741,30.3,M
228501,Sul Ross State University,2021,56,1608,79,15580,549,1,TX,Town/Rural,377064,30.3,M
228501,Sul Ross State University,2020,56,1789,79,11367,1012,0.808300395256917,TX,Town/Rural,372402,30.3,M
228501,Sul Ross State University,2019,54,1849,77,11833,810,0.9962962962962963,TX,Town/Rural,364979,30.3,M
447953,SUM Bible College and Theological Seminary,2023,53,318,71,23282,95,0.6421052631578947,CA,City/Suburb,492544,34.2,Special or Tribal
447953,SUM Bible College and Theological Seminary,2022,51,416,70,19700,103,0.8349514563106796,CA,City/Suburb,473448,34.2,Special or Tribal
447953,SUM Bible College and Theological Seminary,2021,58,416,67,16375,96,1,CA,City/Suburb,467260,34.2,Special or Tribal
447953,SUM Bible College and Theological Seminary,2020,78,417,62,16651,95,0.5578947368421052,CA,City/Suburb,477479,34.2,Special or Tribal
447953,SUM Bible College and Theological Seminary,2019,58,459,58,18489,144,0.9513888888888888,CA,City/Suburb,478819,34.2,Special or Tribal
181543,Summit Christian College,2023,36,23,9,19951,7,NA,NE,Town/Rural,24387,32.4,Special or Tribal
181543,Summit Christian College,2022,35,22,9,19810,6,0.6666666666666666,NE,Town/Rural,23856,32.4,Special or Tribal
181543,Summit Christian College,2021,26,26,23,7017,25,0.4,NE,Town/Rural,23769,32.4,Special or Tribal
181543,Summit Christian College,2020,33,34,21,10617,14,0.35714285714285715,NE,Town/Rural,23830,32.4,Special or Tribal
181543,Summit Christian College,2019,44,25,28,7380,8,1,NE,Town/Rural,23314,32.4,Special or Tribal
196158,SUNY at Fredonia,2023,37,2877,26,15830,5941,0.7919542164618751,NY,Town/Rural,211853,37.2,M
196158,SUNY at Fredonia,2022,39,3212,27,15795,4597,0.8457689797694148,NY,Town/Rural,213993,37.2,M
196158,SUNY at Fredonia,2021,40,3552,28,15973,4668,0.9074550128534704,NY,Town/Rural,217586,37.2,M
196158,SUNY at Fredonia,2020,43,3853,27,14549,5754,0.7224539450816823,NY,Town/Rural,209688,37.2,M
196158,SUNY at Fredonia,2019,44,4221,29,14631,6277,0.7111677552971165,NY,Town/Rural,212104,37.2,M
196219,SUNY at Purchase College,2023,36,3165,49,18651,7221,0.7282924802658911,NY,City/Suburb,211853,37.2,Baccalaureate
196219,SUNY at Purchase College,2022,35,3107,51,19434,5747,0.746824430137463,NY,City/Suburb,213993,37.2,Baccalaureate
196219,SUNY at Purchase College,2021,36,3439,50,19458,4047,0.7541388682975043,NY,City/Suburb,217586,37.2,Baccalaureate
196219,SUNY at Purchase College,2020,37,3600,51,16538,4594,0.73704832390074,NY,City/Suburb,209688,37.2,Baccalaureate
196219,SUNY at Purchase College,2019,37,4051,49,18104,6486,0.5151094665433241,NY,City/Suburb,212104,37.2,Baccalaureate
196121,SUNY Brockport,2023,39,5429,32,15343,10855,0.7128512206356518,NY,Town/Rural,211853,37.2,M
196121,SUNY Brockport,2022,38,5149,31,16261,7683,0.6794221007418977,NY,Town/Rural,213993,37.2,M
196121,SUNY Brockport,2021,38,5714,29,15384,7800,0.7644871794871795,NY,Town/Rural,217586,37.2,M
196121,SUNY Brockport,2020,41,6289,31,16076,9203,0.5811148538520048,NY,Town/Rural,209688,37.2,M
196121,SUNY Brockport,2019,43,6673,30,14747,9672,0.5473531844499586,NY,Town/Rural,212104,37.2,M
196130,SUNY Buffalo State University,2023,53,5572,55,13735,15943,0.7587028790064605,NY,City/Suburb,211853,37.2,M
196130,SUNY Buffalo State University,2022,53,5464,54,13812,12292,0.8598275301008786,NY,City/Suburb,213993,37.2,M
196130,SUNY Buffalo State University,2021,55,6147,54,9998,12057,0.8454010118603301,NY,City/Suburb,217586,37.2,M
196130,SUNY Buffalo State University,2020,55,7309,56,13400,13313,0.8007210996770074,NY,City/Suburb,209688,37.2,M
196130,SUNY Buffalo State University,2019,56,7647,55,12230,14577,0.6700967277217534,NY,City/Suburb,212104,37.2,M
196167,SUNY College at Geneseo,2023,25,3868,19,18698,13479,0.6352845166555382,NY,Town/Rural,211853,37.2,M
196167,SUNY College at Geneseo,2022,26,4110,20,19557,9069,0.7492557062520675,NY,Town/Rural,213993,37.2,M
196167,SUNY College at Geneseo,2021,25,4466,20,20594,9103,0.7385477315170823,NY,Town/Rural,217586,37.2,M
196167,SUNY College at Geneseo,2020,26,4829,21,18684,10250,0.6135609756097561,NY,Town/Rural,209688,37.2,M
196167,SUNY College at Geneseo,2019,27,5294,23,17341,10433,0.6547493530144733,NY,Town/Rural,212104,37.2,M
196246,SUNY College at Plattsburgh,2023,39,3856,36,15982,8410,0.7518430439952437,NY,Town/Rural,211853,37.2,M
196246,SUNY College at Plattsburgh,2022,38,4004,37,17625,6872,0.7024155995343423,NY,Town/Rural,213993,37.2,M
196246,SUNY College at Plattsburgh,2021,39,4323,36,15421,6733,0.6796376058220704,NY,Town/Rural,217586,37.2,M
196246,SUNY College at Plattsburgh,2020,40,4680,36,15760,9009,0.6102786102786103,NY,Town/Rural,209688,37.2,M
196246,SUNY College at Plattsburgh,2019,41,4871,37,14811,9587,0.5847501825388547,NY,Town/Rural,212104,37.2,M
196200,SUNY College at Potsdam,2023,43,2211,35,14574,3905,0.8548015364916773,NY,Town/Rural,211853,37.2,M
196200,SUNY College at Potsdam,2022,45,2082,28,15310,3170,0.826813880126183,NY,Town/Rural,213993,37.2,M
196200,SUNY College at Potsdam,2021,47,2352,29,14494,3225,0.8133333333333334,NY,Town/Rural,217586,37.2,M
196200,SUNY College at Potsdam,2020,50,2842,34,14505,4450,0.7166292134831461,NY,Town/Rural,209688,37.2,M
196200,SUNY College at Potsdam,2019,53,3063,36,13454,5079,0.6796613506595787,NY,Town/Rural,212104,37.2,M
196033,SUNY College of Agriculture and Technology at Cobleskill,2023,43,1792,31,18122,3147,0.8325389259612329,NY,Town/Rural,211853,37.2,Baccalaureate
196033,SUNY College of Agriculture and Technology at Cobleskill,2022,42,1783,30,17602,2386,0.8403185247275775,NY,Town/Rural,213993,37.2,Baccalaureate
196033,SUNY College of Agriculture and Technology at Cobleskill,2021,48,1820,32,15944,2064,0.810077519379845,NY,Town/Rural,217586,37.2,Baccalaureate
196033,SUNY College of Agriculture and Technology at Cobleskill,2020,47,2079,32,16644,2640,0.8,NY,Town/Rural,209688,37.2,Baccalaureate
196033,SUNY College of Agriculture and Technology at Cobleskill,2019,51,2267,31,15974,2364,0.5372250423011844,NY,Town/Rural,212104,37.2,Baccalaureate
196103,SUNY College of Environmental Science and Forestry,2023,26,2346,31,19644,3541,0.8294267156170573,NY,City/Suburb,211853,37.2,R2
196103,SUNY College of Environmental Science and Forestry,2022,25,1621,23,20928,2466,0.6950527169505272,NY,City/Suburb,213993,37.2,R2
196103,SUNY College of Environmental Science and Forestry,2021,27,1638,23,22159,2252,0.6531971580817052,NY,City/Suburb,217586,37.2,R2
196103,SUNY College of Environmental Science and Forestry,2020,27,1754,22,22133,1951,0.601742696053306,NY,City/Suburb,209688,37.2,R2
196103,SUNY College of Environmental Science and Forestry,2019,29,1812,22,20215,1661,0.695364238410596,NY,City/Suburb,212104,37.2,R2
196006,SUNY College of Technology at Alfred,2023,45,3749,30,14877,7839,0.817451205510907,NY,Town/Rural,211853,37.2,Baccalaureate
196006,SUNY College of Technology at Alfred,2022,45,3348,30,17262,4922,0.817350670459163,NY,Town/Rural,213993,37.2,Baccalaureate
196006,SUNY College of Technology at Alfred,2021,49,3414,30,17401,4719,0.8209366391184573,NY,Town/Rural,217586,37.2,Baccalaureate
196006,SUNY College of Technology at Alfred,2020,49,3667,29,17047,5982,0.7171514543630892,NY,Town/Rural,209688,37.2,Baccalaureate
196006,SUNY College of Technology at Alfred,2019,52,3780,27,15596,6683,0.6673649558581476,NY,Town/Rural,212104,37.2,Baccalaureate
196015,SUNY College of Technology at Canton,2023,47,2919,34,14451,3439,0.9633614422797325,NY,Town/Rural,211853,37.2,Baccalaureate
196015,SUNY College of Technology at Canton,2022,47,2836,33,14049,2280,0.9491228070175438,NY,Town/Rural,213993,37.2,Baccalaureate
196015,SUNY College of Technology at Canton,2021,51,2863,33,11529,2275,0.9520879120879121,NY,Town/Rural,217586,37.2,Baccalaureate
196015,SUNY College of Technology at Canton,2020,54,3135,35,13431,2961,0.8301249577845322,NY,Town/Rural,209688,37.2,Baccalaureate
196015,SUNY College of Technology at Canton,2019,57,3223,35,13285,3809,0.8461538461538461,NY,Town/Rural,212104,37.2,Baccalaureate
196024,SUNY College of Technology at Delhi,2023,46,2634,44,16923,5867,0.884097494460542,NY,Town/Rural,211853,37.2,Baccalaureate
196024,SUNY College of Technology at Delhi,2022,47,2478,41,16314,3621,0.8315382491024579,NY,Town/Rural,213993,37.2,Baccalaureate
196024,SUNY College of Technology at Delhi,2021,47,2503,42,16625,2890,0.884083044982699,NY,Town/Rural,217586,37.2,Baccalaureate
196024,SUNY College of Technology at Delhi,2020,48,2976,43,15727,4530,0.64878587196468,NY,Town/Rural,209688,37.2,Baccalaureate
196024,SUNY College of Technology at Delhi,2019,48,2999,42,14092,5148,0.7202797202797203,NY,Town/Rural,212104,37.2,Baccalaureate
196291,SUNY Maritime College,2023,21,1243,35,20398,1629,0.7851442602823818,NY,City/Suburb,211853,37.2,M
196291,SUNY Maritime College,2022,23,1295,33,19712,1337,0.8032909498878086,NY,City/Suburb,213993,37.2,M
196291,SUNY Maritime College,2021,22,1401,33,19779,1187,0.7405223251895535,NY,City/Suburb,217586,37.2,M
196291,SUNY Maritime College,2020,23,1511,34,18496,1455,0.727147766323024,NY,City/Suburb,209688,37.2,M
196291,SUNY Maritime College,2019,22,1522,33,18411,1323,0.7362055933484505,NY,City/Suburb,212104,37.2,M
196051,SUNY Morrisville,2023,55,2030,45,16855,5122,0.9123389301054275,NY,Town/Rural,211853,37.2,Baccalaureate
196051,SUNY Morrisville,2022,56,1803,42,16070,3648,0.8717105263157895,NY,Town/Rural,213993,37.2,Baccalaureate
196051,SUNY Morrisville,2021,57,1957,39,17524,3529,0.8084443185038255,NY,Town/Rural,217586,37.2,Baccalaureate
196051,SUNY Morrisville,2020,56,2486,42,18198,4528,0.767226148409894,NY,Town/Rural,209688,37.2,Baccalaureate
196051,SUNY Morrisville,2019,56,2781,42,19016,4804,0.7485428809325562,NY,Town/Rural,212104,37.2,Baccalaureate
196237,SUNY Old Westbury,2023,47,4040,76,10495,6511,0.8457994163722931,NY,City/Suburb,211853,37.2,M
196237,SUNY Old Westbury,2022,48,3907,74,12329,3825,0.9210457516339869,NY,City/Suburb,213993,37.2,M
196237,SUNY Old Westbury,2021,47,4033,73,6979,4613,0.7656622588337307,NY,City/Suburb,217586,37.2,M
196237,SUNY Old Westbury,2020,50,4659,73,10273,5780,0.5307958477508651,NY,City/Suburb,209688,37.2,M
196237,SUNY Old Westbury,2019,51,4809,73,10686,3655,0.7775649794801641,NY,City/Suburb,212104,37.2,M
196185,SUNY Oneonta,2023,33,4904,30,17918,13660,0.7015373352855051,NY,Town/Rural,211853,37.2,M
196185,SUNY Oneonta,2022,33,4859,30,18129,9895,0.7253158160687215,NY,Town/Rural,213993,37.2,M
196185,SUNY Oneonta,2021,34,5380,31,17594,9940,0.6960764587525151,NY,Town/Rural,217586,37.2,M
196185,SUNY Oneonta,2020,34,6190,30,16635,12004,0.6295401532822392,NY,Town/Rural,209688,37.2,M
196185,SUNY Oneonta,2019,35,6064,30,15688,12592,0.5603557814485387,NY,Town/Rural,212104,37.2,M
196112,SUNY Polytechnic Institute,2023,37,1904,33,14646,4936,0.7844408427876823,NY,City/Suburb,211853,37.2,M
196112,SUNY Polytechnic Institute,2022,38,1982,31,13799,2919,0.816718054128126,NY,City/Suburb,213993,37.2,M
196112,SUNY Polytechnic Institute,2021,39,2037,30,10245,2686,0.772524199553239,NY,City/Suburb,217586,37.2,M
196112,SUNY Polytechnic Institute,2020,41,2239,29,14586,3053,0.7330494595479856,NY,City/Suburb,209688,37.2,M
196112,SUNY Polytechnic Institute,2019,40,2216,28,14420,3167,0.690243132301863,NY,City/Suburb,212104,37.2,M
216278,Susquehanna University,2023,24,2241,26,27258,5974,0.7870773351188484,PA,Town/Rural,142275,31.8,Baccalaureate
216278,Susquehanna University,2022,24,2224,24,28605,6375,0.7669019607843137,PA,Town/Rural,139193,31.8,Baccalaureate
216278,Susquehanna University,2021,27,2197,24,28130,5384,0.7663447251114414,PA,Town/Rural,142186,31.8,Baccalaureate
216278,Susquehanna University,2020,26,2239,21,26597,5497,0.7303983991267964,PA,Town/Rural,143645,31.8,Baccalaureate
216278,Susquehanna University,2019,28,2312,24,27079,5723,0.7202516162851651,PA,Town/Rural,143842,31.8,Baccalaureate
216287,Swarthmore College,2023,20,1644,70,17930,14287,0.06943375096241339,PA,City/Suburb,142275,31.8,Baccalaureate
216287,Swarthmore College,2022,19,1625,68,20715,14707,0.06928673420820018,PA,City/Suburb,139193,31.8,Baccalaureate
216287,Swarthmore College,2021,22,1651,67,19733,13012,0.07785121426375653,PA,City/Suburb,142186,31.8,Baccalaureate
216287,Swarthmore College,2020,20,1437,67,20360,11630,0.09062768701633706,PA,City/Suburb,143645,31.8,Baccalaureate
216287,Swarthmore College,2019,20,1594,63,19759,11442,0.08932004894249257,PA,City/Suburb,143842,31.8,Baccalaureate
233718,Sweet Briar College,2023,31,464,32,25598,1136,0.7174295774647887,VA,Town/Rural,99497,39.3,Baccalaureate
233718,Sweet Briar College,2022,35,457,32,28408,1204,0.7574750830564784,VA,Town/Rural,98780,39.3,Baccalaureate
233718,Sweet Briar College,2021,32,452,30,22711,1192,0.8003355704697986,VA,Town/Rural,100147,39.3,Baccalaureate
233718,Sweet Briar College,2020,31,356,28,26554,873,0.7594501718213058,VA,Town/Rural,98970,39.3,Baccalaureate
233718,Sweet Briar College,2019,31,351,26,25859,724,0.7941988950276243,VA,Town/Rural,95710,39.3,Baccalaureate
196413,Syracuse University,2023,16,15739,44,51520,42089,0.41685476015110834,NY,City/Suburb,211853,37.2,R1
196413,Syracuse University,2022,17,15421,45,43651,41489,0.5175106654775965,NY,City/Suburb,213993,37.2,R1
196413,Syracuse University,2021,17,14778,46,43545,39682,0.5919308502595635,NY,City/Suburb,217586,37.2,R1
196413,Syracuse University,2020,16,14479,45,47177,32005,0.6872051241993439,NY,City/Suburb,209688,37.2,R1
196413,Syracuse University,2019,18,15275,44,43111,35299,0.44375194764724213,NY,City/Suburb,212104,37.2,R1
155973,Tabor College,2023,38,581,38,19998,585,0.6461538461538462,KS,Town/Rural,36832,33.8,Baccalaureate
155973,Tabor College,2022,38,571,41,21080,1512,0.5271164021164021,KS,Town/Rural,36624,33.8,Baccalaureate
155973,Tabor College,2021,38,621,43,20919,1364,0.5447214076246334,KS,Town/Rural,36149,33.8,Baccalaureate
155973,Tabor College,2020,42,586,44,22940,1052,0.46387832699619774,KS,Town/Rural,35923,33.8,Baccalaureate
155973,Tabor College,2019,38,577,38,24708,812,0.5591133004926109,KS,Town/Rural,35979,33.8,Baccalaureate
102298,Talladega College,2023,76,782,95,12450,8900,0.9924719101123596,AL,Town/Rural,52181,25.5,Baccalaureate
186900,Talmudical Academy-New Jersey,2023,56,78,5,8295,24,0.4166666666666667,NJ,City/Suburb,104131,40.8,Special or Tribal
186900,Talmudical Academy-New Jersey,2022,50,73,5,7433,18,0.6666666666666666,NJ,City/Suburb,107755,40.8,Special or Tribal
186900,Talmudical Academy-New Jersey,2021,65,76,8,10253,10,0.8,NJ,City/Suburb,109108,40.8,Special or Tribal
186900,Talmudical Academy-New Jersey,2020,58,63,6,11581,9,1,NJ,City/Suburb,109961,40.8,Special or Tribal
186900,Talmudical Academy-New Jersey,2019,59,60,7,12336,10,0.8,NJ,City/Suburb,113367,40.8,Special or Tribal
196440,Talmudical Institute of Upstate New York,2023,64,16,6,4545,3,1,NY,City/Suburb,211853,37.2,Not Carnegie
196440,Talmudical Institute of Upstate New York,2022,43,14,7,4000,7,1,NY,City/Suburb,213993,37.2,Not Carnegie
196440,Talmudical Institute of Upstate New York,2021,50,14,7,6000,4,1,NY,City/Suburb,217586,37.2,Not Carnegie
196440,Talmudical Institute of Upstate New York,2020,75,8,25,3230,2,1,NY,City/Suburb,209688,37.2,Not Carnegie
451404,Talmudical Seminary of Bobov,2023,95,515,0,2413,207,0.9806763285024155,NY,City/Suburb,211853,37.2,Special or Tribal
451404,Talmudical Seminary of Bobov,2022,96,459,0,2468,185,0.918918918918919,NY,City/Suburb,213993,37.2,Special or Tribal
451404,Talmudical Seminary of Bobov,2021,98,473,0,3934,225,0.7555555555555555,NY,City/Suburb,217586,37.2,Special or Tribal
451404,Talmudical Seminary of Bobov,2020,98,423,0,2154,124,0.9193548387096774,NY,City/Suburb,209688,37.2,Special or Tribal
451404,Talmudical Seminary of Bobov,2019,100,418,0,2862,125,0.84,NY,City/Suburb,212104,37.2,Special or Tribal
196431,Talmudical Seminary Oholei Torah,2023,60,353,11,10728,73,0.7808219178082192,NY,City/Suburb,211853,37.2,Special or Tribal
196431,Talmudical Seminary Oholei Torah,2022,65,348,9,10934,69,0.782608695652174,NY,City/Suburb,213993,37.2,Special or Tribal
196431,Talmudical Seminary Oholei Torah,2021,65,385,12,13824,63,0.9523809523809523,NY,City/Suburb,217586,37.2,Special or Tribal
196431,Talmudical Seminary Oholei Torah,2020,60,331,8,12090,56,0.8392857142857143,NY,City/Suburb,209688,37.2,Special or Tribal
196431,Talmudical Seminary Oholei Torah,2019,67,359,12,16570,58,0.9827586206896551,NY,City/Suburb,212104,37.2,Special or Tribal
216311,Talmudical Yeshiva of Philadelphia,2023,28,120,5,11018,49,0.7551020408163265,PA,City/Suburb,142275,31.8,Special or Tribal
216311,Talmudical Yeshiva of Philadelphia,2022,28,123,3,10033,40,0.875,PA,City/Suburb,139193,31.8,Special or Tribal
216311,Talmudical Yeshiva of Philadelphia,2021,23,117,3,9889,49,0.7346938775510204,PA,City/Suburb,142186,31.8,Special or Tribal
216311,Talmudical Yeshiva of Philadelphia,2020,22,132,2,8560,46,0.8478260869565217,PA,City/Suburb,143645,31.8,Special or Tribal
216311,Talmudical Yeshiva of Philadelphia,2019,24,130,5,9795,53,0.7547169811320755,PA,City/Suburb,143842,31.8,Special or Tribal
228529,Tarleton State University,2023,37,13688,37,15363,8746,0.9420306425794649,TX,Town/Rural,385604,30.3,R2
228529,Tarleton State University,2022,38,11880,37,13755,5788,0.8705943331029716,TX,Town/Rural,375741,30.3,R2
228529,Tarleton State University,2021,39,11666,36,13752,10657,0.5680773200713146,TX,Town/Rural,377064,30.3,R2
228529,Tarleton State University,2020,39,11893,37,15181,10169,0.5775395810797522,TX,Town/Rural,372402,30.3,R2
228529,Tarleton State University,2019,40,11350,36,14631,10112,0.5576542721518988,TX,Town/Rural,364979,30.3,R2
152530,Taylor University,2023,13,2372,20,25698,2076,0.7610789980732178,IN,Town/Rural,76628,27.1,Baccalaureate
152530,Taylor University,2022,14,2188,20,27366,2099,0.7460695569318723,IN,Town/Rural,74897,27.1,Baccalaureate
152530,Taylor University,2021,14,1944,18,26879,2037,0.7285223367697594,IN,Town/Rural,78348,27.1,Baccalaureate
152530,Taylor University,2020,17,2076,17,25991,2177,0.7009646302250804,IN,Town/Rural,78809,27.1,Baccalaureate
152530,Taylor University,2019,17,2147,18,26703,2341,0.681332763776164,IN,Town/Rural,76144,27.1,Baccalaureate
149329,Telshe Yeshiva-Chicago,2023,38,78,3,8085,19,1,IL,City/Suburb,148445,35.1,Not Carnegie
149329,Telshe Yeshiva-Chicago,2022,44,79,3,2281,35,0.9428571428571428,IL,City/Suburb,145439,35.1,Not Carnegie
149329,Telshe Yeshiva-Chicago,2021,34,73,4,6993,15,0.9333333333333333,IL,City/Suburb,150490,35.1,Not Carnegie
149329,Telshe Yeshiva-Chicago,2020,42,82,2,6326,22,1,IL,City/Suburb,149373,35.1,Not Carnegie
149329,Telshe Yeshiva-Chicago,2019,36,71,0,6450,24,0.9166666666666666,IL,City/Suburb,152277,35.1,Not Carnegie
216339,Temple University,2023,30,21720,54,29641,36399,0.8291711310750295,PA,City/Suburb,142275,31.8,R1
216339,Temple University,2022,30,24106,50,23935,38666,0.7970051207779445,PA,City/Suburb,139193,31.8,R1
216339,Temple University,2021,30,25967,47,23224,37571,0.7233238401958958,PA,City/Suburb,142186,31.8,R1
216339,Temple University,2020,29,27306,45,23254,33805,0.7142138736873244,PA,City/Suburb,143645,31.8,R1
216339,Temple University,2019,30,28726,45,23032,35599,0.6004382145565886,PA,City/Suburb,143842,31.8,R1
221838,Tennessee State University,2023,52,6765,95,9231,12890,0.9262994569433669,TN,City/Suburb,72084,27.5,R2
221847,Tennessee Technological University,2023,31,8838,20,15138,8772,0.8316233470132239,TN,Town/Rural,72084,27.5,R2
221847,Tennessee Technological University,2022,32,8537,19,15188,7229,0.781020888089639,TN,Town/Rural,71347,27.5,R2
221847,Tennessee Technological University,2021,33,8394,17,15481,6412,0.7914847161572053,TN,Town/Rural,72685,27.5,R2
221847,Tennessee Technological University,2020,34,8778,17,16618,6781,0.7963427223123433,TN,Town/Rural,73281,27.5,R2
221847,Tennessee Technological University,2019,36,8957,16,16634,6621,0.7902129587675578,TN,Town/Rural,72802,27.5,R2
221731,Tennessee Wesleyan University,2023,38,857,25,16414,988,0.5941295546558705,TN,Town/Rural,72084,27.5,Baccalaureate
221731,Tennessee Wesleyan University,2022,43,929,26,13591,968,0.6074380165289256,TN,Town/Rural,71347,27.5,Baccalaureate
221731,Tennessee Wesleyan University,2021,45,974,28,15072,884,0.5961538461538461,TN,Town/Rural,72685,27.5,Baccalaureate
221731,Tennessee Wesleyan University,2020,45,990,28,13183,1039,0.6092396535129933,TN,Town/Rural,73281,27.5,Baccalaureate
221731,Tennessee Wesleyan University,2019,45,1060,28,12043,877,0.6145952109464082,TN,Town/Rural,72802,27.5,Baccalaureate
226152,Texas A & M International University,2023,63,7004,98,3833,8309,0.45962209652184377,TX,City/Suburb,385604,30.3,M
226152,Texas A & M International University,2022,63,6979,98,5383,7848,0.4788481141692151,TX,City/Suburb,375741,30.3,M
226152,Texas A & M International University,2021,65,6890,98,5155,5263,0.5437963138894166,TX,City/Suburb,377064,30.3,M
226152,Texas A & M International University,2020,66,7084,98,4165,7079,0.5893487780759994,TX,City/Suburb,372402,30.3,M
226152,Texas A & M International University,2019,64,7220,98,3323,7884,0.541476407914764,TX,City/Suburb,364979,30.3,M
228723,Texas A & M University-College Station,2023,19,59933,46,21610,50832,0.6324559332703809,TX,City/Suburb,385604,30.3,R1
228723,Texas A & M University-College Station,2022,20,57512,45,20375,43422,0.6264796646861038,TX,City/Suburb,375741,30.3,R1
228723,Texas A & M University-College Station,2021,20,56723,43,22253,43763,0.6428261316637343,TX,City/Suburb,377064,30.3,R1
228723,Texas A & M University-College Station,2020,21,55568,42,19906,42872,0.6326973315917148,TX,City/Suburb,372402,30.3,R1
228723,Texas A & M University-College Station,2019,22,53791,41,19237,42476,0.5779499011206328,TX,City/Suburb,364979,30.3,R1
224554,Texas A & M University-Commerce,2023,40,8318,60,11902,8231,0.9258899283197667,TX,Town/Rural,385604,30.3,R0
224554,Texas A & M University-Commerce,2022,40,7383,58,13025,6604,0.8644760751059963,TX,Town/Rural,375741,30.3,R0
224554,Texas A & M University-Commerce,2021,40,7584,58,13639,5203,0.8666154141841246,TX,Town/Rural,377064,30.3,R0
224554,Texas A & M University-Commerce,2020,43,8349,59,12853,8577,0.6005596362364463,TX,Town/Rural,372402,30.3,R0
224554,Texas A & M University-Commerce,2019,46,8390,58,12477,9293,0.43129237060152803,TX,Town/Rural,364979,30.3,R0
224147,Texas A & M University-Corpus Christi,2023,40,7822,67,14991,10675,0.8947072599531616,TX,City/Suburb,385604,30.3,R2
224147,Texas A & M University-Corpus Christi,2022,39,7824,65,13898,8421,0.8797054981593635,TX,City/Suburb,375741,30.3,R2
224147,Texas A & M University-Corpus Christi,2021,38,8027,65,14349,7222,0.9127665466629743,TX,City/Suburb,377064,30.3,R2
224147,Texas A & M University-Corpus Christi,2020,40,8483,64,14294,8540,0.901288056206089,TX,City/Suburb,372402,30.3,R2
224147,Texas A & M University-Corpus Christi,2019,42,9323,64,12916,9839,0.7999796727309686,TX,City/Suburb,364979,30.3,R2
228705,Texas A & M University-Kingsville,2023,55,5187,85,10474,7915,0.9229311433986103,TX,Town/Rural,385604,30.3,R2
228705,Texas A & M University-Kingsville,2022,53,4847,85,11347,5768,0.965499306518724,TX,Town/Rural,375741,30.3,R2
228705,Texas A & M University-Kingsville,2021,49,5085,85,12028,4936,0.9286871961102107,TX,Town/Rural,377064,30.3,R2
228705,Texas A & M University-Kingsville,2020,46,5675,85,13466,6308,0.8792010145846544,TX,Town/Rural,372402,30.3,R2
228705,Texas A & M University-Kingsville,2019,45,6178,85,13069,6371,0.7725631768953068,TX,Town/Rural,364979,30.3,R2
483036,Texas A&M University-Central Texas,2023,48,1702,64,437,33,1,TX,Town/Rural,385604,30.3,M
483036,Texas A&M University-Central Texas,2022,50,1712,63,5465,70,0.9571428571428572,TX,Town/Rural,375741,30.3,M
483036,Texas A&M University-Central Texas,2021,50,1774,62,8089,49,0.9591836734693877,TX,Town/Rural,377064,30.3,M
483036,Texas A&M University-Central Texas,2020,53,1886,62,3637,53,0.9245283018867925,TX,Town/Rural,372402,30.3,M
459949,Texas A&M University-San Antonio,2023,51,6706,83,13263,7773,0.9199794159269266,TX,City/Suburb,385604,30.3,M
459949,Texas A&M University-San Antonio,2022,49,6616,88,11043,9110,0.9609220636663007,TX,City/Suburb,375741,30.3,M
459949,Texas A&M University-San Antonio,2021,51,6404,87,12235,10684,0.7274429052789217,TX,City/Suburb,377064,30.3,M
459949,Texas A&M University-San Antonio,2020,53,6078,87,11175,10006,0.5985408754747151,TX,City/Suburb,372402,30.3,M
459949,Texas A&M University-San Antonio,2019,52,5965,86,14059,8617,0.43855170012765465,TX,City/Suburb,364979,30.3,M
224545,Texas A&M University-Texarkana,2023,51,1760,51,13320,1802,0.8018867924528302,TX,City/Suburb,385604,30.3,M
224545,Texas A&M University-Texarkana,2022,51,1761,50,10646,2018,0.9147670961347869,TX,City/Suburb,375741,30.3,M
224545,Texas A&M University-Texarkana,2021,52,1769,48,13810,1681,0.9601427721594289,TX,City/Suburb,377064,30.3,M
224545,Texas A&M University-Texarkana,2020,51,1801,49,11201,2458,0.9646053702196908,TX,City/Suburb,372402,30.3,M
224545,Texas A&M University-Texarkana,2019,52,1716,47,10412,2393,0.9356456330965316,TX,City/Suburb,364979,30.3,M
228875,Texas Christian University,2023,13,10937,36,39005,20517,0.42598820490325096,TX,City/Suburb,385604,30.3,R2
228875,Texas Christian University,2022,12,10523,35,44190,16197,0.5610298203370995,TX,City/Suburb,375741,30.3,R2
228875,Texas Christian University,2021,14,10222,33,42574,19782,0.5361439692649884,TX,City/Suburb,377064,30.3,R2
228875,Texas Christian University,2020,14,9704,33,40220,21145,0.4802553795223457,TX,City/Suburb,372402,30.3,R2
228875,Texas Christian University,2019,14,9474,32,37509,19028,0.4712003363464368,TX,City/Suburb,364979,30.3,R2
228981,Texas Lutheran University,2023,38,1290,61,23600,1554,0.9478764478764479,TX,Town/Rural,385604,30.3,Baccalaureate
228981,Texas Lutheran University,2022,35,1329,59,21418,1835,0.91825613079019075,TX,Town/Rural,375741,30.3,Baccalaureate
228981,Texas Lutheran University,2021,37,1427,55,19829,2630,0.629277566539924,TX,Town/Rural,377064,30.3,Baccalaureate
228981,Texas Lutheran University,2020,38,1455,54,19128,2683,0.5929929183749534,TX,Town/Rural,372402,30.3,Baccalaureate
228981,Texas Lutheran University,2019,36,1445,54,19896,3001,0.5574808397200933,TX,Town/Rural,364979,30.3,Baccalaureate
229063,Texas Southern University,2023,71,6619,99,15021,7867,0.9335197661116055,TX,City/Suburb,385604,30.3,R2
229063,Texas Southern University,2022,70,6830,99,11826,8582,0.9679561873689116,TX,City/Suburb,375741,30.3,R2
229063,Texas Southern University,2021,68,5726,99,9921,10554,0.6304718590108016,TX,City/Suburb,377064,30.3,R2
229063,Texas Southern University,2020,69,5298,99,13481,6687,0.6636757888440257,TX,City/Suburb,372402,30.3,R2
229063,Texas Southern University,2019,65,7092,99,14540,8554,0.9085807809212064,TX,City/Suburb,364979,30.3,R2
228459,Texas State University,2023,36,34547,61,15307,37183,0.8948444181480785,TX,City/Suburb,385604,30.3,R2
228459,Texas State University,2022,36,33834,60,14120,28908,0.8770236612702366,TX,City/Suburb,375741,30.3,R2
228459,Texas State University,2021,36,33175,59,16385,31073,0.6999002349306472,TX,City/Suburb,377064,30.3,R2
228459,Texas State University,2020,36,33193,58,13750,25461,0.8453713522642473,TX,City/Suburb,372402,30.3,R2
228459,Texas State University,2019,37,33917,57,13178,23583,0.8113471568502735,TX,City/Suburb,364979,30.3,R2
229115,Texas Tech University,2023,26,32635,47,16773,34020,0.7088771310993534,TX,City/Suburb,385604,30.3,R1
229115,Texas Tech University,2022,25,32579,46,17896,35400,0.673361581920904,TX,City/Suburb,375741,30.3,R1
229115,Texas Tech University,2021,25,33132,45,17057,33756,0.678634909349449,TX,City/Suburb,377064,30.3,R1
229115,Texas Tech University,2020,25,33174,46,15452,29131,0.7002849198448389,TX,City/Suburb,372402,30.3,R1
229115,Texas Tech University,2019,27,32125,46,16463,25384,0.6891348881184999,TX,City/Suburb,364979,30.3,R1
229160,Texas Wesleyan University,2023,41,1910,64,21169,4725,0.6239153439153439,TX,City/Suburb,385604,30.3,R0
229160,Texas Wesleyan University,2022,42,1879,73,15652,4622,0.6092600605798356,TX,City/Suburb,375741,30.3,R0
229160,Texas Wesleyan University,2021,51,1775,72,21495,3977,0.5753080211214483,TX,City/Suburb,377064,30.3,R0
229160,Texas Wesleyan University,2020,51,1406,73,23479,3208,0.4678927680798005,TX,City/Suburb,372402,30.3,R0
229160,Texas Wesleyan University,2019,52,1494,73,26434,3337,0.4207371890919988,TX,City/Suburb,364979,30.3,R0
229179,Texas Woman's University,2023,40,10260,69,10763,7584,0.9498945147679325,TX,City/Suburb,385604,30.3,R0
229179,Texas Woman's University,2022,38,10153,67,11682,7286,0.9363162228932199,TX,City/Suburb,375741,30.3,R0
229179,Texas Woman's University,2021,37,10290,65,11627,5355,0.9570494864612512,TX,City/Suburb,377064,30.3,R0
229179,Texas Woman's University,2020,39,10664,64,10087,5824,0.9368131868131868,TX,City/Suburb,372402,30.3,R0
229179,Texas Woman's University,2019,39,10598,63,9830,5656,0.9322842998585573,TX,City/Suburb,364979,30.3,R0
131283,The Catholic University of America,2023,17,3139,43,35008,5874,0.8384405856315968,DC,City/Suburb,5190,60.4,R2
131283,The Catholic University of America,2022,12,3011,38,36031,5801,0.8558869160489571,DC,City/Suburb,5148,60.4,R2
131283,The Catholic University of America,2021,11,2929,34,35520,5895,0.8600508905852418,DC,City/Suburb,5077,60.4,R2
131283,The Catholic University of America,2020,12,3055,33,36228,6258,0.8223074464685203,DC,City/Suburb,4662,60.4,R2
131283,The Catholic University of America,2019,12,3279,34,36331,5668,0.8535638673253352,DC,City/Suburb,4757,60.4,R2
455664,The Chicago School at Los Angeles,2022,56,284,57,39401,84,0.4642857142857143,CA,City/Suburb,473448,34.2,Special or Tribal
455664,The Chicago School at Los Angeles,2021,54,223,59,33638,71,0.36619718309859156,CA,City/Suburb,467260,34.2,Special or Tribal
201821,The Christ College of Nursing and Health Sciences,2023,34,765,28,18995,562,0.501779359430605,OH,City/Suburb,133760,29,Special or Tribal
201821,The Christ College of Nursing and Health Sciences,2022,33,866,26,18370,380,0.7105263157894737,OH,City/Suburb,133872,29,Special or Tribal
201821,The Christ College of Nursing and Health Sciences,2021,36,879,25,17234,393,0.6412213740458015,OH,City/Suburb,136945,29,Special or Tribal
201821,The Christ College of Nursing and Health Sciences,2020,37,1015,22,17501,367,0.7084468664850136,OH,City/Suburb,135941,29,Special or Tribal
201821,The Christ College of Nursing and Health Sciences,2019,40,938,22,17443,342,0.5175438596491229,OH,City/Suburb,135868,29,Special or Tribal
142294,The College of Idaho,2023,24,1049,45,22602,4553,0.4722161212387437,ID,City/Suburb,21457,27.7,Baccalaureate
142294,The College of Idaho,2022,24,1052,45,24075,4490,0.4552338530066815,ID,City/Suburb,21128,27.7,Baccalaureate
142294,The College of Idaho,2021,24,1119,44,23329,3464,0.562933025404157,ID,City/Suburb,20809,27.7,Baccalaureate
142294,The College of Idaho,2020,26,1100,46,21343,3677,0.4835463693228175,ID,City/Suburb,20446,27.7,Baccalaureate
142294,The College of Idaho,2019,27,1077,43,21043,2399,0.48603584827011254,ID,City/Suburb,20130,27.7,Baccalaureate
187134,The College of New Jersey,2023,20,7073,41,22379,11668,0.6214432636270141,NJ,City/Suburb,104131,40.8,M
187134,The College of New Jersey,2022,19,7039,41,22273,10302,0.6443409046787032,NJ,City/Suburb,107755,40.8,M
187134,The College of New Jersey,2021,18,6959,40,13269,10393,0.619840277109593,NJ,City/Suburb,109108,40.8,M
187134,The College of New Jersey,2020,18,7105,38,24617,13199,0.5125388286991439,NJ,City/Suburb,109961,40.8,M
187134,The College of New Jersey,2019,17,7189,38,23945,13824,0.4927662037037037,NJ,City/Suburb,113367,40.8,M
195234,The College of Saint Rose,2023,39,1250,47,24618,2827,0.7339936328263177,NY,City/Suburb,211853,37.2,M
195234,The College of Saint Rose,2022,41,1432,48,23294,2456,0.7801302931596091,NY,City/Suburb,213993,37.2,M
195234,The College of Saint Rose,2021,42,1798,47,23474,4525,0.7633149171270718,NY,City/Suburb,217586,37.2,M
195234,The College of Saint Rose,2020,44,2249,47,21818,6373,0.8187666718970658,NY,City/Suburb,209688,37.2,M
195234,The College of Saint Rose,2019,45,2433,46,23047,6566,0.8746573256168139,NY,City/Suburb,212104,37.2,M
174899,The College of Saint Scholastica,2023,23,1755,26,23913,1608,0.9378109452736318,MN,City/Suburb,67002,36.7,R0
174899,The College of Saint Scholastica,2022,24,1938,22,24578,1653,0.9661222020568663,MN,City/Suburb,64579,36.7,R0
174899,The College of Saint Scholastica,2021,27,2144,19,25744,2087,0.736942980354576,MN,City/Suburb,65199,36.7,R0
174899,The College of Saint Scholastica,2020,28,2244,18,23215,1922,0.7330905306971904,MN,City/Suburb,66285,36.7,R0
174899,The College of Saint Scholastica,2019,31,2481,17,24636,2046,0.750733137829912,MN,City/Suburb,65499,36.7,R0
206589,The College of Wooster,2023,20,1876,39,29529,7031,0.5431659792348172,OH,Town/Rural,133760,29,Baccalaureate
206589,The College of Wooster,2022,19,1967,40,28976,7251,0.5626810095159288,OH,Town/Rural,133872,29,Baccalaureate
206589,The College of Wooster,2021,20,1968,39,24934,6611,0.6062622901225231,OH,Town/Rural,136945,29,Baccalaureate
206589,The College of Wooster,2020,19,1924,40,27923,5582,0.6529917592260839,OH,Town/Rural,135941,29,Baccalaureate
206589,The College of Wooster,2019,19,1942,39,28209,6352,0.5465994962216625,OH,Town/Rural,135868,29,Baccalaureate
190372,The Cooper Union for the Advancement of Science and Art,2023,28,901,72,28199,1790,0.19050279329608938,NY,City/Suburb,211853,37.2,Baccalaureate
190372,The Cooper Union for the Advancement of Science and Art,2022,28,899,72,26194,1500,0.22466666666666665,NY,City/Suburb,213993,37.2,Baccalaureate
190372,The Cooper Union for the Advancement of Science and Art,2021,29,876,70,20757,2678,0.1467513069454817,NY,City/Suburb,217586,37.2,Baccalaureate
190372,The Cooper Union for the Advancement of Science and Art,2020,26,806,68,25005,2358,0.17514843087362172,NY,City/Suburb,209688,37.2,Baccalaureate
190372,The Cooper Union for the Advancement of Science and Art,2019,25,857,69,28366,2388,0.15452261306532664,NY,City/Suburb,212104,37.2,Baccalaureate
235167,The Evergreen State College,2023,41,2108,43,18480,1443,0.9722799722799723,WA,City/Suburb,78990,36.7,M
235167,The Evergreen State College,2022,45,1851,39,16318,1250,0.9736,WA,City/Suburb,78071,36.7,M
235167,The Evergreen State College,2021,45,1849,39,16155,1111,0.9945994599459946,WA,City/Suburb,79537,36.7,M
235167,The Evergreen State College,2020,48,2080,38,14723,1047,0.9837631327602674,WA,City/Suburb,79042,36.7,M
235167,The Evergreen State College,2019,47,2576,37,14909,1303,0.9785111281657713,WA,City/Suburb,78061,36.7,M
192110,The Juilliard School,2023,13,619,71,42468,2020,0.0896039603960396,NY,City/Suburb,211853,37.2,Special or Tribal
192110,The Juilliard School,2022,15,586,69,43151,2083,0.10609697551608258,NY,City/Suburb,213993,37.2,Special or Tribal
192110,The Juilliard School,2021,15,602,69,40304,2342,0.07429547395388557,NY,City/Suburb,217586,37.2,Special or Tribal
192110,The Juilliard School,2020,16,589,68,41022,2434,0.07641741988496302,NY,City/Suburb,209688,37.2,Special or Tribal
192110,The Juilliard School,2019,17,588,67,34004,2704,0.06878698224852071,NY,City/Suburb,212104,37.2,Special or Tribal
439701,The King's University,2023,8,272,54,23878,25,1,TX,City/Suburb,385604,30.3,Special or Tribal
439701,The King's University,2022,43,255,43,22507,16,0.9375,TX,City/Suburb,375741,30.3,Special or Tribal
439701,The King's University,2021,38,299,38,20962,13,1,TX,City/Suburb,377064,30.3,Special or Tribal
439701,The King's University,2020,55,319,40,18752,35,0.9428571428571428,TX,City/Suburb,372402,30.3,Special or Tribal
439701,The King's University,2019,46,316,41,24688,43,0.7441860465116279,TX,City/Suburb,364979,30.3,Special or Tribal
117751,The Master's University and Seminary,2023,19,1914,40,33463,1157,0.7588591184096802,CA,City/Suburb,492544,34.2,R0
117751,The Master's University and Seminary,2022,25,1765,37,30783,848,0.7818396226415094,CA,City/Suburb,473448,34.2,R0
117751,The Master's University and Seminary,2021,25,1582,37,30748,1063,0.6698024459078081,CA,City/Suburb,467260,34.2,R0
117751,The Master's University and Seminary,2020,32,1649,31,29567,1924,0.5987525987525988,CA,City/Suburb,477479,34.2,R0
117751,The Master's University and Seminary,2019,32,1305,34,30268,660,0.6712121212121213,CA,City/Suburb,478819,34.2,R0
167057,The New England Conservatory of Music,2023,8,393,66,49544,959,0.42752867570385816,MA,City/Suburb,78133,44.5,Special or Tribal
167057,The New England Conservatory of Music,2022,10,382,62,53162,815,0.3754601226993865,MA,City/Suburb,78514,44.5,Special or Tribal
167057,The New England Conservatory of Music,2021,8,423,61,38409,952,0.4327731092436975,MA,City/Suburb,78839,44.5,Special or Tribal
167057,The New England Conservatory of Music,2020,13,404,66,50651,1147,0.36268526591107236,MA,City/Suburb,79537,44.5,Special or Tribal
167057,The New England Conservatory of Music,2019,14,497,63,46620,1129,0.36935341009743133,MA,City/Suburb,78060,44.5,Special or Tribal
193654,The New School,2023,15,6841,69,62226,9148,0.625163970266725,NY,City/Suburb,211853,37.2,R2
193654,The New School,2022,16,7171,67,55480,9524,0.5718185636287274,NY,City/Suburb,213993,37.2,R2
193654,The New School,2021,16,7381,66,43547,9696,0.6629537953795379,NY,City/Suburb,217586,37.2,R2
193654,The New School,2020,17,6399,67,50908,8701,0.6909550626364785,NY,City/Suburb,209688,37.2,R2
193654,The New School,2019,17,7409,67,50377,9208,0.573414422241529,NY,City/Suburb,212104,37.2,R2
100751,The University of Alabama,2023,18,33435,28,21761,58418,0.75824232257181,AL,City/Suburb,52181,25.5,R1
100751,The University of Alabama,2022,18,32458,27,20592,54072,0.8005992010652463,AL,City/Suburb,53739,25.5,R1
100751,The University of Alabama,2021,17,31685,24,21263,42421,0.789043162584569,AL,City/Suburb,54466,25.5,R1
100751,The University of Alabama,2020,17,31670,23,20518,39560,0.803943377148635,AL,City/Suburb,52925,25.5,R1
100751,The University of Alabama,2019,18,32795,23,20623,38505,0.8267757434099468,AL,City/Suburb,55331,25.5,R1
202763,The University of Findlay,2023,14,3954,28,26215,3760,0.8632978723404255,OH,Town/Rural,133760,29,R0
202763,The University of Findlay,2022,14,3795,33,24069,3609,0.8597949570518149,OH,Town/Rural,133872,29,R0
202763,The University of Findlay,2021,16,3778,38,23042,3554,0.8359594822734947,OH,Town/Rural,136945,29,R0
202763,The University of Findlay,2020,17,3732,34,26206,3386,0.7959243945658594,OH,Town/Rural,135941,29,R0
202763,The University of Findlay,2019,19,3524,30,25066,3336,0.7721822541966427,OH,Town/Rural,135868,29,R0
180489,The University of Montana,2023,28,7570,30,17775,9464,0.9560439560439561,MT,City/Suburb,9999,31.7,R1
180489,The University of Montana,2022,31,7215,26,16361,8943,0.9538186290953818,MT,City/Suburb,9694,31.7,R1
180489,The University of Montana,2021,31,7223,24,15228,7233,0.8213742568781972,MT,City/Suburb,9661,31.7,R1
180489,The University of Montana,2020,34,6975,24,15220,5380,0.9578066914498141,MT,City/Suburb,9686,31.7,R1
180489,The University of Montana,2019,36,7714,23,14731,4910,0.939714867617108,MT,City/Suburb,9627,31.7,R1
180692,The University of Montana-Western,2023,35,1440,26,15726,793,0.9949558638083228,MT,Town/Rural,9999,31.7,Baccalaureate
180692,The University of Montana-Western,2022,33,1424,27,11584,1476,0.36314363143631434,MT,Town/Rural,9694,31.7,Baccalaureate
180692,The University of Montana-Western,2021,39,1399,24,12377,1278,0.3333333333333333,MT,Town/Rural,9661,31.7,Baccalaureate
180692,The University of Montana-Western,2020,38,1334,21,11679,860,0.5186046511627908,MT,Town/Rural,9686,31.7,Baccalaureate
180692,The University of Montana-Western,2019,36,1358,19,13519,793,0.5649432534678437,MT,Town/Rural,9627,31.7,Baccalaureate
171599,The University of Olivet,2023,42,938,34,23533,1417,0.9710656316160904,MI,Town/Rural,108265,29.6,Baccalaureate
171599,The University of Olivet,2022,45,860,33,21394,1439,0.846421125781793,MI,Town/Rural,103443,29.6,Baccalaureate
171599,The University of Olivet,2021,47,851,32,23779,1200,0.885,MI,Town/Rural,107239,29.6,Baccalaureate
171599,The University of Olivet,2020,49,968,35,21331,1509,0.852882703777336,MI,Town/Rural,108725,29.6,Baccalaureate
137847,The University of Tampa,2023,16,10111,30,35975,35353,0.40927219755042005,FL,City/Suburb,214692,30.4,M
137847,The University of Tampa,2022,17,9602,31,34653,40286,0.26349103907064486,FL,City/Suburb,217330,30.4,M
137847,The University of Tampa,2021,19,9838,34,34720,32904,0.5354972039873571,FL,City/Suburb,223891,30.4,M
137847,The University of Tampa,2020,20,8657,39,33020,24886,0.555131399180262,FL,City/Suburb,215797,30.4,M
137847,The University of Tampa,2019,21,8697,39,31278,24448,0.4474803664921466,FL,City/Suburb,213187,30.4,M
220701,The University of Tennessee Southern,2023,33,946,23,15642,613,0.8270799347471451,TN,Town/Rural,72084,27.5,Baccalaureate
220701,The University of Tennessee Southern,2022,39,896,23,16762,608,0.8026315789473685,TN,Town/Rural,71347,27.5,Baccalaureate
220701,The University of Tennessee Southern,2021,44,852,25,20305,408,0.9215686274509803,TN,Town/Rural,72685,27.5,Baccalaureate
220701,The University of Tennessee Southern,2020,43,791,27,20324,664,0.983433734939759,TN,Town/Rural,73281,27.5,Baccalaureate
220701,The University of Tennessee Southern,2019,45,890,28,19207,674,0.9866468842729971,TN,Town/Rural,72802,27.5,Baccalaureate
221740,The University of Tennessee-Chattanooga,2023,32,9982,31,13801,9096,0.7702286719437115,TN,City/Suburb,72084,27.5,R0
221740,The University of Tennessee-Chattanooga,2022,33,9884,25,14417,8345,0.8264829239065309,TN,City/Suburb,71347,27.5,R0
221740,The University of Tennessee-Chattanooga,2021,34,10016,25,13552,7607,0.8568423820165637,TN,City/Suburb,72685,27.5,R0
221740,The University of Tennessee-Chattanooga,2020,33,10341,25,14888,7938,0.8310657596371882,TN,City/Suburb,73281,27.5,R0
221740,The University of Tennessee-Chattanooga,2019,34,10297,25,13927,8189,0.8204909024300892,TN,City/Suburb,72802,27.5,R0
221759,The University of Tennessee-Knoxville,2023,21,28883,21,20885,50488,0.4599310727301537,TN,City/Suburb,72084,27.5,R1
221759,The University of Tennessee-Knoxville,2022,22,27039,21,21880,36290,0.6841003031138054,TN,City/Suburb,71347,27.5,R1
221759,The University of Tennessee-Knoxville,2021,24,25067,21,21512,29909,0.7493730983984753,TN,City/Suburb,72685,27.5,R1
221759,The University of Tennessee-Knoxville,2020,25,24254,21,21133,25423,0.7814577351217401,TN,City/Suburb,73281,27.5,R1
221759,The University of Tennessee-Knoxville,2019,25,23290,22,21024,21764,0.7884580040433744,TN,City/Suburb,72802,27.5,R1
221768,The University of Tennessee-Martin,2023,34,6234,23,11151,5199,0.8732448547797653,TN,Town/Rural,72084,27.5,M
221768,The University of Tennessee-Martin,2022,37,6165,22,12619,5502,0.8844056706652127,TN,Town/Rural,71347,27.5,M
221768,The University of Tennessee-Martin,2021,38,6007,21,11646,8705,0.7511774842044802,TN,Town/Rural,72685,27.5,M
221768,The University of Tennessee-Martin,2020,37,6395,21,11895,9001,0.6494833907343629,TN,Town/Rural,73281,27.5,M
221768,The University of Tennessee-Martin,2019,39,6763,21,11673,9158,0.6449006333260537,TN,Town/Rural,72802,27.5,M
228769,The University of Texas at Arlington,2023,40,31112,77,14956,23126,0.8128945775317824,TX,City/Suburb,385604,30.3,R1
228769,The University of Texas at Arlington,2022,37,30791,75,14262,21963,0.8080407958839867,TX,City/Suburb,375741,30.3,R1
228769,The University of Texas at Arlington,2021,36,32962,72,15301,15498,0.927022841656988,TX,City/Suburb,377064,30.3,R1
228769,The University of Texas at Arlington,2020,35,35064,69,15220,14620,0.8774965800273598,TX,City/Suburb,372402,30.3,R1
228769,The University of Texas at Arlington,2019,36,34820,67,14445,12650,0.8288537549407115,TX,City/Suburb,364979,30.3,R1
228778,The University of Texas at Austin,2023,25,42444,68,18036,66109,0.29123114855768506,TX,City/Suburb,385604,30.3,R1
228778,The University of Texas at Austin,2022,24,41309,67,17434,60055,0.3135459162434435,TX,City/Suburb,375741,30.3,R1
228778,The University of Texas at Austin,2021,24,40916,65,16589,66077,0.2874525175174418,TX,City/Suburb,377064,30.3,R1
228778,The University of Texas at Austin,2020,22,40048,63,16892,57241,0.3195262137279223,TX,City/Suburb,372402,30.3,R1
228778,The University of Texas at Austin,2019,23,40163,61,15502,53525,0.31815039701074266,TX,City/Suburb,364979,30.3,R1
228787,The University of Texas at Dallas,2023,30,21330,78,13464,29366,0.6546346114554247,TX,City/Suburb,385604,30.3,R1
228787,The University of Texas at Dallas,2022,32,21617,76,13555,21500,0.8474418604651163,TX,City/Suburb,375741,30.3,R1
228787,The University of Texas at Dallas,2021,32,21446,74,12924,18838,0.8721201826096189,TX,City/Suburb,377064,30.3,R1
228787,The University of Texas at Dallas,2020,32,21187,72,11185,15411,0.7935889948737914,TX,City/Suburb,372402,30.3,R1
228787,The University of Texas at Dallas,2019,33,20996,70,10455,14327,0.7859286661548126,TX,City/Suburb,364979,30.3,R1
228796,The University of Texas at El Paso,2023,61,20609,96,10333,11171,0.9990153074926148,TX,City/Suburb,385604,30.3,R1
228796,The University of Texas at El Paso,2022,58,20165,96,9563,10493,0.999237586962737,TX,City/Suburb,375741,30.3,R1
228796,The University of Texas at El Paso,2021,58,20065,95,10538,10153,0.9998030138875209,TX,City/Suburb,377064,30.3,R1
228796,The University of Texas at El Paso,2020,57,21117,95,8758,13121,0.9996951451871047,TX,City/Suburb,372402,30.3,R1
228796,The University of Texas at El Paso,2019,57,21427,95,8414,10972,0.9999088589135983,TX,City/Suburb,364979,30.3,R1
229027,The University of Texas at San Antonio,2023,42,30310,81,10831,22497,0.8845623860959239,TX,City/Suburb,385604,30.3,R1
229027,The University of Texas at San Antonio,2022,43,29686,80,12664,23295,0.8689847606782571,TX,City/Suburb,375741,30.3,R1
229027,The University of Texas at San Antonio,2021,44,29801,79,11013,21726,0.9049986191659762,TX,City/Suburb,377064,30.3,R1
229027,The University of Texas at San Antonio,2020,45,29959,79,10934,21597,0.8354401074223272,TX,City/Suburb,372402,30.3,R1
229027,The University of Texas at San Antonio,2019,44,28275,78,13168,17122,0.7658567924307907,TX,City/Suburb,364979,30.3,R1
228802,The University of Texas at Tyler,2023,38,7287,50,14043,5521,0.9154138742981344,TX,City/Suburb,385604,30.3,R2
228802,The University of Texas at Tyler,2022,35,6971,49,13248,3493,0.9387346120813055,TX,City/Suburb,375741,30.3,R2
228802,The University of Texas at Tyler,2021,35,7185,49,11186,3577,0.9387755102040817,TX,City/Suburb,377064,30.3,R2
228802,The University of Texas at Tyler,2020,35,7237,46,11658,3346,0.9163179916317992,TX,City/Suburb,372402,30.3,R2
228802,The University of Texas at Tyler,2019,33,6995,43,7389,2742,0.8318745441283735,TX,City/Suburb,364979,30.3,R2
229018,The University of Texas Permian Basin,2023,36,4654,73,10143,1718,0.8445867287543656,TX,City/Suburb,385604,30.3,M
229018,The University of Texas Permian Basin,2022,31,4640,72,10370,1475,0.9471186440677966,TX,City/Suburb,375741,30.3,M
229018,The University of Texas Permian Basin,2021,37,4249,54,9447,1212,0.6468646864686468,TX,City/Suburb,377064,30.3,M
229018,The University of Texas Permian Basin,2020,29,4496,66,7424,1389,0.8790496760259179,TX,City/Suburb,372402,30.3,M
229018,The University of Texas Permian Basin,2019,31,4347,65,9769,1036,0.8832046332046332,TX,City/Suburb,364979,30.3,M
227368,The University of Texas Rio Grande Valley,2023,64,27040,98,6978,13542,0.8481760448973563,TX,City/Suburb,385604,30.3,R2
227368,The University of Texas Rio Grande Valley,2022,62,26434,98,8105,13744,0.8769644935972061,TX,City/Suburb,375741,30.3,R2
227368,The University of Texas Rio Grande Valley,2021,63,26405,98,6244,14386,0.9389684415403865,TX,City/Suburb,377064,30.3,R2
227368,The University of Texas Rio Grande Valley,2020,64,26762,98,4419,12622,0.8238789415306608,TX,City/Suburb,372402,30.3,R2
227368,The University of Texas Rio Grande Valley,2019,62,24965,98,4654,11118,0.8015830185285123,TX,City/Suburb,364979,30.3,R2
221519,The University of the South,2023,15,1615,19,33616,5018,0.5089677162216022,TN,Town/Rural,72084,27.5,Baccalaureate
221519,The University of the South,2022,15,1613,20,33061,4578,0.5231542158147663,TN,Town/Rural,71347,27.5,Baccalaureate
221519,The University of the South,2021,16,1735,18,29626,4162,0.6025949062950504,TN,Town/Rural,72685,27.5,Baccalaureate
221519,The University of the South,2020,15,1716,19,36244,4191,0.5607253638749702,TN,Town/Rural,73281,27.5,Baccalaureate
221519,The University of the South,2019,16,1695,18,34971,3545,0.6671368124118476,TN,Town/Rural,72802,27.5,Baccalaureate
216357,Thiel College,2023,39,819,21,22490,2197,0.7059626763768776,PA,Town/Rural,142275,31.8,Baccalaureate
216357,Thiel College,2022,39,804,25,22732,1878,0.8232161874334398,PA,Town/Rural,139193,31.8,Baccalaureate
216357,Thiel College,2021,46,783,26,22883,1680,0.8803571428571428,PA,Town/Rural,142186,31.8,Baccalaureate
216357,Thiel College,2020,43,744,28,23513,1680,0.8351190476190476,PA,Town/Rural,143645,31.8,Baccalaureate
216357,Thiel College,2019,46,729,30,25226,1827,0.7936507936507936,PA,Town/Rural,143842,31.8,Baccalaureate
124292,Thomas Aquinas College,2023,20,539,38,23039,263,0.7870722433460076,CA,Town/Rural,492544,34.2,Baccalaureate
124292,Thomas Aquinas College,2022,21,516,38,24217,262,0.8473282442748091,CA,Town/Rural,473448,34.2,Baccalaureate
124292,Thomas Aquinas College,2021,22,497,33,22631,261,0.8314176245210728,CA,Town/Rural,467260,34.2,Baccalaureate
124292,Thomas Aquinas College,2020,24,462,31,24067,235,0.8553191489361702,CA,Town/Rural,477479,34.2,Baccalaureate
124292,Thomas Aquinas College,2019,26,439,29,22073,204,0.7892156862745098,CA,Town/Rural,478819,34.2,Baccalaureate
161563,Thomas College,2023,15,1581,19,18882,853,0.9706916764361079,ME,Town/Rural,14133,31.5,M
161563,Thomas College,2022,20,1623,17,22070,869,0.9723820483314154,ME,Town/Rural,13869,31.5,M
161563,Thomas College,2019,22,1819,20,21305,1081,0.8381128584643849,ME,Town/Rural,15274,31.5,M
216366,Thomas Jefferson University,2023,34,3731,55,29097,6084,0.861439842209073,PA,City/Suburb,142275,31.8,R2
216366,Thomas Jefferson University,2022,33,3771,51,28110,5723,0.8885200069893413,PA,City/Suburb,139193,31.8,R2
216366,Thomas Jefferson University,2021,31,3754,46,24227,5135,0.7809152872444012,PA,City/Suburb,142186,31.8,R2
216366,Thomas Jefferson University,2020,33,3783,46,29255,4469,0.6983665249496531,PA,City/Suburb,143645,31.8,R2
216366,Thomas Jefferson University,2019,32,3665,45,27303,4317,0.6587908269631688,PA,City/Suburb,143842,31.8,R2
183275,Thomas More College of Liberal Arts,2020,43,80,19,17042,48,0.8958333333333334,NH,City/Suburb,14958,36.8,Baccalaureate
183275,Thomas More College of Liberal Arts,2019,39,88,20,17389,47,0.9361702127659575,NH,City/Suburb,15466,36.8,Baccalaureate
157809,Thomas More University,2023,22,1823,23,21314,3030,0.9702970297029703,KY,City/Suburb,49328,24.8,M
157809,Thomas More University,2022,27,1829,21,21962,2919,0.9424460431654677,KY,City/Suburb,49640,24.8,M
157809,Thomas More University,2021,28,1836,27,19819,2691,0.9643255295429208,KY,City/Suburb,50879,24.8,M
157809,Thomas More University,2020,26,1892,24,20868,2646,0.9191232048374905,KY,City/Suburb,51547,24.8,M
157809,Thomas More University,2019,30,2030,22,19766,2410,0.9058091286307054,KY,City/Suburb,51210,24.8,M
141167,Thomas University,2023,47,882,64,19087,526,0.43155893536121676,GA,Town/Rural,126146,31.9,M
141167,Thomas University,2022,43,793,63,12557,358,0.46089385474860334,GA,Town/Rural,122695,31.9,M
141167,Thomas University,2021,42,763,67,22972,853,0.28839390386869873,GA,Town/Rural,124712,31.9,M
141167,Thomas University,2020,31,732,70,19605,840,0.34523809523809523,GA,Town/Rural,126126,31.9,M
141167,Thomas University,2019,46,935,82,23103,1007,0.38033763654419067,GA,Town/Rural,121897,31.9,M
206048,Tiffin University,2023,36,2669,60,24516,4785,0.7977011494252874,OH,Town/Rural,133760,29,M
206048,Tiffin University,2022,36,2339,55,25636,4195,0.8283671036948749,OH,Town/Rural,133872,29,M
206048,Tiffin University,2021,38,2204,51,25811,3751,0.7374033591042388,OH,Town/Rural,136945,29,M
206048,Tiffin University,2020,38,2194,48,23683,4738,0.6247361756015196,OH,Town/Rural,135941,29,M
206048,Tiffin University,2019,39,2182,51,21539,4219,0.6890258355060441,OH,Town/Rural,135868,29,M
141185,Toccoa Falls College,2023,20,2489,31,20657,876,0.6381278538812786,GA,Town/Rural,126146,31.9,Baccalaureate
141185,Toccoa Falls College,2022,23,2008,26,20609,1066,0.6801125703564728,GA,Town/Rural,122695,31.9,Baccalaureate
141185,Toccoa Falls College,2021,27,1735,26,20969,879,0.6188850967007964,GA,Town/Rural,124712,31.9,Baccalaureate
141185,Toccoa Falls College,2020,29,1677,24,22359,1119,0.5773011617515639,GA,Town/Rural,126126,31.9,Baccalaureate
141185,Toccoa Falls College,2019,31,1833,27,22309,1176,0.5977891156462585,GA,Town/Rural,121897,31.9,Baccalaureate
196583,Torah Temimah Talmudical Seminary,2023,58,73,7,24034,34,0.6470588235294118,NY,City/Suburb,211853,37.2,Special or Tribal
196583,Torah Temimah Talmudical Seminary,2022,74,67,4,24605,28,0.6428571428571429,NY,City/Suburb,213993,37.2,Special or Tribal
196583,Torah Temimah Talmudical Seminary,2021,63,39,0,17402,10,1,NY,City/Suburb,217586,37.2,Special or Tribal
196583,Torah Temimah Talmudical Seminary,2020,64,45,0,22933,7,0.7142857142857143,NY,City/Suburb,209688,37.2,Special or Tribal
196583,Torah Temimah Talmudical Seminary,2019,50,25,0,9633,12,0.8333333333333334,NY,City/Suburb,212104,37.2,Special or Tribal
176406,Tougaloo College,2023,62,711,99,12158,1976,0.5318825910931174,MS,City/Suburb,32572,23.2,Baccalaureate
176406,Tougaloo College,2022,63,657,99,13718,2817,0.49307774227902024,MS,City/Suburb,32131,23.2,Baccalaureate
176406,Tougaloo College,2021,65,687,99,8037,3295,0.5581183611532625,MS,City/Suburb,32865,23.2,Baccalaureate
176406,Tougaloo College,2020,86,762,100,12967,1844,0.7120390455531453,MS,City/Suburb,32110,23.2,Baccalaureate
176406,Tougaloo College,2019,91,708,100,12590,2020,0.7069306930693069,MS,City/Suburb,32601,23.2,Baccalaureate
196592,Touro University,2023,32,5098,46,25934,1657,0.6300543150271575,NY,City/Suburb,211853,37.2,R0
196592,Touro University,2022,34,4860,51,23960,1530,0.7130718954248366,NY,City/Suburb,213993,37.2,R0
196592,Touro University,2021,35,5179,40,23038,1592,0.7694723618090452,NY,City/Suburb,217586,37.2,R0
196592,Touro University,2020,38,5520,40,22711,1778,0.7598425196850394,NY,City/Suburb,209688,37.2,R0
196592,Touro University,2019,44,5689,41,24916,2070,0.6942028985507246,NY,City/Suburb,212104,37.2,R0
164076,Towson University,2023,33,16517,59,15064,18948,0.8280029554570403,MD,City/Suburb,69770,40.8,M
164076,Towson University,2022,33,16861,56,14443,17770,0.7859876195835678,MD,City/Suburb,69124,40.8,M
164076,Towson University,2021,31,17907,53,11076,11616,0.8792183195592287,MD,City/Suburb,71017,40.8,M
164076,Towson University,2020,31,18730,50,16082,12295,0.7880439202928019,MD,City/Suburb,67971,40.8,M
164076,Towson University,2019,31,19619,49,16161,12678,0.7630541094809907,MD,City/Suburb,68208,40.8,M
157818,Transylvania University,2023,24,1022,21,25634,1986,0.8499496475327291,KY,City/Suburb,49328,24.8,Baccalaureate
157818,Transylvania University,2022,26,979,22,25767,1781,0.9079169006176305,KY,City/Suburb,49640,24.8,Baccalaureate
157818,Transylvania University,2021,28,970,21,26271,1631,0.9196811771919068,KY,City/Suburb,50879,24.8,Baccalaureate
157818,Transylvania University,2020,26,958,22,26054,1663,0.9212266987372218,KY,City/Suburb,51547,24.8,Baccalaureate
157818,Transylvania University,2019,25,946,21,25779,1782,0.8967452300785634,KY,City/Suburb,51210,24.8,Baccalaureate
221892,Trevecca Nazarene University,2023,30,1825,46,16222,1958,0.7002042900919305,TN,City/Suburb,72084,27.5,R0
221892,Trevecca Nazarene University,2022,33,1866,43,16080,1658,0.7086851628468034,TN,City/Suburb,71347,27.5,R0
221892,Trevecca Nazarene University,2021,34,1917,41,15795,1565,0.7769968051118211,TN,City/Suburb,72685,27.5,R0
221892,Trevecca Nazarene University,2020,34,2103,40,16508,1461,0.6283367556468172,TN,City/Suburb,73281,27.5,R0
221892,Trevecca Nazarene University,2019,36,2350,39,18036,1662,0.6233453670276775,TN,City/Suburb,72802,27.5,R0
152567,Trine University,2023,16,4157,21,25580,4102,0.8469039492930278,IN,Town/Rural,76628,27.1,Baccalaureate
152567,Trine University,2022,16,3819,18,24276,3904,0.9188012295081968,IN,Town/Rural,74897,27.1,Baccalaureate
152567,Trine University,2021,20,3811,19,24688,4167,0.78521718262539,IN,Town/Rural,78348,27.1,Baccalaureate
152567,Trine University,2020,16,3370,20,24686,3841,0.789377766206717,IN,Town/Rural,78809,27.1,Baccalaureate
152567,Trine University,2019,15,3808,22,23202,4063,0.815653458035934,IN,Town/Rural,76144,27.1,Baccalaureate
414878,Trine University-Regional/Non-Traditional Campuses,2022,27,470,50,19616,45,0.24444444444444444,IN,Town/Rural,74897,27.1,M
414878,Trine University-Regional/Non-Traditional Campuses,2021,28,383,33,12839,5,0.6,IN,Town/Rural,78348,27.1,M
137953,Trinity Baptist College,2023,46,385,40,18671,192,0.625,FL,City/Suburb,214692,30.4,Baccalaureate
137953,Trinity Baptist College,2022,58,340,34,19217,363,0.49586776859504134,FL,City/Suburb,217330,30.4,Baccalaureate
137953,Trinity Baptist College,2021,56,355,41,17098,279,0.43010752688172044,FL,City/Suburb,223891,30.4,Baccalaureate
137953,Trinity Baptist College,2020,53,351,40,15622,163,0.6748466257668712,FL,City/Suburb,215797,30.4,Baccalaureate
137953,Trinity Baptist College,2019,63,334,40,15745,124,0.6854838709677419,FL,City/Suburb,213187,30.4,Baccalaureate
200484,Trinity Bible College and Graduate School,2023,50,144,28,20462,185,0.3621621621621622,ND,Town/Rural,7668,29.7,Special or Tribal
200484,Trinity Bible College and Graduate School,2022,51,150,25,15628,144,0.4444444444444444,ND,Town/Rural,7623,29.7,Special or Tribal
200484,Trinity Bible College and Graduate School,2021,54,161,20,18862,32,0.96875,ND,Town/Rural,7291,29.7,Special or Tribal
200484,Trinity Bible College and Graduate School,2020,54,151,19,19101,45,1,ND,Town/Rural,7385,29.7,Special or Tribal
200484,Trinity Bible College and Graduate School,2019,47,173,20,18815,54,0.9074074074074074,ND,Town/Rural,7006,29.7,Special or Tribal
149505,Trinity Christian College,2023,33,827,48,17218,652,0.8865030674846626,IL,City/Suburb,148445,35.1,Baccalaureate
149505,Trinity Christian College,2022,32,854,43,18822,706,0.7067988668555241,IL,City/Suburb,145439,35.1,Baccalaureate
149505,Trinity Christian College,2021,33,921,41,14700,1048,0.7624045801526718,IL,City/Suburb,150490,35.1,Baccalaureate
149505,Trinity Christian College,2020,33,1015,38,23177,1208,0.6365894039735099,IL,City/Suburb,149373,35.1,Baccalaureate
149505,Trinity Christian College,2019,37,1005,35,23177,973,0.6906474820143885,IL,City/Suburb,152277,35.1,Baccalaureate
130590,Trinity College,2023,15,2237,40,31806,6396,0.33520950594121324,CT,City/Suburb,44962,39.6,Baccalaureate
130590,Trinity College,2022,13,2167,40,32704,6220,0.3614147909967846,CT,City/Suburb,44540,39.6,Baccalaureate
130590,Trinity College,2021,14,2159,38,29789,5603,0.3774763519543102,CT,City/Suburb,44901,39.6,Baccalaureate
130590,Trinity College,2020,13,2200,38,26233,5952,0.36038306451612906,CT,City/Suburb,45222,39.6,Baccalaureate
130590,Trinity College,2019,13,2195,38,27829,6080,0.3348684210526316,CT,City/Suburb,45216,39.6,Baccalaureate
137962,Trinity College of Florida,2023,56,189,52,20828,81,0.9629629629629629,FL,City/Suburb,214692,30.4,Baccalaureate
137962,Trinity College of Florida,2022,58,204,50,14645,87,0.5977011494252874,FL,City/Suburb,217330,30.4,Baccalaureate
137962,Trinity College of Florida,2021,57,204,55,14857,137,0.46715328467153283,FL,City/Suburb,223891,30.4,Baccalaureate
137962,Trinity College of Florida,2020,64,214,53,15976,105,0.5047619047619047,FL,City/Suburb,215797,30.4,Baccalaureate
137962,Trinity College of Florida,2019,58,220,55,15894,118,0.8220338983050848,FL,City/Suburb,213187,30.4,Baccalaureate
149514,Trinity International University-Illinois,2023,33,140,61,21260,264,0.9318181818181818,IL,City/Suburb,148445,35.1,R0
149514,Trinity International University-Illinois,2022,35,450,57,16703,366,0.912568306010929,IL,City/Suburb,145439,35.1,R0
149514,Trinity International University-Illinois,2021,35,517,54,20328,373,0.9142091152815014,IL,City/Suburb,150490,35.1,R0
149514,Trinity International University-Illinois,2020,28,571,47,21271,277,0.8592057761732852,IL,City/Suburb,149373,35.1,R0
149514,Trinity International University-Illinois,2019,39,722,37,21218,493,0.6024340770791075,IL,City/Suburb,152277,35.1,R0
229267,Trinity University,2023,16,2531,48,32264,11425,0.28157549234135665,TX,City/Suburb,385604,30.3,Baccalaureate
229267,Trinity University,2022,16,2512,46,30038,11463,0.3050684812003838,TX,City/Suburb,375741,30.3,Baccalaureate
229267,Trinity University,2021,16,2527,44,27711,9626,0.3372117182630376,TX,City/Suburb,377064,30.3,Baccalaureate
229267,Trinity University,2020,15,2504,44,31141,9394,0.33617202469661484,TX,City/Suburb,372402,30.3,Baccalaureate
229267,Trinity University,2019,17,2443,44,30505,9864,0.28761151662611517,TX,City/Suburb,364979,30.3,Baccalaureate
131876,Trinity Washington University,2023,51,1604,99,12704,1114,0.9919210053859964,DC,City/Suburb,5190,60.4,M
131876,Trinity Washington University,2022,54,1561,99,13586,758,0.9696569920844327,DC,City/Suburb,5148,60.4,M
131876,Trinity Washington University,2021,57,1441,98,12815,737,0.9728629579375848,DC,City/Suburb,5077,60.4,M
131876,Trinity Washington University,2020,61,1444,98,15295,831,0.9578820697954272,DC,City/Suburb,4662,60.4,M
131876,Trinity Washington University,2019,63,1356,98,15738,875,0.9668571428571429,DC,City/Suburb,4757,60.4,M
196653,Trocaire College,2023,50,1104,53,21147,206,0.8300970873786407,NY,City/Suburb,211853,37.2,Special or Tribal
196653,Trocaire College,2022,48,1022,55,18468,301,0.6810631229235881,NY,City/Suburb,213993,37.2,Special or Tribal
196653,Trocaire College,2021,50,1101,47,14499,567,0.47442680776014107,NY,City/Suburb,217586,37.2,Special or Tribal
196653,Trocaire College,2020,47,1376,40,16031,476,0.5336134453781513,NY,City/Suburb,209688,37.2,Special or Tribal
102368,Troy University,2023,42,10468,47,12504,7947,0.926135648672455,AL,Town/Rural,52181,25.5,M
102368,Troy University,2022,42,10768,46,13187,7035,0.9484008528784649,AL,Town/Rural,53739,25.5,M
102368,Troy University,2021,40,11297,47,12486,6766,0.9527046999704404,AL,Town/Rural,54466,25.5,M
102368,Troy University,2020,41,12712,47,13257,7018,0.9243374180678255,AL,Town/Rural,52925,25.5,M
102368,Troy University,2019,41,12995,47,12951,6146,0.8756915066710055,AL,Town/Rural,55331,25.5,M
141237,Truett McConnell University,2023,10,2612,25,22373,730,0.9068493150684932,GA,Town/Rural,126146,31.9,Baccalaureate
141237,Truett McConnell University,2022,11,2683,24,18835,652,0.808282208588957,GA,Town/Rural,122695,31.9,Baccalaureate
141237,Truett McConnell University,2021,11,2605,32,19167,1055,0.6881516587677725,GA,Town/Rural,124712,31.9,Baccalaureate
141237,Truett McConnell University,2020,10,2826,53,19397,702,0.9729344729344729,GA,Town/Rural,126126,31.9,Baccalaureate
141237,Truett McConnell University,2019,12,2983,77,17644,611,0.9410801963993454,GA,Town/Rural,121897,31.9,Baccalaureate
178615,Truman State University,2023,15,3302,20,12798,3263,0.7995709469813056,MO,Town/Rural,67773,29.5,M
178615,Truman State University,2022,16,3622,20,13993,4912,0.45052931596091206,MO,Town/Rural,66781,29.5,M
178615,Truman State University,2021,18,3890,20,11470,4068,0.609882005899705,MO,Town/Rural,66906,29.5,M
178615,Truman State University,2020,19,4389,20,12621,3839,0.7210210992445949,MO,Town/Rural,67892,29.5,M
178615,Truman State University,2019,21,4939,22,12912,4595,0.6261153427638738,MO,Town/Rural,68482,29.5,M
168148,Tufts University,2023,12,6877,58,33333,34003,0.10128518071934829,MA,City/Suburb,78133,44.5,R1
168148,Tufts University,2022,12,6815,56,30479,34882,0.09692678172123158,MA,City/Suburb,78514,44.5,R1
168148,Tufts University,2021,12,6676,52,31630,31198,0.11430219885890121,MA,City/Suburb,78839,44.5,R1
168148,Tufts University,2020,11,6114,49,32720,23127,0.16301292861157954,MA,City/Suburb,79537,44.5,R1
168148,Tufts University,2019,12,5907,47,26280,22766,0.14952121584819467,MA,City/Suburb,78060,44.5,R1
160755,Tulane University of Louisiana,2023,9,8077,37,50631,27936,0.14594072164948454,LA,City/Suburb,49729,24.3,R1
160755,Tulane University of Louisiana,2022,9,8165,35,50263,31615,0.11453424007591333,LA,City/Suburb,49777,24.3,R1
160755,Tulane University of Louisiana,2021,10,8777,32,45048,45525,0.09632070291048875,LA,City/Suburb,52461,24.3,R1
160755,Tulane University of Louisiana,2020,10,8537,31,47413,43892,0.11111364257723504,LA,City/Suburb,53334,24.3,R1
160755,Tulane University of Louisiana,2019,11,7980,32,40783,42185,0.12874244399668128,LA,City/Suburb,52809,24.3,R1
221953,Tusculum University,2023,45,1022,42,22961,758,0.604221635883905,TN,Town/Rural,72084,27.5,M
221953,Tusculum University,2022,47,1111,64,20414,1369,0.8108108108108109,TN,Town/Rural,71347,27.5,M
221953,Tusculum University,2021,43,1234,51,13234,1258,0.7702702702702703,TN,Town/Rural,72685,27.5,M
221953,Tusculum University,2020,46,1353,36,17987,2463,0.6715387738530247,TN,Town/Rural,73281,27.5,M
221953,Tusculum University,2019,52,1388,33,17533,1965,0.7236641221374046,TN,Town/Rural,72802,27.5,M
102377,Tuskegee University,2023,48,2400,99,35126,11742,0.314256515074093,AL,Town/Rural,52181,25.5,M
102377,Tuskegee University,2022,57,2100,99,35596,12043,0.2968529436186997,AL,Town/Rural,53739,25.5,M
102377,Tuskegee University,2021,13,2184,99,36907,8597,0.34197976038152844,AL,Town/Rural,54466,25.5,M
102377,Tuskegee University,2020,57,2280,100,36528,11113,0.6112660847655899,AL,Town/Rural,52925,25.5,M
102377,Tuskegee University,2019,21,2394,100,33420,10750,0.5173023255813953,AL,Town/Rural,55331,25.5,M
181738,Union Adventist University,2023,24,536,53,23602,936,0.9989316239316239,NE,City/Suburb,24387,32.4,Baccalaureate
181738,Union Adventist University,2022,33,607,50,23462,940,0.9882978723404255,NE,City/Suburb,23856,32.4,Baccalaureate
181738,Union Adventist University,2021,35,685,52,24725,722,0.9847645429362881,NE,City/Suburb,23769,32.4,Baccalaureate
181738,Union Adventist University,2020,39,669,49,22895,1292,0.9760061919504643,NE,City/Suburb,23830,32.4,Baccalaureate
181738,Union Adventist University,2019,41,680,51,22831,671,0.9284649776453056,NE,City/Suburb,23314,32.4,Baccalaureate
491525,Union Bible College,2023,26,164,52,8872,98,0.8673469387755102,IN,City/Suburb,76628,27.1,Special or Tribal
491525,Union Bible College,2022,35,102,19,6783,55,0.8909090909090909,IN,City/Suburb,74897,27.1,Special or Tribal
491525,Union Bible College,2021,48,77,27,7542,38,0.8157894736842105,IN,City/Suburb,78348,27.1,Special or Tribal
491525,Union Bible College,2020,45,64,17,4990,23,0.8260869565217391,IN,City/Suburb,78809,27.1,Special or Tribal
491525,Union Bible College,2019,31,66,12,9250,29,0.7586206896551724,IN,City/Suburb,76144,27.1,Special or Tribal
196866,Union College,2023,13,2082,34,42884,9295,0.4378698224852071,NY,City/Suburb,211853,37.2,Baccalaureate
196866,Union College,2022,13,2107,34,41136,8458,0.4651217781981556,NY,City/Suburb,213993,37.2,Baccalaureate
196866,Union College,2021,15,2096,33,39101,7470,0.470281124497992,NY,City/Suburb,217586,37.2,Baccalaureate
196866,Union College,2020,14,2047,32,37630,7622,0.41262135922330095,NY,City/Suburb,209688,37.2,Baccalaureate
196866,Union College,2019,13,2189,32,39527,6086,0.4291817285573447,NY,City/Suburb,212104,37.2,Baccalaureate
157863,Union College,2023,51,737,41,19223,834,0.5503597122302158,KY,Town/Rural,49328,24.8,M
157863,Union College,2022,50,724,38,18221,1142,0.5341506129597198,KY,Town/Rural,49640,24.8,M
157863,Union College,2021,56,789,31,15690,723,0.5643153526970954,KY,Town/Rural,50879,24.8,M
157863,Union College,2020,56,945,32,18027,1249,0.5732586068855084,KY,Town/Rural,51547,24.8,M
157863,Union College,2019,46,946,30,17824,1357,0.5467943994104643,KY,Town/Rural,51210,24.8,M
221971,Union University,2023,25,1891,35,27191,3012,0.4717795484727756,TN,City/Suburb,72084,27.5,R0
221971,Union University,2022,26,1900,35,28585,2839,0.5255371609721733,TN,City/Suburb,71347,27.5,R0
221971,Union University,2021,27,1993,32,27660,2660,0.5289473684210526,TN,City/Suburb,72685,27.5,R0
221971,Union University,2020,31,2096,30,26906,2503,0.575309628445865,TN,City/Suburb,73281,27.5,R0
221971,Union University,2019,31,2164,28,31980,2866,0.5272156315422191,TN,City/Suburb,72802,27.5,R0
197027,United States Merchant Marine Academy,2023,7,947,23,5173,1392,0.32471264367816094,NY,City/Suburb,211853,37.2,Baccalaureate
197027,United States Merchant Marine Academy,2022,8,931,22,4891,1532,0.2734986945169713,NY,City/Suburb,213993,37.2,Baccalaureate
197027,United States Merchant Marine Academy,2021,8,1006,21,4422,1789,0.2520961430967021,NY,City/Suburb,217586,37.2,Baccalaureate
197027,United States Merchant Marine Academy,2020,8,1028,20,4574,1763,0.2410663641520136,NY,City/Suburb,209688,37.2,Baccalaureate
197027,United States Merchant Marine Academy,2019,7,1007,21,4617,1693,0.24867099822799762,NY,City/Suburb,212104,37.2,Baccalaureate
161572,Unity Environmental University,2023,59,5655,31,17734,8865,0.81804850535815,ME,Town/Rural,14133,31.5,M
161572,Unity Environmental University,2022,55,3698,29,18554,6312,0.9431242078580482,ME,Town/Rural,13869,31.5,M
161572,Unity Environmental University,2021,46,1991,27,13983,2903,0.9142266620737168,ME,Town/Rural,14239,31.5,M
161572,Unity Environmental University,2020,40,1193,25,27070,885,0.9977401129943503,ME,Town/Rural,14677,31.5,M
161572,Unity Environmental University,2019,39,787,18,27550,983,0.982706002034588,ME,Town/Rural,15274,31.5,M
196060,University at Albany,2023,42,12190,61,19165,30740,0.6986662329212752,NY,City/Suburb,211853,37.2,R1
196060,University at Albany,2022,41,12264,59,17714,25976,0.6790498922081922,NY,City/Suburb,213993,37.2,R1
196060,University at Albany,2021,40,12654,57,17350,21265,0.6798965436162708,NY,City/Suburb,217586,37.2,R1
196060,University at Albany,2020,41,13182,56,17486,26127,0.5715160561870861,NY,City/Suburb,209688,37.2,R1
196060,University at Albany,2019,42,13286,57,16769,27559,0.5425087993033129,NY,City/Suburb,212104,37.2,R1
196088,University at Buffalo,2023,32,20463,55,20511,38210,0.6930384716042921,NY,City/Suburb,211853,37.2,R1
196088,University at Buffalo,2022,32,20761,55,18524,30939,0.6770742428649924,NY,City/Suburb,213993,37.2,R1
196088,University at Buffalo,2021,32,21467,54,17954,30750,0.7008780487804878,NY,City/Suburb,217586,37.2,R1
196088,University at Buffalo,2020,33,22306,53,18119,30247,0.6695209442258736,NY,City/Suburb,209688,37.2,R1
196088,University at Buffalo,2019,33,21921,53,17264,29900,0.6108361204013378,NY,City/Suburb,212104,37.2,R1
200800,University of Akron Main Campus,2023,29,11452,30,15292,14982,0.7091176077960218,OH,City/Suburb,133760,29,R2
200800,University of Akron Main Campus,2022,29,11328,27,14955,12061,0.8395655418290358,OH,City/Suburb,133872,29,R2
200800,University of Akron Main Campus,2021,29,12268,26,17443,11332,0.8491881397811507,OH,City/Suburb,136945,29,R2
200800,University of Akron Main Campus,2020,29,13651,24,17328,14553,0.730364873222016,OH,City/Suburb,135941,29,R2
200800,University of Akron Main Campus,2019,32,14794,25,17351,14553,0.730364873222016,OH,City/Suburb,135868,29,R2
100663,University of Alabama at Birmingham,2023,33,12382,52,17413,10919,0.8842384833775987,AL,City/Suburb,52181,25.5,R1
100663,University of Alabama at Birmingham,2022,33,13032,49,16834,9947,0.8667940082436916,AL,City/Suburb,53739,25.5,R1
100663,University of Alabama at Birmingham,2021,33,13547,47,16990,11906,0.8853519233999664,AL,City/Suburb,54466,25.5,R1
100663,University of Alabama at Birmingham,2020,34,13878,45,16978,10391,0.8059859493792705,AL,City/Suburb,52925,25.5,R1
100663,University of Alabama at Birmingham,2019,35,13836,45,17068,8298,0.7365630272354784,AL,City/Suburb,55331,25.5,R1
100706,University of Alabama in Huntsville,2023,22,6851,31,19847,6074,0.7425090549884754,AL,City/Suburb,52181,25.5,R1
100706,University of Alabama in Huntsville,2022,22,7169,30,18588,5581,0.7810428238666905,AL,City/Suburb,53739,25.5,R1
100706,University of Alabama in Huntsville,2021,24,7569,29,17302,5781,0.7367237502162256,AL,City/Suburb,54466,25.5,R1
100706,University of Alabama in Huntsville,2020,24,8027,29,16990,5793,0.7711030554117038,AL,City/Suburb,52925,25.5,R1
100706,University of Alabama in Huntsville,2019,25,7989,29,15118,5295,0.8256846081208687,AL,City/Suburb,55331,25.5,R1
102553,University of Alaska Anchorage,2023,19,10162,55,13931,4277,0.6651858779518354,AK,City/Suburb,8150,30.2,M
102553,University of Alaska Anchorage,2022,19,9925,52,15609,4005,0.6531835205992509,AK,City/Suburb,8174,30.2,M
102553,University of Alaska Anchorage,2021,20,10259,51,12816,3431,0.6904692509472456,AK,City/Suburb,8108,30.2,M
102553,University of Alaska Anchorage,2020,23,11323,50,11621,3081,0.7682570593963,AK,City/Suburb,8612,30.2,M
102553,University of Alaska Anchorage,2019,23,12103,49,12564,3673,0.8295671113531173,AK,City/Suburb,8589,30.2,M
102614,University of Alaska Fairbanks,2021,22,5844,48,9379,1402,0.6469329529243937,AK,City/Suburb,8108,30.2,R2
102614,University of Alaska Fairbanks,2020,23,5850,48,10624,1361,0.6700955180014695,AK,City/Suburb,8612,30.2,R2
102614,University of Alaska Fairbanks,2019,24,6206,50,9643,1383,0.759942154736081,AK,City/Suburb,8589,30.2,R2
102632,University of Alaska Southeast,2023,14,1678,47,8488,320,0.625,AK,Town/Rural,8150,30.2,M
102632,University of Alaska Southeast,2022,16,1724,47,9823,466,0.6266094420600858,AK,Town/Rural,8174,30.2,M
102632,University of Alaska Southeast,2021,16,1757,45,7428,464,0.5625,AK,Town/Rural,8108,30.2,M
102632,University of Alaska Southeast,2020,17,1805,42,10506,488,0.6352459016393442,AK,Town/Rural,8612,30.2,M
102632,University of Alaska Southeast,2019,18,1886,44,11000,492,0.6056910569105691,AK,Town/Rural,8589,30.2,M
104179,University of Arizona,2023,26,41899,54,18144,56466,0.8566039740728935,AZ,City/Suburb,76808,29.7,R1
104179,University of Arizona,2022,28,38751,51,17075,52091,0.8675970897083949,AZ,City/Suburb,74911,29.7,R1
104179,University of Arizona,2021,29,37434,51,17242,48065,0.8726932279205243,AZ,City/Suburb,77005,29.7,R1
104179,University of Arizona,2020,29,35357,52,15620,43540,0.851263206247129,AZ,City/Suburb,77873,29.7,R1
104179,University of Arizona,2019,29,34516,51,16580,40854,0.8458902433054291,AZ,City/Suburb,76552,29.7,R1
106397,University of Arkansas,2023,17,27472,26,17475,28186,0.7167388064996807,AR,City/Suburb,33693,23.3,R1
106397,University of Arkansas,2022,18,26269,26,16208,26219,0.7893130935581067,AR,City/Suburb,33705,23.3,R1
106397,University of Arkansas,2021,18,24265,26,15218,21462,0.8267169881651291,AR,City/Suburb,34604,23.3,R1
106397,University of Arkansas,2020,19,22825,25,16759,19777,0.7767103200687667,AR,City/Suburb,34014,23.3,R1
106397,University of Arkansas,2019,19,23025,25,16263,17913,0.7708926477976888,AR,City/Suburb,33531,23.3,R1
106245,University of Arkansas at Little Rock,2023,41,5789,46,11225,3661,0.5774378585086042,AR,City/Suburb,33693,23.3,R2
106245,University of Arkansas at Little Rock,2022,40,5825,46,11173,3568,0.6146300448430493,AR,City/Suburb,33705,23.3,R2
106245,University of Arkansas at Little Rock,2021,43,5969,46,11901,3786,0.5768621236133122,AR,City/Suburb,34604,23.3,R2
106245,University of Arkansas at Little Rock,2020,39,6568,47,12235,4363,0.5603942241576897,AR,City/Suburb,34014,23.3,R2
106245,University of Arkansas at Little Rock,2019,39,7120,47,13751,2019,0.6582466567607727,AR,City/Suburb,33531,23.3,R2
106412,University of Arkansas at Pine Bluff,2023,67,1905,97,11649,3792,0.57542194092827,AR,Town/Rural,33693,23.3,Baccalaureate
106412,University of Arkansas at Pine Bluff,2022,66,2182,97,9959,4183,0.6932823332536457,AR,Town/Rural,33705,23.3,Baccalaureate
106412,University of Arkansas at Pine Bluff,2021,70,2484,97,10839,4699,0.6752500532028091,AR,Town/Rural,34604,23.3,Baccalaureate
106412,University of Arkansas at Pine Bluff,2020,70,2507,97,10684,5464,0.59663250366032206,AR,Town/Rural,34014,23.3,Baccalaureate
106412,University of Arkansas at Pine Bluff,2019,70,2382,97,11345,5136,0.43944704049844235,AR,Town/Rural,33531,23.3,Baccalaureate
108092,University of Arkansas-Fort Smith,2023,39,5463,42,10387,2677,0.8147179678744864,AR,City/Suburb,33693,23.3,Baccalaureate
161873,University of Baltimore,2023,43,1292,74,17253,173,0.8554913294797688,MD,City/Suburb,69770,40.8,M
161873,University of Baltimore,2022,43,1369,72,18122,150,0.8933333333333333,MD,City/Suburb,69124,40.8,M
161873,University of Baltimore,2021,40,1605,72,17117,265,0.8943396226415095,MD,City/Suburb,71017,40.8,M
161873,University of Baltimore,2020,40,1899,72,17386,274,0.7992700729927007,MD,City/Suburb,67971,40.8,M
161873,University of Baltimore,2019,41,2097,70,23335,255,0.7803921568627451,MD,City/Suburb,68208,40.8,M
128744,University of Bridgeport,2023,52,1479,75,26064,5592,0.6430615164520744,CT,City/Suburb,44962,39.6,R0
128744,University of Bridgeport,2022,52,1637,77,28470,3781,0.8151282729436657,CT,City/Suburb,44540,39.6,R0
128744,University of Bridgeport,2021,55,1873,76,24324,4940,0.7313765182186235,CT,City/Suburb,44901,39.6,R0
128744,University of Bridgeport,2020,42,2350,74,24613,6020,0.709468438538206,CT,City/Suburb,45222,39.6,R0
128744,University of Bridgeport,2019,42,3233,74,22347,6830,0.545827232796486,CT,City/Suburb,45216,39.6,R0
110635,University of California-Berkeley,2023,27,33078,80,16997,125910,0.11656738940513064,CA,City/Suburb,492544,34.2,R1
110635,University of California-Berkeley,2022,27,32479,80,19257,128209,0.11327597906543223,CA,City/Suburb,473448,34.2,R1
110635,University of California-Berkeley,2021,27,31814,79,17652,112843,0.14440417216841098,CA,City/Suburb,467260,34.2,R1
110635,University of California-Berkeley,2020,26,30799,78,19329,88062,0.17476323499352728,CA,City/Suburb,477479,34.2,R1
110635,University of California-Berkeley,2019,27,31348,76,18522,87847,0.16253258506266577,CA,City/Suburb,478819,34.2,R1
110644,University of California-Davis,2023,31,31797,79,17315,94637,0.416327651975443,CA,City/Suburb,492544,34.2,R1
110644,University of California-Davis,2022,33,31532,79,17385,94747,0.373383853842338,CA,City/Suburb,473448,34.2,R1
110644,University of California-Davis,2021,34,31657,79,16640,87120,0.48754591368227734,CA,City/Suburb,467260,34.2,R1
110644,University of California-Davis,2020,36,31162,78,17026,76897,0.46354214078572636,CA,City/Suburb,477479,34.2,R1
110644,University of California-Davis,2019,37,30982,77,15886,78093,0.3887416285710627,CA,City/Suburb,478819,34.2,R1
110653,University of California-Irvine,2023,37,29503,87,14647,121101,0.2556708862850018,CA,City/Suburb,492544,34.2,R1
110653,University of California-Irvine,2022,38,28662,87,14033,119191,0.21152603803978487,CA,City/Suburb,473448,34.2,R1
110653,University of California-Irvine,2021,38,29449,87,11633,107950,0.28818897637795277,CA,City/Suburb,467260,34.2,R1
110653,University of California-Irvine,2020,39,29638,87,13106,97938,0.2991790724744226,CA,City/Suburb,477479,34.2,R1
110653,University of California-Irvine,2019,40,30382,87,15268,95565,0.26536912049390465,CA,City/Suburb,478819,34.2,R1
110662,University of California-Los Angeles,2023,27,33040,75,15166,145903,0.08729087133232354,CA,City/Suburb,492544,34.2,R1
110662,University of California-Los Angeles,2022,27,32423,74,16999,149801,0.08574709114091361,CA,City/Suburb,473448,34.2,R1
110662,University of California-Los Angeles,2021,28,32122,74,13393,139489,0.10773609388553936,CA,City/Suburb,467260,34.2,R1
110662,University of California-Los Angeles,2020,31,31636,74,16474,108870,0.14330853311288694,CA,City/Suburb,477479,34.2,R1
110662,University of California-Los Angeles,2019,32,31543,74,15718,111321,0.12324718606552224,CA,City/Suburb,478819,34.2,R1
445188,University of California-Merced,2023,59,8372,91,13232,67891,0.3917750511849877,CA,City/Suburb,492544,34.2,R2
445188,University of California-Merced,2022,61,8343,92,13549,29920,0.8945855614973262,CA,City/Suburb,473448,34.2,R2
445188,University of California-Merced,2021,63,8321,92,11586,27793,0.8659734465512899,CA,City/Suburb,467260,34.2,R2
445188,University of California-Merced,2020,64,8276,92,13578,25923,0.8479728426493847,CA,City/Suburb,477479,34.2,R2
445188,University of California-Merced,2019,64,8151,91,14013,25424,0.7195563247325362,CA,City/Suburb,478819,34.2,R2
110671,University of California-Riverside,2023,47,22646,89,13533,62807,0.6330186125750314,CA,City/Suburb,492544,34.2,R1
110671,University of California-Riverside,2022,49,22911,89,14487,54683,0.6869228096483367,CA,City/Suburb,473448,34.2,R1
110671,University of California-Riverside,2021,50,22868,89,13502,52672,0.6538008809234508,CA,City/Suburb,467260,34.2,R1
110671,University of California-Riverside,2020,51,22693,89,11948,49442,0.6577808341086525,CA,City/Suburb,477479,34.2,R1
110671,University of California-Riverside,2019,53,22055,89,13045,49515,0.5651620720993639,CA,City/Suburb,478819,34.2,R1
110680,University of California-San Diego,2023,33,33792,82,13293,130771,0.2451766829037019,CA,City/Suburb,492544,34.2,R1
110680,University of California-San Diego,2022,32,33096,81,16111,131197,0.2370709696105856,CA,City/Suburb,473448,34.2,R1
110680,University of California-San Diego,2021,33,33343,81,15632,118386,0.34204213336036354,CA,City/Suburb,467260,34.2,R1
110680,University of California-San Diego,2020,35,31842,81,15222,100062,0.366113009933841,CA,City/Suburb,477479,34.2,R1
110680,University of California-San Diego,2019,37,30794,81,14864,99114,0.3147890308130032,CA,City/Suburb,478819,34.2,R1
110705,University of California-Santa Barbara,2023,28,23232,68,15283,110871,0.2778364044700598,CA,City/Suburb,492544,34.2,R1
110705,University of California-Santa Barbara,2022,30,23459,69,16874,110995,0.258462092887067,CA,City/Suburb,473448,34.2,R1
110705,University of California-Santa Barbara,2021,32,23091,68,17333,105641,0.2917806533448188,CA,City/Suburb,467260,34.2,R1
110705,University of California-Santa Barbara,2020,33,23196,70,17223,90961,0.3670144347577533,CA,City/Suburb,477479,34.2,R1
110705,University of California-Santa Barbara,2019,36,23349,70,16767,93446,0.2956359822785352,CA,City/Suburb,478819,34.2,R1
110714,University of California-Santa Cruz,2023,32,17812,69,16526,68845,0.6253758442878931,CA,City/Suburb,492544,34.2,R1
110714,University of California-Santa Cruz,2022,32,17502,68,17975,65912,0.4692013593882753,CA,City/Suburb,473448,34.2,R1
110714,University of California-Santa Cruz,2021,32,17864,69,19615,61695,0.5863846340870411,CA,City/Suburb,467260,34.2,R1
110714,University of California-Santa Cruz,2020,32,17207,70,17842,54988,0.6472503091583618,CA,City/Suburb,477479,34.2,R1
110714,University of California-Santa Cruz,2019,35,17517,69,17889,55796,0.5131012975840562,CA,City/Suburb,478819,34.2,R1
106704,University of Central Arkansas,2023,37,7884,35,16362,6589,0.9046896342388829,AR,City/Suburb,33693,23.3,R0
106704,University of Central Arkansas,2022,36,7994,35,15456,6522,0.9121435142594296,AR,City/Suburb,33705,23.3,R0
106704,University of Central Arkansas,2021,37,8244,34,14042,6057,0.9237246161466073,AR,City/Suburb,34604,23.3,R0
106704,University of Central Arkansas,2020,38,8615,33,16048,5642,0.9377880184331797,AR,City/Suburb,34014,23.3,R0
106704,University of Central Arkansas,2019,39,9134,33,14796,5397,0.9042060403928108,AR,City/Suburb,33531,23.3,R0
132903,University of Central Florida,2023,33,59470,57,13110,60627,0.39521995150675443,FL,City/Suburb,214692,30.4,R1
132903,University of Central Florida,2022,34,58662,56,13108,54977,0.4103534205213089,FL,City/Suburb,217330,30.4,R1
132903,University of Central Florida,2021,35,59995,55,11575,48929,0.3637311206033232,FL,City/Suburb,223891,30.4,R1
132903,University of Central Florida,2020,36,61401,54,11108,47957,0.4516754592655921,FL,City/Suburb,215797,30.4,R1
132903,University of Central Florida,2019,38,59371,54,11617,45118,0.44363668602331663,FL,City/Suburb,213187,30.4,R1
176965,University of Central Missouri,2023,26,7203,24,15728,4966,0.6860652436568667,MO,Town/Rural,67773,29.5,M
176965,University of Central Missouri,2022,27,7345,22,15117,4993,0.7133987582615662,MO,Town/Rural,66781,29.5,M
176965,University of Central Missouri,2021,29,7577,22,13852,5103,0.7577895355673133,MO,Town/Rural,66906,29.5,M
176965,University of Central Missouri,2020,29,7629,22,13394,5666,0.6358983409812919,MO,Town/Rural,67892,29.5,M
176965,University of Central Missouri,2019,31,8904,23,13098,5699,0.6502895244779786,MO,Town/Rural,68482,29.5,M
206941,University of Central Oklahoma,2023,35,10454,48,18893,4945,0.8175935288169869,OK,City/Suburb,47211,25.6,M
206941,University of Central Oklahoma,2022,35,10739,47,18055,4115,0.6993924665856622,OK,City/Suburb,46032,25.6,M
206941,University of Central Oklahoma,2021,33,11771,47,17477,8708,0.8130454754248967,OK,City/Suburb,46211,25.6,M
206941,University of Central Oklahoma,2020,35,12564,47,16746,4732,0.804945054945055,OK,City/Suburb,45702,25.6,M
206941,University of Central Oklahoma,2019,38,13339,46,15894,4491,0.8410153640614563,OK,City/Suburb,43828,25.6,M
237312,University of Charleston,2023,29,2087,34,21100,1635,0.6452599388379205,WV,City/Suburb,17853,21.3,R0
237312,University of Charleston,2022,31,2365,32,21308,1571,0.6772756206238065,WV,City/Suburb,17400,21.3,R0
237312,University of Charleston,2021,33,2162,41,20086,1984,0.6970766129032258,WV,City/Suburb,18271,21.3,R0
237312,University of Charleston,2020,36,2115,47,20598,2806,0.6147540983606558,WV,City/Suburb,18751,21.3,R0
237312,University of Charleston,2019,36,1907,49,21941,2454,0.5004074979625102,WV,City/Suburb,19036,21.3,R0
144050,University of Chicago,2023,14,7643,69,27979,38631,0.04786311511480417,IL,City/Suburb,148445,35.1,R1
144050,University of Chicago,2022,13,7595,68,36991,37522,0.05434145301423165,IL,City/Suburb,145439,35.1,R1
144050,University of Chicago,2021,12,7636,67,33727,37974,0.0647811660609891,IL,City/Suburb,150490,35.1,R1
144050,University of Chicago,2020,11,7056,65,36584,34350,0.07307132459970887,IL,City/Suburb,149373,35.1,R1
144050,University of Chicago,2019,11,6890,63,34719,34641,0.06168990502583643,IL,City/Suburb,152277,35.1,R1
201885,University of Cincinnati-Main Campus,2023,18,31184,30,21511,33165,0.8767375244987186,OH,City/Suburb,133760,29,R1
201885,University of Cincinnati-Main Campus,2022,18,29663,29,20149,29025,0.8621533161068045,OH,City/Suburb,133872,29,R1
201885,University of Cincinnati-Main Campus,2021,17,28968,28,20827,25775,0.8483026188166828,OH,City/Suburb,136945,29,R1
201885,University of Cincinnati-Main Campus,2020,20,29262,26,22767,23960,0.7640233722871452,OH,City/Suburb,135941,29,R1
201885,University of Cincinnati-Main Campus,2019,22,28376,26,19219,23609,0.7667414968867805,OH,City/Suburb,135868,29,R1
126614,University of Colorado Boulder,2023,15,32105,32,22640,56069,0.8327596354491786,CO,City/Suburb,63277,41.7,R1
126614,University of Colorado Boulder,2022,14,31034,32,21836,53781,0.807273944329782,CO,City/Suburb,64869,41.7,R1
126614,University of Colorado Boulder,2021,15,30886,32,22532,54756,0.7958214624881291,CO,City/Suburb,63204,41.7,R1
126614,University of Colorado Boulder,2020,15,30307,32,21198,44203,0.842046919892315,CO,City/Suburb,61237,41.7,R1
126614,University of Colorado Boulder,2019,16,31098,33,22077,40677,0.7835386090419647,CO,City/Suburb,60962,41.7,R1
126580,University of Colorado Colorado Springs,2023,26,9398,40,16816,13103,0.9656567198351522,CO,City/Suburb,63277,41.7,R2
126580,University of Colorado Colorado Springs,2022,28,9540,43,14689,14751,0.8476713443156396,CO,City/Suburb,64869,41.7,R2
126580,University of Colorado Colorado Springs,2021,28,10002,39,15547,11900,0.9526890756302521,CO,City/Suburb,63204,41.7,R2
126580,University of Colorado Colorado Springs,2020,30,10288,38,15852,8944,0.8961314847942755,CO,City/Suburb,61237,41.7,R2
126580,University of Colorado Colorado Springs,2019,31,10706,38,16221,6728,0.8718787158145065,CO,City/Suburb,60962,41.7,R2
126562,University of Colorado Denver/Anschutz Medical Campus,2023,26,14027,56,15303,14569,0.7780904660580685,CO,City/Suburb,63277,41.7,R1
126562,University of Colorado Denver/Anschutz Medical Campus,2022,26,14055,55,16079,15631,0.7458256029684601,CO,City/Suburb,64869,41.7,R1
126562,University of Colorado Denver/Anschutz Medical Campus,2021,26,14289,54,14630,14428,0.7204740781813141,CO,City/Suburb,63204,41.7,R1
126562,University of Colorado Denver/Anschutz Medical Campus,2020,26,14994,53,15585,9458,0.6630365827870586,CO,City/Suburb,61237,41.7,R1
126562,University of Colorado Denver/Anschutz Medical Campus,2019,26,15818,53,15865,9565,0.6730789336121276,CO,City/Suburb,60962,41.7,R1
129020,University of Connecticut,2023,24,19388,50,22324,46645,0.5394790438417837,CT,Town/Rural,44962,39.6,R1
129020,University of Connecticut,2022,24,18983,49,23985,40894,0.5451410964933731,CT,Town/Rural,44540,39.6,R1
129020,University of Connecticut,2021,23,18567,48,22168,36753,0.5559546159497184,CT,Town/Rural,44901,39.6,R1
129020,University of Connecticut,2020,22,18917,47,22233,34437,0.5609083253477365,CT,Town/Rural,45222,39.6,R1
129020,University of Connecticut,2019,22,18847,46,20042,35096,0.49424435833143376,CT,Town/Rural,45216,39.6,R1
436827,University of Connecticut-Avery Point,2023,34,474,39,9139,1245,0.8650602409638555,CT,City/Suburb,44962,39.6,Not Carnegie
436827,University of Connecticut-Avery Point,2022,37,493,39,12284,1124,0.9741992882562278,CT,City/Suburb,44540,39.6,Not Carnegie
436827,University of Connecticut-Avery Point,2021,35,522,37,10534,1018,0.8045186640471512,CT,City/Suburb,44901,39.6,Not Carnegie
436827,University of Connecticut-Avery Point,2020,35,564,37,9932,873,0.9427262313860252,CT,City/Suburb,45222,39.6,Not Carnegie
436827,University of Connecticut-Avery Point,2019,34,559,38,7488,894,0.941834451901566,CT,City/Suburb,45216,39.6,Not Carnegie
463056,University of Connecticut-Hartford Campus,2023,46,1494,58,10972,2804,0.8644793152639088,CT,City/Suburb,44962,39.6,Not Carnegie
463056,University of Connecticut-Hartford Campus,2022,47,1535,56,11779,2554,0.9729835552075177,CT,City/Suburb,44540,39.6,Not Carnegie
463056,University of Connecticut-Hartford Campus,2021,45,1548,59,9152,2344,0.8476962457337884,CT,City/Suburb,44901,39.6,Not Carnegie
463056,University of Connecticut-Hartford Campus,2020,44,1683,58,9798,2057,0.9615945551774429,CT,City/Suburb,45222,39.6,Not Carnegie
463056,University of Connecticut-Hartford Campus,2019,47,1562,57,8413,1946,0.9568345323741008,CT,City/Suburb,45216,39.6,Not Carnegie
436836,University of Connecticut-Stamford,2023,50,2240,70,13150,7121,0.8018536722370454,CT,City/Suburb,44962,39.6,Not Carnegie
436836,University of Connecticut-Stamford,2022,49,2297,69,13933,4526,0.9217852408307556,CT,City/Suburb,44540,39.6,Not Carnegie
436836,University of Connecticut-Stamford,2021,48,2405,66,9678,5673,0.7578001057641459,CT,City/Suburb,44901,39.6,Not Carnegie
436836,University of Connecticut-Stamford,2020,44,2354,67,13383,4579,0.9139550120113562,CT,City/Suburb,45222,39.6,Not Carnegie
436836,University of Connecticut-Stamford,2019,44,2126,63,10731,4373,0.9133318088268922,CT,City/Suburb,45216,39.6,Not Carnegie
436818,University of Connecticut-Waterbury Campus,2023,50,760,59,8220,2137,0.8703790360318203,CT,City/Suburb,44962,39.6,Not Carnegie
436818,University of Connecticut-Waterbury Campus,2022,50,768,55,9990,1678,0.9791418355184743,CT,City/Suburb,44540,39.6,Not Carnegie
436818,University of Connecticut-Waterbury Campus,2021,47,795,56,7515,1445,0.829757785467128,CT,City/Suburb,44901,39.6,Not Carnegie
436818,University of Connecticut-Waterbury Campus,2020,44,853,50,8009,1393,0.9662598707824839,CT,City/Suburb,45222,39.6,Not Carnegie
436818,University of Connecticut-Waterbury Campus,2019,43,806,46,6550,1292,0.9496904024767802,CT,City/Suburb,45216,39.6,Not Carnegie
224323,University of Dallas,2023,26,1427,44,31221,4179,0.5419956927494616,TX,City/Suburb,385604,30.3,M
224323,University of Dallas,2022,28,1453,41,27250,4307,0.586951474344091,TX,City/Suburb,375741,30.3,M
224323,University of Dallas,2021,25,1500,42,25620,4990,0.5835671342685371,TX,City/Suburb,377064,30.3,M
224323,University of Dallas,2020,24,1447,41,27450,4645,0.5377825618945102,TX,City/Suburb,372402,30.3,M
224323,University of Dallas,2019,26,1475,41,26761,4676,0.4533789563729683,TX,City/Suburb,364979,30.3,M
202480,University of Dayton,2023,16,8176,21,31551,22747,0.6164768980524904,OH,City/Suburb,133760,29,R2
202480,University of Dayton,2022,15,8416,21,30590,18864,0.740511026293469,OH,City/Suburb,133872,29,R2
202480,University of Dayton,2021,15,8637,21,29933,17262,0.8063376202062333,OH,City/Suburb,136945,29,R2
202480,University of Dayton,2020,13,8644,20,32768,16606,0.8110923762495483,OH,City/Suburb,135941,29,R2
202480,University of Dayton,2019,12,8483,20,33372,17462,0.7203069522391479,OH,City/Suburb,135868,29,R2
130943,University of Delaware,2023,16,19772,35,17716,37690,0.6511276200583709,DE,City/Suburb,11054,31.3,R1
130943,University of Delaware,2022,16,19482,34,18044,35362,0.7381087042588089,DE,City/Suburb,10644,31.3,R1
130943,University of Delaware,2021,15,19410,34,19122,34111,0.7234909559965993,DE,City/Suburb,10667,31.3,R1
130943,University of Delaware,2020,15,19328,34,19747,33656,0.659882338958878,DE,City/Suburb,9861,31.3,R1
130943,University of Delaware,2019,14,19678,33,17539,26866,0.7136157224745031,DE,City/Suburb,10262,31.3,R1
127060,University of Denver,2023,15,6415,33,43324,19214,0.7119288019152701,CO,City/Suburb,63277,41.7,R1
127060,University of Denver,2022,15,6151,32,42423,19342,0.7767552476476063,CO,City/Suburb,64869,41.7,R1
127060,University of Denver,2021,16,5867,31,39973,22694,0.6362915308010928,CO,City/Suburb,63204,41.7,R1
127060,University of Denver,2020,16,5699,32,38322,22723,0.6066540509615808,CO,City/Suburb,61237,41.7,R1
127060,University of Denver,2019,16,5774,32,37263,21028,0.5870743770211148,CO,City/Suburb,60962,41.7,R1
169716,University of Detroit Mercy,2023,25,3352,59,17987,5750,0.8013913043478261,MI,City/Suburb,108265,29.6,R0
169716,University of Detroit Mercy,2022,27,3156,56,18197,5163,0.905287623474724,MI,City/Suburb,103443,29.6,R0
169716,University of Detroit Mercy,2021,30,2924,50,17911,4435,0.9323562570462233,MI,City/Suburb,107239,29.6,R0
169716,University of Detroit Mercy,2020,31,2633,42,18376,3985,0.7949811794228356,MI,City/Suburb,108725,29.6,R0
169716,University of Detroit Mercy,2019,30,2745,44,18338,4358,0.7748967416245984,MI,City/Suburb,112177,29.6,R0
153278,University of Dubuque,2023,40,1477,30,25216,1560,0.8692307692307693,IA,City/Suburb,36870,29,M
153278,University of Dubuque,2022,42,1444,32,22879,1579,0.850538315389487,IA,City/Suburb,36521,29,M
153278,University of Dubuque,2021,49,1594,35,24868,1905,0.7643044619422572,IA,City/Suburb,37097,29,M
153278,University of Dubuque,2020,48,1778,37,27043,1844,0.7863340563991323,IA,City/Suburb,36359,29,M
153278,University of Dubuque,2019,53,1900,37,26193,2054,0.7268743914313535,IA,City/Suburb,36735,29,M
150534,University of Evansville,2023,23,1741,30,21611,4492,0.7764915405164737,IN,City/Suburb,76628,27.1,M
150534,University of Evansville,2022,21,1716,27,19301,4397,0.7632476688651353,IN,City/Suburb,74897,27.1,M
150534,University of Evansville,2021,21,1796,32,21019,3661,0.7495219885277247,IN,City/Suburb,78348,27.1,M
150534,University of Evansville,2020,21,2041,30,23212,4709,0.643023996602251,IN,City/Suburb,78809,27.1,M
150534,University of Evansville,2019,22,2124,31,21978,4234,0.7066603684459141,IN,City/Suburb,76144,27.1,M
134130,University of Florida,2023,22,34924,50,11521,65375,0.2402600382409178,FL,City/Suburb,214692,30.4,R1
134130,University of Florida,2022,22,34552,49,11740,64473,0.2334930901307524,FL,City/Suburb,217330,30.4,R1
134130,University of Florida,2021,23,34876,49,9809,51207,0.30134551916730135,FL,City/Suburb,223891,30.4,R1
134130,University of Florida,2020,24,34931,48,10075,48193,0.3112900213723985,FL,City/Suburb,215797,30.4,R1
134130,University of Florida,2019,26,35405,48,10457,40139,0.34691945489424253,FL,City/Suburb,213187,30.4,R1
484473,University of Florida-Online,2023,20,5462,45,10412,1440,0.64375,FL,City/Suburb,214692,30.4,Baccalaureate
484473,University of Florida-Online,2022,21,5356,43,10791,1499,0.6464309539693128,FL,City/Suburb,217330,30.4,Baccalaureate
484473,University of Florida-Online,2021,23,5168,43,9024,1766,0.6574178935447339,FL,City/Suburb,223891,30.4,Baccalaureate
484473,University of Florida-Online,2020,24,4407,40,8675,1364,0.623900293255132,FL,City/Suburb,215797,30.4,Baccalaureate
484473,University of Florida-Online,2019,25,3926,40,9755,1559,0.745349583066068,FL,City/Suburb,213187,30.4,Baccalaureate
139959,University of Georgia,2023,17,31514,33,16303,43419,0.3719800087519289,GA,City/Suburb,126146,31.9,R1
139959,University of Georgia,2022,18,30714,32,17180,39320,0.42545778229908443,GA,City/Suburb,122695,31.9,R1
139959,University of Georgia,2021,19,30166,32,16902,39229,0.3998317571184583,GA,City/Suburb,124712,31.9,R1
139959,University of Georgia,2020,20,29765,31,16580,28206,0.4838332269729845,GA,City/Suburb,126126,31.9,R1
139959,University of Georgia,2019,21,29848,31,15961,29285,0.45296226737237494,GA,City/Suburb,121897,31.9,R1
129525,University of Hartford,2023,30,4131,50,30553,14253,0.8301410229425384,CT,City/Suburb,44962,39.6,R0
129525,University of Hartford,2022,28,3969,51,31687,13230,0.8275132275132275,CT,City/Suburb,44540,39.6,R0
129525,University of Hartford,2021,28,4003,49,29987,13459,0.787948584590237,CT,City/Suburb,44901,39.6,R0
129525,University of Hartford,2020,28,4521,49,28692,12660,0.7740916271721959,CT,City/Suburb,45222,39.6,R0
129525,University of Hartford,2019,29,4793,49,29141,13233,0.7634701125972947,CT,City/Suburb,45216,39.6,R0
141565,University of Hawaii at Hilo,2023,40,2424,81,12936,2562,0.897736143637783,HI,Town/Rural,14206,33.5,R0
141565,University of Hawaii at Hilo,2022,39,2593,80,13867,2595,0.8423892100192678,HI,Town/Rural,14314,33.5,R0
141565,University of Hawaii at Hilo,2021,44,2763,81,13255,2900,0.9217241379310345,HI,Town/Rural,14567,33.5,R0
141565,University of Hawaii at Hilo,2020,45,2671,81,13969,3152,0.738261421319797,HI,Town/Rural,14100,33.5,R0
141565,University of Hawaii at Hilo,2019,47,2818,81,14338,4161,0.5162220620043259,HI,Town/Rural,14706,33.5,R0
141574,University of Hawaii at Manoa,2023,25,14576,79,14557,19211,0.6968924053927438,HI,City/Suburb,14206,33.5,R1
141574,University of Hawaii at Manoa,2022,25,14198,80,13639,18974,0.7276799831348161,HI,City/Suburb,14314,33.5,R1
141574,University of Hawaii at Manoa,2021,26,14120,80,14825,19607,0.6998010914469323,HI,City/Suburb,14567,33.5,R1
141574,University of Hawaii at Manoa,2020,28,13203,82,15193,13240,0.8369335347432024,HI,City/Suburb,14100,33.5,R1
141574,University of Hawaii at Manoa,2019,29,12631,82,15441,16235,0.584724360948568,HI,City/Suburb,14706,33.5,R1
141981,University of Hawaii-West Oahu,2023,30,2863,92,11881,750,0.956,HI,City/Suburb,14206,33.5,Baccalaureate
141981,University of Hawaii-West Oahu,2022,31,2913,93,9103,909,0.9636963696369637,HI,City/Suburb,14314,33.5,Baccalaureate
141981,University of Hawaii-West Oahu,2021,31,3008,91,11105,743,0.946164199192463,HI,City/Suburb,14567,33.5,Baccalaureate
141981,University of Hawaii-West Oahu,2020,33,3168,91,14351,713,0.9523141654978962,HI,City/Suburb,14100,33.5,Baccalaureate
141981,University of Hawaii-West Oahu,2019,33,3049,92,11766,693,0.8441558441558441,HI,City/Suburb,14706,33.5,Baccalaureate
179265,University of Health Sciences and Pharmacy in St. Louis,2023,29,275,37,33392,1158,0.7512953367875648,MO,City/Suburb,67773,29.5,Special or Tribal
179265,University of Health Sciences and Pharmacy in St. Louis,2022,33,264,39,31831,760,0.9157894736842105,MO,City/Suburb,66781,29.5,Special or Tribal
179265,University of Health Sciences and Pharmacy in St. Louis,2021,35,255,39,29197,527,0.9108159392789373,MO,City/Suburb,66906,29.5,Special or Tribal
179265,University of Health Sciences and Pharmacy in St. Louis,2020,38,286,37,25811,349,0.7822349570200573,MO,City/Suburb,67892,29.5,Special or Tribal
179265,University of Health Sciences and Pharmacy in St. Louis,2019,35,333,37,27322,276,0.9166666666666666,MO,City/Suburb,68482,29.5,Special or Tribal
160065,University of Holy Cross,2023,28,806,62,14476,404,0.9900990099009901,LA,City/Suburb,49729,24.3,M
160065,University of Holy Cross,2022,29,776,67,18074,917,0.8735005452562704,LA,City/Suburb,49777,24.3,M
160065,University of Holy Cross,2021,38,881,55,16777,1320,0.75,LA,City/Suburb,52461,24.3,M
160065,University of Holy Cross,2020,42,784,57,13236,1335,0.5273408239700375,LA,City/Suburb,53334,24.3,M
160065,University of Holy Cross,2019,40,773,54,14324,1581,0.32447817836812143,LA,City/Suburb,52809,24.3,M
225511,University of Houston,2023,41,37946,83,13738,30327,0.6953210010881393,TX,City/Suburb,385604,30.3,R1
225511,University of Houston,2022,41,37943,81,14056,29783,0.662391297048652,TX,City/Suburb,375741,30.3,R1
225511,University of Houston,2021,40,38581,80,14339,29721,0.6552269439117122,TX,City/Suburb,377064,30.3,R1
225511,University of Houston,2020,41,39165,79,14480,28645,0.627893175074184,TX,City/Suburb,372402,30.3,R1
225511,University of Houston,2019,41,38597,78,13212,25393,0.649785373921947,TX,City/Suburb,364979,30.3,R1
225414,University of Houston-Clear Lake,2023,44,6108,70,10488,2348,0.7529812606473595,TX,City/Suburb,385604,30.3,R0
225414,University of Houston-Clear Lake,2022,44,6352,68,17871,1985,0.6937027707808564,TX,City/Suburb,375741,30.3,R0
225414,University of Houston-Clear Lake,2021,42,6764,69,16737,1793,0.9118795315114333,TX,City/Suburb,377064,30.3,R0
225414,University of Houston-Clear Lake,2020,42,6582,65,14667,1666,0.8073229291716687,TX,City/Suburb,372402,30.3,R0
225414,University of Houston-Clear Lake,2019,42,6439,63,9215,1402,0.7360912981455064,TX,City/Suburb,364979,30.3,R0
225432,University of Houston-Downtown,2023,52,12880,89,14269,6953,0.9063713504961887,TX,City/Suburb,385604,30.3,M
225432,University of Houston-Downtown,2022,50,12856,89,15312,6131,0.8841950742130158,TX,City/Suburb,375741,30.3,M
225432,University of Houston-Downtown,2021,48,13612,88,13460,6148,0.9484385165907612,TX,City/Suburb,377064,30.3,M
225432,University of Houston-Downtown,2020,48,13663,87,12087,5973,0.9281767955801105,TX,City/Suburb,372402,30.3,M
225432,University of Houston-Downtown,2019,46,13136,86,7159,5617,0.8867722983799181,TX,City/Suburb,364979,30.3,M
225502,University of Houston-Victoria,2023,44,2707,73,9912,1881,0.7671451355661882,TX,City/Suburb,385604,30.3,M
225502,University of Houston-Victoria,2022,46,2845,72,11761,1970,0.8213197969543147,TX,City/Suburb,375741,30.3,M
225502,University of Houston-Victoria,2021,44,3037,70,11375,2272,0.5334507042253521,TX,City/Suburb,377064,30.3,M
225502,University of Houston-Victoria,2020,48,3513,70,9657,3570,0.6705882352941176,TX,City/Suburb,372402,30.3,M
225502,University of Houston-Victoria,2019,49,3367,69,10063,5500,0.5552727272727273,TX,City/Suburb,364979,30.3,M
142285,University of Idaho,2023,23,9269,26,14377,12222,0.7908689248895434,ID,Town/Rural,21457,27.7,R2
142285,University of Idaho,2022,25,8809,24,14954,13393,0.7385201224520271,ID,Town/Rural,21128,27.7,R2
142285,University of Idaho,2021,28,8631,25,15435,9814,0.8138373751783167,ID,Town/Rural,20809,27.7,R2
142285,University of Idaho,2020,27,8366,24,14929,9938,0.7444153753270276,ID,Town/Rural,20446,27.7,R2
142285,University of Idaho,2019,29,9392,28,15017,8071,0.7775988105563127,ID,Town/Rural,20130,27.7,R2
145600,University of Illinois Chicago,2023,50,22107,77,11499,25420,0.7850118017309206,IL,City/Suburb,148445,35.1,R1
145600,University of Illinois Chicago,2022,50,21807,77,10384,23562,0.7869026398438164,IL,City/Suburb,145439,35.1,R1
145600,University of Illinois Chicago,2021,49,22279,76,10725,22791,0.7880303628625335,IL,City/Suburb,150490,35.1,R1
145600,University of Illinois Chicago,2020,51,21921,74,12614,22798,0.7262917799807,IL,City/Suburb,149373,35.1,R1
145600,University of Illinois Chicago,2019,51,21641,74,12322,22696,0.7270444131124427,IL,City/Suburb,152277,35.1,R1
148654,University of Illinois Springfield,2023,36,2342,38,9241,2495,0.843687374749499,IL,City/Suburb,148445,35.1,M
148654,University of Illinois Springfield,2022,36,2393,37,11733,3634,0.8203082003302147,IL,City/Suburb,145439,35.1,M
148654,University of Illinois Springfield,2021,35,2503,36,11965,2496,0.7948717948717948,IL,City/Suburb,150490,35.1,M
148654,University of Illinois Springfield,2020,36,2654,37,11628,3634,0.7732526141992295,IL,City/Suburb,149373,35.1,M
148654,University of Illinois Springfield,2019,35,2674,37,11534,2117,0.7680680207841285,IL,City/Suburb,152277,35.1,M
145637,University of Illinois Urbana-Champaign,2023,24,35564,62,14297,67398,0.436897237306745,IL,City/Suburb,148445,35.1,R1
145637,University of Illinois Urbana-Champaign,2022,25,35120,61,14544,63257,0.44823497794710465,IL,City/Suburb,145439,35.1,R1
145637,University of Illinois Urbana-Champaign,2021,25,34779,60,14272,47593,0.5966213518794781,IL,City/Suburb,150490,35.1,R1
145637,University of Illinois Urbana-Champaign,2020,24,33683,58,13517,43473,0.6330365974282888,IL,City/Suburb,149373,35.1,R1
145637,University of Illinois Urbana-Champaign,2019,23,34120,57,14660,43509,0.5903146475441863,IL,City/Suburb,152277,35.1,R1
151263,University of Indianapolis,2023,36,3957,51,19903,9886,0.7275945781913817,IN,City/Suburb,76628,27.1,R0
151263,University of Indianapolis,2022,38,3771,44,22283,9869,0.7613739993920356,IN,City/Suburb,74897,27.1,R0
151263,University of Indianapolis,2021,38,4063,38,21527,10241,0.77853725222146275,IN,City/Suburb,78348,27.1,R0
151263,University of Indianapolis,2020,39,4271,37,20441,7893,0.8447991891549474,IN,City/Suburb,78809,27.1,R0
151263,University of Indianapolis,2019,38,4402,35,21161,7637,0.9278512504910305,IN,City/Suburb,76144,27.1,R0
153658,University of Iowa,2023,18,22130,26,20121,25682,0.8467409080289697,IA,City/Suburb,36870,29,R1
153658,University of Iowa,2022,19,21973,26,19587,25729,0.8600411986474407,IA,City/Suburb,36521,29,R1
153658,University of Iowa,2021,19,21608,26,17599,22434,0.8620843362752965,IA,City/Suburb,37097,29,R1
153658,University of Iowa,2020,19,22304,26,17452,24132,0.8427813691364163,IA,City/Suburb,36359,29,R1
153658,University of Iowa,2019,20,23482,26,17008,25928,0.8255168157975933,IA,City/Suburb,36735,29,R1
200156,University of Jamestown,2023,26,964,33,20897,1047,0.9350525310410697,ND,Town/Rural,7668,29.7,M
200156,University of Jamestown,2022,26,978,28,19950,1017,0.9203539823008849,ND,Town/Rural,7623,29.7,M
200156,University of Jamestown,2021,30,1018,26,20095,1264,0.7579113924050633,ND,Town/Rural,7291,29.7,M
200156,University of Jamestown,2020,28,912,27,19744,1356,0.7190265486725663,ND,Town/Rural,7385,29.7,M
200156,University of Jamestown,2019,31,908,28,19695,1106,0.6925858951175407,ND,Town/Rural,7006,29.7,M
155317,University of Kansas,2023,20,20696,31,18322,19226,0.882034744616665,KS,City/Suburb,36832,33.8,R1
155317,University of Kansas,2022,19,19241,31,18950,16204,0.8784250802271044,KS,City/Suburb,36624,33.8,R1
155317,University of Kansas,2021,20,19158,31,18608,15275,0.924975450081833,KS,City/Suburb,36149,33.8,R1
155317,University of Kansas,2020,20,19135,30,20054,15042,0.9093205690732615,KS,City/Suburb,35923,33.8,R1
155317,University of Kansas,2019,21,19667,30,19195,15093,0.9310276287020474,KS,City/Suburb,35979,33.8,R1
157085,University of Kentucky,2023,21,23930,24,19838,28233,0.923847979314986,KY,City/Suburb,49328,24.8,R1
157085,University of Kentucky,2022,21,22735,24,18693,22109,0.9488895924736532,KY,City/Suburb,49640,24.8,R1
157085,University of Kentucky,2021,21,21900,25,20043,21695,0.9401244526388569,KY,City/Suburb,50879,24.8,R1
157085,University of Kentucky,2020,22,22227,25,19831,19648,0.9635586319218241,KY,City/Suburb,51547,24.8,R1
157085,University of Kentucky,2019,23,22236,25,18958,18759,0.9585265739111893,KY,City/Suburb,51210,24.8,R1
117140,University of La Verne,2023,48,3352,84,27216,10813,0.48478683066678996,CA,City/Suburb,492544,34.2,R0
117140,University of La Verne,2022,48,3365,83,25103,6172,0.7350939727802981,CA,City/Suburb,473448,34.2,R0
117140,University of La Verne,2021,47,3691,83,22538,5004,0.7194244604316546,CA,City/Suburb,467260,34.2,R0
117140,University of La Verne,2020,47,4120,82,30061,8212,0.762542620555285,CA,City/Suburb,477479,34.2,R0
117140,University of La Verne,2019,46,4528,80,27933,6864,0.5482226107226107,CA,City/Suburb,478819,34.2,R0
160658,University of Louisiana at Lafayette,2023,39,13179,41,13443,10679,0.8882854199831445,LA,City/Suburb,49729,24.3,R1
160658,University of Louisiana at Lafayette,2022,37,12950,40,13036,8487,0.8921880523153057,LA,City/Suburb,49777,24.3,R1
160658,University of Louisiana at Lafayette,2021,34,13700,39,11818,10409,0.7834566240753195,LA,City/Suburb,52461,24.3,R1
160658,University of Louisiana at Lafayette,2020,35,14020,37,12706,9870,0.6728470111448834,LA,City/Suburb,53334,24.3,R1
160658,University of Louisiana at Lafayette,2019,34,14603,36,12184,9138,0.6791420442109871,LA,City/Suburb,52809,24.3,R1
159993,University of Louisiana at Monroe,2023,33,6550,43,11160,4878,0.7455924559245592,LA,City/Suburb,49729,24.3,R0
159993,University of Louisiana at Monroe,2022,35,6552,39,11353,4303,0.7011387404136649,LA,City/Suburb,49777,24.3,R0
159993,University of Louisiana at Monroe,2021,36,6728,39,10408,4945,0.6988877654196157,LA,City/Suburb,52461,24.3,R0
159993,University of Louisiana at Monroe,2020,37,6929,38,10134,4837,0.7798222038453587,LA,City/Suburb,53334,24.3,R0
159993,University of Louisiana at Monroe,2019,36,6948,37,9710,3953,0.8004047558816089,LA,City/Suburb,52809,24.3,R0
157289,University of Louisville,2023,29,16194,39,18808,14821,0.8054112408069631,KY,City/Suburb,49328,24.8,R1
157289,University of Louisville,2022,29,15921,36,19327,15462,0.8154184452205406,KY,City/Suburb,49640,24.8,R1
157289,University of Louisville,2021,28,15634,33,18582,15455,0.7469427369783241,KY,City/Suburb,50879,24.8,R1
157289,University of Louisville,2020,29,15927,32,17894,17265,0.6512018534607588,KY,City/Suburb,51547,24.8,R1
157289,University of Louisville,2019,29,15860,30,17490,14760,0.6928184281842819,KY,City/Suburb,51210,24.8,R1
232609,University of Lynchburg,2023,27,1792,41,22921,4813,0.8219405776023271,VA,City/Suburb,99497,39.3,R0
232609,University of Lynchburg,2022,29,1589,30,23256,3230,0.9594427244582043,VA,City/Suburb,98780,39.3,R0
232609,University of Lynchburg,2021,30,1640,26,27305,3102,0.9687298517085751,VA,City/Suburb,100147,39.3,R0
232609,University of Lynchburg,2020,31,1822,26,24386,3694,0.9726583649160802,VA,City/Suburb,98970,39.3,R0
232609,University of Lynchburg,2019,29,1935,26,24987,4477,0.9104310922492741,VA,City/Suburb,95710,39.3,R0
161253,University of Maine,2023,22,9267,18,18237,13995,0.9571275455519829,ME,City/Suburb,14133,31.5,R1
161253,University of Maine,2022,24,9774,18,17617,15021,0.9396178683176886,ME,City/Suburb,13869,31.5,R1
161253,University of Maine,2021,24,10115,18,17146,14965,0.9645840294019379,ME,City/Suburb,14239,31.5,R1
161253,University of Maine,2020,26,9465,18,16365,14785,0.9220831924247548,ME,City/Suburb,14677,31.5,R1
161253,University of Maine,2019,29,9430,18,18002,13118,0.9024241500228694,ME,City/Suburb,15274,31.5,R1
161226,University of Maine at Farmington,2023,32,1605,14,15383,1306,0.9762633996937213,ME,Town/Rural,14133,31.5,Baccalaureate
161226,University of Maine at Farmington,2022,39,1558,14,14486,1407,0.9417199715707179,ME,Town/Rural,13869,31.5,Baccalaureate
161226,University of Maine at Farmington,2021,45,1580,14,14386,1569,0.9668578712555768,ME,Town/Rural,14239,31.5,Baccalaureate
161226,University of Maine at Farmington,2020,46,1582,13,14492,1595,0.9460815047021943,ME,Town/Rural,14677,31.5,Baccalaureate
161226,University of Maine at Farmington,2019,46,1674,13,14593,1744,0.9094036697247706,ME,Town/Rural,15274,31.5,Baccalaureate
161235,University of Maine at Fort Kent,2023,14,1357,23,10736,539,0.9907235621521335,ME,Town/Rural,14133,31.5,Baccalaureate
161235,University of Maine at Fort Kent,2022,14,1194,24,12163,527,0.9924098671726755,ME,Town/Rural,13869,31.5,Baccalaureate
161235,University of Maine at Fort Kent,2021,17,2216,21,10547,800,0.99875,ME,Town/Rural,14239,31.5,Baccalaureate
161235,University of Maine at Fort Kent,2020,21,1624,21,12162,599,0.998330550918197,ME,Town/Rural,14677,31.5,Baccalaureate
161235,University of Maine at Fort Kent,2019,23,1589,20,11205,742,0.9932614555256065,ME,Town/Rural,15274,31.5,Baccalaureate
161341,University of Maine at Presque Isle,2023,26,2152,32,9773,755,0.9708609271523179,ME,Town/Rural,14133,31.5,Baccalaureate
161341,University of Maine at Presque Isle,2022,27,1824,26,9104,732,0.9699453551912568,ME,Town/Rural,13869,31.5,Baccalaureate
161341,University of Maine at Presque Isle,2021,29,1573,24,9190,800,0.99875,ME,Town/Rural,14239,31.5,Baccalaureate
161341,University of Maine at Presque Isle,2020,28,1467,22,10442,700,0.99,ME,Town/Rural,14677,31.5,Baccalaureate
161341,University of Maine at Presque Isle,2019,27,1445,26,10126,736,0.9904891304347826,ME,Town/Rural,15274,31.5,Baccalaureate
200217,University of Mary,2023,18,2650,22,19225,1577,0.7824984147114775,ND,Town/Rural,7668,29.7,R0
200217,University of Mary,2022,18,2506,22,18369,1499,0.8138759172781854,ND,Town/Rural,7623,29.7,R0
200217,University of Mary,2021,18,2579,21,19474,1532,0.7878590078328982,ND,Town/Rural,7291,29.7,R0
200217,University of Mary,2020,19,2535,21,18167,1391,0.7167505391804457,ND,Town/Rural,7385,29.7,R0
200217,University of Mary,2019,19,2543,22,17903,1376,0.7354651162790697,ND,Town/Rural,7006,29.7,R0
226471,University of Mary Hardin-Baylor,2023,37,3024,49,29904,11407,0.9511703340054353,TX,City/Suburb,385604,30.3,R0
226471,University of Mary Hardin-Baylor,2022,39,3072,47,31197,13001,0.9566956387970156,TX,City/Suburb,375741,30.3,R0
226471,University of Mary Hardin-Baylor,2021,37,3224,46,30191,14587,0.9934187975594707,TX,City/Suburb,377064,30.3,R0
226471,University of Mary Hardin-Baylor,2020,39,3379,46,27629,11243,0.9029618429244863,TX,City/Suburb,372402,30.3,R0
226471,University of Mary Hardin-Baylor,2019,40,3361,47,27237,15355,0.8737870400521003,TX,City/Suburb,364979,30.3,R0
232681,University of Mary Washington,2023,20,3611,40,21615,4606,0.8625705601389492,VA,City/Suburb,99497,39.3,Baccalaureate
232681,University of Mary Washington,2022,20,3493,36,21863,4709,0.8579316203015502,VA,City/Suburb,98780,39.3,Baccalaureate
232681,University of Mary Washington,2021,20,3660,33,21901,5027,0.8191764471851999,VA,City/Suburb,100147,39.3,Baccalaureate
232681,University of Mary Washington,2020,19,3993,32,22569,6018,0.7549019607843137,VA,City/Suburb,98970,39.3,Baccalaureate
232681,University of Mary Washington,2019,20,4182,31,21640,5939,0.7472638491328506,VA,City/Suburb,95710,39.3,Baccalaureate
163338,University of Maryland Eastern Shore,2023,53,2233,91,14595,8032,0.9036354581673307,MD,Town/Rural,69770,40.8,R2
163338,University of Maryland Eastern Shore,2022,51,1933,90,12020,6724,0.8155859607376561,MD,Town/Rural,69124,40.8,R2
163338,University of Maryland Eastern Shore,2021,47,1811,91,12867,7625,0.819016393442623,MD,Town/Rural,71017,40.8,R2
163338,University of Maryland Eastern Shore,2020,52,2069,89,15633,8511,0.6202561391140876,MD,Town/Rural,67971,40.8,R2
163338,University of Maryland Eastern Shore,2019,52,2333,90,16267,3929,0.6467294476966149,MD,Town/Rural,68208,40.8,R2
163268,University of Maryland-Baltimore County,2023,30,10490,69,17704,13150,0.7423574144486692,MD,City/Suburb,69770,40.8,R1
163268,University of Maryland-Baltimore County,2022,30,10625,68,17692,11534,0.8055314721692388,MD,City/Suburb,69124,40.8,R1
163268,University of Maryland-Baltimore County,2021,28,10835,65,6912,11093,0.8119534841792121,MD,City/Suburb,71017,40.8,R1
163268,University of Maryland-Baltimore County,2020,29,10932,63,16868,11459,0.6948250283619862,MD,City/Suburb,67971,40.8,R1
163268,University of Maryland-Baltimore County,2019,29,11060,61,17094,11842,0.6102854247593312,MD,City/Suburb,68208,40.8,R1
163286,University of Maryland-College Park,2023,19,30608,60,15833,59377,0.44840594843121073,MD,City/Suburb,69770,40.8,R1
163286,University of Maryland-College Park,2022,18,30353,58,16210,56761,0.4460809358538433,MD,City/Suburb,69124,40.8,R1
163286,University of Maryland-College Park,2021,18,30922,55,17146,50183,0.5202757906063806,MD,City/Suburb,71017,40.8,R1
163286,University of Maryland-College Park,2020,18,30875,53,17643,32147,0.5095965408902853,MD,City/Suburb,67971,40.8,R1
163286,University of Maryland-College Park,2019,18,30511,52,17723,33012,0.4418090391372834,MD,City/Suburb,68208,40.8,R1
262086,University of Massachusetts Global,2021,26,5237,44,26346,168,0.9285714285714286,CA,City/Suburb,467260,34.2,R0
262086,University of Massachusetts Global,2020,29,6114,44,24084,219,0.9497716894977168,CA,City/Suburb,477479,34.2,R0
262086,University of Massachusetts Global,2019,40,6060,42,23781,84,0.8928571428571429,CA,City/Suburb,478819,34.2,R0
166629,University of Massachusetts-Amherst,2023,20,23936,42,22954,50424,0.577681262890687,MA,City/Suburb,78133,44.5,R1
166629,University of Massachusetts-Amherst,2022,21,24391,41,22291,45451,0.6352115465006271,MA,City/Suburb,78514,44.5,R1
166629,University of Massachusetts-Amherst,2021,21,24231,40,17291,42540,0.6553126469205454,MA,City/Suburb,78839,44.5,R1
166629,University of Massachusetts-Amherst,2020,22,24233,39,22505,40315,0.6532308073917896,MA,City/Suburb,79537,44.5,R1
166629,University of Massachusetts-Amherst,2019,23,24209,39,22927,42157,0.6379723414853998,MA,City/Suburb,78060,44.5,R1
166638,University of Massachusetts-Boston,2023,43,12373,70,17554,20918,0.8295726168849794,MA,City/Suburb,78133,44.5,R2
166638,University of Massachusetts-Boston,2022,42,12221,68,17123,19512,0.8075543255432555,MA,City/Suburb,78514,44.5,R2
166638,University of Massachusetts-Boston,2021,42,12269,66,17575,16383,0.7889885857291095,MA,City/Suburb,78839,44.5,R2
166638,University of Massachusetts-Boston,2020,42,12871,67,17231,14029,0.7967781025019602,MA,City/Suburb,79537,44.5,R2
166638,University of Massachusetts-Boston,2019,41,12595,67,17511,13649,0.7614477251080666,MA,City/Suburb,78060,44.5,R2
167987,University of Massachusetts-Dartmouth,2023,36,5602,46,20696,9794,0.9215846436593833,MA,City/Suburb,78133,44.5,R2
167987,University of Massachusetts-Dartmouth,2022,37,5517,43,19700,8837,0.9551884123571348,MA,City/Suburb,78514,44.5,R2
167987,University of Massachusetts-Dartmouth,2021,37,5833,43,21708,7983,0.9222096956031567,MA,City/Suburb,78839,44.5,R2
167987,University of Massachusetts-Dartmouth,2020,40,6027,41,20612,8738,0.7618448157473106,MA,City/Suburb,79537,44.5,R2
167987,University of Massachusetts-Dartmouth,2019,40,6405,42,18662,8623,0.7483474428853067,MA,City/Suburb,78060,44.5,R2
166513,University of Massachusetts-Lowell,2023,27,12128,48,17624,12628,0.8523915109280963,MA,City/Suburb,78133,44.5,R2
166513,University of Massachusetts-Lowell,2022,28,12389,46,17240,12253,0.8595446013221252,MA,City/Suburb,78514,44.5,R2
166513,University of Massachusetts-Lowell,2021,29,12884,45,13227,12493,0.8456735772032338,MA,City/Suburb,78839,44.5,R2
166513,University of Massachusetts-Lowell,2020,28,13813,44,19147,12970,0.7519660755589823,MA,City/Suburb,79537,44.5,R2
166513,University of Massachusetts-Lowell,2019,27,14170,42,18183,12660,0.7334913112164297,MA,City/Suburb,78060,44.5,R2
220862,University of Memphis,2023,40,16771,61,13656,15640,0.9338235294117647,TN,City/Suburb,72084,27.5,R1
220862,University of Memphis,2022,42,16708,59,13873,15767,0.9460265110674193,TN,City/Suburb,71347,27.5,R1
220862,University of Memphis,2021,41,16702,56,14251,14916,0.9520648967551623,TN,City/Suburb,72685,27.5,R1
220862,University of Memphis,2020,43,17383,54,13777,13298,0.8520078207249211,TN,City/Suburb,73281,27.5,R1
220862,University of Memphis,2019,44,17378,52,13481,14778,0.8475436459602111,TN,City/Suburb,72802,27.5,R1
135726,University of Miami,2023,15,12883,52,41028,48286,0.18514683345068964,FL,City/Suburb,214692,30.4,R1
135726,University of Miami,2022,16,12504,54,36467,49169,0.18938762228233236,FL,City/Suburb,217330,30.4,R1
135726,University of Miami,2021,15,12089,56,34492,42244,0.2849162011173184,FL,City/Suburb,223891,30.4,R1
135726,University of Miami,2020,15,11334,58,31726,40131,0.3309162492835962,FL,City/Suburb,215797,30.4,R1
135726,University of Miami,2019,14,11307,58,33102,38920,0.2712744090441932,FL,City/Suburb,213187,30.4,R1
170976,University of Michigan-Ann Arbor,2023,18,33730,51,19005,87632,0.17940934818331203,MI,City/Suburb,108265,29.6,R1
170976,University of Michigan-Ann Arbor,2022,18,32695,49,19318,84289,0.17693886509508952,MI,City/Suburb,103443,29.6,R1
170976,University of Michigan-Ann Arbor,2021,18,32282,47,19205,79743,0.2015349309657274,MI,City/Suburb,107239,29.6,R1
170976,University of Michigan-Ann Arbor,2020,18,31329,45,17832,65021,0.2610541209763,MI,City/Suburb,108725,29.6,R1
170976,University of Michigan-Ann Arbor,2019,17,31266,44,17357,64972,0.22906790617496767,MI,City/Suburb,112177,29.6,R1
171137,University of Michigan-Dearborn,2023,44,6071,36,12798,12373,0.5862765699506991,MI,City/Suburb,108265,29.6,M
171137,University of Michigan-Dearborn,2022,41,6116,34,12444,12026,0.5409945118909031,MI,City/Suburb,103443,29.6,M
171137,University of Michigan-Dearborn,2021,39,6355,33,11818,8065,0.6876627402355858,MI,City/Suburb,107239,29.6,M
171137,University of Michigan-Dearborn,2020,41,6725,33,12639,7300,0.675068493150685,MI,City/Suburb,108725,29.6,M
171137,University of Michigan-Dearborn,2019,41,6910,33,10634,6470,0.619629057187017,MI,City/Suburb,112177,29.6,M
171146,University of Michigan-Flint,2023,35,4751,34,12344,8870,0.6882750845546787,MI,City/Suburb,108265,29.6,R0
171146,University of Michigan-Flint,2022,36,4609,32,10840,6140,0.6635179153094463,MI,City/Suburb,103443,29.6,R0
171146,University of Michigan-Flint,2021,36,4995,32,12616,4021,0.7386222332753046,MI,City/Suburb,107239,29.6,R0
171146,University of Michigan-Flint,2020,37,5424,32,12546,4017,0.7742096091610655,MI,City/Suburb,108725,29.6,R0
171146,University of Michigan-Flint,2019,38,5862,34,12153,4254,0.6596144804889515,MI,City/Suburb,112177,29.6,R0
174075,University of Minnesota-Crookston,2023,19,2518,27,13442,1886,0.5837751855779427,MN,Town/Rural,67002,36.7,Baccalaureate
174075,University of Minnesota-Crookston,2022,21,2303,25,12894,1739,0.5721679125934445,MN,Town/Rural,64579,36.7,Baccalaureate
174075,University of Minnesota-Crookston,2021,21,2304,24,11925,1196,0.4816053511705686,MN,Town/Rural,65199,36.7,Baccalaureate
174075,University of Minnesota-Crookston,2020,21,2530,26,12010,1616,0.7215346534653465,MN,Town/Rural,66285,36.7,Baccalaureate
174075,University of Minnesota-Crookston,2019,23,2768,37,11483,1182,0.6844331641285956,MN,Town/Rural,65499,36.7,Baccalaureate
174233,University of Minnesota-Duluth,2023,18,8525,26,19542,9502,0.8175121027152179,MN,City/Suburb,67002,36.7,M
174233,University of Minnesota-Duluth,2022,19,8810,26,18031,9512,0.8069806560134567,MN,City/Suburb,64579,36.7,M
174233,University of Minnesota-Duluth,2021,19,9024,25,16960,9610,0.7954214360041624,MN,City/Suburb,65199,36.7,M
174233,University of Minnesota-Duluth,2020,21,9301,24,18211,9190,0.7855277475516866,MN,City/Suburb,66285,36.7,M
174233,University of Minnesota-Duluth,2019,22,9847,24,16828,8704,0.7488511029411765,MN,City/Suburb,65499,36.7,M
174251,University of Minnesota-Morris,2023,31,1020,48,9539,3477,0.7046304285303423,MN,Town/Rural,67002,36.7,Baccalaureate
174251,University of Minnesota-Morris,2022,28,1068,46,11169,2699,0.7765839199703594,MN,Town/Rural,64579,36.7,Baccalaureate
174251,University of Minnesota-Morris,2021,29,1286,44,11652,2619,0.7605956471935853,MN,Town/Rural,65199,36.7,Baccalaureate
174251,University of Minnesota-Morris,2020,31,1339,43,11147,4190,0.6465393794749403,MN,Town/Rural,66285,36.7,Baccalaureate
174251,University of Minnesota-Morris,2019,31,1499,43,11682,3265,0.5672281776416539,MN,Town/Rural,65499,36.7,Baccalaureate
456959,University of Minnesota-Rochester,2023,36,588,46,13840,1221,0.7182637182637183,MN,City/Suburb,67002,36.7,Special or Tribal
456959,University of Minnesota-Rochester,2022,37,630,46,12613,1198,0.7170283806343907,MN,City/Suburb,64579,36.7,Special or Tribal
456959,University of Minnesota-Rochester,2021,38,646,42,14198,1123,0.8023152270703473,MN,City/Suburb,65199,36.7,Special or Tribal
456959,University of Minnesota-Rochester,2020,35,632,42,15469,1440,0.7375,MN,City/Suburb,66285,36.7,Special or Tribal
456959,University of Minnesota-Rochester,2019,33,572,38,16314,1121,0.6012488849241748,MN,City/Suburb,65499,36.7,Special or Tribal
174066,University of Minnesota-Twin Cities,2023,17,39556,42,16730,39863,0.7702631512931791,MN,City/Suburb,67002,36.7,R1
174066,University of Minnesota-Twin Cities,2022,18,39248,40,16018,38050,0.749119579500657,MN,City/Suburb,64579,36.7,R1
174066,University of Minnesota-Twin Cities,2021,16,36209,38,17468,35905,0.7323492549784153,MN,City/Suburb,65199,36.7,R1
174066,University of Minnesota-Twin Cities,2020,18,36061,39,17729,38237,0.6963935455187384,MN,City/Suburb,66285,36.7,R1
174066,University of Minnesota-Twin Cities,2019,18,35165,38,17279,40673,0.567354264499791,MN,City/Suburb,65499,36.7,R1
176017,University of Mississippi,2023,22,19094,22,14946,27837,0.9777634084132629,MS,Town/Rural,32572,23.2,R1
176017,University of Mississippi,2022,24,17302,22,14289,22311,0.9738245708394963,MS,Town/Rural,32131,23.2,R1
176017,University of Mississippi,2021,24,16092,23,13528,19531,0.8966258768112232,MS,Town/Rural,32865,23.2,R1
176017,University of Mississippi,2020,24,16179,23,13653,16383,0.8802417139718001,MS,Town/Rural,32110,23.2,R1
176017,University of Mississippi,2019,23,17139,23,14672,16253,0.8813757460161201,MS,Town/Rural,32601,23.2,R1
178396,University of Missouri-Columbia,2023,20,23613,21,20006,21669,0.7702247450274586,MO,City/Suburb,67773,29.5,R1
178396,University of Missouri-Columbia,2022,21,23745,21,19889,20303,0.7912623750184702,MO,City/Suburb,66781,29.5,R1
178396,University of Missouri-Columbia,2021,21,23696,21,18249,19966,0.7654512671541621,MO,City/Suburb,66906,29.5,R1
178396,University of Missouri-Columbia,2020,21,23383,22,16930,20641,0.8177898357637712,MO,City/Suburb,67892,29.5,R1
178396,University of Missouri-Columbia,2019,21,22589,22,15850,20015,0.8072945291031727,MO,City/Suburb,68482,29.5,R1
178402,University of Missouri-Kansas City,2023,25,10149,47,14201,5802,0.7499138228197173,MO,City/Suburb,67773,29.5,R2
178402,University of Missouri-Kansas City,2022,24,10179,43,14739,5180,0.6947876447876448,MO,City/Suburb,66781,29.5,R2
178402,University of Missouri-Kansas City,2021,23,10698,41,14368,4967,0.7598147775317092,MO,City/Suburb,66906,29.5,R2
178402,University of Missouri-Kansas City,2020,24,11027,40,16016,5672,0.6301128349788434,MO,City/Suburb,67892,29.5,R2
178402,University of Missouri-Kansas City,2019,25,11301,40,14921,5754,0.6129648939867918,MO,City/Suburb,68482,29.5,R2
178420,University of Missouri-St Louis,2023,18,12137,31,11577,4627,0.5716446941862978,MO,City/Suburb,67773,29.5,R2
178420,University of Missouri-St Louis,2022,18,12415,30,13211,3913,0.5111167901865576,MO,City/Suburb,66781,29.5,R2
178420,University of Missouri-St Louis,2021,24,12347,30,10525,3054,0.566142763588736,MO,City/Suburb,66906,29.5,R2
178420,University of Missouri-St Louis,2020,21,10973,31,10039,3511,0.5759043007690117,MO,City/Suburb,67892,29.5,R2
178420,University of Missouri-St Louis,2019,23,13026,32,7977,2452,0.7300163132137031,MO,City/Suburb,68482,29.5,R2
101693,University of Mobile,2023,30,1688,56,20503,1735,0.72507204610951,AL,Town/Rural,52181,25.5,M
101693,University of Mobile,2022,28,1584,50,22260,1690,0.840828402366864,AL,Town/Rural,53739,25.5,M
101693,University of Mobile,2021,29,1654,47,21638,1774,0.640924464487035,AL,Town/Rural,54466,25.5,M
101693,University of Mobile,2020,30,1750,38,22197,2037,0.6656848306332842,AL,Town/Rural,52925,25.5,M
101693,University of Mobile,2019,35,1769,27,21847,2696,0.45660237388724034,AL,Town/Rural,55331,25.5,M
101709,University of Montevallo,2023,39,2545,40,17280,6210,0.5389694041867955,AL,Town/Rural,52181,25.5,M
101709,University of Montevallo,2022,42,2172,34,17421,6426,0.5983504512916278,AL,Town/Rural,53739,25.5,M
101709,University of Montevallo,2021,39,2215,33,17207,4045,0.9008652657601978,AL,Town/Rural,54466,25.5,M
101709,University of Montevallo,2020,39,2228,33,18702,4954,0.6051675413807025,AL,Town/Rural,52925,25.5,M
101709,University of Montevallo,2019,40,2236,31,16027,5553,0.5319647037637313,AL,Town/Rural,55331,25.5,M
199069,University of Mount Olive,2023,47,1937,48,17893,1748,0.7774599542334096,NC,Town/Rural,108252,31.9,M
199069,University of Mount Olive,2022,43,2019,47,17878,1838,0.7459194776931447,NC,Town/Rural,114167,31.9,M
199069,University of Mount Olive,2021,44,2085,46,16736,1676,0.8257756563245824,NC,Town/Rural,116514,31.9,M
199069,University of Mount Olive,2020,47,2350,45,14805,2237,0.6191327670987931,NC,Town/Rural,116615,31.9,M
199069,University of Mount Olive,2019,51,2612,46,16670,2158,0.5848007414272475,NC,Town/Rural,114284,31.9,M
193399,University of Mount Saint Vincent,2023,43,2398,60,21844,3775,0.8463576158940397,NY,City/Suburb,211853,37.2,Baccalaureate
193399,University of Mount Saint Vincent,2022,45,2259,60,17084,3465,0.8888888888888888,NY,City/Suburb,213993,37.2,Baccalaureate
193399,University of Mount Saint Vincent,2021,47,2281,67,20317,2750,0.8210909090909091,NY,City/Suburb,217586,37.2,Baccalaureate
193399,University of Mount Saint Vincent,2020,50,2277,74,20778,2963,0.9267634154573068,NY,City/Suburb,209688,37.2,Baccalaureate
193399,University of Mount Saint Vincent,2019,51,1867,78,18068,2746,0.9217042971595047,NY,City/Suburb,212104,37.2,Baccalaureate
204185,University of Mount Union,2023,29,1927,20,22835,3322,0.8010234798314269,OH,Town/Rural,133760,29,M
204185,University of Mount Union,2022,29,1891,23,23259,3521,0.757455268389662,OH,Town/Rural,133872,29,M
204185,University of Mount Union,2021,32,1891,22,23750,3514,0.7973819009675583,OH,Town/Rural,136945,29,M
204185,University of Mount Union,2020,31,1958,22,24166,3422,0.7741087083576855,OH,Town/Rural,135941,29,M
204185,University of Mount Union,2019,30,2035,21,23583,3145,0.7659777424483307,OH,Town/Rural,135868,29,M
181215,University of Nebraska at Kearney,2023,34,4224,27,16249,7253,0.8578519233420654,NE,Town/Rural,24387,32.4,M
181215,University of Nebraska at Kearney,2022,35,4269,27,16564,6794,0.8598763614954371,NE,Town/Rural,23856,32.4,M
181215,University of Nebraska at Kearney,2021,35,4427,26,16433,6076,0.9032258064516129,NE,Town/Rural,23769,32.4,M
181215,University of Nebraska at Kearney,2020,36,4385,24,16570,5359,0.8841201716738197,NE,Town/Rural,23830,32.4,M
181215,University of Nebraska at Kearney,2019,37,4429,25,15890,5324,0.8518031555221638,NE,Town/Rural,23314,32.4,M
181394,University of Nebraska at Omaha,2023,33,11859,40,13284,9889,0.8690464152088179,NE,City/Suburb,24387,32.4,R2
181394,University of Nebraska at Omaha,2022,31,12026,39,12973,9506,0.8586156111929307,NE,City/Suburb,23856,32.4,R2
181394,University of Nebraska at Omaha,2021,34,12197,38,12790,8821,0.8724634395193289,NE,City/Suburb,23769,32.4,R2
181394,University of Nebraska at Omaha,2020,34,12768,38,13314,8864,0.8228790613718412,NE,City/Suburb,23830,32.4,R2
181394,University of Nebraska at Omaha,2019,35,12245,36,12899,8565,0.834559252772913,NE,City/Suburb,23314,32.4,R2
181464,University of Nebraska-Lincoln,2023,22,19338,24,18029,18354,0.7707311757655007,NE,City/Suburb,24387,32.4,R1
181464,University of Nebraska-Lincoln,2022,22,19189,24,16805,19102,0.7864098000209402,NE,City/Suburb,23856,32.4,R1
181464,University of Nebraska-Lincoln,2021,22,19552,24,18403,17775,0.8107454289732771,NE,City/Suburb,23769,32.4,R1
181464,University of Nebraska-Lincoln,2020,22,20286,25,17341,17495,0.7774221206058874,NE,City/Suburb,23830,32.4,R1
181464,University of Nebraska-Lincoln,2019,23,20478,25,17093,16829,0.782280587081823,NE,City/Suburb,23314,32.4,R1
182281,University of Nevada-Las Vegas,2023,40,25794,77,11388,12232,0.9625572269457161,NV,City/Suburb,31588,24.9,R1
182281,University of Nevada-Las Vegas,2022,40,25365,76,13159,13275,0.8531073446327684,NV,City/Suburb,32270,24.9,R1
182281,University of Nevada-Las Vegas,2021,37,25312,74,13030,13025,0.8347792706333973,NV,City/Suburb,32747,24.9,R1
182281,University of Nevada-Las Vegas,2020,37,25864,72,11834,13256,0.8101991550995775,NV,City/Suburb,32765,24.9,R1
182281,University of Nevada-Las Vegas,2019,37,25827,71,12403,12720,0.8069182389937107,NV,City/Suburb,32173,24.9,R1
182290,University of Nevada-Reno,2023,24,17965,51,16801,10142,0.8530861762965884,NV,City/Suburb,31588,24.9,R1
182290,University of Nevada-Reno,2022,26,16973,49,16670,9398,0.8562460097893169,NV,City/Suburb,32270,24.9,R1
182290,University of Nevada-Reno,2021,26,17025,48,16398,9421,0.8816473835049358,NV,City/Suburb,32747,24.9,R1
182290,University of Nevada-Reno,2020,26,16845,46,16359,9644,0.8729780174201576,NV,City/Suburb,32765,24.9,R1
182290,University of Nevada-Reno,2019,26,17297,45,16253,9064,0.882171226831421,NV,City/Suburb,32173,24.9,R1
161457,University of New England,2023,12,3863,25,38675,5091,0.8884305637399332,ME,City/Suburb,14133,31.5,R2
161457,University of New England,2022,12,3718,23,38809,4941,0.9627605747824327,ME,City/Suburb,13869,31.5,R2
161457,University of New England,2021,12,3671,43,36261,4765,0.8998950682056663,ME,City/Suburb,14239,31.5,R2
161457,University of New England,2020,12,4065,32,36474,4843,0.8725996283295478,ME,City/Suburb,14677,31.5,R2
161457,University of New England,2019,13,4275,31,34198,5175,0.8438647342995169,ME,City/Suburb,15274,31.5,R2
183071,University of New Hampshire at Manchester,2023,32,522,37,13097,505,0.8732673267326733,NH,City/Suburb,15434,36.8,Baccalaureate
183071,University of New Hampshire at Manchester,2022,38,524,32,18923,360,0.8527777777777777,NH,City/Suburb,15352,36.8,Baccalaureate
183071,University of New Hampshire at Manchester,2021,37,653,29,17602,311,0.8263665594855305,NH,City/Suburb,15187,36.8,Baccalaureate
183071,University of New Hampshire at Manchester,2020,38,704,29,15634,265,0.8528301886792453,NH,City/Suburb,14958,36.8,Baccalaureate
183071,University of New Hampshire at Manchester,2019,32,723,32,12608,239,0.9079497907949791,NH,City/Suburb,15466,36.8,Baccalaureate
183044,University of New Hampshire-Main Campus,2023,18,11376,15,24762,20887,0.8686742950160387,NH,Town/Rural,15434,36.8,R1
183044,University of New Hampshire-Main Campus,2022,19,11512,15,24507,21016,0.86986105824134,NH,Town/Rural,15352,36.8,R1
183044,University of New Hampshire-Main Campus,2021,20,11528,16,22392,20149,0.8671894386818204,NH,Town/Rural,15187,36.8,R1
183044,University of New Hampshire-Main Campus,2020,21,11787,17,24847,18797,0.8480608607756557,NH,Town/Rural,14958,36.8,R1
183044,University of New Hampshire-Main Campus,2019,21,12238,18,24056,18040,0.84029933481153,NH,Town/Rural,15466,36.8,R1
129941,University of New Haven,2023,27,4865,47,34201,13498,0.8054526596532819,CT,City/Suburb,44962,39.6,M
129941,University of New Haven,2022,28,4817,43,33135,11199,0.9124028931154567,CT,City/Suburb,44540,39.6,M
129941,University of New Haven,2021,28,5023,41,33323,10272,0.9412967289719626,CT,City/Suburb,44901,39.6,M
129941,University of New Haven,2020,28,5097,37,35395,10671,0.9109736669478025,CT,City/Suburb,45222,39.6,M
129941,University of New Haven,2019,27,4912,36,34353,10997,0.8298626898244976,CT,City/Suburb,45216,39.6,M
187985,University of New Mexico-Main Campus,2023,36,16905,72,7528,12907,0.9545208026652204,NM,City/Suburb,20718,27.7,R1
187985,University of New Mexico-Main Campus,2022,36,15910,72,10633,12639,0.9606772687712636,NM,City/Suburb,20683,27.7,R1
187985,University of New Mexico-Main Campus,2021,38,15793,70,11396,11346,0.9726775956284153,NM,City/Suburb,20434,27.7,R1
187985,University of New Mexico-Main Campus,2020,36,16209,70,12200,10436,0.963395937140667,NM,City/Suburb,20968,27.7,R1
187985,University of New Mexico-Main Campus,2019,36,17330,69,11368,9328,0.9427530017152659,NM,City/Suburb,21861,27.7,R1
159939,University of New Orleans,2023,40,5476,57,11190,7253,0.6677237005377086,LA,City/Suburb,49729,24.3,R2
159939,University of New Orleans,2022,39,5804,56,11508,7296,0.6976425438596491,LA,City/Suburb,49777,24.3,R2
159939,University of New Orleans,2021,39,6508,53,11341,5633,0.8057873246937689,LA,City/Suburb,52461,24.3,R2
159939,University of New Orleans,2020,39,6895,53,11256,5382,0.8290598290598291,LA,City/Suburb,53334,24.3,R2
159939,University of New Orleans,2019,39,6713,51,10780,5882,0.555423325399524,LA,City/Suburb,52809,24.3,R2
101879,University of North Alabama,2023,24,7451,29,10441,4398,0.964756707594361,AL,City/Suburb,52181,25.5,M
101879,University of North Alabama,2022,29,7214,28,9837,4009,0.9568470940384136,AL,City/Suburb,53739,25.5,M
101879,University of North Alabama,2021,34,6084,27,12379,3410,0.8997067448680351,AL,City/Suburb,54466,25.5,M
101879,University of North Alabama,2020,35,5946,27,13279,2739,0.8265790434465133,AL,City/Suburb,52925,25.5,M
101879,University of North Alabama,2019,38,6050,27,14033,2691,0.8877740616871052,AL,City/Suburb,55331,25.5,M
199111,University of North Carolina Asheville,2023,31,2907,26,14175,5465,0.9388838060384264,NC,City/Suburb,108252,31.9,Baccalaureate
199111,University of North Carolina Asheville,2022,34,2914,25,14730,4278,0.7431042543244507,NC,City/Suburb,114167,31.9,Baccalaureate
199111,University of North Carolina Asheville,2021,36,3233,26,13838,4550,0.8162637362637363,NC,City/Suburb,116514,31.9,Baccalaureate
199111,University of North Carolina Asheville,2020,35,3358,27,13854,3115,0.7942215088282504,NC,City/Suburb,116615,31.9,Baccalaureate
199111,University of North Carolina Asheville,2019,36,3587,26,13388,3750,0.84,NC,City/Suburb,114284,31.9,Baccalaureate
199120,University of North Carolina at Chapel Hill,2023,20,20681,46,11140,57902,0.18738558253600912,NC,City/Suburb,108252,31.9,R1
199120,University of North Carolina at Chapel Hill,2022,21,20029,45,10614,56341,0.17108322535986226,NC,City/Suburb,114167,31.9,R1
199120,University of North Carolina at Chapel Hill,2021,23,19845,44,11508,50729,0.20398588578525104,NC,City/Suburb,116514,31.9,R1
199120,University of North Carolina at Chapel Hill,2020,23,19395,43,10038,41773,0.2500418930888373,NC,City/Suburb,116615,31.9,R1
199120,University of North Carolina at Chapel Hill,2019,23,19154,41,10085,42465,0.22630401507123513,NC,City/Suburb,114284,31.9,R1
199139,University of North Carolina at Charlotte,2023,34,23981,52,13768,22699,0.8021498744438081,NC,City/Suburb,108252,31.9,R2
199139,University of North Carolina at Charlotte,2022,35,23461,49,13951,21355,0.7963942870522126,NC,City/Suburb,114167,31.9,R2
199139,University of North Carolina at Charlotte,2021,35,24116,48,15682,20366,0.79446135716390065,NC,City/Suburb,116514,31.9,R2
199139,University of North Carolina at Charlotte,2020,36,24175,46,16029,19949,0.7953280866208833,NC,City/Suburb,116615,31.9,R2
199139,University of North Carolina at Charlotte,2019,37,24070,44,15200,21868,0.6504938723248582,NC,City/Suburb,114284,31.9,R2
199148,University of North Carolina at Greensboro,2023,47,14156,62,10592,12379,0.8982955004443008,NC,City/Suburb,108252,31.9,R2
199148,University of North Carolina at Greensboro,2022,48,14198,60,10979,11515,0.9194094659140252,NC,City/Suburb,114167,31.9,R2
199148,University of North Carolina at Greensboro,2021,48,15178,59,9950,10696,0.9083769633507853,NC,City/Suburb,116514,31.9,R2
199148,University of North Carolina at Greensboro,2020,48,15995,57,9853,9870,0.8753799392097265,NC,City/Suburb,116615,31.9,R2
199148,University of North Carolina at Greensboro,2019,49,16581,55,11108,9974,0.8246440745939443,NC,City/Suburb,114284,31.9,R2
199281,University of North Carolina at Pembroke,2023,48,5485,65,9687,7635,0.9236411263916176,NC,Town/Rural,108252,31.9,M
199281,University of North Carolina at Pembroke,2022,48,5643,63,8208,3420,0.8973684210526316,NC,Town/Rural,114167,31.9,M
199281,University of North Carolina at Pembroke,2021,49,6317,62,11022,5578,0.9184295446396558,NC,Town/Rural,116514,31.9,M
199281,University of North Carolina at Pembroke,2020,53,6436,63,10069,5021,0.9137621987651863,NC,Town/Rural,116615,31.9,M
199281,University of North Carolina at Pembroke,2019,54,6353,63,9888,5601,0.8493126227459382,NC,Town/Rural,114284,31.9,M
199184,University of North Carolina School of the Arts,2023,25,902,40,11163,1423,0.3309908643710471,NC,City/Suburb,108252,31.9,Special or Tribal
199184,University of North Carolina School of the Arts,2022,25,920,38,11251,1139,0.31782265144863914,NC,City/Suburb,114167,31.9,Special or Tribal
199184,University of North Carolina School of the Arts,2021,26,938,36,12097,1321,0.2975018925056775,NC,City/Suburb,116514,31.9,Special or Tribal
199184,University of North Carolina School of the Arts,2020,28,920,33,11940,1197,0.3634085213032581,NC,City/Suburb,116615,31.9,Special or Tribal
199184,University of North Carolina School of the Arts,2019,29,929,30,12579,1536,0.2890625,NC,City/Suburb,114284,31.9,Special or Tribal
199218,University of North Carolina Wilmington,2023,24,14494,22,18606,17370,0.7401266551525619,NC,City/Suburb,108252,31.9,R2
199218,University of North Carolina Wilmington,2022,25,14294,22,18709,16860,0.6883155397390273,NC,City/Suburb,114167,31.9,R2
199218,University of North Carolina Wilmington,2021,26,14488,23,18792,15792,0.6798378926038501,NC,City/Suburb,116514,31.9,R2
199218,University of North Carolina Wilmington,2020,27,14650,22,17946,13633,0.6796743196655175,NC,City/Suburb,116615,31.9,R2
199218,University of North Carolina Wilmington,2019,27,14785,22,17981,13287,0.654549559720027,NC,City/Suburb,114284,31.9,R2
200280,University of North Dakota,2023,16,10216,23,18227,7437,0.7708753529649052,ND,City/Suburb,7668,29.7,R2
200280,University of North Dakota,2022,17,9928,23,17359,6597,0.8328027891465818,ND,City/Suburb,7623,29.7,R2
200280,University of North Dakota,2021,17,9718,23,17425,5962,0.8903052666890305,ND,City/Suburb,7291,29.7,R2
200280,University of North Dakota,2020,18,9796,23,16780,5662,0.8675379724478983,ND,City/Suburb,7385,29.7,R2
200280,University of North Dakota,2019,18,10163,23,15654,4964,0.8112409347300564,ND,City/Suburb,7006,29.7,R2
136172,University of North Florida,2023,31,14264,43,10628,21568,0.6226817507418397,FL,City/Suburb,214692,30.4,R2
136172,University of North Florida,2022,30,14171,42,11338,19744,0.7050243111831442,FL,City/Suburb,217330,30.4,R2
136172,University of North Florida,2021,29,14167,40,7746,16004,0.7748687828042989,FL,City/Suburb,223891,30.4,R2
136172,University of North Florida,2020,30,14550,38,9789,16551,0.799226632831853,FL,City/Suburb,215797,30.4,R2
136172,University of North Florida,2019,30,14734,37,9857,16305,0.7228457528365532,FL,City/Suburb,213187,30.4,R2
482680,University of North Georgia,2023,28,17242,30,11687,11633,0.7215679532364824,GA,Town/Rural,126146,31.9,M
482680,University of North Georgia,2022,28,17240,29,11721,11920,0.6963087248322147,GA,Town/Rural,122695,31.9,M
482680,University of North Georgia,2021,28,18143,29,11685,10380,0.8115606936416185,GA,Town/Rural,124712,31.9,M
482680,University of North Georgia,2020,30,19019,28,11322,11149,0.8145125123329446,GA,Town/Rural,126126,31.9,M
482680,University of North Georgia,2019,31,19036,27,10730,10753,0.8148423695712824,GA,Town/Rural,121897,31.9,M
227216,University of North Texas,2023,36,33858,64,14675,36807,0.72461759991306,TX,City/Suburb,385604,30.3,R1
227216,University of North Texas,2022,35,33023,62,15283,32016,0.79132308845577215,TX,City/Suburb,375741,30.3,R1
227216,University of North Texas,2021,35,32590,60,14040,24858,0.8142247968460857,TX,City/Suburb,377064,30.3,R1
227216,University of North Texas,2020,36,32814,59,13781,21514,0.8397787487217626,TX,City/Suburb,372402,30.3,R1
227216,University of North Texas,2019,37,32159,58,14020,21724,0.7361443564721046,TX,City/Suburb,364979,30.3,R1
484905,University of North Texas at Dallas,2023,51,3018,91,9109,3939,0.9385630870779386,TX,City/Suburb,385604,30.3,M
484905,University of North Texas at Dallas,2022,50,3001,91,10351,2474,0.9361358124494745,TX,City/Suburb,375741,30.3,M
484905,University of North Texas at Dallas,2021,47,3368,90,6575,2618,0.8991596638655462,TX,City/Suburb,377064,30.3,M
484905,University of North Texas at Dallas,2020,58,3387,90,8491,2324,0.9298623063683304,TX,City/Suburb,372402,30.3,M
484905,University of North Texas at Dallas,2019,56,3419,88,9062,4718,0.4682068673166596,TX,City/Suburb,364979,30.3,M
127741,University of Northern Colorado,2023,26,6616,42,19115,10274,0.8643176951528129,CO,City/Suburb,63277,41.7,R0
127741,University of Northern Colorado,2022,27,6728,40,18310,10107,0.7853962600178095,CO,City/Suburb,64869,41.7,R0
127741,University of Northern Colorado,2021,26,7357,38,17128,10152,0.9113475177304965,CO,City/Suburb,63204,41.7,R0
127741,University of Northern Colorado,2020,27,8494,36,16510,9149,0.8770357416111051,CO,City/Suburb,61237,41.7,R0
127741,University of Northern Colorado,2019,29,9810,37,15965,9275,0.9083557951482479,CO,City/Suburb,60962,41.7,R0
154095,University of Northern Iowa,2023,24,7734,17,15931,4913,0.9440260533279056,IA,City/Suburb,36870,29,M
154095,University of Northern Iowa,2022,26,7735,16,15782,4594,0.9494993469743144,IA,City/Suburb,36521,29,M
154095,University of Northern Iowa,2021,26,7967,16,15231,4772,0.8579212070410729,IA,City/Suburb,37097,29,M
154095,University of Northern Iowa,2020,26,8289,17,16166,5085,0.7887905604719764,IA,City/Suburb,36359,29,M
154095,University of Northern Iowa,2019,26,8953,17,15760,4701,0.7904701127419698,IA,City/Suburb,36735,29,M
174491,University of Northwestern-St Paul,2023,15,3173,19,26779,1194,0.9187604690117253,MN,City/Suburb,67002,36.7,M
174491,University of Northwestern-St Paul,2022,15,3161,19,25704,1349,0.9251297257227576,MN,City/Suburb,64579,36.7,M
174491,University of Northwestern-St Paul,2021,16,3289,19,22965,1415,0.823321554770318,MN,City/Suburb,65199,36.7,M
174491,University of Northwestern-St Paul,2020,17,3363,18,23967,1080,0.9222222222222223,MN,City/Suburb,66285,36.7,M
174491,University of Northwestern-St Paul,2019,19,3376,17,23085,1243,0.917940466613033,MN,City/Suburb,65499,36.7,M
152080,University of Notre Dame,2023,12,8968,39,29083,28353,0.12379642365887207,IN,City/Suburb,76628,27.1,R1
152080,University of Notre Dame,2022,12,8971,37,28474,26509,0.12905051114715757,IN,City/Suburb,74897,27.1,R1
152080,University of Notre Dame,2021,10,8973,34,30513,23642,0.15066407241350138,IN,City/Suburb,78348,27.1,R1
152080,University of Notre Dame,2020,10,8874,32,29981,21253,0.18985554980473346,IN,City/Suburb,78809,27.1,R1
152080,University of Notre Dame,2019,11,8732,33,30536,22200,0.15833333333333333,IN,City/Suburb,76144,27.1,R1
207500,University of Oklahoma-Norman Campus,2023,24,22025,44,19900,22337,0.7654116488337736,OK,City/Suburb,47211,25.6,R1
207500,University of Oklahoma-Norman Campus,2022,24,21282,43,22601,21548,0.7291627993317246,OK,City/Suburb,46032,25.6,R1
207500,University of Oklahoma-Norman Campus,2021,23,21152,41,22022,17318,0.8522924125187666,OK,City/Suburb,46211,25.6,R1
207500,University of Oklahoma-Norman Campus,2020,23,21383,40,21836,15451,0.8337971652320239,OK,City/Suburb,45702,25.6,R1
207500,University of Oklahoma-Norman Campus,2019,23,21768,40,21804,15673,0.8041217380208001,OK,City/Suburb,43828,25.6,R1
209551,University of Oregon,2023,22,19963,38,23917,39400,0.8510659898477158,OR,City/Suburb,41163,34,R1
209551,University of Oregon,2022,23,19565,38,22077,37154,0.8629218926629704,OR,City/Suburb,41057,34,R1
209551,University of Oregon,2021,25,18602,39,18556,31558,0.9342480512073008,OR,City/Suburb,42778,34,R1
209551,University of Oregon,2020,25,18045,40,17646,28525,0.8380718667835232,OR,City/Suburb,42173,34,R1
209551,University of Oregon,2019,26,18888,41,16080,27209,0.8179646440516005,OR,City/Suburb,41717,34,R1
215062,University of Pennsylvania,2023,16,11611,70,26017,59465,0.05867316909106197,PA,City/Suburb,142275,31.8,R1
215062,University of Pennsylvania,2022,15,11250,68,26123,54588,0.06501428885469333,PA,City/Suburb,139193,31.8,R1
215062,University of Pennsylvania,2021,14,11292,65,14578,56332,0.05865227579350991,PA,City/Suburb,142186,31.8,R1
215062,University of Pennsylvania,2020,13,11155,62,24167,42205,0.08977609287999053,PA,City/Suburb,143645,31.8,R1
215062,University of Pennsylvania,2019,13,11872,61,24771,44961,0.07664420275349748,PA,City/Suburb,143842,31.8,R1
215266,University of Pittsburgh-Bradford,2023,46,1003,34,17015,4985,0.9081243731193581,PA,Town/Rural,142275,31.8,Baccalaureate
215266,University of Pittsburgh-Bradford,2022,46,1074,34,16505,5071,0.9355156773811871,PA,Town/Rural,139193,31.8,Baccalaureate
215266,University of Pittsburgh-Bradford,2021,46,1164,33,16597,1243,0.7329042638777152,PA,Town/Rural,142186,31.8,Baccalaureate
215266,University of Pittsburgh-Bradford,2020,46,1305,34,15519,3835,0.7919165580182529,PA,Town/Rural,143645,31.8,Baccalaureate
215266,University of Pittsburgh-Bradford,2019,42,1326,33,18355,4521,0.7288210572882106,PA,Town/Rural,143842,31.8,Baccalaureate
215275,University of Pittsburgh-Greensburg,2023,38,1326,25,17196,2936,0.9792234332425068,PA,City/Suburb,142275,31.8,Baccalaureate
215275,University of Pittsburgh-Greensburg,2022,37,1328,24,18194,3003,0.9760239760239761,PA,City/Suburb,139193,31.8,Baccalaureate
215275,University of Pittsburgh-Greensburg,2021,37,1320,21,17644,733,0.9085948158253752,PA,City/Suburb,142186,31.8,Baccalaureate
215275,University of Pittsburgh-Greensburg,2020,36,1408,22,15211,2154,0.9001857010213556,PA,City/Suburb,143645,31.8,Baccalaureate
215275,University of Pittsburgh-Greensburg,2019,37,1454,23,17013,2127,0.8382698636577339,PA,City/Suburb,143842,31.8,Baccalaureate
215284,University of Pittsburgh-Johnstown,2023,29,1940,27,17909,3246,0.959026494146642,PA,City/Suburb,142275,31.8,Baccalaureate
215284,University of Pittsburgh-Johnstown,2022,29,2043,25,17545,3470,0.9740634005763689,PA,City/Suburb,139193,31.8,Baccalaureate
215284,University of Pittsburgh-Johnstown,2021,30,2121,21,17627,1452,0.9194214876033058,PA,City/Suburb,142186,31.8,Baccalaureate
215284,University of Pittsburgh-Johnstown,2020,31,2356,19,17574,2750,0.8661818181818182,PA,City/Suburb,143645,31.8,Baccalaureate
215284,University of Pittsburgh-Johnstown,2019,32,2465,19,18836,2968,0.785377358490566,PA,City/Suburb,143842,31.8,Baccalaureate
215293,University of Pittsburgh-Pittsburgh Campus,2023,14,25171,36,24338,58416,0.4970213640098603,PA,City/Suburb,142275,31.8,R1
215293,University of Pittsburgh-Pittsburgh Campus,2022,14,24420,35,24286,53072,0.4913890563762436,PA,City/Suburb,139193,31.8,R1
215293,University of Pittsburgh-Pittsburgh Campus,2021,13,23885,33,22996,34656,0.6668109418282548,PA,City/Suburb,142186,31.8,R1
215293,University of Pittsburgh-Pittsburgh Campus,2020,13,23157,31,22346,32549,0.6387600233494116,PA,City/Suburb,143645,31.8,R1
215293,University of Pittsburgh-Pittsburgh Campus,2019,15,23385,30,22600,32091,0.5665139758810882,PA,City/Suburb,143842,31.8,R1
209825,University of Portland,2023,19,3136,58,34951,9041,0.9538767835416436,OR,City/Suburb,41163,34,M
209825,University of Portland,2022,17,3390,55,33717,10122,0.9251136139102945,OR,City/Suburb,41057,34,M
209825,University of Portland,2021,15,3589,52,35535,12044,0.8118565260710727,OR,City/Suburb,42778,34,M
209825,University of Portland,2020,15,3559,49,37317,12562,0.7721700366183729,OR,City/Suburb,42173,34,M
209825,University of Portland,2019,16,3798,47,36051,11641,0.7665149042178507,OR,City/Suburb,41717,34,M
180258,University of Providence,2023,31,562,25,21175,324,0.6419753086419753,MT,City/Suburb,9999,31.7,M
180258,University of Providence,2022,30,593,27,22318,199,0.9547738693467337,MT,City/Suburb,9694,31.7,M
180258,University of Providence,2021,25,665,28,22801,199,1,MT,City/Suburb,9661,31.7,M
180258,University of Providence,2020,29,790,25,25023,272,0.9852941176470589,MT,City/Suburb,9686,31.7,M
180258,University of Providence,2019,26,785,25,22288,386,0.5544041450777202,MT,City/Suburb,9627,31.7,M
236328,University of Puget Sound,2023,17,1632,33,42301,5548,0.7627974044700793,WA,City/Suburb,78990,36.7,Baccalaureate
236328,University of Puget Sound,2022,18,1712,34,41363,5345,0.8265668849391955,WA,City/Suburb,78071,36.7,Baccalaureate
236328,University of Puget Sound,2021,18,1866,35,28221,5025,0.8829850746268657,WA,City/Suburb,79537,36.7,Baccalaureate
236328,University of Puget Sound,2020,18,1898,34,38127,5202,0.8685121107266436,WA,City/Suburb,79042,36.7,Baccalaureate
236328,University of Puget Sound,2019,16,2299,32,39011,5182,0.8380934002315709,WA,City/Suburb,78061,36.7,Baccalaureate
121691,University of Redlands,2023,35,2100,63,28054,3622,0.8092214246272778,CA,City/Suburb,492544,34.2,M
121691,University of Redlands,2022,33,2313,62,28157,3872,0.818698347107438,CA,City/Suburb,473448,34.2,M
121691,University of Redlands,2021,35,2644,62,21578,3746,0.8296849973304858,CA,City/Suburb,467260,34.2,M
121691,University of Redlands,2020,31,2842,62,30240,4900,0.686530612244898,CA,City/Suburb,477479,34.2,M
121691,University of Redlands,2019,32,3141,63,31180,4621,0.7641203202769963,CA,City/Suburb,478819,34.2,M
217484,University of Rhode Island,2023,21,14670,28,20964,25391,0.7706667716907566,RI,City/Suburb,11503,34.4,R2
217484,University of Rhode Island,2022,22,14768,27,20695,25481,0.7639025155998587,RI,City/Suburb,11411,34.4,R2
217484,University of Rhode Island,2021,22,14744,27,20496,25105,0.7646285600477992,RI,City/Suburb,11480,34.4,R2
217484,University of Rhode Island,2020,19,14904,28,15386,23856,0.7550720992622401,RI,City/Suburb,11395,34.4,R2
217484,University of Rhode Island,2019,24,14548,28,19652,22113,0.7477049699271922,RI,City/Suburb,10892,34.4,R2
233374,University of Richmond,2023,18,3054,40,35263,15121,0.2331195026783943,VA,City/Suburb,99497,39.3,Baccalaureate
233374,University of Richmond,2022,18,3145,41,29248,14364,0.243734335839599,VA,City/Suburb,98780,39.3,Baccalaureate
233374,University of Richmond,2021,18,3166,42,28881,13955,0.28771049802938015,VA,City/Suburb,100147,39.3,Baccalaureate
233374,University of Richmond,2020,19,3323,40,25700,12060,0.30903814262023216,VA,City/Suburb,98970,39.3,Baccalaureate
233374,University of Richmond,2019,18,3202,43,25282,12356,0.28326319197151184,VA,City/Suburb,95710,39.3,Baccalaureate
195030,University of Rochester,2023,16,6764,61,40900,21680,0.35853321033210334,NY,City/Suburb,211853,37.2,R1
195030,University of Rochester,2022,16,6767,60,39775,19966,0.3890614043874587,NY,City/Suburb,213993,37.2,R1
195030,University of Rochester,2021,17,6568,57,40125,19543,0.4054648723328046,NY,City/Suburb,217586,37.2,R1
195030,University of Rochester,2020,16,6521,57,36254,19607,0.35431223542612333,NY,City/Suburb,209688,37.2,R1
195030,University of Rochester,2019,18,6780,58,32939,21642,0.29710747620367806,NY,City/Suburb,212104,37.2,R1
152336,University of Saint Francis-Fort Wayne,2023,43,1601,41,20897,1560,0.9756410256410256,IN,City/Suburb,76628,27.1,M
152336,University of Saint Francis-Fort Wayne,2022,44,1576,31,18162,1391,0.9805895039539899,IN,City/Suburb,74897,27.1,M
152336,University of Saint Francis-Fort Wayne,2021,42,1726,33,17513,1323,0.9939531368102796,IN,City/Suburb,78348,27.1,M
152336,University of Saint Francis-Fort Wayne,2020,43,1753,28,18810,1676,0.9904534606205251,IN,City/Suburb,78809,27.1,M
152336,University of Saint Francis-Fort Wayne,2019,42,1745,26,18055,1587,0.9621928166351607,IN,City/Suburb,76144,27.1,M
130314,University of Saint Joseph,2023,36,879,41,27558,1778,0.796400449943757,CT,City/Suburb,44962,39.6,M
130314,University of Saint Joseph,2022,37,831,40,25860,1654,0.7484885126964933,CT,City/Suburb,44540,39.6,M
130314,University of Saint Joseph,2021,38,906,41,26328,1338,0.7825112107623319,CT,City/Suburb,44901,39.6,M
130314,University of Saint Joseph,2020,38,898,40,24176,1579,0.7802406586447118,CT,City/Suburb,45222,39.6,M
130314,University of Saint Joseph,2019,40,904,44,21602,1646,0.7660996354799514,CT,City/Suburb,45216,39.6,M
488785,University of Saint Katherine,2023,35,230,75,32299,160,0.4625,CA,City/Suburb,492544,34.2,Baccalaureate
488785,University of Saint Katherine,2022,35,205,76,28604,90,0.6555555555555556,CA,City/Suburb,473448,34.2,Baccalaureate
488785,University of Saint Katherine,2021,42,245,71,26616,79,0.7848101265822784,CA,City/Suburb,467260,34.2,Baccalaureate
488785,University of Saint Katherine,2020,48,238,71,24661,58,0.6379310344827587,CA,City/Suburb,477479,34.2,Baccalaureate
488785,University of Saint Katherine,2019,55,235,68,26931,81,0.9629629629629629,CA,City/Suburb,478819,34.2,Baccalaureate
155812,University of Saint Mary,2023,37,1015,50,23611,1201,0.8984179850124896,KS,Town/Rural,36832,33.8,M
155812,University of Saint Mary,2022,37,903,46,21887,1489,0.8193418401611821,KS,Town/Rural,36624,33.8,M
155812,University of Saint Mary,2021,39,858,49,23801,1805,0.8094182825484765,KS,Town/Rural,36149,33.8,M
155812,University of Saint Mary,2020,42,810,53,22530,1375,0.5956363636363636,KS,Town/Rural,35923,33.8,M
155812,University of Saint Mary,2019,46,782,55,21019,699,0.8397711015736766,KS,Town/Rural,35979,33.8,M
122436,University of San Diego,2023,19,5726,55,37675,15953,0.46749827618629725,CA,City/Suburb,492544,34.2,R2
122436,University of San Diego,2022,18,5669,54,36008,14334,0.5260918096832705,CA,City/Suburb,473448,34.2,R2
122436,University of San Diego,2021,18,5702,52,34155,14326,0.5270138210247103,CA,City/Suburb,467260,34.2,R2
122436,University of San Diego,2020,17,5529,51,37547,13171,0.586971376508997,CA,City/Suburb,477479,34.2,R2
122436,University of San Diego,2019,16,5919,50,35936,13755,0.48687749909123956,CA,City/Suburb,478819,34.2,R2
122612,University of San Francisco,2023,27,5729,77,44104,25709,0.5076821346610136,CA,City/Suburb,492544,34.2,R0
122612,University of San Francisco,2022,28,6018,76,42953,23103,0.7117690343245466,CA,City/Suburb,473448,34.2,R0
122612,University of San Francisco,2021,29,5969,76,39825,22372,0.7092347577328804,CA,City/Suburb,467260,34.2,R0
122612,University of San Francisco,2020,28,5852,76,42801,21477,0.7030311496018997,CA,City/Suburb,477479,34.2,R0
122612,University of San Francisco,2019,28,6577,75,38422,21867,0.6441670096492431,CA,City/Suburb,478819,34.2,R0
207722,University of Science and Arts of Oklahoma,2023,47,914,37,8685,1465,0.557679180887372,OK,Town/Rural,47211,25.6,Baccalaureate
207722,University of Science and Arts of Oklahoma,2022,44,825,40,8390,1071,0.5630252100840336,OK,Town/Rural,46032,25.6,Baccalaureate
207722,University of Science and Arts of Oklahoma,2021,47,849,45,9573,1078,0.634508348794063,OK,Town/Rural,46211,25.6,Baccalaureate
207722,University of Science and Arts of Oklahoma,2020,46,733,45,8000,1021,0.3574926542605289,OK,Town/Rural,45702,25.6,Baccalaureate
207722,University of Science and Arts of Oklahoma,2019,48,800,46,8798,470,0.6446808510638298,OK,Town/Rural,43828,25.6,Baccalaureate
215929,University of Scranton,2023,22,3666,26,32100,9530,0.8435466946484785,PA,City/Suburb,142275,31.8,M
215929,University of Scranton,2022,20,3593,26,35526,9530,0.8435466946484785,PA,City/Suburb,139193,31.8,M
215929,University of Scranton,2021,19,3487,24,35913,9111,0.8028756448249369,PA,City/Suburb,142186,31.8,M
215929,University of Scranton,2020,19,3658,24,36093,9291,0.787321063394683,PA,City/Suburb,143645,31.8,M
215929,University of Scranton,2019,20,3792,24,36235,9545,0.7632268203247774,PA,City/Suburb,143842,31.8,M
219383,University of Sioux Falls,2023,29,1276,22,21049,2478,0.8208232445520581,SD,City/Suburb,9564,29.2,M
219383,University of Sioux Falls,2022,28,1325,21,20957,2358,0.7595419847328244,SD,City/Suburb,9036,29.2,M
219383,University of Sioux Falls,2021,26,1337,20,21333,2407,0.7665143331948484,SD,City/Suburb,9008,29.2,M
219383,University of Sioux Falls,2020,27,1354,17,21824,1648,0.9229368932038835,SD,City/Suburb,8951,29.2,M
219383,University of Sioux Falls,2019,31,1390,16,19744,1929,0.9144634525660964,SD,City/Suburb,9241,29.2,M
102094,University of South Alabama,2023,37,8914,39,13613,12593,0.6548876359882474,AL,City/Suburb,52181,25.5,R2
102094,University of South Alabama,2022,39,8480,40,15664,12550,0.6536254980079681,AL,City/Suburb,53739,25.5,R2
102094,University of South Alabama,2021,37,8833,40,14984,11817,0.7077938563087078,AL,City/Suburb,54466,25.5,R2
102094,University of South Alabama,2020,39,9050,40,14822,8084,0.7303315190499753,AL,City/Suburb,52925,25.5,R2
102094,University of South Alabama,2019,40,9601,39,13624,6350,0.7869291338582677,AL,City/Suburb,55331,25.5,R2
218645,University of South Carolina Aiken,2023,37,3109,40,11697,2905,0.7972461273666093,SC,City/Suburb,53335,28.3,M
218645,University of South Carolina Aiken,2022,37,3145,38,11872,2453,0.7562168772931105,SC,City/Suburb,52277,28.3,M
218645,University of South Carolina Aiken,2021,37,3101,39,12514,1808,0.8351769911504425,SC,City/Suburb,52010,28.3,M
218645,University of South Carolina Aiken,2020,39,3284,40,12689,3055,0.5587561374795418,SC,City/Suburb,52680,28.3,M
218645,University of South Carolina Aiken,2019,40,3252,41,15042,2775,0.5574774774774774,SC,City/Suburb,53953,28.3,M
218654,University of South Carolina Beaufort,2023,40,2067,40,15781,2745,0.6918032786885245,SC,Town/Rural,53335,28.3,Baccalaureate
218654,University of South Carolina Beaufort,2022,40,2053,39,16113,2479,0.800322710770472,SC,Town/Rural,52277,28.3,Baccalaureate
218654,University of South Carolina Beaufort,2021,39,2023,38,15896,2193,0.8372093023255814,SC,Town/Rural,52010,28.3,Baccalaureate
218654,University of South Carolina Beaufort,2020,42,1999,38,16748,2096,0.6693702290076335,SC,Town/Rural,52680,28.3,Baccalaureate
218654,University of South Carolina Beaufort,2019,41,2112,39,16807,2167,0.6275957544993078,SC,Town/Rural,53953,28.3,Baccalaureate
218663,University of South Carolina-Columbia,2023,19,28470,27,26068,46682,0.6149265241420676,SC,City/Suburb,53335,28.3,R1
218663,University of South Carolina-Columbia,2022,19,27343,27,22427,42188,0.6405138902057457,SC,City/Suburb,52277,28.3,R1
218663,University of South Carolina-Columbia,2021,20,26864,26,21898,42045,0.6156261148769175,SC,City/Suburb,52010,28.3,R1
218663,University of South Carolina-Columbia,2020,19,27271,26,21784,34957,0.6835254741539606,SC,City/Suburb,52680,28.3,R1
218663,University of South Carolina-Columbia,2019,20,27502,25,21787,31268,0.686452603300499,SC,City/Suburb,53953,28.3,R1
218742,University of South Carolina-Upstate,2023,45,4471,53,13794,3557,0.6960922125386562,SC,City/Suburb,53335,28.3,Baccalaureate
218742,University of South Carolina-Upstate,2022,45,4481,53,13835,3090,0.7857605177993527,SC,City/Suburb,52277,28.3,Baccalaureate
218742,University of South Carolina-Upstate,2021,45,4981,50,14816,2893,0.7569996543380574,SC,City/Suburb,52010,28.3,Baccalaureate
218742,University of South Carolina-Upstate,2020,45,5519,50,15074,4385,0.5954389965792475,SC,City/Suburb,52680,28.3,Baccalaureate
218742,University of South Carolina-Upstate,2019,46,5853,48,15838,4395,0.5813424345847554,SC,City/Suburb,53953,28.3,Baccalaureate
219471,University of South Dakota,2023,18,7095,20,18466,5349,0.9895307534118527,SD,Town/Rural,9564,29.2,R2
219471,University of South Dakota,2022,19,7132,19,18378,4480,0.9946428571428572,SD,Town/Rural,9036,29.2,R2
219471,University of South Dakota,2021,20,6987,18,18974,4272,0.8700842696629213,SD,Town/Rural,9008,29.2,R2
219471,University of South Dakota,2020,23,7103,17,18480,3392,0.9094929245283019,SD,Town/Rural,8951,29.2,R2
219471,University of South Dakota,2019,24,7475,17,17689,4434,0.8637798827244023,SD,Town/Rural,9241,29.2,R2
137351,University of South Florida,2023,30,37269,55,11578,65187,0.4095755288631169,FL,City/Suburb,214692,30.4,R1
137351,University of South Florida,2022,32,38047,55,11004,65568,0.43925390434358225,FL,City/Suburb,217330,30.4,R1
137351,University of South Florida,2021,32,38011,53,11419,50352,0.4937837623133143,FL,City/Suburb,223891,30.4,R1
137351,University of South Florida,2020,34,38582,52,10004,38696,0.4924023154848046,FL,City/Suburb,215797,30.4,R1
137351,University of South Florida,2019,36,32684,54,9787,36986,0.4763423998269615,FL,City/Suburb,213187,30.4,R1
123961,University of Southern California,2023,22,21023,73,41496,80808,0.10016335016335016,CA,City/Suburb,492544,34.2,R1
123961,University of Southern California,2022,22,20699,70,36808,69062,0.12023978454142654,CA,City/Suburb,473448,34.2,R1
123961,University of Southern California,2021,21,20790,68,26021,71031,0.1250721515957821,CA,City/Suburb,467260,34.2,R1
123961,University of Southern California,2020,20,19786,65,39759,59712,0.16107315112540194,CA,City/Suburb,477479,34.2,R1
123961,University of Southern California,2019,21,20351,63,37521,66198,0.11417263361430859,CA,City/Suburb,478819,34.2,R1
151306,University of Southern Indiana,2023,22,7428,17,14066,4392,0.9464936247723132,IN,City/Suburb,76628,27.1,M
151306,University of Southern Indiana,2022,23,7355,16,14443,4277,0.9443535188216039,IN,City/Suburb,74897,27.1,M
151306,University of Southern Indiana,2021,24,7908,15,13719,3867,0.9640548228600982,IN,City/Suburb,78348,27.1,M
151306,University of Southern Indiana,2020,25,8431,15,13958,4158,0.9386724386724387,IN,City/Suburb,78809,27.1,M
151306,University of Southern Indiana,2019,27,9162,15,13360,4614,0.9332466406588643,IN,City/Suburb,76144,27.1,M
161554,University of Southern Maine,2023,26,5520,24,12006,5823,0.7930619955349476,ME,City/Suburb,14133,31.5,M
161554,University of Southern Maine,2022,28,5616,23,12343,5544,0.8542568542568543,ME,City/Suburb,13869,31.5,M
161554,University of Southern Maine,2021,30,5956,23,9793,5397,0.8699277376320178,ME,City/Suburb,14239,31.5,M
161554,University of Southern Maine,2020,31,6098,23,12072,4774,0.8793464599916213,ME,City/Suburb,14677,31.5,M
161554,University of Southern Maine,2019,34,6675,31,12400,4996,0.8090472377902321,ME,City/Suburb,15274,31.5,M
176372,University of Southern Mississippi,2023,47,10012,43,14050,8818,0.9937627579950102,MS,City/Suburb,32572,23.2,R1
176372,University of Southern Mississippi,2022,47,10258,40,14427,9051,0.988399071925754,MS,City/Suburb,32131,23.2,R1
176372,University of Southern Mississippi,2021,46,10693,40,13651,9314,0.9579128194116384,MS,City/Suburb,32865,23.2,R1
176372,University of Southern Mississippi,2020,47,11451,39,14794,9683,0.9633378085304142,MS,City/Suburb,32110,23.2,R1
176372,University of Southern Mississippi,2019,48,11594,39,14485,9217,0.969404361505913,MS,City/Suburb,32601,23.2,R1
148584,University of St Francis,2023,37,1306,51,16455,1888,0.6393008474576272,IL,City/Suburb,148445,35.1,R0
148584,University of St Francis,2022,38,1414,51,18560,2198,0.5841674249317561,IL,City/Suburb,145439,35.1,R0
148584,University of St Francis,2021,39,1572,48,16949,1574,0.6823379923761118,IL,City/Suburb,150490,35.1,R0
148584,University of St Francis,2020,35,1627,44,16761,1917,0.6009389671361502,IL,City/Suburb,149373,35.1,R0
148584,University of St Francis,2019,37,1744,41,17687,2273,0.45622525296964367,IL,City/Suburb,152277,35.1,R0
174914,University of St Thomas,2023,20,6044,34,32637,8813,0.8494269828662203,MN,City/Suburb,67002,36.7,R0
174914,University of St Thomas,2022,18,5906,31,30137,9481,0.7699609745807404,MN,City/Suburb,64579,36.7,R0
174914,University of St Thomas,2021,18,6056,28,30099,8654,0.7552576843078346,MN,City/Suburb,65199,36.7,R0
174914,University of St Thomas,2020,18,6333,26,31799,7128,0.8740179573512907,MN,City/Suburb,66285,36.7,R0
174914,University of St Thomas,2019,18,6355,25,29645,7232,0.8053097345132744,MN,City/Suburb,65499,36.7,R0
227863,University of St Thomas,2023,38,2969,81,20469,1591,0.933375235700817,TX,City/Suburb,385604,30.3,R0
227863,University of St Thomas,2022,36,2646,78,19207,1123,0.9670525378450578,TX,City/Suburb,375741,30.3,R0
227863,University of St Thomas,2021,37,2667,79,20130,1140,0.9842105263157894,TX,City/Suburb,377064,30.3,R0
227863,University of St Thomas,2020,40,2411,80,19940,1074,0.9608938547486033,TX,City/Suburb,372402,30.3,R0
227863,University of St Thomas,2019,40,2124,79,19544,1101,0.8728428701180745,TX,City/Suburb,364979,30.3,R0
215105,University of the Arts,2023,33,1072,49,44510,1367,0.7820043891733723,PA,City/Suburb,142275,31.8,Special or Tribal
215105,University of the Arts,2022,33,1170,51,42467,1086,0.8001841620626151,PA,City/Suburb,139193,31.8,Special or Tribal
215105,University of the Arts,2021,34,1397,49,25932,1293,0.851508120649652,PA,City/Suburb,142186,31.8,Special or Tribal
215105,University of the Arts,2020,33,1380,50,40269,1588,0.7581863979848866,PA,City/Suburb,143645,31.8,Special or Tribal
215105,University of the Arts,2019,32,1699,49,41658,1733,0.7334102712060011,PA,City/Suburb,143842,31.8,Special or Tribal
156541,University of the Cumberlands,2023,48,6091,27,11555,4281,0.7138519037608035,KY,Town/Rural,49328,24.8,R0
156541,University of the Cumberlands,2022,49,5174,59,14337,2314,0.8301642178046672,KY,Town/Rural,49640,24.8,R0
156541,University of the Cumberlands,2021,47,4838,79,13631,2177,0.8502526412494258,KY,Town/Rural,50879,24.8,R0
156541,University of the Cumberlands,2020,45,4511,88,13764,2414,0.8144159072079536,KY,Town/Rural,51547,24.8,R0
156541,University of the Cumberlands,2019,38,3874,87,16340,2510,0.800398406374502,KY,Town/Rural,51210,24.8,R0
225627,University of the Incarnate Word,2023,43,4726,85,21246,11162,0.9336140476617094,TX,City/Suburb,385604,30.3,R0
225627,University of the Incarnate Word,2022,43,4724,84,20832,9625,0.942025974025974,TX,City/Suburb,375741,30.3,R0
225627,University of the Incarnate Word,2021,42,4846,84,21161,8999,0.9422158017557506,TX,City/Suburb,377064,30.3,R0
225627,University of the Incarnate Word,2020,40,5081,82,23041,6883,0.9655673398227517,TX,City/Suburb,372402,30.3,R0
225627,University of the Incarnate Word,2019,40,5368,83,24481,6294,0.9377184620273276,TX,City/Suburb,364979,30.3,R0
107558,University of the Ozarks,2023,36,763,57,16651,1916,0.581419624217119,AR,Town/Rural,33693,23.3,Baccalaureate
107558,University of the Ozarks,2022,36,784,57,16319,2157,0.6008344923504868,AR,Town/Rural,33705,23.3,Baccalaureate
107558,University of the Ozarks,2021,35,784,58,15779,1918,0.5537017726798749,AR,Town/Rural,34604,23.3,Baccalaureate
107558,University of the Ozarks,2020,39,836,58,16009,1712,0.5589953271028038,AR,Town/Rural,34014,23.3,Baccalaureate
107558,University of the Ozarks,2019,42,824,56,14295,1855,0.5018867924528302,AR,Town/Rural,33531,23.3,Baccalaureate
120883,University of the Pacific,2023,34,3297,84,30975,5763,0.9486378622245358,CA,City/Suburb,492544,34.2,R0
120883,University of the Pacific,2022,37,3294,82,28164,5891,0.9322695637413003,CA,City/Suburb,473448,34.2,R0
120883,University of the Pacific,2021,37,3306,79,21311,10901,0.7930465094945418,CA,City/Suburb,467260,34.2,R0
120883,University of the Pacific,2020,37,3524,79,32780,14063,0.7074592903363436,CA,City/Suburb,477479,34.2,R0
120883,University of the Pacific,2019,37,3640,78,33178,13096,0.6560781918142944,CA,City/Suburb,478819,34.2,R0
188182,University of the Southwest,2019,53,331,73,20169,282,0.45390070921985815,NM,Town/Rural,21861,27.7,M
449870,University of the West,2023,42,53,100,11137,7,1,CA,City/Suburb,492544,34.2,Baccalaureate
449870,University of the West,2022,43,62,97,19028,23,0.782608695652174,CA,City/Suburb,473448,34.2,Baccalaureate
206084,University of Toledo,2023,26,11447,34,17927,11184,0.9483190271816881,OH,City/Suburb,133760,29,R2
206084,University of Toledo,2022,27,11965,32,17654,12575,0.9223061630218687,OH,City/Suburb,133872,29,R2
206084,University of Toledo,2021,27,13161,32,17764,9893,0.96522793894673,OH,City/Suburb,136945,29,R2
206084,University of Toledo,2020,29,14406,31,17793,9673,0.9467590199524449,OH,City/Suburb,135941,29,R2
206084,University of Toledo,2019,30,15568,31,17822,10085,0.9640059494298463,OH,City/Suburb,135868,29,R2
207971,University of Tulsa,2023,26,2485,51,23681,6631,0.5798522093198613,OK,City/Suburb,47211,25.6,R2
207971,University of Tulsa,2022,23,2647,51,28087,12042,0.6918285999003487,OK,City/Suburb,46032,25.6,R2
207971,University of Tulsa,2021,21,2728,49,26341,5958,0.75243370258476,OK,City/Suburb,46211,25.6,R2
207971,University of Tulsa,2020,22,2929,47,25333,5815,0.6921754084264833,OK,City/Suburb,45702,25.6,R2
207971,University of Tulsa,2019,20,3268,46,23940,9793,0.35841927907689164,OK,City/Suburb,43828,25.6,R2
230764,University of Utah,2023,20,26827,37,13341,22996,0.8717168203165768,UT,City/Suburb,46946,34.9,R1
230764,University of Utah,2022,21,26355,38,12399,21072,0.8912775246772969,UT,City/Suburb,46085,34.9,R1
230764,University of Utah,2021,22,25826,36,11112,18302,0.9496776308600153,UT,City/Suburb,45251,34.9,R1
230764,University of Utah,2020,24,24643,35,12881,18419,0.7939627558499376,UT,City/Suburb,43182,34.9,R1
230764,University of Utah,2019,26,24485,34,13739,24404,0.6211686608752663,UT,City/Suburb,43372,34.9,R1
216542,University of Valley Forge,2023,51,498,49,27854,403,0.7816377171215881,PA,City/Suburb,142275,31.8,Baccalaureate
216542,University of Valley Forge,2022,50,508,52,25825,370,0.8243243243243243,PA,City/Suburb,139193,31.8,Baccalaureate
216542,University of Valley Forge,2021,48,508,49,23944,416,0.8197115384615384,PA,City/Suburb,142186,31.8,Baccalaureate
216542,University of Valley Forge,2020,47,495,50,21680,522,0.6302681992337165,PA,City/Suburb,143645,31.8,Baccalaureate
216542,University of Valley Forge,2019,48,550,43,21182,394,0.6269035532994924,PA,City/Suburb,143842,31.8,Baccalaureate
231174,University of Vermont,2023,13,12168,17,22062,28236,0.6001912452188696,VT,City/Suburb,5789,38.7,R2
231174,University of Vermont,2022,14,11898,17,21849,30231,0.5978961992656545,VT,City/Suburb,5977,38.7,R2
231174,University of Vermont,2021,15,11626,17,19873,25559,0.6351187448648226,VT,City/Suburb,5988,38.7,R2
231174,University of Vermont,2020,14,11136,18,20235,18569,0.7132317303031935,VT,City/Suburb,6158,38.7,R2
231174,University of Vermont,2019,15,11443,19,19185,19233,0.672957936879322,VT,City/Suburb,6547,38.7,R2
233897,University of Virginia's College at Wise,2023,33,1911,49,10409,1414,0.9391796322489392,VA,Town/Rural,99497,39.3,Baccalaureate
233897,University of Virginia's College at Wise,2022,34,1704,29,9923,835,0.755688622754491,VA,Town/Rural,98780,39.3,Baccalaureate
233897,University of Virginia's College at Wise,2021,26,1814,30,10193,1016,0.8336614173228346,VA,Town/Rural,100147,39.3,Baccalaureate
233897,University of Virginia's College at Wise,2020,38,1905,31,9418,1010,0.8257425742574257,VA,Town/Rural,98970,39.3,Baccalaureate
233897,University of Virginia's College at Wise,2019,33,1978,29,10432,951,0.594111461619348,VA,Town/Rural,95710,39.3,Baccalaureate
234076,University of Virginia-Main Campus,2023,14,17612,50,17831,56528,0.16864208887630908,VA,City/Suburb,99497,39.3,R1
234076,University of Virginia-Main Campus,2022,14,17444,48,19469,50926,0.1866040922122295,VA,City/Suburb,98780,39.3,R1
234076,University of Virginia-Main Campus,2021,14,17294,45,20401,47971,0.20743782702049154,VA,City/Suburb,100147,39.3,R1
234076,University of Virginia-Main Campus,2020,14,17310,44,19043,40879,0.2257883020621835,VA,City/Suburb,98970,39.3,R1
234076,University of Virginia-Main Campus,2019,13,17010,44,17579,40839,0.2394279977472514,VA,City/Suburb,95710,39.3,R1
377555,University of Washington-Bothell Campus,2023,28,5248,72,10013,4776,0.917713567839196,WA,City/Suburb,78990,36.7,M
377555,University of Washington-Bothell Campus,2022,30,5192,71,9357,4537,0.8807582102711042,WA,City/Suburb,78071,36.7,M
377555,University of Washington-Bothell Campus,2021,31,5454,67,7577,4423,0.8302057427085688,WA,City/Suburb,79537,36.7,M
377555,University of Washington-Bothell Campus,2020,32,5659,66,8841,4158,0.8792688792688793,WA,City/Suburb,79042,36.7,M
377555,University of Washington-Bothell Campus,2019,31,5350,65,9469,4242,0.7413955681282414,WA,City/Suburb,78061,36.7,M
236948,University of Washington-Seattle Campus,2023,15,39515,73,11023,62428,0.4253219709104889,WA,City/Suburb,78990,36.7,R1
236948,University of Washington-Seattle Campus,2022,17,36213,70,10603,52488,0.47519433013260176,WA,City/Suburb,78071,36.7,R1
236948,University of Washington-Seattle Campus,2021,20,36201,68,8701,48840,0.5348280098280098,WA,City/Suburb,79537,36.7,R1
236948,University of Washington-Seattle Campus,2020,20,32244,65,9661,43778,0.5586367581890447,WA,City/Suburb,79042,36.7,R1
236948,University of Washington-Seattle Campus,2019,21,32046,64,10692,45579,0.5176067926018562,WA,City/Suburb,78061,36.7,R1
377564,University of Washington-Tacoma Campus,2023,40,4014,66,11290,3161,0.8294843403986081,WA,City/Suburb,78990,36.7,M
377564,University of Washington-Tacoma Campus,2022,41,4083,66,10680,1974,0.8834853090172239,WA,City/Suburb,78071,36.7,M
377564,University of Washington-Tacoma Campus,2021,42,4327,63,10310,2233,0.8289296909986565,WA,City/Suburb,79537,36.7,M
377564,University of Washington-Tacoma Campus,2020,43,4567,62,10113,1985,0.8604534005037784,WA,City/Suburb,79042,36.7,M
377564,University of Washington-Tacoma Campus,2019,44,4588,61,10620,2026,0.8731490621915103,WA,City/Suburb,78061,36.7,M
101587,University of West Alabama,2023,54,2673,52,14781,2041,0.871141597256247,AL,Town/Rural,52181,25.5,M
101587,University of West Alabama,2022,46,2427,56,13786,3131,0.6885978920472693,AL,Town/Rural,53739,25.5,M
101587,University of West Alabama,2021,53,2322,55,15435,1539,0.7433398310591293,AL,Town/Rural,54466,25.5,M
101587,University of West Alabama,2020,53,2248,56,15685,1834,0.9312977099236641,AL,Town/Rural,52925,25.5,M
101587,University of West Alabama,2019,54,2239,55,15383,7569,0.3493195930770247,AL,Town/Rural,55331,25.5,M
138354,University of West Florida,2023,33,9661,39,8908,9831,0.5687112196114332,FL,Town/Rural,214692,30.4,M
138354,University of West Florida,2022,33,9291,38,8609,9113,0.48030286404038186,FL,Town/Rural,217330,30.4,M
138354,University of West Florida,2021,33,9319,37,10344,8660,0.5280600461893764,FL,Town/Rural,223891,30.4,M
138354,University of West Florida,2020,35,9637,35,8452,7232,0.5756360619469026,FL,Town/Rural,215797,30.4,M
138354,University of West Florida,2019,36,9521,34,7515,7194,0.3099805393383375,FL,Town/Rural,213187,30.4,M
141334,University of West Georgia,2023,42,8413,49,14962,8399,0.4937492558637933,GA,Town/Rural,126146,31.9,R0
141334,University of West Georgia,2022,44,8666,49,15625,4783,0.8011708132970938,GA,Town/Rural,122695,31.9,R0
141334,University of West Georgia,2021,44,9538,51,15296,6610,0.6969742813918306,GA,Town/Rural,124712,31.9,R0
141334,University of West Georgia,2020,45,10331,52,15749,6634,0.776153150437142,GA,Town/Rural,126126,31.9,R0
141334,University of West Georgia,2019,47,10411,53,15235,7272,0.592959295929593,GA,Town/Rural,121897,31.9,R0
240268,University of Wisconsin-Eau Claire,2023,19,9304,14,15323,10315,0.7608337372758119,WI,City/Suburb,67563,30,M
240268,University of Wisconsin-Eau Claire,2022,20,9423,13,15000,10403,0.766221282322407,WI,City/Suburb,65909,30,M
240268,University of Wisconsin-Eau Claire,2021,21,9869,13,15713,9420,0.7746284501061571,WI,City/Suburb,66830,30,M
240268,University of Wisconsin-Eau Claire,2020,22,10310,14,14276,6202,0.8435988390841664,WI,City/Suburb,68053,30,M
240268,University of Wisconsin-Eau Claire,2019,23,10591,14,14010,6283,0.8163297787681044,WI,City/Suburb,68191,30,M
240277,University of Wisconsin-Green Bay,2023,23,9853,24,10289,6373,0.8783932214027931,WI,City/Suburb,67563,30,M
240277,University of Wisconsin-Green Bay,2022,22,9146,22,11365,5762,0.8962165914612982,WI,City/Suburb,65909,30,M
240277,University of Wisconsin-Green Bay,2021,25,9257,20,11291,5486,0.914327378782355,WI,City/Suburb,66830,30,M
240277,University of Wisconsin-Green Bay,2020,26,8498,19,11656,3292,0.8982381530984204,WI,City/Suburb,68053,30,M
240277,University of Wisconsin-Green Bay,2019,27,8370,20,11839,3246,0.8524337646333949,WI,City/Suburb,68191,30,M
240329,University of Wisconsin-La Crosse,2023,14,9378,11,13125,7312,0.7324945295404814,WI,City/Suburb,67563,30,M
240329,University of Wisconsin-La Crosse,2022,16,9347,11,13130,7290,0.7425240054869684,WI,City/Suburb,65909,30,M
240329,University of Wisconsin-La Crosse,2021,16,9400,11,12904,7067,0.7385029008065658,WI,City/Suburb,66830,30,M
240329,University of Wisconsin-La Crosse,2020,19,9562,11,12302,6214,0.7515288059221114,WI,City/Suburb,68053,30,M
240329,University of Wisconsin-La Crosse,2019,20,9668,11,12167,6529,0.7299739623219482,WI,City/Suburb,68191,30,M
240444,University of Wisconsin-Madison,2023,15,36797,40,14216,63505,0.43349342571451066,WI,City/Suburb,67563,30,R1
240444,University of Wisconsin-Madison,2022,15,36306,38,13376,60214,0.490566977779254,WI,City/Suburb,65909,30,R1
240444,University of Wisconsin-Madison,2021,15,34561,35,13484,53781,0.6035402837433295,WI,City/Suburb,66830,30,R1
240444,University of Wisconsin-Madison,2020,14,32688,32,14030,45915,0.5724926494609605,WI,City/Suburb,68053,30,R1
240444,University of Wisconsin-Madison,2019,14,32399,32,16103,43896,0.5441498086386003,WI,City/Suburb,68191,30,R1
240453,University of Wisconsin-Milwaukee,2023,30,18047,40,16499,16662,0.8844076341375585,WI,City/Suburb,67563,30,R1
240453,University of Wisconsin-Milwaukee,2022,29,18348,36,16551,16852,0.8631616425350107,WI,City/Suburb,65909,30,R1
240453,University of Wisconsin-Milwaukee,2021,31,19411,35,17083,14859,0.889561881687866,WI,City/Suburb,66830,30,R1
240453,University of Wisconsin-Milwaukee,2020,32,20056,34,14444,10738,0.7869249394673123,WI,City/Suburb,68053,30,R1
240453,University of Wisconsin-Milwaukee,2019,33,21107,33,14822,11273,0.765723409917502,WI,City/Suburb,68191,30,R1
240365,University of Wisconsin-Oshkosh,2023,16,12674,20,12942,9082,0.8667694340453644,WI,City/Suburb,67563,30,R0
240365,University of Wisconsin-Oshkosh,2022,17,12627,19,12827,8704,0.8852251838235294,WI,City/Suburb,65909,30,R0
240365,University of Wisconsin-Oshkosh,2021,17,12946,18,12975,8524,0.8988737681839511,WI,City/Suburb,66830,30,R0
240365,University of Wisconsin-Oshkosh,2020,19,14068,18,12278,6340,0.7858044164037855,WI,City/Suburb,68053,30,R0
240365,University of Wisconsin-Oshkosh,2019,21,14267,18,11980,6630,0.7633484162895927,WI,City/Suburb,68191,30,R0
240374,University of Wisconsin-Parkside,2023,34,3263,40,8778,3911,0.7261569930963948,WI,Town/Rural,67563,30,M
240374,University of Wisconsin-Parkside,2022,34,3236,38,8510,2893,0.7283097131005877,WI,Town/Rural,65909,30,M
240374,University of Wisconsin-Parkside,2021,34,3365,37,10531,2285,0.749671772428884,WI,Town/Rural,66830,30,M
240374,University of Wisconsin-Parkside,2020,38,3791,38,9938,2048,0.6630859375,WI,Town/Rural,68053,30,M
240374,University of Wisconsin-Parkside,2019,40,3906,37,10154,2256,0.6582446808510638,WI,Town/Rural,68191,30,M
240462,University of Wisconsin-Platteville,2023,21,6270,13,15966,5754,0.8726103580118179,WI,Town/Rural,67563,30,M
240462,University of Wisconsin-Platteville,2022,22,6028,11,15595,5354,0.8543145311916325,WI,Town/Rural,65909,30,M
240462,University of Wisconsin-Platteville,2021,23,6266,11,14840,5156,0.8756788207913111,WI,Town/Rural,66830,30,M
240462,University of Wisconsin-Platteville,2020,24,6892,11,14706,3671,0.8147643693816399,WI,Town/Rural,68053,30,M
240462,University of Wisconsin-Platteville,2019,25,7479,12,14611,3410,0.8483870967741935,WI,Town/Rural,68191,30,M
240471,University of Wisconsin-River Falls,2023,20,4675,13,15242,5903,0.8161951550059292,WI,Town/Rural,67563,30,M
240471,University of Wisconsin-River Falls,2022,22,4776,13,13427,4091,0.8447812270838426,WI,Town/Rural,65909,30,M
240471,University of Wisconsin-River Falls,2021,23,4988,12,14318,3933,0.8624459699974574,WI,Town/Rural,66830,30,M
240471,University of Wisconsin-River Falls,2020,26,5421,11,13633,2782,0.7685118619698059,WI,Town/Rural,68053,30,M
240471,University of Wisconsin-River Falls,2019,28,5588,12,13530,2969,0.7888177837655777,WI,Town/Rural,68191,30,M
240480,University of Wisconsin-Stevens Point,2023,28,7419,14,14347,8820,0.9013605442176871,WI,Town/Rural,67563,30,M
240480,University of Wisconsin-Stevens Point,2022,29,7313,14,13702,8120,0.8905172413793103,WI,Town/Rural,65909,30,M
240480,University of Wisconsin-Stevens Point,2021,27,7489,14,14122,8100,0.9016049382716049,WI,Town/Rural,66830,30,M
240480,University of Wisconsin-Stevens Point,2020,30,7698,15,13166,5882,0.8653519211152669,WI,Town/Rural,68053,30,M
240480,University of Wisconsin-Stevens Point,2019,31,7838,14,12797,4185,0.8451612903225807,WI,Town/Rural,68191,30,M
240417,University of Wisconsin-Stout,2023,23,6093,17,15574,6440,0.8473602484472049,WI,Town/Rural,67563,30,M
240417,University of Wisconsin-Stout,2022,23,6254,16,15510,6231,0.8631038356604076,WI,Town/Rural,65909,30,M
240417,University of Wisconsin-Stout,2021,24,6634,15,16063,4890,0.9139059304703476,WI,Town/Rural,66830,30,M
240417,University of Wisconsin-Stout,2020,26,6889,13,14951,3393,0.900972590627763,WI,Town/Rural,68053,30,M
240417,University of Wisconsin-Stout,2019,27,7309,14,14767,3202,0.905371642723298,WI,Town/Rural,68191,30,M
240426,University of Wisconsin-Superior,2023,30,2086,22,13126,2310,0.9363636363636364,WI,City/Suburb,67563,30,M
240426,University of Wisconsin-Superior,2022,32,2213,21,12908,2319,0.9560155239327296,WI,City/Suburb,65909,30,M
240426,University of Wisconsin-Superior,2021,32,2204,19,12120,1805,0.7623268698060942,WI,City/Suburb,66830,30,M
240426,University of Wisconsin-Superior,2020,34,2165,18,13405,1067,0.8612933458294283,WI,City/Suburb,68053,30,M
240426,University of Wisconsin-Superior,2019,36,2263,20,12695,1166,0.8198970840480274,WI,City/Suburb,68191,30,M
240189,University of Wisconsin-Whitewater,2023,25,9812,21,13670,11190,0.8276139410187667,WI,Town/Rural,67563,30,M
240189,University of Wisconsin-Whitewater,2022,25,9367,19,13322,9448,0.8237722269263336,WI,Town/Rural,65909,30,M
240189,University of Wisconsin-Whitewater,2021,25,9751,18,12754,8930,0.8296752519596865,WI,Town/Rural,66830,30,M
240189,University of Wisconsin-Whitewater,2020,26,10423,18,12522,6046,0.7992060866688719,WI,Town/Rural,68053,30,M
240189,University of Wisconsin-Whitewater,2019,27,11024,18,12309,6046,0.7892821700297717,WI,Town/Rural,68191,30,M
240727,University of Wyoming,2023,22,8250,22,13299,5644,0.97413182140326,WY,Town/Rural,5935,26.9,R2
240727,University of Wyoming,2022,22,8518,22,12819,5797,0.9598067966189409,WY,Town/Rural,5982,26.9,R2
240727,University of Wyoming,2021,20,8869,23,12149,5645,0.9677590788308237,WY,Town/Rural,5760,26.9,R2
240727,University of Wyoming,2020,23,9342,24,12224,4919,0.9422646879447042,WY,Town/Rural,5880,26.9,R2
240727,University of Wyoming,2019,22,9807,26,12880,5348,0.9596110695587136,WY,Town/Rural,5700,26.9,R2
154493,Upper Iowa University,2023,33,2504,48,22427,695,0.9338129496402877,IA,Town/Rural,36870,29,M
154493,Upper Iowa University,2022,34,2463,38,24563,1405,0.5423487544483986,IA,Town/Rural,36521,29,M
154493,Upper Iowa University,2021,44,2510,44,22888,1240,0.6491935483870968,IA,Town/Rural,37097,29,M
154493,Upper Iowa University,2020,38,3077,41,23187,1098,0.6530054644808743,IA,Town/Rural,36359,29,M
154493,Upper Iowa University,2019,40,3680,38,20511,1443,0.5128205128205128,IA,Town/Rural,36735,29,M
494685,Urshan College,2023,40,514,29,12398,124,0.8387096774193549,MO,City/Suburb,67773,29.5,Baccalaureate
494685,Urshan College,2022,38,473,28,9467,68,0.8529411764705882,MO,City/Suburb,66781,29.5,Baccalaureate
494685,Urshan College,2021,38,445,28,9537,80,0.725,MO,City/Suburb,66906,29.5,Baccalaureate
494685,Urshan College,2020,23,365,32,7558,85,0.8,MO,City/Suburb,67892,29.5,Baccalaureate
494685,Urshan College,2019,0,309,30,8937,104,0.8365384615384616,MO,City/Suburb,68482,29.5,Baccalaureate
216524,Ursinus College,2023,20,1492,25,31625,3443,0.8736566947429567,PA,City/Suburb,142275,31.8,Baccalaureate
216524,Ursinus College,2022,19,1527,25,33546,3237,0.8220574606116775,PA,City/Suburb,139193,31.8,Baccalaureate
216524,Ursinus College,2021,20,1556,27,31438,3818,0.8271346254583551,PA,City/Suburb,142186,31.8,Baccalaureate
216524,Ursinus College,2020,21,1493,26,31400,3834,0.8043818466353677,PA,City/Suburb,143645,31.8,Baccalaureate
216524,Ursinus College,2019,22,1472,28,30421,3530,0.7909348441926346,PA,City/Suburb,143842,31.8,Baccalaureate
206349,Ursuline College,2023,39,637,50,17678,613,0.8401305057096248,OH,City/Suburb,133760,29,M
206349,Ursuline College,2022,37,625,46,14502,610,0.8508196721311475,OH,City/Suburb,133872,29,M
206349,Ursuline College,2021,35,663,43,16353,610,0.8245901639344262,OH,City/Suburb,136945,29,M
206349,Ursuline College,2020,40,674,42,17220,583,0.8078902229845626,OH,City/Suburb,135941,29,M
206349,Ursuline College,2019,46,651,39,17562,543,0.852670349907919,OH,City/Suburb,135868,29,M
230728,Utah State University,2023,26,25048,18,15825,19331,0.9361647095339093,UT,City/Suburb,46946,34.9,R1
230728,Utah State University,2022,27,24835,17,14577,16069,0.9372705208787105,UT,City/Suburb,46085,34.9,R1
230728,Utah State University,2021,29,24255,16,14529,15567,0.9263184942506585,UT,City/Suburb,45251,34.9,R1
230728,Utah State University,2020,32,24647,17,13530,15949,0.910401906075616,UT,City/Suburb,43182,34.9,R1
230728,Utah State University,2019,34,24669,18,13452,15276,0.9095312909138518,UT,City/Suburb,43372,34.9,R1
197045,Utica University,2023,30,2580,34,22510,3826,0.8719289074751699,NY,City/Suburb,211853,37.2,M
197045,Utica University,2022,30,2678,33,22372,3367,0.809028809028809,NY,City/Suburb,213993,37.2,M
197045,Utica University,2021,31,2986,33,22335,3277,0.8944156240463839,NY,City/Suburb,217586,37.2,M
197045,Utica University,2020,33,3303,33,22782,3119,0.8640589932670728,NY,City/Suburb,209688,37.2,M
197045,Utica University,2019,34,3488,33,22474,3837,0.8683867604899661,NY,City/Suburb,212104,37.2,M
141264,Valdosta State University,2023,51,7230,55,11532,4689,0.8349328214971209,GA,City/Suburb,126146,31.9,R0
141264,Valdosta State University,2022,52,7573,56,12836,4975,0.8946733668341709,GA,City/Suburb,122695,31.9,R0
141264,Valdosta State University,2021,52,8760,57,12856,8650,0.7636994219653179,GA,City/Suburb,124712,31.9,R0
141264,Valdosta State University,2020,51,9570,59,12221,9887,0.784464448265399,GA,City/Suburb,126126,31.9,R0
141264,Valdosta State University,2019,50,8590,55,13502,7563,0.5717307946582044,GA,City/Suburb,121897,31.9,R0
200572,Valley City State University,2023,17,1628,18,13841,492,0.693089430894309,ND,Town/Rural,7668,29.7,Baccalaureate
200572,Valley City State University,2022,18,1521,18,12164,429,0.8344988344988346,ND,Town/Rural,7623,29.7,Baccalaureate
200572,Valley City State University,2021,18,1523,17,13243,442,0.8144796380090498,ND,Town/Rural,7291,29.7,Baccalaureate
200572,Valley City State University,2020,20,1541,15,12108,464,0.8060344827586207,ND,Town/Rural,7385,29.7,Baccalaureate
200572,Valley City State University,2019,22,1524,17,12386,517,0.7620889748549323,ND,Town/Rural,7006,29.7,Baccalaureate
152600,Valparaiso University,2023,26,2255,32,23168,6133,0.9222240339148867,IN,City/Suburb,76628,27.1,R0
152600,Valparaiso University,2022,25,2349,29,22755,6842,0.9415375621163402,IN,City/Suburb,74897,27.1,R0
152600,Valparaiso University,2021,25,2507,28,21997,6095,0.9317473338802297,IN,City/Suburb,78348,27.1,R0
152600,Valparaiso University,2020,27,2723,28,22500,5991,0.8662994491737607,IN,City/Suburb,78809,27.1,R0
152600,Valparaiso University,2019,28,2992,28,21824,5491,0.8584957202695319,IN,City/Suburb,76144,27.1,R0
221999,Vanderbilt University,2023,19,7152,61,26689,45313,0.06276344536887869,TN,City/Suburb,72084,27.5,R1
221999,Vanderbilt University,2022,17,7151,59,25606,46377,0.06669254156154991,TN,City/Suburb,71347,27.5,R1
221999,Vanderbilt University,2021,16,7111,59,27553,47152,0.07142857142857142,TN,City/Suburb,72685,27.5,R1
221999,Vanderbilt University,2020,16,7057,58,25804,36646,0.11622005130164274,TN,City/Suburb,73281,27.5,R1
221999,Vanderbilt University,2019,16,6886,56,25855,37310,0.09118198874296435,TN,City/Suburb,72802,27.5,R1
149639,VanderCook College of Music,2023,28,99,53,16601,37,0.972972972972973,IL,City/Suburb,148445,35.1,Special or Tribal
149639,VanderCook College of Music,2022,27,94,55,12436,22,1,IL,City/Suburb,145439,35.1,Special or Tribal
149639,VanderCook College of Music,2021,33,88,56,20855,26,1,IL,City/Suburb,150490,35.1,Special or Tribal
149639,VanderCook College of Music,2020,31,82,68,25764,21,1,IL,City/Suburb,149373,35.1,Special or Tribal
149639,VanderCook College of Music,2019,28,109,61,20063,27,0.8518518518518519,IL,City/Suburb,152277,35.1,Special or Tribal
123651,Vanguard University of Southern California,2023,43,1987,69,20273,3422,0.6469900642898889,CA,City/Suburb,492544,34.2,M
123651,Vanguard University of Southern California,2022,42,2001,68,24279,2778,0.7483801295896328,CA,City/Suburb,473448,34.2,M
123651,Vanguard University of Southern California,2021,46,1975,67,20427,2917,0.6900925608501886,CA,City/Suburb,467260,34.2,M
123651,Vanguard University of Southern California,2020,46,1997,65,21667,4055,0.4998766954377312,CA,City/Suburb,477479,34.2,M
123651,Vanguard University of Southern California,2019,45,1920,66,20376,3976,0.49446680080482897,CA,City/Suburb,478819,34.2,M
197133,Vassar College,2023,21,2456,45,29733,12145,0.17727459860024702,NY,City/Suburb,211853,37.2,Baccalaureate
197133,Vassar College,2022,21,2459,46,30603,11412,0.18655800911321416,NY,City/Suburb,213993,37.2,Baccalaureate
197133,Vassar College,2021,21,2516,45,27249,10884,0.20148842337375963,NY,City/Suburb,217586,37.2,Baccalaureate
197133,Vassar College,2020,23,2463,44,26028,8663,0.24541152025857094,NY,City/Suburb,209688,37.2,Baccalaureate
197133,Vassar College,2019,23,2439,45,24811,8961,0.2373619015734851,NY,City/Suburb,212104,37.2,Baccalaureate
482228,Veritas Baptist College,2023,33,140,14,17043,11,1,IN,Town/Rural,76628,27.1,Special or Tribal
482228,Veritas Baptist College,2022,32,138,20,10474,25,1,IN,Town/Rural,74897,27.1,Special or Tribal
482228,Veritas Baptist College,2021,34,141,16,16423,25,1,IN,Town/Rural,78348,27.1,Special or Tribal
482228,Veritas Baptist College,2020,38,164,21,9227,37,0.6756756756756757,IN,Town/Rural,78809,27.1,Special or Tribal
482228,Veritas Baptist College,2019,37,191,19,16777,21,1,IN,Town/Rural,76144,27.1,Special or Tribal
231165,Vermont State University,2023,31,4087,22,21253,3130,0.8322683706070287,VT,Town/Rural,5789,38.7,Baccalaureate
231165,Vermont State University,2022,28,1412,16,19426,930,0.4978494623655914,VT,Town/Rural,5977,38.7,Baccalaureate
231165,Vermont State University,2021,27,1449,18,22396,783,0.5568326947637292,VT,Town/Rural,5988,38.7,Baccalaureate
231165,Vermont State University,2020,31,1516,16,21279,827,0.5840386940749698,VT,Town/Rural,6158,38.7,Baccalaureate
231165,Vermont State University,2019,31,1696,14,20604,992,0.6703629032258065,VT,Town/Rural,6547,38.7,Baccalaureate
197142,Villa Maria College,2023,61,545,57,15687,593,0.866779089376054,NY,City/Suburb,211853,37.2,Baccalaureate
197142,Villa Maria College,2022,65,465,55,14576,500,0.782,NY,City/Suburb,213993,37.2,Baccalaureate
197142,Villa Maria College,2021,68,452,58,15270,307,0.755700325732899,NY,City/Suburb,217586,37.2,Baccalaureate
197142,Villa Maria College,2020,69,508,53,14574,414,0.7874396135265701,NY,City/Suburb,209688,37.2,Baccalaureate
197142,Villa Maria College,2019,65,520,49,13859,406,0.7438423645320197,NY,City/Suburb,212104,37.2,Baccalaureate
216597,Villanova University,2023,12,7063,32,37946,23127,0.2512215159769966,PA,City/Suburb,142275,31.8,R2
216597,Villanova University,2022,12,6989,32,34837,23835,0.23394168239983218,PA,City/Suburb,139193,31.8,R2
216597,Villanova University,2021,11,7032,29,33123,24410,0.2524375256042605,PA,City/Suburb,142186,31.8,R2
216597,Villanova University,2020,10,7037,28,38303,22083,0.3065706652175882,PA,City/Suburb,143645,31.8,R2
216597,Villanova University,2019,10,6865,27,36840,22909,0.2824217556418875,PA,City/Suburb,143842,31.8,R2
234030,Virginia Commonwealth University,2023,30,21205,59,22852,19052,0.9305584715515431,VA,City/Suburb,99497,39.3,R1
234030,Virginia Commonwealth University,2022,30,20958,59,21294,18242,0.9099879399188685,VA,City/Suburb,98780,39.3,R1
234030,Virginia Commonwealth University,2021,30,21394,59,19656,17579,0.9276978212640082,VA,City/Suburb,100147,39.3,R1
234030,Virginia Commonwealth University,2020,29,21943,57,20566,17253,0.9060453254506463,VA,City/Suburb,98970,39.3,R1
234030,Virginia Commonwealth University,2019,29,22837,56,20968,17088,0.8713717228464419,VA,City/Suburb,95710,39.3,R1
234085,Virginia Military Institute,2023,16,1560,28,17229,1171,0.8172502134927413,VA,Town/Rural,99497,39.3,Baccalaureate
234085,Virginia Military Institute,2022,15,1512,26,18129,1192,0.7105704697986577,VA,Town/Rural,98780,39.3,Baccalaureate
234085,Virginia Military Institute,2021,14,1652,26,18100,1549,0.6391220142027114,VA,Town/Rural,100147,39.3,Baccalaureate
234085,Virginia Military Institute,2020,15,1698,25,18969,1543,0.5988334413480233,VA,Town/Rural,98970,39.3,Baccalaureate
234085,Virginia Military Institute,2019,15,1698,23,13428,1515,0.5953795379537954,VA,Town/Rural,95710,39.3,Baccalaureate
233921,Virginia Polytechnic Institute and State University,2023,15,30504,42,22205,47208,0.5703058803592611,VA,City/Suburb,99497,39.3,R1
233921,Virginia Polytechnic Institute and State University,2022,15,30434,40,19301,45321,0.5698241433331127,VA,City/Suburb,98780,39.3,R1
233921,Virginia Polytechnic Institute and State University,2021,15,29760,39,20109,42054,0.5646549674228373,VA,City/Suburb,100147,39.3,R1
233921,Virginia Polytechnic Institute and State University,2020,14,30020,37,20247,30771,0.6577296805433688,VA,City/Suburb,98970,39.3,R1
233921,Virginia Polytechnic Institute and State University,2019,16,29300,36,18449,31974,0.7003502846062426,VA,City/Suburb,95710,39.3,R1
234155,Virginia State University,2023,71,4829,97,16184,10577,0.8909898837099367,VA,City/Suburb,99497,39.3,M
234155,Virginia State University,2022,68,4300,98,15773,8230,0.8972053462940461,VA,City/Suburb,98780,39.3,M
234155,Virginia State University,2021,68,3899,97,16770,9978,0.9608137903387453,VA,City/Suburb,100147,39.3,M
234155,Virginia State University,2020,71,3659,97,18332,9912,0.9625706214689266,VA,City/Suburb,98970,39.3,M
234155,Virginia State University,2019,71,4025,97,18034,7715,0.9504860661049903,VA,City/Suburb,95710,39.3,M
234164,Virginia Union University,2023,51,1170,99,20207,2771,0.9772645254420786,VA,City/Suburb,99497,39.3,Baccalaureate
234164,Virginia Union University,2022,56,1329,99,21057,4386,0.8055175558595531,VA,City/Suburb,98780,39.3,Baccalaureate
234164,Virginia Union University,2021,61,1243,99,16068,4006,0.9378432351472791,VA,City/Suburb,100147,39.3,Baccalaureate
234164,Virginia Union University,2020,69,1209,99,18722,6208,0.7535438144329897,VA,City/Suburb,98970,39.3,Baccalaureate
234164,Virginia Union University,2019,77,1136,99,21417,4182,0.6310377809660449,VA,City/Suburb,95710,39.3,Baccalaureate
234173,Virginia Wesleyan University,2023,26,1626,58,21862,2651,0.7129385137683892,VA,City/Suburb,99497,39.3,Baccalaureate
234173,Virginia Wesleyan University,2022,33,1479,57,23046,1718,0.8143189755529686,VA,City/Suburb,98780,39.3,Baccalaureate
234173,Virginia Wesleyan University,2021,35,1241,49,22584,2076,0.8636801541425819,VA,City/Suburb,100147,39.3,Baccalaureate
234173,Virginia Wesleyan University,2020,37,1274,47,23512,2195,0.7398633257403189,VA,City/Suburb,98970,39.3,Baccalaureate
234173,Virginia Wesleyan University,2019,41,1387,48,25000,2323,0.7684029272492466,VA,City/Suburb,95710,39.3,Baccalaureate
449764,Visible Music College,2023,44,168,49,25502,136,0.2867647058823529,TN,City/Suburb,72084,27.5,Special or Tribal
449764,Visible Music College,2022,44,211,51,23636,294,0.20408163265306123,TN,City/Suburb,71347,27.5,Special or Tribal
449764,Visible Music College,2021,30,244,47,25367,243,0.3662551440329218,TN,City/Suburb,72685,27.5,Special or Tribal
449764,Visible Music College,2020,44,310,37,27863,342,0.7192982456140351,TN,City/Suburb,73281,27.5,Special or Tribal
449764,Visible Music College,2019,45,229,38,22880,101,0.7524752475247525,TN,City/Suburb,72802,27.5,Special or Tribal
240107,Viterbo University,2023,22,1443,20,23901,1399,0.7326661901358112,WI,City/Suburb,67563,30,M
240107,Viterbo University,2022,22,1485,19,23257,1401,0.7237687366167024,WI,City/Suburb,65909,30,M
240107,Viterbo University,2021,25,1660,23,20512,1282,0.7745709828393136,WI,City/Suburb,66830,30,M
240107,Viterbo University,2020,27,1736,21,21095,1325,0.7924528301886793,WI,City/Suburb,68053,30,M
240107,Viterbo University,2019,27,1751,17,20747,1272,0.7657232704402516,WI,City/Suburb,68191,30,M
152673,Wabash College,2023,23,845,27,23913,1897,0.6278334211913548,IN,Town/Rural,76628,27.1,Baccalaureate
152673,Wabash College,2022,24,835,27,22976,1914,0.6149425287356322,IN,Town/Rural,74897,27.1,Baccalaureate
152673,Wabash College,2021,26,840,24,21466,1635,0.6159021406727829,IN,Town/Rural,78348,27.1,Baccalaureate
152673,Wabash College,2020,28,868,24,24412,1522,0.6320630749014454,IN,Town/Rural,78809,27.1,Baccalaureate
152673,Wabash College,2019,29,867,24,21285,1307,0.6419280795715379,IN,Town/Rural,76144,27.1,Baccalaureate
197197,Wagner College,2023,23,1592,43,28109,2328,0.8346219931271478,NY,City/Suburb,211853,37.2,M
197197,Wagner College,2022,21,1590,41,29710,2645,0.6854442344045368,NY,City/Suburb,213993,37.2,M
197197,Wagner College,2021,20,1568,40,28365,2786,0.8173007896625987,NY,City/Suburb,217586,37.2,M
197197,Wagner College,2020,20,1643,39,31944,2604,0.7043010752688172,NY,City/Suburb,209688,37.2,M
197197,Wagner College,2019,21,1740,40,32294,2809,0.7073691705233179,NY,City/Suburb,212104,37.2,M
199847,Wake Forest University,2023,9,5471,36,27790,17479,0.21557297328222438,NC,City/Suburb,108252,31.9,R2
199847,Wake Forest University,2022,9,5447,34,26197,16857,0.21367977694726226,NC,City/Suburb,114167,31.9,R2
199847,Wake Forest University,2021,9,5472,32,24643,15156,0.2517814726840855,NC,City/Suburb,116514,31.9,R2
199847,Wake Forest University,2020,9,5441,31,26324,11959,0.3198427962204198,NC,City/Suburb,116615,31.9,R2
199847,Wake Forest University,2019,9,5287,31,24800,12559,0.2959630543833108,NC,City/Suburb,114284,31.9,R2
206437,Walsh University,2023,23,1423,42,21009,2287,0.7818102317446436,OH,City/Suburb,133760,29,R0
206437,Walsh University,2022,23,1558,45,20032,2659,0.725084618277548,OH,City/Suburb,133872,29,R0
206437,Walsh University,2021,25,1639,52,20350,1858,0.7992465016146394,OH,City/Suburb,136945,29,R0
206437,Walsh University,2020,29,1850,58,19792,2112,0.765625,OH,City/Suburb,135941,29,R0
206437,Walsh University,2019,30,1937,51,20180,2001,0.7621189405297352,OH,City/Suburb,135868,29,R0
210304,Warner Pacific University,2023,46,350,67,18402,825,0.5854545454545454,OR,City/Suburb,41163,34,Baccalaureate
210304,Warner Pacific University,2022,51,360,62,23834,436,0.7224770642201835,OR,City/Suburb,41057,34,Baccalaureate
210304,Warner Pacific University,2021,55,406,61,19332,406,0.7561576354679803,OR,City/Suburb,42778,34,Baccalaureate
210304,Warner Pacific University,2020,59,464,59,20646,408,1,OR,City/Suburb,42173,34,Baccalaureate
210304,Warner Pacific University,2019,60,401,66,19910,508,0.9744094488188977,OR,City/Suburb,41717,34,Baccalaureate
138275,Warner University,2023,53,798,58,21471,1628,0.47788697788697787,FL,Town/Rural,214692,30.4,M
138275,Warner University,2022,54,761,61,20431,1372,0.5510204081632653,FL,Town/Rural,217330,30.4,M
138275,Warner University,2021,58,782,53,19143,1135,0.5312775330396475,FL,Town/Rural,223891,30.4,M
138275,Warner University,2020,61,820,54,18552,1177,0.5412064570943076,FL,Town/Rural,215797,30.4,M
138275,Warner University,2019,63,870,55,16572,1400,0.4107142857142857,FL,Town/Rural,213187,30.4,M
199865,Warren Wilson College,2023,37,742,23,27913,943,0.7762460233297985,NC,Town/Rural,108252,31.9,Baccalaureate
199865,Warren Wilson College,2022,35,723,25,28086,905,0.8397790055248618,NC,Town/Rural,114167,31.9,Baccalaureate
199865,Warren Wilson College,2021,39,723,25,25611,1146,0.7739965095986039,NC,Town/Rural,116514,31.9,Baccalaureate
199865,Warren Wilson College,2020,40,625,23,25718,1273,0.8483896307934015,NC,Town/Rural,116615,31.9,Baccalaureate
199865,Warren Wilson College,2019,41,706,25,24959,1195,0.8460251046025105,NC,Town/Rural,114284,31.9,Baccalaureate
154527,Wartburg College,2023,21,1454,20,23321,2543,0.9941014549744397,IA,Town/Rural,36870,29,Baccalaureate
154527,Wartburg College,2022,23,1416,21,23683,2779,0.9744512414537604,IA,Town/Rural,36521,29,Baccalaureate
154527,Wartburg College,2021,24,1516,20,23022,4024,0.8275347912524851,IA,Town/Rural,37097,29,Baccalaureate
154527,Wartburg College,2020,23,1562,21,23248,4795,0.7172054223149114,IA,Town/Rural,36359,29,Baccalaureate
154527,Wartburg College,2019,25,1505,22,22363,4018,0.7513688402190144,IA,Town/Rural,36735,29,Baccalaureate
216667,Washington & Jefferson College,2023,29,1162,24,26051,3218,0.8154133001864512,PA,City/Suburb,142275,31.8,Baccalaureate
216667,Washington & Jefferson College,2022,32,1149,24,25636,3414,0.8807850029291154,PA,City/Suburb,139193,31.8,Baccalaureate
216667,Washington & Jefferson College,2021,29,1156,24,27101,3150,0.8368253968253968,PA,City/Suburb,142186,31.8,Baccalaureate
216667,Washington & Jefferson College,2020,29,1165,25,27477,2496,0.9018429487179487,PA,City/Suburb,143645,31.8,Baccalaureate
216667,Washington & Jefferson College,2019,31,1262,27,26787,2722,0.852314474650992,PA,City/Suburb,143842,31.8,Baccalaureate
162210,Washington Adventist University,2023,46,605,96,16732,1691,0.4535777646363099,MD,City/Suburb,69770,40.8,M
162210,Washington Adventist University,2022,44,582,96,17088,1223,0.5143090760425184,MD,City/Suburb,69124,40.8,M
162210,Washington Adventist University,2021,47,690,96,13414,1744,0.617545871559633,MD,City/Suburb,71017,40.8,M
162210,Washington Adventist University,2020,46,845,95,17820,2017,0.939514129895885,MD,City/Suburb,67971,40.8,M
162210,Washington Adventist University,2019,50,945,95,18754,2532,0.5876777251184834,MD,City/Suburb,68208,40.8,M
234207,Washington and Lee University,2023,11,1898,30,24667,6820,0.17360703812316716,VA,Town/Rural,99497,39.3,Baccalaureate
234207,Washington and Lee University,2022,10,1867,28,24733,7224,0.1695736434108527,VA,Town/Rural,98780,39.3,Baccalaureate
234207,Washington and Lee University,2021,11,1857,26,26063,6621,0.18849116447666517,VA,Town/Rural,100147,39.3,Baccalaureate
234207,Washington and Lee University,2020,10,1822,23,27148,4998,0.24509803921568626,VA,Town/Rural,98970,39.3,Baccalaureate
234207,Washington and Lee University,2019,11,1860,21,23301,6178,0.18565878925218518,VA,Town/Rural,95710,39.3,Baccalaureate
164216,Washington College,2023,21,916,33,33553,2539,0.6553761323355651,MD,Town/Rural,69770,40.8,Baccalaureate
164216,Washington College,2022,21,955,37,31650,2554,0.7470634299138607,MD,Town/Rural,69124,40.8,Baccalaureate
164216,Washington College,2021,25,1026,33,22088,2893,0.6985827860352575,MD,Town/Rural,71017,40.8,Baccalaureate
164216,Washington College,2020,21,1089,33,29570,2901,0.8028266115132713,MD,Town/Rural,67971,40.8,Baccalaureate
164216,Washington College,2019,21,1288,32,31528,2225,0.9235955056179775,MD,Town/Rural,68208,40.8,Baccalaureate
236939,Washington State University,2023,26,21923,41,18155,26166,0.8535886264618207,WA,Town/Rural,78990,36.7,R1
236939,Washington State University,2022,27,22612,41,17911,19401,0.8310396371321066,WA,Town/Rural,78071,36.7,R1
236939,Washington State University,2021,27,24278,39,11877,18197,0.8576688465131616,WA,Town/Rural,79537,36.7,R1
236939,Washington State University,2020,29,25470,40,18235,21198,0.79946221341636,WA,Town/Rural,79042,36.7,R1
236939,Washington State University,2019,31,26062,39,18002,21434,0.7580013063357283,WA,Town/Rural,78061,36.7,R1
179867,Washington University in St Louis,2023,16,8267,58,22440,32240,0.11957196029776675,MO,City/Suburb,67773,29.5,R1
179867,Washington University in St Louis,2022,15,8132,56,23432,32014,0.11757356156681452,MO,City/Suburb,66781,29.5,R1
179867,Washington University in St Louis,2021,14,8034,54,28298,33634,0.13001724445501575,MO,City/Suburb,66906,29.5,R1
179867,Washington University in St Louis,2020,13,7653,52,27233,27949,0.16018462199005332,MO,City/Suburb,67892,29.5,R1
179867,Washington University in St Louis,2019,13,7822,51,27108,25426,0.13851962558011485,MO,City/Suburb,68482,29.5,R1
229780,Wayland Baptist University,2023,40,2162,69,20222,1974,0.5405268490374874,TX,Town/Rural,385604,30.3,M
229780,Wayland Baptist University,2022,36,2275,68,22663,1311,0.6971777269260107,TX,Town/Rural,375741,30.3,M
229780,Wayland Baptist University,2021,37,2690,69,23378,733,0.8076398362892224,TX,Town/Rural,377064,30.3,M
229780,Wayland Baptist University,2020,38,3015,67,23294,900,0.8144444444444444,TX,Town/Rural,372402,30.3,M
229780,Wayland Baptist University,2019,38,3012,65,24882,635,0.9748031496062992,TX,Town/Rural,364979,30.3,M
172644,Wayne State University,2023,43,16117,46,16021,15190,0.8203423304805794,MI,City/Suburb,108265,29.6,R1
172644,Wayne State University,2022,44,15958,45,15347,14002,0.7532495357806027,MI,City/Suburb,103443,29.6,R1
172644,Wayne State University,2021,43,16839,44,15710,15181,0.6325670245701864,MI,City/Suburb,107239,29.6,R1
172644,Wayne State University,2020,43,17503,45,14993,17093,0.6901070613701515,MI,City/Suburb,108725,29.6,R1
172644,Wayne State University,2019,44,17643,44,15012,15716,0.731420208704505,MI,City/Suburb,112177,29.6,R1
216694,Waynesburg University,2023,31,1088,18,22837,1806,0.9169435215946844,PA,Town/Rural,142275,31.8,M
216694,Waynesburg University,2022,30,1116,16,22281,2157,0.7556791840519239,PA,Town/Rural,139193,31.8,M
216694,Waynesburg University,2021,32,1182,17,22070,2017,0.7496281606346058,PA,Town/Rural,142186,31.8,M
216694,Waynesburg University,2020,32,1257,15,20029,1584,0.8996212121212122,PA,Town/Rural,143645,31.8,M
216694,Waynesburg University,2019,36,1277,15,19765,1589,0.9251101321585903,PA,Town/Rural,143842,31.8,M
197221,Webb Institute,2023,9,105,21,21488,185,0.2,NY,City/Suburb,211853,37.2,Special or Tribal
197221,Webb Institute,2022,10,102,25,19744,183,0.20765027322404372,NY,City/Suburb,213993,37.2,Special or Tribal
197221,Webb Institute,2021,7,105,22,19231,176,0.20454545454545456,NY,City/Suburb,217586,37.2,Special or Tribal
197221,Webb Institute,2020,4,101,20,18318,157,0.21019108280254778,NY,City/Suburb,209688,37.2,Special or Tribal
197221,Webb Institute,2019,3,102,20,19249,129,0.24031007751937986,NY,City/Suburb,212104,37.2,Special or Tribal
138293,Webber International University,2023,54,879,58,29716,1907,0.7755637126376508,FL,Town/Rural,214692,30.4,Baccalaureate
138293,Webber International University,2022,55,1100,60,27995,2665,0.4896810506566604,FL,Town/Rural,217330,30.4,Baccalaureate
138293,Webber International University,2021,55,776,59,26710,1795,0.4573816155988858,FL,Town/Rural,223891,30.4,Baccalaureate
138293,Webber International University,2020,56,735,58,27398,3282,0.3778184034125533,FL,Town/Rural,215797,30.4,Baccalaureate
138293,Webber International University,2019,49,665,61,25486,1690,0.42248520710059173,FL,Town/Rural,213187,30.4,Baccalaureate
179894,Webster University,2023,28,2204,39,27695,5341,0.5798539599325969,MO,City/Suburb,67773,29.5,M
179894,Webster University,2022,29,2197,37,23069,3768,0.5509554140127388,MO,City/Suburb,66781,29.5,M
179894,Webster University,2021,29,2346,38,24884,2429,0.5944833264717991,MO,City/Suburb,66906,29.5,M
179894,Webster University,2020,30,2563,36,23548,2901,0.5311961392623233,MO,City/Suburb,67892,29.5,M
179894,Webster University,2019,33,2832,36,23265,2173,0.5687988955361252,MO,City/Suburb,68482,29.5,M
168218,Wellesley College,2023,21,2418,70,21501,8184,0.1390518084066471,MA,City/Suburb,78133,44.5,Baccalaureate
168218,Wellesley College,2022,22,2447,68,21362,8491,0.13567306559886938,MA,City/Suburb,78514,44.5,Baccalaureate
168218,Wellesley College,2021,22,2461,66,21862,7663,0.16181652094479967,MA,City/Suburb,78839,44.5,Baccalaureate
168218,Wellesley College,2020,21,2280,65,21614,6581,0.20407232943321685,MA,City/Suburb,79537,44.5,Baccalaureate
168218,Wellesley College,2019,21,2519,65,19805,6395,0.21563721657544957,MA,City/Suburb,78060,44.5,Baccalaureate
197230,Wells College,2023,47,357,41,23956,1532,0.6964751958224543,NY,Town/Rural,211853,37.2,Baccalaureate
197230,Wells College,2022,48,357,54,20601,1534,0.8767926988265972,NY,Town/Rural,213993,37.2,Baccalaureate
197230,Wells College,2021,52,342,49,19963,1685,0.8783382789317508,NY,Town/Rural,217586,37.2,Baccalaureate
197230,Wells College,2020,46,357,46,20066,1998,0.6436436436436437,NY,Town/Rural,209688,37.2,Baccalaureate
197230,Wells College,2019,51,419,39,21951,1848,0.8317099567099567,NY,Town/Rural,212104,37.2,Baccalaureate
168227,Wentworth Institute of Technology,2023,23,3813,45,35585,6453,0.8537114520378118,MA,City/Suburb,78133,44.5,M
168227,Wentworth Institute of Technology,2022,25,3713,44,37901,5537,0.8708687014628861,MA,City/Suburb,78514,44.5,M
168227,Wentworth Institute of Technology,2021,23,3958,41,32430,5441,0.8954236353611469,MA,City/Suburb,78839,44.5,M
168227,Wentworth Institute of Technology,2020,23,4222,41,36719,5555,0.9373537353735374,MA,City/Suburb,79537,44.5,M
168227,Wentworth Institute of Technology,2019,23,4303,38,37322,6177,0.8113971183422374,MA,City/Suburb,78060,44.5,M
141325,Wesleyan College,2023,44,595,64,15621,1384,0.6206647398843931,GA,City/Suburb,126146,31.9,Baccalaureate
141325,Wesleyan College,2022,43,614,61,13900,1298,0.6679506933744221,GA,City/Suburb,122695,31.9,Baccalaureate
141325,Wesleyan College,2021,40,695,59,12222,1044,0.6216475095785441,GA,City/Suburb,124712,31.9,Baccalaureate
141325,Wesleyan College,2020,36,745,59,12117,1142,0.5980735551663747,GA,City/Suburb,126126,31.9,Baccalaureate
141325,Wesleyan College,2019,36,754,55,13254,737,0.43826322930800543,GA,City/Suburb,121897,31.9,Baccalaureate
130697,Wesleyan University,2023,15,3066,47,20463,14500,0.17096551724137932,CT,City/Suburb,44962,39.6,Baccalaureate
130697,Wesleyan University,2022,14,3069,46,21270,14521,0.14434267612423388,CT,City/Suburb,44540,39.6,Baccalaureate
130697,Wesleyan University,2021,17,3385,46,20535,13067,0.1943827963572358,CT,City/Suburb,44901,39.6,Baccalaureate
130697,Wesleyan University,2020,16,2852,45,22845,12632,0.20899303356554783,CT,City/Suburb,45222,39.6,Baccalaureate
130697,Wesleyan University,2019,18,3018,47,21853,13264,0.16480699638118215,CT,City/Suburb,45216,39.6,Baccalaureate
216764,West Chester University of Pennsylvania,2023,24,14344,26,21684,16467,0.7920082589421267,PA,City/Suburb,142275,31.8,R2
216764,West Chester University of Pennsylvania,2022,25,14392,27,22973,14778,0.8784679929625119,PA,City/Suburb,139193,31.8,R2
216764,West Chester University of Pennsylvania,2021,24,14471,27,14133,14020,0.8935805991440798,PA,City/Suburb,142186,31.8,R2
216764,West Chester University of Pennsylvania,2020,25,14712,26,19336,14234,0.8625122945061121,PA,City/Suburb,143645,31.8,R2
216764,West Chester University of Pennsylvania,2019,26,14615,26,19348,15077,0.753200238774292,PA,City/Suburb,143842,31.8,R2
237932,West Liberty University,2023,32,1944,27,14203,2077,0.7212325469427058,WV,Town/Rural,17853,21.3,M
237932,West Liberty University,2022,31,1919,20,13788,1706,0.7409144196951934,WV,Town/Rural,17400,21.3,M
237932,West Liberty University,2021,33,2087,21,14915,1606,0.7384806973848069,WV,Town/Rural,18271,21.3,M
237932,West Liberty University,2020,37,2125,22,13812,1857,0.6844372644049542,WV,Town/Rural,18751,21.3,M
237932,West Liberty University,2019,39,2183,24,13980,1829,0.7063969382176053,WV,Town/Rural,19036,21.3,M
229814,West Texas A & M University,2023,39,6786,49,17182,4784,0.9734531772575251,TX,Town/Rural,385604,30.3,M
229814,West Texas A & M University,2022,46,6901,48,17001,4695,0.91629392971246,TX,Town/Rural,375741,30.3,M
229814,West Texas A & M University,2021,42,7083,47,13802,5743,0.9703987462998432,TX,Town/Rural,377064,30.3,M
229814,West Texas A & M University,2020,64,7326,45,13105,4992,0.5825320512820513,TX,Town/Rural,372402,30.3,M
229814,West Texas A & M University,2019,38,7355,45,12982,5587,0.6894576695901199,TX,Town/Rural,364979,30.3,M
237899,West Virginia State University,2023,18,3322,32,10878,4465,0.9637178051511758,WV,City/Suburb,17853,21.3,M
237899,West Virginia State University,2022,20,3634,22,11684,2775,0.9618018018018017,WV,City/Suburb,17400,21.3,M
237899,West Virginia State University,2021,20,3281,22,10889,2959,0.9655288948969246,WV,City/Suburb,18271,21.3,M
237899,West Virginia State University,2020,21,3502,27,12399,3235,0.8850077279752705,WV,City/Suburb,18751,21.3,M
237899,West Virginia State University,2019,26,4009,23,9657,2242,0.9536128456735058,WV,City/Suburb,19036,21.3,M
238032,West Virginia University,2023,20,18615,18,13691,19857,0.8626177166742207,WV,City/Suburb,17853,21.3,R1
238032,West Virginia University,2022,22,19059,19,12202,18206,0.8838295067560145,WV,City/Suburb,17400,21.3,R1
238032,West Virginia University,2021,22,19601,19,13422,17074,0.8982078013353637,WV,City/Suburb,18271,21.3,R1
238032,West Virginia University,2020,23,20495,18,13087,17326,0.8389126168763708,WV,City/Suburb,18751,21.3,R1
238032,West Virginia University,2019,24,21086,20,12743,18202,0.8427645313701791,WV,City/Suburb,19036,21.3,R1
237950,West Virginia University Institute of Technology,2023,24,1448,19,11015,1005,0.609950248756219,WV,City/Suburb,17853,21.3,Baccalaureate
237950,West Virginia University Institute of Technology,2022,27,1481,21,9529,830,0.6457831325301204,WV,City/Suburb,17400,21.3,Baccalaureate
237950,West Virginia University Institute of Technology,2021,27,1619,21,10966,902,0.664079822616408,WV,City/Suburb,18271,21.3,Baccalaureate
237950,West Virginia University Institute of Technology,2020,28,1645,21,10151,1085,0.5511520737327189,WV,City/Suburb,18751,21.3,Baccalaureate
237950,West Virginia University Institute of Technology,2019,32,1794,22,10502,1245,0.5108433734939759,WV,City/Suburb,19036,21.3,Baccalaureate
237969,West Virginia Wesleyan College,2023,37,938,34,20093,1413,0.9504600141542817,WV,Town/Rural,17853,21.3,Baccalaureate
237969,West Virginia Wesleyan College,2022,37,889,30,20470,1481,0.9635381498987171,WV,Town/Rural,17400,21.3,Baccalaureate
237969,West Virginia Wesleyan College,2021,38,982,28,20512,1766,0.8442808607021518,WV,Town/Rural,18271,21.3,Baccalaureate
237969,West Virginia Wesleyan College,2020,36,979,27,19843,2182,0.6571952337305225,WV,Town/Rural,18751,21.3,Baccalaureate
237969,West Virginia Wesleyan College,2019,36,1131,25,19366,2287,0.6414516834280717,WV,Town/Rural,19036,21.3,Baccalaureate
200004,Western Carolina University,2023,33,10009,24,12252,18183,0.8666336688115273,NC,Town/Rural,108252,31.9,R0
200004,Western Carolina University,2022,33,9956,24,13022,17917,0.8484121225651616,NC,Town/Rural,114167,31.9,R0
200004,Western Carolina University,2021,35,10145,23,13082,12308,0.7941988950276243,NC,Town/Rural,116514,31.9,R0
200004,Western Carolina University,2020,36,10517,22,13221,15036,0.4848363926576217,NC,Town/Rural,116615,31.9,R0
200004,Western Carolina University,2019,38,10469,21,12965,11128,0.6870956146657081,NC,Town/Rural,114284,31.9,R0
128391,Western Colorado University,2023,13,3569,43,17709,3283,0.9747182455071581,CO,Town/Rural,63277,41.7,M
128391,Western Colorado University,2022,14,3095,44,16672,3116,0.9184852374839538,CO,Town/Rural,64869,41.7,M
128391,Western Colorado University,2021,17,3241,46,17490,3243,0.9087264878199198,CO,Town/Rural,63204,41.7,M
128391,Western Colorado University,2020,17,2749,44,16951,2625,0.8849523809523809,CO,Town/Rural,61237,41.7,M
128391,Western Colorado University,2019,21,3073,42,17328,2504,0.8414536741214057,CO,Town/Rural,60962,41.7,M
130776,Western Connecticut State University,2023,35,3542,51,16527,5457,0.8136338647608576,CT,City/Suburb,44962,39.6,M
130776,Western Connecticut State University,2022,33,3799,48,15862,5093,0.8350677400353427,CT,City/Suburb,44540,39.6,M
130776,Western Connecticut State University,2021,33,4172,46,15660,4688,0.8485494880546075,CT,City/Suburb,44901,39.6,M
130776,Western Connecticut State University,2020,34,4640,43,17383,5196,0.8071593533487298,CT,City/Suburb,45222,39.6,M
130776,Western Connecticut State University,2019,34,4982,42,18110,5388,0.7579806978470676,CT,City/Suburb,45216,39.6,M
149772,Western Illinois University,2023,28,5025,43,12168,8479,0.7496167000825569,IL,Town/Rural,148445,35.1,M
149772,Western Illinois University,2022,44,5309,44,11213,9219,0.7499728820913332,IL,Town/Rural,145439,35.1,M
149772,Western Illinois University,2021,45,5394,41,11666,7156,0.7248462828395752,IL,Town/Rural,150490,35.1,M
149772,Western Illinois University,2020,48,5854,42,15361,7603,0.6696041036432987,IL,Town/Rural,149373,35.1,M
149772,Western Illinois University,2019,49,5958,39,15802,7302,0.5665571076417419,IL,Town/Rural,152277,35.1,M
157951,Western Kentucky University,2023,29,14590,25,12054,7720,0.9704663212435233,KY,City/Suburb,49328,24.8,R0
157951,Western Kentucky University,2022,29,14440,23,12625,7505,0.9694870086608928,KY,City/Suburb,49640,24.8,R0
157951,Western Kentucky University,2021,30,14729,22,12395,7255,0.9848380427291523,KY,City/Suburb,50879,24.8,R0
157951,Western Kentucky University,2020,29,15286,22,12705,8578,0.9775005828864537,KY,City/Suburb,51547,24.8,R0
157951,Western Kentucky University,2019,29,15895,21,12174,8245,0.9725894481503942,KY,City/Suburb,51210,24.8,R0
172699,Western Michigan University,2023,25,13026,31,20183,20100,0.8467661691542289,MI,City/Suburb,108265,29.6,R2
172699,Western Michigan University,2022,26,13589,31,20030,20501,0.8455197307448418,MI,City/Suburb,103443,29.6,R2
172699,Western Michigan University,2021,27,14587,31,19749,18853,0.8280910199968174,MI,City/Suburb,107239,29.6,R2
172699,Western Michigan University,2020,30,15969,32,18091,16582,0.8494150283439874,MI,City/Suburb,108725,29.6,R2
172699,Western Michigan University,2019,32,17051,32,17028,17698,0.7985648095830037,MI,City/Suburb,112177,29.6,R2
168254,Western New England University,2023,25,2584,31,31548,6534,0.8325681052953781,MA,City/Suburb,78133,44.5,R0
168254,Western New England University,2022,24,2406,27,30214,6128,0.8800587467362925,MA,City/Suburb,78514,44.5,R0
168254,Western New England University,2021,24,2601,26,30403,6304,0.8926078680203046,MA,City/Suburb,78839,44.5,R0
168254,Western New England University,2020,24,2552,25,30630,6235,0.8943063352044908,MA,City/Suburb,79537,44.5,R0
168254,Western New England University,2019,27,2698,26,30071,6862,0.8517924803264354,MA,City/Suburb,78060,44.5,R0
210429,Western Oregon University,2023,40,3249,42,15249,2898,0.9868875086266391,OR,Town/Rural,41163,34,M
210429,Western Oregon University,2022,40,3320,42,16754,3262,0.8335377069282649,OR,Town/Rural,41057,34,M
210429,Western Oregon University,2021,39,3615,42,15181,2798,0.9156540385989993,OR,Town/Rural,42778,34,M
210429,Western Oregon University,2020,38,4070,41,14400,3565,0.7921458625525947,OR,Town/Rural,42173,34,M
210429,Western Oregon University,2019,39,4343,41,15896,3069,0.8458781362007168,OR,Town/Rural,41717,34,M
237011,Western Washington University,2023,21,13704,31,22096,14243,0.9130801095274872,WA,City/Suburb,78990,36.7,M
237011,Western Washington University,2022,22,13800,32,21105,11864,0.9269217801753203,WA,City/Suburb,78071,36.7,M
237011,Western Washington University,2021,22,14019,32,11388,10580,0.9609640831758034,WA,City/Suburb,79537,36.7,M
237011,Western Washington University,2020,23,14194,31,18398,10219,0.9351208533124572,WA,City/Suburb,79042,36.7,M
237011,Western Washington University,2019,25,15240,31,17728,10513,0.9038333491867212,WA,City/Suburb,78061,36.7,M
168263,Westfield State University,2023,33,3788,35,17723,6273,0.8074286625219194,MA,City/Suburb,78133,44.5,M
168263,Westfield State University,2022,32,3943,31,18021,6625,0.8150943396226416,MA,City/Suburb,78514,44.5,M
168263,Westfield State University,2021,31,4239,29,19194,3629,0.943510608983191,MA,City/Suburb,78839,44.5,M
168263,Westfield State University,2020,32,4633,29,18073,4049,0.9244257841442332,MA,City/Suburb,79537,44.5,M
168263,Westfield State University,2019,32,5069,28,17149,4455,0.8716049382716049,MA,City/Suburb,78060,44.5,M
179946,Westminster College,2023,40,593,20,26780,2279,0.7757788503729706,MO,Town/Rural,67773,29.5,Baccalaureate
179946,Westminster College,2022,43,610,22,26768,2051,0.7528035104826913,MO,Town/Rural,66781,29.5,Baccalaureate
179946,Westminster College,2021,40,654,24,23783,1715,0.9667638483965014,MO,Town/Rural,66906,29.5,Baccalaureate
179946,Westminster College,2020,35,609,23,24994,933,0.9742765273311897,MO,Town/Rural,67892,29.5,Baccalaureate
179946,Westminster College,2019,35,655,22,22656,788,0.9631979695431472,MO,Town/Rural,68482,29.5,Baccalaureate
216807,Westminster College,2023,25,1155,27,21089,2650,0.8550943396226415,PA,Town/Rural,142275,31.8,Baccalaureate
216807,Westminster College,2022,28,1161,23,22645,2225,0.7528089887640449,PA,Town/Rural,139193,31.8,Baccalaureate
216807,Westminster College,2021,31,1163,25,20258,2475,0.8214141414141414,PA,Town/Rural,142186,31.8,Baccalaureate
216807,Westminster College,2020,32,1149,25,21101,2746,0.7651128914785142,PA,Town/Rural,143645,31.8,Baccalaureate
216807,Westminster College,2019,34,1165,29,20812,2459,0.6653111020740138,PA,Town/Rural,143842,31.8,Baccalaureate
230807,Westminster University,2023,25,895,33,28156,2634,0.6883067577828398,UT,City/Suburb,46946,34.9,M
230807,Westminster University,2022,26,961,31,27068,2205,0.6975056689342404,UT,City/Suburb,46085,34.9,M
230807,Westminster University,2021,24,1166,30,26956,1949,0.7573114417650076,UT,City/Suburb,45251,34.9,M
230807,Westminster University,2020,29,1426,30,25278,1921,0.8745445080687142,UT,City/Suburb,43182,34.9,M
230807,Westminster University,2019,28,1740,30,22971,1666,0.9183673469387755,UT,City/Suburb,43372,34.9,M
125727,Westmont College,2023,19,1310,48,36412,2244,0.7985739750445633,CA,City/Suburb,492544,34.2,Baccalaureate
125727,Westmont College,2022,19,1284,48,33112,2326,0.8198624247635425,CA,City/Suburb,473448,34.2,Baccalaureate
125727,Westmont College,2021,17,1238,46,33554,2344,0.7896757679180887,CA,City/Suburb,467260,34.2,Baccalaureate
125727,Westmont College,2020,20,1226,46,32418,2493,0.7015643802647413,CA,City/Suburb,477479,34.2,Baccalaureate
125727,Westmont College,2019,19,1317,46,32663,3074,0.6480156148340924,CA,City/Suburb,478819,34.2,Baccalaureate
149781,Wheaton College,2023,20,2119,32,31346,1866,0.8997856377277599,IL,City/Suburb,148445,35.1,Baccalaureate
149781,Wheaton College,2022,21,2163,31,29961,1893,0.884310618066561,IL,City/Suburb,145439,35.1,Baccalaureate
149781,Wheaton College,2021,22,2341,31,28319,1993,0.8625188158554943,IL,City/Suburb,150490,35.1,Baccalaureate
149781,Wheaton College,2020,20,2265,31,27474,1801,0.8695169350360911,IL,City/Suburb,149373,35.1,Baccalaureate
149781,Wheaton College,2019,21,2395,29,28795,1889,0.8480677607199576,IL,City/Suburb,152277,35.1,Baccalaureate
168281,Wheaton College (Massachusetts),2023,20,1778,30,31638,4702,0.7133134836239898,MA,City/Suburb,78133,44.5,Baccalaureate
168281,Wheaton College (Massachusetts),2022,21,1667,30,32863,4031,0.794839990076904,MA,City/Suburb,78514,44.5,Baccalaureate
168281,Wheaton College (Massachusetts),2021,21,1701,30,28867,3724,0.8206229860365198,MA,City/Suburb,78839,44.5,Baccalaureate
168281,Wheaton College (Massachusetts),2020,20,1670,32,28518,3580,0.770949720670391,MA,City/Suburb,79537,44.5,Baccalaureate
168281,Wheaton College (Massachusetts),2019,21,1774,34,29688,3459,0.7389418907198613,MA,City/Suburb,78060,44.5,Baccalaureate
238078,Wheeling University,2023,25,588,55,19164,2103,0.7517831669044223,WV,City/Suburb,17853,21.3,M
238078,Wheeling University,2022,32,708,77,19998,1576,0.7265228426395939,WV,City/Suburb,17400,21.3,M
238078,Wheeling University,2021,43,599,60,28844,1277,0.7807361002349256,WV,City/Suburb,18271,21.3,M
238078,Wheeling University,2020,34,582,45,30366,1057,0.7682119205298014,WV,City/Suburb,18751,21.3,M
238078,Wheeling University,2019,35,532,36,19424,1912,0.6825313807531381,WV,City/Suburb,19036,21.3,M
237057,Whitman College,2023,15,1544,42,41601,6185,0.4999191592562652,WA,City/Suburb,78990,36.7,Baccalaureate
237057,Whitman College,2022,14,1493,40,39935,5497,0.4769874476987448,WA,City/Suburb,78071,36.7,Baccalaureate
237057,Whitman College,2021,14,1559,38,35627,5155,0.5895247332686712,WA,City/Suburb,79537,36.7,Baccalaureate
237057,Whitman College,2020,12,1360,40,38989,4964,0.5412973408541499,WA,City/Suburb,79042,36.7,Baccalaureate
237057,Whitman College,2019,12,1579,37,41822,4823,0.5591955214596724,WA,City/Suburb,78061,36.7,Baccalaureate
125763,Whittier College,2023,32,813,77,32436,2797,0.8537718984626386,CA,City/Suburb,492544,34.2,Baccalaureate
125763,Whittier College,2022,34,1131,74,28368,3014,0.7544790975447909,CA,City/Suburb,473448,34.2,Baccalaureate
125763,Whittier College,2021,36,1325,75,22091,2884,0.8248959778085991,CA,City/Suburb,467260,34.2,Baccalaureate
125763,Whittier College,2020,36,1490,77,28647,5038,0.723302897975387,CA,City/Suburb,477479,34.2,Baccalaureate
125763,Whittier College,2019,36,1776,75,26363,7233,0.5711323102447118,CA,City/Suburb,478819,34.2,Baccalaureate
237066,Whitworth University,2023,28,1939,36,27491,4740,0.8677215189873417,WA,City/Suburb,78990,36.7,M
237066,Whitworth University,2022,30,2047,38,28299,4126,0.90523509452254,WA,City/Suburb,78071,36.7,M
237066,Whitworth University,2021,32,2309,37,27438,3944,0.914553752535497,WA,City/Suburb,79537,36.7,M
237066,Whitworth University,2020,31,2368,36,25785,3915,0.9100893997445721,WA,City/Suburb,79042,36.7,M
237066,Whitworth University,2019,30,2417,35,26249,3817,0.9138066544406602,WA,City/Suburb,78061,36.7,M
156125,Wichita State University,2023,30,12856,51,14184,8637,0.9494037281463471,KS,City/Suburb,36832,33.8,R2
156125,Wichita State University,2022,30,12049,48,13553,8899,0.9485335430947297,KS,City/Suburb,36624,33.8,R2
156125,Wichita State University,2021,31,12098,46,13905,7291,0.9105746811137019,KS,City/Suburb,36149,33.8,R2
156125,Wichita State University,2020,32,11946,44,14357,7655,0.7963422599608099,KS,City/Suburb,35923,33.8,R2
156125,Wichita State University,2019,33,12623,44,13849,6238,0.9169605642834242,KS,City/Suburb,35979,33.8,R2
216852,Widener University,2023,25,2811,42,30720,7167,0.8402399888377284,PA,City/Suburb,142275,31.8,R0
216852,Widener University,2022,20,2555,35,32185,5961,0.8768662976010736,PA,City/Suburb,139193,31.8,R0
216852,Widener University,2021,20,2766,31,25343,5719,0.8452526665500961,PA,City/Suburb,142186,31.8,R0
216852,Widener University,2020,21,2912,29,32695,5739,0.7457745251786025,PA,City/Suburb,143645,31.8,R0
216852,Widener University,2019,21,3223,28,31666,6245,0.7189751801441153,PA,City/Suburb,143842,31.8,R0
206491,Wilberforce University,2023,74,602,100,8222,12661,0.5272885238132848,OH,Town/Rural,133760,29,Baccalaureate
206491,Wilberforce University,2022,66,472,100,14070,4100,0.45121951219512196,OH,Town/Rural,133872,29,Baccalaureate
206491,Wilberforce University,2021,77,544,99,11830,2531,0.38798893717898064,OH,Town/Rural,136945,29,Baccalaureate
206491,Wilberforce University,2020,85,439,99,13614,2688,0.6156994047619048,OH,Town/Rural,135941,29,Baccalaureate
206491,Wilberforce University,2019,85,553,97,13014,3544,0.3905191873589165,OH,Town/Rural,135868,29,Baccalaureate
216931,Wilkes University,2023,30,1956,30,28508,6414,0.914561895852822,PA,City/Suburb,142275,31.8,R0
216931,Wilkes University,2022,31,2000,28,27918,4798,0.9414339308045019,PA,City/Suburb,139193,31.8,R0
216931,Wilkes University,2021,33,2232,29,30155,4019,0.9477481960686738,PA,City/Suburb,142186,31.8,R0
216931,Wilkes University,2020,33,2243,27,30281,3633,0.9176988714560969,PA,City/Suburb,143645,31.8,R0
216931,Wilkes University,2019,34,2351,27,27393,3756,0.7862087326943556,PA,City/Suburb,143842,31.8,R0
210401,Willamette University,2023,22,1571,36,27716,4107,0.7910883856829802,OR,City/Suburb,41163,34,Baccalaureate
210401,Willamette University,2022,24,1367,35,32957,3994,0.8059589384076115,OR,City/Suburb,41057,34,Baccalaureate
210401,Willamette University,2021,26,1236,37,37400,3680,0.7961956521739131,OR,City/Suburb,42778,34,Baccalaureate
210401,Willamette University,2020,23,1302,38,37913,4010,0.8017456359102244,OR,City/Suburb,42173,34,Baccalaureate
210401,Willamette University,2019,22,1624,41,36223,3972,0.7792044310171199,OR,City/Suburb,41717,34,Baccalaureate
231624,William & Mary,2023,12,6963,39,20422,17548,0.32715979028949166,VA,City/Suburb,99497,39.3,R2
231624,William & Mary,2022,13,6797,40,25688,18087,0.3349919831923481,VA,City/Suburb,98780,39.3,R2
231624,William & Mary,2021,12,6543,41,18399,17475,0.36543633762517885,VA,City/Suburb,100147,39.3,R2
231624,William & Mary,2020,12,6236,41,18588,14201,0.4215900288712063,VA,City/Suburb,98970,39.3,R2
231624,William & Mary,2019,12,6256,42,18551,14680,0.3768392370572207,VA,City/Suburb,95710,39.3,R2
176479,William Carey University,2023,25,3113,35,17192,571,0.5796847635726795,MS,City/Suburb,32572,23.2,R0
176479,William Carey University,2022,29,3291,38,15271,517,0.5357833655705996,MS,City/Suburb,32131,23.2,R0
176479,William Carey University,2021,24,3337,38,11676,470,0.574468085106383,MS,City/Suburb,32865,23.2,R0
176479,William Carey University,2020,39,3233,36,14834,758,0.5527704485488126,MS,City/Suburb,32110,23.2,R0
176479,William Carey University,2019,41,3210,36,10397,774,0.5503875968992248,MS,City/Suburb,32601,23.2,R0
122728,William Jessup University,2023,34,1056,56,28171,699,0.7682403433476395,CA,City/Suburb,492544,34.2,M
122728,William Jessup University,2022,33,1169,54,27591,710,0.6591549295774648,CA,City/Suburb,473448,34.2,M
122728,William Jessup University,2021,37,1210,51,27823,666,0.7777777777777778,CA,City/Suburb,467260,34.2,M
122728,William Jessup University,2020,38,1289,50,26094,710,0.652112676056338,CA,City/Suburb,477479,34.2,M
122728,William Jessup University,2019,40,1261,48,22968,775,0.6503225806451612,CA,City/Suburb,478819,34.2,M
179955,William Jewell College,2023,28,868,38,17408,2132,0.3428705440900563,MO,City/Suburb,67773,29.5,Baccalaureate
179955,William Jewell College,2022,26,824,36,20108,1676,0.40990453460620524,MO,City/Suburb,66781,29.5,Baccalaureate
179955,William Jewell College,2021,28,779,29,20876,1402,0.47004279600570614,MO,City/Suburb,66906,29.5,Baccalaureate
179955,William Jewell College,2020,26,738,28,23039,1585,0.3640378548895899,MO,City/Suburb,67892,29.5,Baccalaureate
179955,William Jewell College,2019,24,734,22,23437,1168,0.4606164383561644,MO,City/Suburb,68482,29.5,Baccalaureate
187444,William Paterson University of New Jersey,2023,44,6546,68,16999,7754,0.9251998968274439,NJ,City/Suburb,104131,40.8,M
187444,William Paterson University of New Jersey,2022,46,6604,67,12967,7062,0.9153214386859246,NJ,City/Suburb,107755,40.8,M
187444,William Paterson University of New Jersey,2021,39,7219,66,15762,8126,0.9399458528181147,NJ,City/Suburb,109108,40.8,M
187444,William Paterson University of New Jersey,2020,48,7971,65,17090,10402,0.8061911170928667,NJ,City/Suburb,109961,40.8,M
187444,William Paterson University of New Jersey,2019,49,8605,65,15096,11375,0.7517362637362638,NJ,City/Suburb,113367,40.8,M
199272,William Peace University,2023,35,730,48,24503,1286,0.973561430793157,NC,City/Suburb,108252,31.9,Baccalaureate
199272,William Peace University,2022,36,713,47,23041,955,0.9507853403141361,NC,City/Suburb,114167,31.9,Baccalaureate
199272,William Peace University,2021,39,742,49,26338,1223,0.5208503679476697,NC,City/Suburb,116514,31.9,Baccalaureate
199272,William Peace University,2020,47,830,47,25841,1277,0.6139389193422083,NC,City/Suburb,116615,31.9,Baccalaureate
199272,William Peace University,2019,48,889,47,24984,2133,0.5049226441631505,NC,City/Suburb,114284,31.9,Baccalaureate
154590,William Penn University,2023,46,1449,43,22361,1112,0.5701438848920863,IA,Town/Rural,36870,29,Baccalaureate
154590,William Penn University,2022,47,1404,42,20922,1264,0.5767405063291139,IA,Town/Rural,36521,29,Baccalaureate
154590,William Penn University,2021,50,1304,45,21112,1387,0.5767844268204758,IA,Town/Rural,37097,29,Baccalaureate
154590,William Penn University,2020,53,1276,45,21256,1599,0.5503439649781113,IA,Town/Rural,36359,29,Baccalaureate
154590,William Penn University,2019,53,1195,47,20640,1620,0.5820987654320988,IA,Town/Rural,36735,29,Baccalaureate
179964,William Woods University,2023,30,1097,41,22925,1133,0.7449249779346867,MO,Town/Rural,67773,29.5,R0
179964,William Woods University,2022,33,791,31,23363,1487,0.6146603900470746,MO,Town/Rural,66781,29.5,R0
179964,William Woods University,2021,31,781,30,23220,1426,0.6830294530154277,MO,Town/Rural,66906,29.5,R0
179964,William Woods University,2020,30,882,27,25051,1463,0.6254272043745728,MO,Town/Rural,67892,29.5,R0
179964,William Woods University,2019,31,873,22,23663,914,0.6400437636761488,MO,Town/Rural,68482,29.5,R0
107877,Williams Baptist University,2023,47,491,25,16658,1014,0.5887573964497042,AR,Town/Rural,33693,23.3,Baccalaureate
107877,Williams Baptist University,2022,42,562,19,14488,951,0.5930599369085173,AR,Town/Rural,33705,23.3,Baccalaureate
107877,Williams Baptist University,2021,51,604,24,14571,1181,0.6409822184589331,AR,Town/Rural,34604,23.3,Baccalaureate
107877,Williams Baptist University,2020,53,589,23,16646,1228,0.6929967426710097,AR,Town/Rural,34014,23.3,Baccalaureate
107877,Williams Baptist University,2019,44,526,26,18487,1036,0.5878378378378378,AR,Town/Rural,33531,23.3,Baccalaureate
168342,Williams College,2023,17,2112,52,16988,11465,0.09986916703009158,MA,Town/Rural,78133,44.5,Baccalaureate
168342,Williams College,2022,18,2169,52,20965,15321,0.08498139808106521,MA,Town/Rural,78514,44.5,Baccalaureate
168342,Williams College,2021,22,2174,50,14487,12452,0.08825891423064568,MA,Town/Rural,78839,44.5,Baccalaureate
168342,Williams College,2020,21,1962,54,22356,8744,0.15118938700823423,MA,Town/Rural,79537,44.5,Baccalaureate
168342,Williams College,2019,21,2094,51,17303,9715,0.12599073597529595,MA,Town/Rural,78060,44.5,Baccalaureate
206507,Wilmington College,2023,37,924,25,24915,1877,0.8460309003729355,OH,Town/Rural,133760,29,Baccalaureate
206507,Wilmington College,2022,36,1015,25,24528,1963,0.8813041263372389,OH,Town/Rural,133872,29,Baccalaureate
206507,Wilmington College,2021,38,1032,23,22372,1524,0.868766404199475,OH,Town/Rural,136945,29,Baccalaureate
206507,Wilmington College,2020,41,1165,23,21768,1558,0.727214377406932,OH,Town/Rural,135941,29,Baccalaureate
206507,Wilmington College,2019,42,1231,25,22432,1650,0.7818181818181819,OH,Town/Rural,135868,29,Baccalaureate
217013,Wilson College,2023,27,1180,21,21567,1068,0.899812734082397,PA,City/Suburb,142275,31.8,M
217013,Wilson College,2022,24,966,22,23923,739,0.9404600811907984,PA,City/Suburb,139193,31.8,M
217013,Wilson College,2021,24,977,23,22200,673,0.9286775631500743,PA,City/Suburb,142186,31.8,M
217013,Wilson College,2020,30,1041,27,22318,808,0.9220297029702971,PA,City/Suburb,143645,31.8,M
217013,Wilson College,2019,32,1072,30,22147,806,0.9280397022332506,PA,City/Suburb,143842,31.8,M
199962,Wingate University,2023,41,2464,59,21464,21210,0.84992927864215,NC,City/Suburb,108252,31.9,R0
199962,Wingate University,2022,42,2510,56,18823,20292,0.8615217819830475,NC,City/Suburb,114167,31.9,R0
199962,Wingate University,2021,40,2483,53,19013,17662,0.845261012342883,NC,City/Suburb,116514,31.9,R0
199962,Wingate University,2020,41,2683,49,20594,16841,0.8268511371058725,NC,City/Suburb,116615,31.9,R0
199962,Wingate University,2019,41,2764,46,19155,15988,0.8874155616712535,NC,City/Suburb,114284,31.9,R0
175272,Winona State University,2023,23,5267,18,18919,6159,0.6851761649618444,MN,Town/Rural,67002,36.7,M
175272,Winona State University,2022,25,5403,18,18187,5367,0.7374697223774921,MN,Town/Rural,64579,36.7,M
175272,Winona State University,2021,24,5748,17,17283,5335,0.7690721649484537,MN,Town/Rural,65199,36.7,M
175272,Winona State University,2020,26,6391,17,17185,6804,0.7517636684303352,MN,Town/Rural,66285,36.7,M
175272,Winona State University,2019,27,6978,17,16617,7663,0.6791073991909174,MN,Town/Rural,65499,36.7,M
199999,Winston-Salem State University,2023,61,4260,94,12948,9273,0.6855386606276286,NC,City/Suburb,108252,31.9,R0
199999,Winston-Salem State University,2022,62,4513,94,14097,7628,0.7338751966439434,NC,City/Suburb,114167,31.9,R0
199999,Winston-Salem State University,2021,64,4726,93,12976,5419,0.814725964200037,NC,City/Suburb,116514,31.9,R0
199999,Winston-Salem State University,2020,65,4689,93,11868,5182,0.7252026244693168,NC,City/Suburb,116615,31.9,R0
199999,Winston-Salem State University,2019,64,4656,89,11783,4773,0.6758851875130945,NC,City/Suburb,114284,31.9,R0
218964,Winthrop University,2023,39,3787,47,16838,5858,0.7505974735404575,SC,City/Suburb,53335,28.3,M
218964,Winthrop University,2022,41,3741,47,17008,5099,0.6975877623063346,SC,City/Suburb,52277,28.3,M
218964,Winthrop University,2021,41,3973,47,17100,5582,0.6390182730204228,SC,City/Suburb,52010,28.3,M
218964,Winthrop University,2020,41,4406,45,19300,6705,0.6393736017897091,SC,City/Suburb,52680,28.3,M
218964,Winthrop University,2019,41,4764,44,19115,6101,0.6877561055564662,SC,City/Suburb,53953,28.3,M
240338,Wisconsin Lutheran College,2023,25,1021,28,22809,1847,0.7904710341093666,WI,City/Suburb,67563,30,Baccalaureate
240338,Wisconsin Lutheran College,2022,25,1003,27,22682,1474,0.9382632293080054,WI,City/Suburb,65909,30,Baccalaureate
240338,Wisconsin Lutheran College,2021,26,1031,25,21761,1363,0.9801907556859868,WI,City/Suburb,66830,30,Baccalaureate
240338,Wisconsin Lutheran College,2020,28,1034,24,21529,981,0.9561671763506626,WI,City/Suburb,68053,30,Baccalaureate
240338,Wisconsin Lutheran College,2019,31,1003,18,21836,751,0.8921438082556591,WI,City/Suburb,68191,30,Baccalaureate
206525,Wittenberg University,2023,29,1288,28,21457,2956,0.9103518267929634,OH,City/Suburb,133760,29,Baccalaureate
206525,Wittenberg University,2022,29,1258,26,22912,2998,0.9392928619079386,OH,City/Suburb,133872,29,Baccalaureate
206525,Wittenberg University,2021,29,1286,23,22179,3272,0.9226772616136919,OH,City/Suburb,136945,29,Baccalaureate
206525,Wittenberg University,2020,29,1445,23,21901,2807,0.974349839686498,OH,City/Suburb,135941,29,Baccalaureate
206525,Wittenberg University,2019,29,1577,23,23060,2392,0.9130434782608695,OH,City/Suburb,135868,29,Baccalaureate
218973,Wofford College,2023,15,1873,20,31061,4183,0.5859431030360985,SC,City/Suburb,53335,28.3,Baccalaureate
218973,Wofford College,2022,15,1823,20,31192,4425,0.6018079096045198,SC,City/Suburb,52277,28.3,Baccalaureate
218973,Wofford College,2021,18,1765,21,30608,4351,0.5244771316938635,SC,City/Suburb,52010,28.3,Baccalaureate
218973,Wofford College,2020,17,1764,19,30431,4102,0.529985372988786,SC,City/Suburb,52680,28.3,Baccalaureate
218973,Wofford College,2019,16,1720,20,28033,3786,0.598256735340729,SC,City/Suburb,53953,28.3,Baccalaureate
491631,Women's Institute of Torah Seminary and College,2023,24,191,0,13844,52,0.9615384615384616,MD,City/Suburb,69770,40.8,Special or Tribal
491631,Women's Institute of Torah Seminary and College,2022,20,173,0,20687,55,1,MD,City/Suburb,69124,40.8,Special or Tribal
491631,Women's Institute of Torah Seminary and College,2021,21,189,0,18143,61,0.8852459016393442,MD,City/Suburb,71017,40.8,Special or Tribal
491631,Women's Institute of Torah Seminary and College,2020,20,147,0,18886,52,0.8076923076923077,MD,City/Suburb,67971,40.8,Special or Tribal
125897,Woodbury University,2023,49,825,59,31257,1312,0.7286585365853658,CA,City/Suburb,492544,34.2,M
125897,Woodbury University,2022,51,868,63,32182,1460,0.626027397260274,CA,City/Suburb,473448,34.2,M
125897,Woodbury University,2021,50,937,66,32293,1453,0.6304198210598762,CA,City/Suburb,467260,34.2,M
125897,Woodbury University,2020,48,1019,66,32295,1554,0.703989703989704,CA,City/Suburb,477479,34.2,M
125897,Woodbury University,2019,46,1108,66,26349,1907,0.6633455689564761,CA,City/Suburb,478819,34.2,M
168421,Worcester Polytechnic Institute,2023,10,5453,36,47799,11809,0.5849775594885257,MA,City/Suburb,78133,44.5,R2
168421,Worcester Polytechnic Institute,2022,10,5246,36,46876,11599,0.574790930252608,MA,City/Suburb,78514,44.5,R2
168421,Worcester Polytechnic Institute,2021,9,5224,36,48230,11092,0.6021456905878111,MA,City/Suburb,78839,44.5,R2
168421,Worcester Polytechnic Institute,2020,10,4892,37,45834,11269,0.5904694294081108,MA,City/Suburb,79537,44.5,R2
168421,Worcester Polytechnic Institute,2019,11,4761,39,42393,10645,0.49365899483325504,MA,City/Suburb,78060,44.5,R2
168430,Worcester State University,2023,29,4734,44,14307,4745,0.8986301369863013,MA,City/Suburb,78133,44.5,M
168430,Worcester State University,2022,29,4478,39,14435,4718,0.8766426451886392,MA,City/Suburb,78514,44.5,M
168430,Worcester State University,2021,30,4640,37,12853,3446,0.8932095182820662,MA,City/Suburb,78839,44.5,M
168430,Worcester State University,2020,31,4958,37,15767,4044,0.8103363006923838,MA,City/Suburb,79537,44.5,M
168430,Worcester State University,2019,31,5332,37,16103,3891,0.8075044975584683,MA,City/Suburb,78060,44.5,M
206613,Wright State University-Lake Campus,2022,23,1294,9,11585,660,0.9984848484848485,OH,Town/Rural,133872,29,Baccalaureate
206613,Wright State University-Lake Campus,2021,20,1435,9,9926,629,0.9841017488076311,OH,Town/Rural,136945,29,Baccalaureate
206613,Wright State University-Lake Campus,2020,18,1739,10,11067,511,0.9960861056751468,OH,Town/Rural,135941,29,Baccalaureate
206613,Wright State University-Lake Campus,2019,25,1648,12,10390,484,0.993801652892562,OH,Town/Rural,135868,29,Baccalaureate
206604,Wright State University-Main Campus,2023,33,7012,29,15400,8894,0.9515403642905329,OH,City/Suburb,133760,29,R2
206604,Wright State University-Main Campus,2022,32,6938,28,15650,7162,0.9522479754258587,OH,City/Suburb,133872,29,R2
206604,Wright State University-Main Campus,2021,31,7477,27,14198,6338,0.960397601767119,OH,City/Suburb,136945,29,R2
206604,Wright State University-Main Campus,2020,33,8332,26,15337,5226,0.9563719862227325,OH,City/Suburb,135941,29,R2
206604,Wright State University-Main Campus,2019,32,9371,26,15251,5849,0.9545221405368439,OH,City/Suburb,135868,29,R2
206622,Xavier University,2023,14,4748,27,31542,16750,0.8772537313432835,OH,City/Suburb,133760,29,R0
206622,Xavier University,2022,13,4852,25,31619,14836,0.8453761121596117,OH,City/Suburb,133872,29,R0
206622,Xavier University,2021,14,5140,25,32370,15199,0.8401868543983156,OH,City/Suburb,136945,29,R0
206622,Xavier University,2020,13,5272,25,34945,14805,0.8121580547112462,OH,City/Suburb,135941,29,R0
206622,Xavier University,2019,14,5043,25,32429,14758,0.7637213714595473,OH,City/Suburb,135868,29,R0
160904,Xavier University of Louisiana,2023,52,2591,99,17874,9608,0.7447960033305578,LA,City/Suburb,49729,24.3,M
160904,Xavier University of Louisiana,2022,52,2696,99,18080,8803,0.9516074065659434,LA,City/Suburb,49777,24.3,M
160904,Xavier University of Louisiana,2021,51,2755,99,16886,6575,0.9540684410646387,LA,City/Suburb,52461,24.3,M
160904,Xavier University of Louisiana,2020,51,2517,98,19066,9517,0.8062414626457918,LA,City/Suburb,53334,24.3,M
160904,Xavier University of Louisiana,2019,52,2530,98,18794,9291,0.5998277903347325,LA,City/Suburb,52809,24.3,M
130794,Yale University,2023,19,6818,68,26044,51803,0.045016697874640466,CT,City/Suburb,44962,39.6,R1
130794,Yale University,2022,19,6645,65,18647,50060,0.045725129844186974,CT,City/Suburb,44540,39.6,R1
130794,Yale University,2021,21,6536,63,20605,47240,0.05311176968670618,CT,City/Suburb,44901,39.6,R1
130794,Yale University,2020,18,4703,65,17511,35220,0.06527541169789892,CT,City/Suburb,45222,39.6,R1
130794,Yale University,2019,18,6092,60,18073,36844,0.06082401476495494,CT,City/Suburb,45216,39.6,R1
490319,Yeshiva Bais Aharon,2023,75,13,0,11935,8,0.75,NJ,City/Suburb,104131,40.8,Special or Tribal
490319,Yeshiva Bais Aharon,2022,94,12,0,6534,5,0.6,NJ,City/Suburb,107755,40.8,Special or Tribal
490319,Yeshiva Bais Aharon,2021,63,18,0,6015,13,1,NJ,City/Suburb,109108,40.8,Special or Tribal
490319,Yeshiva Bais Aharon,2020,55,24,0,6984,16,0.875,NJ,City/Suburb,109961,40.8,Special or Tribal
490319,Yeshiva Bais Aharon,2019,54,31,0,9383,12,0.75,NJ,City/Suburb,113367,40.8,Special or Tribal
491622,Yeshiva Chemdas Hatorah,2023,47,79,5,9676,28,0.75,NJ,City/Suburb,104131,40.8,Special or Tribal
491622,Yeshiva Chemdas Hatorah,2022,44,81,14,8015,27,0.5555555555555556,NJ,City/Suburb,107755,40.8,Special or Tribal
491622,Yeshiva Chemdas Hatorah,2021,47,85,12,9529,32,0.75,NJ,City/Suburb,109108,40.8,Special or Tribal
491622,Yeshiva Chemdas Hatorah,2020,59,74,12,10201,35,0.8571428571428571,NJ,City/Suburb,109961,40.8,Special or Tribal
491622,Yeshiva Chemdas Hatorah,2019,63,71,7,9899,33,0.8484848484848485,NJ,City/Suburb,113367,40.8,Special or Tribal
420325,Yeshiva D'monsey Rabbinical College,2023,84,86,0,6266,78,0.4230769230769231,NY,City/Suburb,211853,37.2,Special or Tribal
420325,Yeshiva D'monsey Rabbinical College,2022,85,85,0,5054,66,0.3181818181818182,NY,City/Suburb,213993,37.2,Special or Tribal
420325,Yeshiva D'monsey Rabbinical College,2021,93,77,0,5542,59,0.3728813559322034,NY,City/Suburb,217586,37.2,Special or Tribal
420325,Yeshiva D'monsey Rabbinical College,2020,75,71,0,6829,53,0.49056603773584906,NY,City/Suburb,209688,37.2,Special or Tribal
420325,Yeshiva D'monsey Rabbinical College,2019,93,80,0,4125,57,0.631578947368421,NY,City/Suburb,212104,37.2,Special or Tribal
197647,Yeshiva Derech Chaim,2023,40,119,8,10153,47,0.7021276595744681,NY,City/Suburb,211853,37.2,Special or Tribal
197647,Yeshiva Derech Chaim,2022,43,111,6,10089,59,0.6440677966101694,NY,City/Suburb,213993,37.2,Special or Tribal
197647,Yeshiva Derech Chaim,2021,37,110,8,11594,68,0.6764705882352942,NY,City/Suburb,217586,37.2,Special or Tribal
197647,Yeshiva Derech Chaim,2020,45,91,11,11428,55,0.5636363636363636,NY,City/Suburb,209688,37.2,Special or Tribal
197647,Yeshiva Derech Chaim,2019,44,89,13,8195,41,0.6585365853658537,NY,City/Suburb,212104,37.2,Special or Tribal
493716,Yeshiva Gedola Tiferes Yaakov Yitzchok,2023,19,69,0,11596,40,0.5,NJ,City/Suburb,104131,40.8,Special or Tribal
493716,Yeshiva Gedola Tiferes Yaakov Yitzchok,2022,20,68,1,10839,40,0.625,NJ,City/Suburb,107755,40.8,Special or Tribal
493716,Yeshiva Gedola Tiferes Yaakov Yitzchok,2021,15,68,0,10844,38,0.3684210526315789,NJ,City/Suburb,109108,40.8,Special or Tribal
493716,Yeshiva Gedola Tiferes Yaakov Yitzchok,2020,16,71,0,12967,32,0.5,NJ,City/Suburb,109961,40.8,Special or Tribal
493716,Yeshiva Gedola Tiferes Yaakov Yitzchok,2019,21,70,0,10745,44,0.4772727272727273,NJ,City/Suburb,113367,40.8,Special or Tribal
491914,Yeshiva Gedola Tiferes Yerachmiel,2023,43,172,10,8936,61,0.4262295081967213,NJ,City/Suburb,104131,40.8,Two-Year
491914,Yeshiva Gedola Tiferes Yerachmiel,2022,34,178,7,6089,82,0.2926829268292683,NJ,City/Suburb,107755,40.8,Two-Year
491914,Yeshiva Gedola Tiferes Yerachmiel,2021,36,167,5,8002,80,0.3125,NJ,City/Suburb,109108,40.8,Two-Year
491914,Yeshiva Gedola Tiferes Yerachmiel,2020,44,154,3,7458,27,0.9629629629629629,NJ,City/Suburb,109961,40.8,Two-Year
491914,Yeshiva Gedola Tiferes Yerachmiel,2019,47,135,2,9529,49,0.42857142857142855,NJ,City/Suburb,113367,40.8,Two-Year
491640,Yeshiva Gedolah Keren Hatorah,2023,60,189,0,9303,40,0.95,NJ,City/Suburb,104131,40.8,Two-Year
491640,Yeshiva Gedolah Keren Hatorah,2022,63,186,0,3988,41,1,NJ,City/Suburb,107755,40.8,Two-Year
491640,Yeshiva Gedolah Keren Hatorah,2021,64,169,0,6897,55,0.7272727272727273,NJ,City/Suburb,109108,40.8,Two-Year
491640,Yeshiva Gedolah Keren Hatorah,2020,61,156,0,7380,40,0.95,NJ,City/Suburb,109961,40.8,Two-Year
491640,Yeshiva Gedolah Keren Hatorah,2019,55,155,1,8624,50,0.82,NJ,City/Suburb,113367,40.8,Two-Year
481410,Yeshiva Gedolah Kesser Torah,2023,38,82,2,12583,70,0.35714285714285715,NY,City/Suburb,211853,37.2,Special or Tribal
481410,Yeshiva Gedolah Kesser Torah,2022,35,79,3,9627,44,0.5227272727272727,NY,City/Suburb,213993,37.2,Special or Tribal
481410,Yeshiva Gedolah Kesser Torah,2021,29,77,1,11684,48,0.5,NY,City/Suburb,217586,37.2,Special or Tribal
481410,Yeshiva Gedolah Kesser Torah,2020,40,85,0,11749,53,0.39622641509433965,NY,City/Suburb,209688,37.2,Special or Tribal
481410,Yeshiva Gedolah Kesser Torah,2019,42,83,6,12556,20,0.9,NY,City/Suburb,212104,37.2,Special or Tribal
491710,Yeshiva Gedolah of Cliffwood,2023,9,55,9,11523,25,0.8,NJ,City/Suburb,104131,40.8,Special or Tribal
491710,Yeshiva Gedolah of Cliffwood,2022,13,72,1,7875,30,0.5,NJ,City/Suburb,107755,40.8,Special or Tribal
491710,Yeshiva Gedolah of Cliffwood,2021,7,63,3,8717,35,0.5714285714285714,NJ,City/Suburb,109108,40.8,Special or Tribal
491710,Yeshiva Gedolah of Cliffwood,2020,16,111,2,11370,22,0.8181818181818182,NJ,City/Suburb,109961,40.8,Special or Tribal
491710,Yeshiva Gedolah of Cliffwood,2019,17,93,3,9415,50,0.7,NJ,City/Suburb,113367,40.8,Special or Tribal
247773,Yeshiva Gedolah of Greater Detroit,2023,38,71,0,6162,27,0.9259259259259259,MI,City/Suburb,108265,29.6,Special or Tribal
247773,Yeshiva Gedolah of Greater Detroit,2022,39,68,0,6826,25,0.84,MI,City/Suburb,103443,29.6,Special or Tribal
247773,Yeshiva Gedolah of Greater Detroit,2021,40,54,0,8765,22,0.8636363636363636,MI,City/Suburb,107239,29.6,Special or Tribal
247773,Yeshiva Gedolah of Greater Detroit,2020,55,50,0,9421,14,0.9285714285714286,MI,City/Suburb,108725,29.6,Special or Tribal
247773,Yeshiva Gedolah of Greater Detroit,2019,60,55,0,8567,25,0.92,MI,City/Suburb,112177,29.6,Special or Tribal
493707,Yeshiva Gedolah of Woodlake Village,2023,32,79,15,9188,22,0.9545454545454546,NJ,City/Suburb,104131,40.8,Special or Tribal
493707,Yeshiva Gedolah of Woodlake Village,2022,36,82,16,7035,36,0.8333333333333334,NJ,City/Suburb,107755,40.8,Special or Tribal
493707,Yeshiva Gedolah of Woodlake Village,2021,38,90,6,6349,34,0.9411764705882353,NJ,City/Suburb,109108,40.8,Special or Tribal
493707,Yeshiva Gedolah of Woodlake Village,2020,38,81,4,9583,40,0.825,NJ,City/Suburb,109961,40.8,Special or Tribal
493707,Yeshiva Gedolah of Woodlake Village,2019,45,65,0,9796,38,0.868421052631579,NJ,City/Suburb,113367,40.8,Special or Tribal
488350,Yeshiva Gedolah Shaarei Shmuel,2023,38,132,0,8944,100,0.53,NJ,City/Suburb,104131,40.8,Special or Tribal
488350,Yeshiva Gedolah Shaarei Shmuel,2022,29,126,3,6440,149,0.46308724832214765,NJ,City/Suburb,107755,40.8,Special or Tribal
488350,Yeshiva Gedolah Shaarei Shmuel,2021,19,99,8,7062,100,0.5,NJ,City/Suburb,109108,40.8,Special or Tribal
488350,Yeshiva Gedolah Shaarei Shmuel,2020,24,77,9,12092,75,0.4,NJ,City/Suburb,109961,40.8,Special or Tribal
488350,Yeshiva Gedolah Shaarei Shmuel,2019,30,90,11,9766,70,0.32857142857142857,NJ,City/Suburb,113367,40.8,Special or Tribal
491613,Yeshiva Gedolah Tiferes Boruch,2023,55,70,0,7528,19,1,NJ,City/Suburb,104131,40.8,Not Carnegie
491613,Yeshiva Gedolah Tiferes Boruch,2022,55,69,0,5737,22,0.8636363636363636,NJ,City/Suburb,107755,40.8,Not Carnegie
491613,Yeshiva Gedolah Tiferes Boruch,2021,51,74,0,6846,19,1,NJ,City/Suburb,109108,40.8,Not Carnegie
491613,Yeshiva Gedolah Tiferes Boruch,2020,60,76,0,7943,21,1,NJ,City/Suburb,109961,40.8,Not Carnegie
491613,Yeshiva Gedolah Tiferes Boruch,2019,49,65,0,7918,23,0.9130434782608695,NJ,City/Suburb,113367,40.8,Not Carnegie
476692,Yeshiva Gedolah Zichron Leyma,2023,45,47,13,7047,34,0.7058823529411765,NJ,City/Suburb,104131,40.8,Special or Tribal
476692,Yeshiva Gedolah Zichron Leyma,2022,47,40,7,6374,43,0.4883720930232558,NJ,City/Suburb,107755,40.8,Special or Tribal
476692,Yeshiva Gedolah Zichron Leyma,2021,47,36,3,5779,45,0.5111111111111111,NJ,City/Suburb,109108,40.8,Special or Tribal
476692,Yeshiva Gedolah Zichron Leyma,2020,45,34,0,10887,28,0.7857142857142857,NJ,City/Suburb,109961,40.8,Special or Tribal
476692,Yeshiva Gedolah Zichron Leyma,2019,35,22,0,10267,16,0.5,NJ,City/Suburb,113367,40.8,Special or Tribal
197601,Yeshiva Karlin Stolin,2019,86,129,0,5120,38,0.7894736842105263,NY,City/Suburb,212104,37.2,Special or Tribal
491057,Yeshiva Kollel Tifereth Elizer,2023,89,373,0,11349,20,0.75,NY,City/Suburb,211853,37.2,Special or Tribal
491057,Yeshiva Kollel Tifereth Elizer,2022,89,292,0,7778,34,0.8235294117647058,NY,City/Suburb,213993,37.2,Special or Tribal
491057,Yeshiva Kollel Tifereth Elizer,2021,92,208,0,6682,28,0.8571428571428571,NY,City/Suburb,217586,37.2,Special or Tribal
491057,Yeshiva Kollel Tifereth Elizer,2020,91,171,0,10763,24,0.625,NY,City/Suburb,209688,37.2,Special or Tribal
491057,Yeshiva Kollel Tifereth Elizer,2019,89,128,0,7486,7,0.7142857142857143,NY,City/Suburb,212104,37.2,Special or Tribal
190752,Yeshiva of Far Rockaway Derech Ayson Rabbinical Seminary,2023,17,57,0,16144,25,0.88,NY,City/Suburb,211853,37.2,Special or Tribal
190752,Yeshiva of Far Rockaway Derech Ayson Rabbinical Seminary,2022,20,51,0,10440,21,0.6666666666666666,NY,City/Suburb,213993,37.2,Special or Tribal
190752,Yeshiva of Far Rockaway Derech Ayson Rabbinical Seminary,2021,24,55,0,13625,27,0.8148148148148148,NY,City/Suburb,217586,37.2,Special or Tribal
190752,Yeshiva of Far Rockaway Derech Ayson Rabbinical Seminary,2020,17,43,0,16058,17,0.8823529411764706,NY,City/Suburb,209688,37.2,Special or Tribal
190752,Yeshiva of Far Rockaway Derech Ayson Rabbinical Seminary,2019,18,36,0,14957,14,0.9285714285714286,NY,City/Suburb,212104,37.2,Special or Tribal
455257,Yeshiva of Machzikai Hadas,2023,84,461,0,19630,130,0.6615384615384615,NY,City/Suburb,211853,37.2,Special or Tribal
455257,Yeshiva of Machzikai Hadas,2022,87,431,3,15607,138,0.717391304347826,NY,City/Suburb,213993,37.2,Special or Tribal
455257,Yeshiva of Machzikai Hadas,2021,74,370,5,17199,98,0.6122448979591837,NY,City/Suburb,217586,37.2,Special or Tribal
455257,Yeshiva of Machzikai Hadas,2020,80,457,7,15159,79,0.7848101265822784,NY,City/Suburb,209688,37.2,Special or Tribal
455257,Yeshiva of Machzikai Hadas,2019,80,468,5,16065,111,0.9099099099099099,NY,City/Suburb,212104,37.2,Special or Tribal
493594,Yeshiva of Ocean,2023,63,57,2,9871,50,0.38,NY,Town/Rural,211853,37.2,Special or Tribal
493594,Yeshiva of Ocean,2022,69,40,0,6807,25,0.64,NY,Town/Rural,213993,37.2,Special or Tribal
493594,Yeshiva of Ocean,2021,61,36,0,7862,28,0.5,NY,Town/Rural,217586,37.2,Special or Tribal
493594,Yeshiva of Ocean,2020,53,33,0,9811,20,0.25,NY,Town/Rural,209688,37.2,Special or Tribal
493594,Yeshiva of Ocean,2019,40,40,7,7935,25,0.4,NY,Town/Rural,212104,37.2,Special or Tribal
431983,Yeshiva of the Telshe Alumni,2019,46,74,1,10430,8,0.375,NY,City/Suburb,212104,37.2,Special or Tribal
126076,Yeshiva Ohr Elchonon Chabad West Coast Talmudical Seminary,2023,55,157,1,13122,107,0.616822429906542,CA,City/Suburb,492544,34.2,Special or Tribal
126076,Yeshiva Ohr Elchonon Chabad West Coast Talmudical Seminary,2022,58,142,3,12326,122,0.6147540983606558,CA,City/Suburb,473448,34.2,Special or Tribal
126076,Yeshiva Ohr Elchonon Chabad West Coast Talmudical Seminary,2021,68,142,2,14987,86,0.686046511627907,CA,City/Suburb,467260,34.2,Special or Tribal
126076,Yeshiva Ohr Elchonon Chabad West Coast Talmudical Seminary,2020,62,135,1,12576,70,0.7285714285714285,CA,City/Suburb,477479,34.2,Special or Tribal
126076,Yeshiva Ohr Elchonon Chabad West Coast Talmudical Seminary,2019,70,138,2,11489,76,0.8157894736842105,CA,City/Suburb,478819,34.2,Special or Tribal
490504,Yeshiva Ohr Naftoli,2023,23,43,2,11038,31,0.8064516129032258,NY,City/Suburb,211853,37.2,Special or Tribal
490504,Yeshiva Ohr Naftoli,2022,35,40,2,7146,6,1,NY,City/Suburb,213993,37.2,Special or Tribal
490504,Yeshiva Ohr Naftoli,2021,35,46,2,9038,12,0.9166666666666666,NY,City/Suburb,217586,37.2,Special or Tribal
490504,Yeshiva Ohr Naftoli,2020,17,37,0,14925,18,1,NY,City/Suburb,209688,37.2,Special or Tribal
490504,Yeshiva Ohr Naftoli,2019,50,35,0,10743,19,0.8947368421052632,NY,City/Suburb,212104,37.2,Special or Tribal
486017,Yeshiva Ohr Yisrael,2023,26,17,6,10500,5,1,NY,City/Suburb,211853,37.2,Special or Tribal
486017,Yeshiva Ohr Yisrael,2022,28,23,13,12027,4,1,NY,City/Suburb,213993,37.2,Special or Tribal
486017,Yeshiva Ohr Yisrael,2021,22,32,0,13300,5,1,NY,City/Suburb,217586,37.2,Special or Tribal
486017,Yeshiva Ohr Yisrael,2020,20,36,3,12617,8,0.875,NY,City/Suburb,209688,37.2,Special or Tribal
486017,Yeshiva Ohr Yisrael,2019,18,46,4,11951,9,0.6666666666666666,NY,City/Suburb,212104,37.2,Special or Tribal
441609,Yeshiva Shaarei Torah of Rockland,2023,24,141,9,18501,49,0.3469387755102041,NY,City/Suburb,211853,37.2,Special or Tribal
441609,Yeshiva Shaarei Torah of Rockland,2022,42,183,8,13353,40,0.4,NY,City/Suburb,213993,37.2,Special or Tribal
441609,Yeshiva Shaarei Torah of Rockland,2020,37,90,13,13898,21,0.6666666666666666,NY,City/Suburb,209688,37.2,Special or Tribal
486026,Yeshiva Sholom Shachna,2023,48,118,0,7551,46,0.8695652173913043,NY,City/Suburb,211853,37.2,Special or Tribal
486026,Yeshiva Sholom Shachna,2022,39,127,0,5621,51,1,NY,City/Suburb,213993,37.2,Special or Tribal
486026,Yeshiva Sholom Shachna,2021,49,111,0,6378,15,0.6666666666666666,NY,City/Suburb,217586,37.2,Special or Tribal
486026,Yeshiva Sholom Shachna,2020,49,106,0,10306,31,1,NY,City/Suburb,209688,37.2,Special or Tribal
486026,Yeshiva Sholom Shachna,2019,50,112,0,9897,50,0.96,NY,City/Suburb,212104,37.2,Special or Tribal
451398,Yeshiva Toras Chaim,2023,42,225,15,5821,63,0.9841269841269841,NJ,City/Suburb,104131,40.8,Special or Tribal
451398,Yeshiva Toras Chaim,2022,40,213,14,8691,100,0.59,NJ,City/Suburb,107755,40.8,Special or Tribal
451398,Yeshiva Toras Chaim,2021,50,230,10,7316,111,0.6306306306306306,NJ,City/Suburb,109108,40.8,Special or Tribal
451398,Yeshiva Toras Chaim,2020,53,213,9,5774,96,0.75,NJ,City/Suburb,109961,40.8,Special or Tribal
451398,Yeshiva Toras Chaim,2019,50,236,8,4962,70,0.8428571428571429,NJ,City/Suburb,113367,40.8,Special or Tribal
197708,Yeshiva University,2023,14,3091,40,38118,1713,0.637478108581436,NY,City/Suburb,211853,37.2,R0
197708,Yeshiva University,2022,13,2866,36,35912,1615,0.6321981424148607,NY,City/Suburb,213993,37.2,R0
197708,Yeshiva University,2021,12,2657,40,36807,1410,0.6269503546099291,NY,City/Suburb,217586,37.2,R0
197708,Yeshiva University,2020,15,2840,27,35603,1442,0.6740638002773925,NY,City/Suburb,209688,37.2,R0
197708,Yeshiva University,2019,16,2829,11,33953,1660,0.5536144578313253,NY,City/Suburb,212104,37.2,R0
481438,Yeshiva Yesodei Hatorah,2023,39,72,6,11390,23,1,NJ,City/Suburb,104131,40.8,Special or Tribal
481438,Yeshiva Yesodei Hatorah,2022,35,67,6,13554,27,0.9259259259259259,NJ,City/Suburb,107755,40.8,Special or Tribal
481438,Yeshiva Yesodei Hatorah,2021,40,69,4,10849,22,1,NJ,City/Suburb,109108,40.8,Special or Tribal
481438,Yeshiva Yesodei Hatorah,2020,44,52,0,10183,30,0.5666666666666667,NJ,City/Suburb,109961,40.8,Special or Tribal
481438,Yeshiva Yesodei Hatorah,2019,43,62,0,11517,38,0.868421052631579,NJ,City/Suburb,113367,40.8,Special or Tribal
487746,Yeshiva Zichron Aryeh,2019,14,27,15,17007,7,0.7142857142857143,NY,City/Suburb,212104,37.2,Special or Tribal
451370,Yeshivas Be'er Yitzchok,2023,57,52,8,23562,5,1,NJ,City/Suburb,104131,40.8,Special or Tribal
451370,Yeshivas Be'er Yitzchok,2022,47,59,5,18603,18,0.8888888888888888,NJ,City/Suburb,107755,40.8,Special or Tribal
451370,Yeshivas Be'er Yitzchok,2021,58,68,3,19513,20,0.8,NJ,City/Suburb,109108,40.8,Special or Tribal
451370,Yeshivas Be'er Yitzchok,2020,60,57,0,22614,8,1,NJ,City/Suburb,109961,40.8,Special or Tribal
451370,Yeshivas Be'er Yitzchok,2019,77,62,0,20918,20,0.65,NJ,City/Suburb,113367,40.8,Special or Tribal
491765,Yeshivas Emek Hatorah,2023,10,93,0,10547,29,1,NJ,Town/Rural,104131,40.8,Not Carnegie
491765,Yeshivas Emek Hatorah,2022,9,93,0,9177,23,1,NJ,Town/Rural,107755,40.8,Not Carnegie
491765,Yeshivas Emek Hatorah,2021,15,98,0,11772,27,1,NJ,Town/Rural,109108,40.8,Not Carnegie
491765,Yeshivas Emek Hatorah,2020,21,95,0,24608,18,0.9444444444444444,NJ,Town/Rural,109961,40.8,Not Carnegie
405058,Yeshivas Novominsk,2023,35,163,1,9267,51,0.9019607843137255,NY,City/Suburb,211853,37.2,Not Carnegie
405058,Yeshivas Novominsk,2022,32,149,1,11919,50,0.78,NY,City/Suburb,213993,37.2,Not Carnegie
405058,Yeshivas Novominsk,2021,38,155,1,9358,50,0.86,NY,City/Suburb,217586,37.2,Not Carnegie
405058,Yeshivas Novominsk,2020,31,165,1,12917,60,0.8666666666666667,NY,City/Suburb,209688,37.2,Not Carnegie
405058,Yeshivas Novominsk,2019,33,157,2,11276,57,0.9473684210526315,NY,City/Suburb,212104,37.2,Not Carnegie
493664,Yeshivat Hechal Shemuel,2023,37,65,2,8327,3,1,NY,City/Suburb,211853,37.2,Special or Tribal
493664,Yeshivat Hechal Shemuel,2022,44,60,0,9715,7,1,NY,City/Suburb,213993,37.2,Special or Tribal
217040,Yeshivath Beth Moshe,2023,37,39,0,8354,15,1,PA,City/Suburb,142275,31.8,Special or Tribal
217040,Yeshivath Beth Moshe,2022,42,35,0,5765,11,1,PA,City/Suburb,139193,31.8,Special or Tribal
217040,Yeshivath Beth Moshe,2021,44,36,3,6004,21,0.8571428571428571,PA,City/Suburb,142186,31.8,Special or Tribal
217040,Yeshivath Beth Moshe,2020,45,39,3,8584,12,0.8333333333333334,PA,City/Suburb,143645,31.8,Special or Tribal
217040,Yeshivath Beth Moshe,2019,41,40,0,9326,21,0.8571428571428571,PA,City/Suburb,143842,31.8,Special or Tribal
197692,Yeshivath Shaar Hatorah,2023,14,84,0,14585,49,0.9183673469387755,NY,City/Suburb,211853,37.2,Special or Tribal
197692,Yeshivath Shaar Hatorah,2022,9,71,0,14690,41,0.7560975609756098,NY,City/Suburb,213993,37.2,Special or Tribal
197692,Yeshivath Shaar Hatorah,2021,9,68,0,13780,40,0.825,NY,City/Suburb,217586,37.2,Special or Tribal
197692,Yeshivath Shaar Hatorah,2020,19,88,0,9275,46,0.6956521739130435,NY,City/Suburb,209688,37.2,Special or Tribal
197692,Yeshivath Shaar Hatorah,2019,16,75,0,11285,44,0.8409090909090909,NY,City/Suburb,212104,37.2,Special or Tribal
197735,Yeshivath Viznitz,2023,81,921,1,7172,287,0.9372822299651568,NY,City/Suburb,211853,37.2,Special or Tribal
197735,Yeshivath Viznitz,2022,78,778,2,2403,220,0.8909090909090909,NY,City/Suburb,213993,37.2,Special or Tribal
197735,Yeshivath Viznitz,2021,89,744,3,2774,248,0.9153225806451613,NY,City/Suburb,217586,37.2,Special or Tribal
197735,Yeshivath Viznitz,2020,90,646,3,8024,182,0.8736263736263736,NY,City/Suburb,209688,37.2,Special or Tribal
197735,Yeshivath Viznitz,2019,87,566,4,7909,198,0.8686868686868687,NY,City/Suburb,212104,37.2,Special or Tribal
197744,Yeshivath Zichron Moshe,2023,50,176,6,12517,23,0.5217391304347826,NY,Town/Rural,211853,37.2,Special or Tribal
197744,Yeshivath Zichron Moshe,2022,45,161,6,12993,17,0.5882352941176471,NY,Town/Rural,213993,37.2,Special or Tribal
197744,Yeshivath Zichron Moshe,2021,51,174,10,14596,14,0.7142857142857143,NY,Town/Rural,217586,37.2,Special or Tribal
197744,Yeshivath Zichron Moshe,2020,46,182,11,14816,12,0.5,NY,Town/Rural,209688,37.2,Special or Tribal
197744,Yeshivath Zichron Moshe,2019,49,182,10,12857,13,0.7692307692307693,NY,Town/Rural,212104,37.2,Special or Tribal
217059,York College of Pennsylvania,2023,25,3308,29,21036,4933,0.9420231096695723,PA,City/Suburb,142275,31.8,M
217059,York College of Pennsylvania,2022,25,3335,27,20916,4529,0.95606094060499,PA,City/Suburb,139193,31.8,M
217059,York College of Pennsylvania,2021,25,3527,25,22543,5584,0.7768624641833811,PA,City/Suburb,142186,31.8,M
217059,York College of Pennsylvania,2020,25,3748,23,22876,5798,0.707657813038979,PA,City/Suburb,143645,31.8,M
217059,York College of Pennsylvania,2019,26,4038,23,21396,6011,0.6895691232739977,PA,City/Suburb,143842,31.8,M
181853,York University,2023,44,443,46,20163,506,0.4762845849802372,NE,Town/Rural,24387,32.4,Baccalaureate
181853,York University,2022,45,442,47,17835,480,0.5729166666666666,NE,Town/Rural,23856,32.4,Baccalaureate
181853,York University,2021,46,435,50,17923,479,0.6179540709812108,NE,Town/Rural,23769,32.4,Baccalaureate
181853,York University,2020,41,457,47,18598,555,0.6612612612612613,NE,Town/Rural,23830,32.4,Baccalaureate
181853,York University,2019,44,422,46,16748,523,0.5659655831739961,NE,Town/Rural,23314,32.4,Baccalaureate
141361,Young Harris College,2023,21,1403,35,20509,1926,0.6401869158878505,GA,Town/Rural,126146,31.9,Baccalaureate
141361,Young Harris College,2022,24,1496,36,18910,1990,0.7728643216080402,GA,Town/Rural,122695,31.9,Baccalaureate
141361,Young Harris College,2021,27,1388,32,19035,1850,0.7475675675675676,GA,Town/Rural,124712,31.9,Baccalaureate
141361,Young Harris College,2020,23,1396,31,20704,2216,0.6502707581227437,GA,Town/Rural,126126,31.9,Baccalaureate
141361,Young Harris College,2019,26,1402,31,18431,1488,0.646505376344086,GA,Town/Rural,121897,31.9,Baccalaureate
206695,Youngstown State University,2023,33,8436,29,11740,5799,0.8032419382652182,OH,City/Suburb,133760,29,M
206695,Youngstown State University,2022,35,8822,26,11900,7481,0.8060419729982623,OH,City/Suburb,133872,29,M
206695,Youngstown State University,2021,35,9377,25,12290,6718,0.7814825841024114,OH,City/Suburb,136945,29,M
206695,Youngstown State University,2020,38,10401,25,11785,8636,0.6992820750347383,OH,City/Suburb,135941,29,M
206695,Youngstown State University,2019,38,10938,26,11616,9166,0.6739035566222998,OH,City/Suburb,135868,29,M
