"unit_id","institution_name","year","pct_pell","enrollment","pct_race_minority","avg_net_price_w_aid","applicants","admissions_rate","stabbr","locale_rural","hs_grad_state","pct_bachelors_2018_state"
222178,"Abilene Christian University",2023,22,3188,37,28311,10510,0.638820171265461,"TX","City/Suburb",385604,30.3
222178,"Abilene Christian University",2022,24,3211,36,28978,11226,0.65793693212186,"TX","City/Suburb",375741,30.3
222178,"Abilene Christian University",2021,26,3138,37,29734,8208,0.70114522417154,"TX","City/Suburb",377064,30.3
222178,"Abilene Christian University",2020,26,3494,39,28725,10534,0.634042149231061,"TX","City/Suburb",372402,30.3
222178,"Abilene Christian University",2019,26,3525,37,27883,11379,0.614816767730029,"TX","City/Suburb",364979,30.3
497037,"Abilene Christian University-Undergraduate Online",2023,60,918,55,12764,150,1,"TX","City/Suburb",385604,30.3
497037,"Abilene Christian University-Undergraduate Online",2022,73,766,62,13118,117,0.991452991452991,"TX","City/Suburb",375741,30.3
138558,"Abraham Baldwin Agricultural College",2023,34,3768,22,6923,2618,0.771581359816654,"GA","Town/Rural",126146,31.9
138558,"Abraham Baldwin Agricultural College",2022,37,3647,21,7260,2349,0.669646658152405,"GA","Town/Rural",122695,31.9
138558,"Abraham Baldwin Agricultural College",2021,37,3814,20,7744,2200,0.753636363636364,"GA","Town/Rural",124712,31.9
138558,"Abraham Baldwin Agricultural College",2020,39,3990,22,8106,2403,0.759883478984603,"GA","Town/Rural",126126,31.9
138558,"Abraham Baldwin Agricultural College",2019,40,3927,21,6823,2009,0.734196117471379,"GA","Town/Rural",121897,31.9
126182,"Adams State University",2022,36,1588,63,13224,1580,0.991772151898734,"CO","Town/Rural",64869,41.7
126182,"Adams State University",2021,37,1835,62,14492,1717,0.998252766453116,"CO","Town/Rural",63204,41.7
126182,"Adams State University",2020,41,1902,57,13193,1690,0.998816568047337,"CO","Town/Rural",61237,41.7
126182,"Adams State University",2019,44,1955,61,13383,1765,0.990934844192635,"CO","Town/Rural",60962,41.7
188429,"Adelphi University",2023,29,5124,57,28671,17111,0.775115422827421,"NY","City/Suburb",211853,37.2
188429,"Adelphi University",2022,29,5055,56,26953,17301,0.727761401075082,"NY","City/Suburb",213993,37.2
188429,"Adelphi University",2021,28,5251,55,28261,16084,0.774620741109177,"NY","City/Suburb",217586,37.2
188429,"Adelphi University",2020,27,5124,52,29821,15329,0.746102159305891,"NY","City/Suburb",209688,37.2
188429,"Adelphi University",2019,32,5360,51,28130,13919,0.743013147496228,"NY","City/Suburb",212104,37.2
168528,"Adrian College",2023,31,1678,40,22053,3054,0.683693516699411,"MI","Town/Rural",108265,29.6
168528,"Adrian College",2022,31,1747,40,24870,3329,0.690597777110243,"MI","Town/Rural",103443,29.6
168528,"Adrian College",2021,32,1801,36,24050,2736,0.759868421052632,"MI","Town/Rural",107239,29.6
168528,"Adrian College",2020,35,1781,33,25520,4439,0.612074791619734,"MI","Town/Rural",108725,29.6
168528,"Adrian College",2019,36,1784,33,24520,5219,0.559302548380916,"MI","Town/Rural",112177,29.6
133872,"AdventHealth University",2022,37,1110,72,27329,694,0.337175792507205,"FL","City/Suburb",217330,30.4
133872,"AdventHealth University",2021,36,1144,69,25111,257,0.90272373540856,"FL","City/Suburb",223891,30.4
133872,"AdventHealth University",2020,35,1249,66,23897,263,0.908745247148289,"FL","City/Suburb",215797,30.4
133872,"AdventHealth University",2019,40,1234,67,17298,283,0.50530035335689,"FL","City/Suburb",213187,30.4
138600,"Agnes Scott College",2023,36,911,60,25609,1857,0.673128702207862,"GA","City/Suburb",126146,31.9
138600,"Agnes Scott College",2022,39,1006,65,24305,1879,0.665247472059606,"GA","City/Suburb",122695,31.9
138600,"Agnes Scott College",2021,41,1063,67,13420,1625,0.698461538461538,"GA","City/Suburb",124712,31.9
138600,"Agnes Scott College",2020,41,1014,69,21816,1838,0.67519042437432,"GA","City/Suburb",126126,31.9
138600,"Agnes Scott College",2019,40,1005,69,21893,1751,0.648201027984009,"GA","City/Suburb",121897,31.9
100654,"Alabama A & M University",2023,64,5845,98,14064,15628,0.662208855899667,"AL","City/Suburb",52181,25.5
100654,"Alabama A & M University",2022,65,5206,98,14600,8907,0.683956438756035,"AL","City/Suburb",53739,25.5
100654,"Alabama A & M University",2021,69,5107,98,12921,6560,0.716006097560976,"AL","City/Suburb",54466,25.5
100654,"Alabama A & M University",2020,71,5093,98,15373,9855,0.896499238964992,"AL","City/Suburb",52925,25.5
100654,"Alabama A & M University",2019,70,5273,99,14604,9579,0.917527925670738,"AL","City/Suburb",55331,25.5
100724,"Alabama State University",2023,72,3322,98,13504,5346,0.956416011971568,"AL","City/Suburb",52181,25.5
100724,"Alabama State University",2022,70,3296,98,13176,6731,0.965978309315109,"AL","City/Suburb",53739,25.5
100724,"Alabama State University",2021,72,3499,98,12875,5974,0.979912956143288,"AL","City/Suburb",54466,25.5
100724,"Alabama State University",2020,74,3614,98,13282,7027,0.988757649067881,"AL","City/Suburb",52925,25.5
100724,"Alabama State University",2019,76,3750,98,13476,6674,0.968984117470782,"AL","City/Suburb",55331,25.5
102669,"Alaska Pacific University",2023,34,437,66,23667,841,0.862068965517241,"AK","City/Suburb",8150,30.2
102669,"Alaska Pacific University",2022,38,430,67,22388,434,0.993087557603687,"AK","City/Suburb",8174,30.2
102669,"Alaska Pacific University",2021,41,376,68,19830,504,0.96031746031746,"AK","City/Suburb",8108,30.2
102669,"Alaska Pacific University",2020,44,312,69,20944,428,0.906542056074766,"AK","City/Suburb",8612,30.2
102669,"Alaska Pacific University",2019,40,337,61,20426,353,0.892351274787535,"AK","City/Suburb",8589,30.2
188526,"Albany College of Pharmacy and Health Sciences",2023,29,547,60,26804,2292,0.590750436300175,"NY","City/Suburb",211853,37.2
188526,"Albany College of Pharmacy and Health Sciences",2022,28,584,56,29175,2041,0.662910338069574,"NY","City/Suburb",213993,37.2
188526,"Albany College of Pharmacy and Health Sciences",2021,26,647,51,26961,1771,0.718238283455675,"NY","City/Suburb",217586,37.2
188526,"Albany College of Pharmacy and Health Sciences",2020,27,686,49,30891,1693,0.751919669226226,"NY","City/Suburb",209688,37.2
188526,"Albany College of Pharmacy and Health Sciences",2019,27,794,46,30358,2216,0.710740072202166,"NY","City/Suburb",212104,37.2
138716,"Albany State University",2020,66,6102,89,13678,7655,0.730241672109732,"GA","City/Suburb",126126,31.9
138716,"Albany State University",2019,62,5778,87,12500,6497,0.65676466061259,"GA","City/Suburb",121897,31.9
128498,"Albertus Magnus College",2023,47,892,64,30179,2338,0.643712574850299,"CT","City/Suburb",44962,39.6
128498,"Albertus Magnus College",2022,47,987,66,27469,1487,0.80497646267653,"CT","City/Suburb",44540,39.6
128498,"Albertus Magnus College",2021,48,1031,67,28774,1494,0.817269076305221,"CT","City/Suburb",44901,39.6
128498,"Albertus Magnus College",2020,51,1088,68,27492,1697,0.812610489098409,"CT","City/Suburb",45222,39.6
128498,"Albertus Magnus College",2019,50,1116,67,25972,1294,0.834621329211746,"CT","City/Suburb",45216,39.6
168546,"Albion College",2023,45,1354,45,18470,5438,0.831555719014344,"MI","Town/Rural",108265,29.6
168546,"Albion College",2022,47,1456,44,19351,6827,0.665153068697818,"MI","Town/Rural",103443,29.6
168546,"Albion College",2021,46,1523,45,19772,6591,0.692762858443332,"MI","Town/Rural",107239,29.6
168546,"Albion College",2020,43,1506,45,19557,4699,0.744413705043626,"MI","Town/Rural",108725,29.6
168546,"Albion College",2019,42,1475,42,18532,4043,0.687608211723967,"MI","Town/Rural",112177,29.6
132842,"Albizu University-Miami",2023,52,226,97,36302,39,1,"FL","City/Suburb",214692,30.4
132842,"Albizu University-Miami",2022,65,217,97,28273,18,0.888888888888889,"FL","City/Suburb",217330,30.4
132842,"Albizu University-Miami",2021,55,179,97,21904,27,1,"FL","City/Suburb",223891,30.4
132842,"Albizu University-Miami",2020,64,146,98,25210,47,0.787234042553192,"FL","City/Suburb",215797,30.4
132842,"Albizu University-Miami",2019,59,120,96,14136,9,0.555555555555556,"FL","City/Suburb",213187,30.4
210571,"Albright College",2023,50,1328,55,22116,5366,0.861535594483787,"PA","City/Suburb",142275,31.8
210571,"Albright College",2022,51,1298,56,21496,5578,0.848691287199713,"PA","City/Suburb",139193,31.8
210571,"Albright College",2021,50,1375,56,20884,5788,0.763130615065653,"PA","City/Suburb",142186,31.8
210571,"Albright College",2020,52,1539,52,19553,5369,0.821009498975601,"PA","City/Suburb",143645,31.8
210571,"Albright College",2019,52,1718,51,20064,5278,0.851648351648352,"PA","City/Suburb",143842,31.8
175342,"Alcorn State University",2023,77,2432,98,13155,7511,0.246571694847557,"MS","Town/Rural",32572,23.2
175342,"Alcorn State University",2022,72,2431,98,14864,6748,0.299347954949615,"MS","Town/Rural",32131,23.2
175342,"Alcorn State University",2021,70,2533,97,14595,4819,0.389084872380162,"MS","Town/Rural",32865,23.2
175342,"Alcorn State University",2020,78,2729,98,17938,6846,0.377154542798715,"MS","Town/Rural",32110,23.2
175342,"Alcorn State University",2019,73,3069,98,13907,5236,0.58231474407945,"MS","Town/Rural",32601,23.2
188641,"Alfred University",2023,39,1422,37,26127,7761,0.483314005927071,"NY","Town/Rural",211853,37.2
188641,"Alfred University",2022,37,1347,38,26183,7091,0.506134536736708,"NY","Town/Rural",213993,37.2
188641,"Alfred University",2021,39,1485,38,25377,6243,0.671632228095467,"NY","Town/Rural",217586,37.2
188641,"Alfred University",2020,42,1593,41,26544,4252,0.641110065851364,"NY","Town/Rural",209688,37.2
188641,"Alfred University",2019,42,1715,43,21646,4485,0.624526198439242,"NY","Town/Rural",212104,37.2
156189,"Alice Lloyd College",2023,56,553,9,18066,1871,0.85569214323891,"KY","Town/Rural",49328,24.8
156189,"Alice Lloyd College",2022,57,565,10,16596,1978,0.983316481294237,"KY","Town/Rural",49640,24.8
156189,"Alice Lloyd College",2021,59,613,7,16391,2119,0.358187824445493,"KY","Town/Rural",50879,24.8
156189,"Alice Lloyd College",2020,54,569,7,15196,4024,0.21148111332008,"KY","Town/Rural",51547,24.8
156189,"Alice Lloyd College",2019,54,575,7,15129,4326,0.265603328710125,"KY","Town/Rural",51210,24.8
210669,"Allegheny College",2023,25,1231,31,27929,5045,0.585332011892963,"PA","Town/Rural",142275,31.8
210669,"Allegheny College",2022,28,1353,32,26719,4148,0.696480231436837,"PA","Town/Rural",139193,31.8
210669,"Allegheny College",2021,30,1575,33,25419,4667,0.754446110992072,"PA","Town/Rural",142186,31.8
210669,"Allegheny College",2020,32,1667,32,26376,4380,0.731506849315068,"PA","Town/Rural",143645,31.8
210669,"Allegheny College",2019,34,1775,32,24227,5208,0.621543778801843,"PA","Town/Rural",143842,31.8
217624,"Allen University",2023,80,635,100,11058,3658,0.321213778020776,"SC","City/Suburb",53335,28.3
217624,"Allen University",2022,87,603,100,13774,3123,0.433557476785143,"SC","City/Suburb",52277,28.3
217624,"Allen University",2021,82,563,99,13238,1425,0.566315789473684,"SC","City/Suburb",52010,28.3
217624,"Allen University",2020,87,656,99,13858,3490,0.645845272206304,"SC","City/Suburb",52680,28.3
217624,"Allen University",2019,85,754,98,14303,689,0.532656023222061,"SC","City/Suburb",53953,28.3
168591,"Alma College",2023,21,1235,21,24862,3975,0.656603773584906,"MI","Town/Rural",108265,29.6
168591,"Alma College",2022,23,1245,20,23995,3372,0.64650059311981,"MI","Town/Rural",103443,29.6
168591,"Alma College",2021,25,1340,18,24302,2908,0.687757909215956,"MI","Town/Rural",107239,29.6
168591,"Alma College",2020,28,1435,19,23635,2732,0.667276720351391,"MI","Town/Rural",108725,29.6
168591,"Alma College",2019,31,1442,22,23180,3036,0.623847167325428,"MI","Town/Rural",112177,29.6
210775,"Alvernia University",2023,34,2050,39,26166,5491,0.623201602622473,"PA","City/Suburb",142275,31.8
210775,"Alvernia University",2022,32,2018,37,27091,5703,0.590040329651061,"PA","City/Suburb",139193,31.8
210775,"Alvernia University",2021,35,2032,37,24917,5371,0.577732265872277,"PA","City/Suburb",142186,31.8
210775,"Alvernia University",2020,35,2045,35,27129,3683,0.700244366005973,"PA","City/Suburb",143645,31.8
210775,"Alvernia University",2019,39,2123,32,27798,3767,0.642155561454739,"PA","City/Suburb",143842,31.8
238193,"Alverno College",2023,49,887,70,17884,667,0.931034482758621,"WI","City/Suburb",67563,30
238193,"Alverno College",2022,50,788,67,18097,652,0.898773006134969,"WI","City/Suburb",65909,30
238193,"Alverno College",2021,51,917,63,18243,666,0.908408408408408,"WI","City/Suburb",66830,30
238193,"Alverno College",2020,57,1099,58,20080,758,0.782321899736148,"WI","City/Suburb",68053,30
238193,"Alverno College",2019,58,1105,58,18384,777,0.693693693693694,"WI","City/Suburb",68191,30
485698,"American College of the Building Arts",2023,20,140,7,26246,58,0.620689655172414,"SC","City/Suburb",53335,28.3
485698,"American College of the Building Arts",2022,21,141,7,29960,30,0.766666666666667,"SC","City/Suburb",52277,28.3
485698,"American College of the Building Arts",2021,18,121,7,29795,69,0.898550724637681,"SC","City/Suburb",52010,28.3
485698,"American College of the Building Arts",2020,9,93,5,31565,17,0.647058823529412,"SC","City/Suburb",52680,28.3
485698,"American College of the Building Arts",2019,4,94,9,28367,28,0.964285714285714,"SC","City/Suburb",53953,28.3
164447,"American International College",2023,50,1331,70,21454,2258,0.968999114260407,"MA","City/Suburb",78133,44.5
164447,"American International College",2022,52,1167,66,18317,2707,0.893609161433321,"MA","City/Suburb",78514,44.5
164447,"American International College",2021,50,1288,64,20958,2369,0.84972562262558,"MA","City/Suburb",78839,44.5
164447,"American International College",2020,56,1381,66,20876,1956,0.693762781186094,"MA","City/Suburb",79537,44.5
164447,"American International College",2019,50,1341,65,21218,2174,0.645814167433303,"MA","City/Suburb",78060,44.5
188854,"American Musical and Dramatic Academy",2023,36,1502,67,46130,6580,0.247112462006079,"NY","City/Suburb",211853,37.2
188854,"American Musical and Dramatic Academy",2022,36,1471,67,48847,8158,0.258519244912969,"NY","City/Suburb",213993,37.2
188854,"American Musical and Dramatic Academy",2021,41,1656,64,44797,9727,0.220623008121723,"NY","City/Suburb",217586,37.2
188854,"American Musical and Dramatic Academy",2020,41,1395,63,46504,5130,0.444054580896686,"NY","City/Suburb",209688,37.2
188854,"American Musical and Dramatic Academy",2019,45,1773,60,43810,7741,0.307712181888645,"NY","City/Suburb",212104,37.2
131159,"American University",2023,13,7817,44,40189,17786,0.473799617676824,"DC","City/Suburb",5190,60.4
131159,"American University",2022,12,7917,45,41369,19510,0.406253203485392,"DC","City/Suburb",5148,60.4
131159,"American University",2021,14,8463,46,28622,19650,0.640916030534351,"DC","City/Suburb",5077,60.4
131159,"American University",2020,14,7953,49,37319,20036,0.386504292273907,"DC","City/Suburb",4662,60.4
131159,"American University",2019,16,8527,49,40469,18545,0.36079805877595,"DC","City/Suburb",4757,60.4
164465,"Amherst College",2023,22,1910,64,17965,12727,0.0982163903512218,"MA","City/Suburb",78133,44.5
164465,"Amherst College",2022,24,1898,62,21367,14864,0.0725914962325081,"MA","City/Suburb",78514,44.5
164465,"Amherst College",2021,25,1971,61,18809,13999,0.0874348167726266,"MA","City/Suburb",78839,44.5
164465,"Amherst College",2020,24,1745,60,18832,10603,0.118268414599642,"MA","City/Suburb",79537,44.5
164465,"Amherst College",2019,24,1839,57,16339,10569,0.113066515280537,"MA","City/Suburb",78060,44.5
217633,"Anderson University",2023,22,3413,18,22222,4732,0.52810650887574,"SC","City/Suburb",53335,28.3
217633,"Anderson University",2022,22,3237,16,21633,5043,0.453896490184414,"SC","City/Suburb",52277,28.3
217633,"Anderson University",2021,23,3157,17,21643,4510,0.502882483370288,"SC","City/Suburb",52010,28.3
217633,"Anderson University",2020,24,3083,17,21576,3804,0.592008412197687,"SC","City/Suburb",52680,28.3
217633,"Anderson University",2019,25,2893,16,21599,2277,0.687307861220905,"SC","City/Suburb",53953,28.3
150066,"Anderson University",2023,36,1095,27,21914,5661,0.534181240063593,"IN","City/Suburb",76628,27.1
150066,"Anderson University",2022,36,1129,26,21459,5416,0.517540620384047,"IN","City/Suburb",74897,27.1
150066,"Anderson University",2021,36,1159,25,23217,4391,0.624459120929173,"IN","City/Suburb",78348,27.1
150066,"Anderson University",2020,37,1205,23,23792,3905,0.665044814340589,"IN","City/Suburb",78809,27.1
150066,"Anderson University",2019,36,1311,20,22914,3951,0.627436092128575,"IN","City/Suburb",76144,27.1
138761,"Andrew College",2023,62,294,54,22806,780,0.511538461538461,"GA","Town/Rural",126146,31.9
138761,"Andrew College",2022,56,247,58,21908,810,0.496296296296296,"GA","Town/Rural",122695,31.9
138761,"Andrew College",2021,63,272,58,21273,750,0.513333333333333,"GA","Town/Rural",124712,31.9
138761,"Andrew College",2020,60,301,64,19946,631,0.586370839936609,"GA","Town/Rural",126126,31.9
138761,"Andrew College",2019,56,289,69,18488,773,0.413971539456662,"GA","Town/Rural",121897,31.9
168740,"Andrews University",2023,22,1312,78,24874,1286,0.87402799377916,"MI","Town/Rural",108265,29.6
168740,"Andrews University",2022,24,1295,77,24194,1226,0.912724306688418,"MI","Town/Rural",103443,29.6
168740,"Andrews University",2021,23,1358,75,23719,1109,0.815148782687106,"MI","Town/Rural",107239,29.6
168740,"Andrews University",2020,22,1579,73,22850,1429,0.487753673897831,"MI","Town/Rural",108725,29.6
168740,"Andrews University",2019,24,1693,70,22291,1438,0.670375521557719,"MI","Town/Rural",112177,29.6
222831,"Angelo State University",2023,27,9623,50,12518,4660,0.792274678111588,"TX","City/Suburb",385604,30.3
222831,"Angelo State University",2022,28,9066,50,12838,4209,0.791399382276075,"TX","City/Suburb",375741,30.3
222831,"Angelo State University",2021,29,9121,50,12835,3515,0.700711237553343,"TX","City/Suburb",377064,30.3
222831,"Angelo State University",2020,31,9107,51,12420,3750,0.7816,"TX","City/Suburb",372402,30.3
222831,"Angelo State University",2019,32,8981,53,12169,3913,0.765908510094557,"TX","City/Suburb",364979,30.3
164492,"Anna Maria College",2023,34,995,53,28732,3965,0.895586380832282,"MA","Town/Rural",78133,44.5
164492,"Anna Maria College",2022,35,1069,49,23894,2583,0.9465737514518,"MA","Town/Rural",78514,44.5
164492,"Anna Maria College",2021,36,1119,38,24614,2519,0.728463676061929,"MA","Town/Rural",78839,44.5
164492,"Anna Maria College",2020,36,1126,43,25617,2742,0.860685630926331,"MA","Town/Rural",79537,44.5
164492,"Anna Maria College",2019,40,1109,39,24796,3056,0.740510471204188,"MA","Town/Rural",78060,44.5
483018,"Antioch College",2023,75,127,50,10979,251,0.816733067729084,"OH","Town/Rural",133760,29
483018,"Antioch College",2022,73,127,53,17083,176,0.829545454545455,"OH","Town/Rural",133872,29
483018,"Antioch College",2021,78,133,47,17045,210,0.719047619047619,"OH","Town/Rural",136945,29
483018,"Antioch College",2020,68,116,51,17874,188,0.845744680851064,"OH","Town/Rural",135941,29
483018,"Antioch College",2019,66,95,49,22501,218,0.81651376146789,"OH","Town/Rural",135868,29
237136,"Appalachian Bible College",2023,41,215,8,18749,70,0.985714285714286,"WV","City/Suburb",17853,21.3
237136,"Appalachian Bible College",2022,44,220,25,15106,40,1,"WV","City/Suburb",17400,21.3
237136,"Appalachian Bible College",2021,44,192,19,15977,91,0.461538461538462,"WV","City/Suburb",18271,21.3
237136,"Appalachian Bible College",2020,41,221,9,15620,119,0.487394957983193,"WV","City/Suburb",18751,21.3
237136,"Appalachian Bible College",2019,41,225,24,15391,143,0.370629370629371,"WV","City/Suburb",19036,21.3
197869,"Appalachian State University",2023,26,19405,20,14712,24001,0.88642139910837,"NC","Town/Rural",108252,31.9
197869,"Appalachian State University",2022,27,18558,19,13084,22255,0.830779600089867,"NC","Town/Rural",114167,31.9
197869,"Appalachian State University",2021,28,18555,19,12735,21120,0.846875,"NC","Town/Rural",116514,31.9
197869,"Appalachian State University",2020,29,18061,19,10687,18178,0.795081967213115,"NC","Town/Rural",116615,31.9
197869,"Appalachian State University",2019,29,17518,18,10525,16664,0.768122899663946,"NC","Town/Rural",114284,31.9
168786,"Aquinas College",2023,23,1209,25,19890,2291,0.710606721955478,"MI","City/Suburb",108265,29.6
168786,"Aquinas College",2022,24,1169,28,18605,2116,0.907844990548204,"MI","City/Suburb",103443,29.6
168786,"Aquinas College",2021,27,1238,31,19447,1432,0.89036312849162,"MI","City/Suburb",107239,29.6
168786,"Aquinas College",2020,27,1372,32,18812,1740,0.755172413793103,"MI","City/Suburb",108725,29.6
168786,"Aquinas College",2019,27,1456,35,19613,1883,0.693043016463091,"MI","City/Suburb",112177,29.6
211088,"Arcadia University",2023,28,1890,45,26994,6688,0.791866028708134,"PA","City/Suburb",142275,31.8
211088,"Arcadia University",2022,31,1870,43,29692,6321,0.775668406897643,"PA","City/Suburb",139193,31.8
211088,"Arcadia University",2021,33,1831,42,26949,5636,0.82416607523066,"PA","City/Suburb",142186,31.8
211088,"Arcadia University",2020,34,2014,42,29576,8884,0.736267447095903,"PA","City/Suburb",143645,31.8
211088,"Arcadia University",2019,34,2149,40,29040,10216,0.656714956930305,"PA","City/Suburb",143842,31.8
105899,"Arizona Christian University",2023,33,1210,52,32397,1251,0.744204636290967,"AZ","City/Suburb",76808,29.7
105899,"Arizona Christian University",2022,36,1082,51,28755,1316,0.701367781155015,"AZ","City/Suburb",74911,29.7
105899,"Arizona Christian University",2021,39,1053,53,32412,1222,0.759410801963993,"AZ","City/Suburb",77005,29.7
105899,"Arizona Christian University",2020,38,925,56,28962,778,0.7146529562982,"AZ","City/Suburb",77873,29.7
105899,"Arizona Christian University",2019,31,870,53,21385,421,0.679334916864608,"AZ","City/Suburb",76552,29.7
104151,"Arizona State University Campus Immersion",2023,30,65174,57,16401,68840,0.901859384079024,"AZ","City/Suburb",76808,29.7
104151,"Arizona State University Campus Immersion",2022,31,65492,55,14808,68789,0.897512683713966,"AZ","City/Suburb",74911,29.7
104151,"Arizona State University Campus Immersion",2021,33,64716,54,14934,61603,0.881921334999919,"AZ","City/Suburb",77005,29.7
104151,"Arizona State University Campus Immersion",2020,33,63124,53,14653,53516,0.883660961207863,"AZ","City/Suburb",77873,29.7
104151,"Arizona State University Campus Immersion",2019,29,44461,51,14081,34188,0.864689364689365,"AZ","City/Suburb",76552,29.7
106458,"Arkansas State University",2023,37,8760,32,13002,8019,0.696720289312882,"AR","City/Suburb",33693,23.3
106458,"Arkansas State University",2022,36,8201,31,12011,6045,0.695119933829611,"AR","City/Suburb",33705,23.3
106458,"Arkansas State University",2021,37,8241,28,13560,5835,0.632904884318766,"AR","City/Suburb",34604,23.3
106458,"Arkansas State University",2020,39,8486,26,14275,5836,0.671864290610007,"AR","City/Suburb",34014,23.3
106458,"Arkansas State University",2019,40,8928,26,13281,4689,0.799104286628279,"AR","City/Suburb",33531,23.3
106467,"Arkansas Tech University",2023,34,8808,26,11443,4904,0.962887438825449,"AR","Town/Rural",33693,23.3
106467,"Arkansas Tech University",2022,34,8722,26,12016,5762,0.943943075321069,"AR","Town/Rural",33705,23.3
106467,"Arkansas Tech University",2021,36,8901,25,11097,6218,0.943711804438726,"AR","Town/Rural",34604,23.3
106467,"Arkansas Tech University",2020,37,10110,25,11277,7139,0.976607367978709,"AR","Town/Rural",34014,23.3
106467,"Arkansas Tech University",2019,36,11015,25,10537,7228,0.947426674045379,"AR","Town/Rural",33531,23.3
201061,"Art Academy of Cincinnati",2023,48,255,36,28899,1056,0.331439393939394,"OH","City/Suburb",133760,29
201061,"Art Academy of Cincinnati",2022,50,259,37,27510,950,0.448421052631579,"OH","City/Suburb",133872,29
201061,"Art Academy of Cincinnati",2021,52,234,37,26204,410,1,"OH","City/Suburb",136945,29
201061,"Art Academy of Cincinnati",2020,57,227,35,24933,1308,0.308103975535168,"OH","City/Suburb",135941,29
201061,"Art Academy of Cincinnati",2019,56,212,31,23858,1339,0.265123226288275,"OH","City/Suburb",135868,29
109651,"Art Center College of Design",2023,24,2079,91,53306,1339,0.749813293502614,"CA","City/Suburb",492544,34.2
109651,"Art Center College of Design",2022,26,2135,89,53617,1285,0.709727626459144,"CA","City/Suburb",473448,34.2
109651,"Art Center College of Design",2021,30,2028,88,50420,982,0.755600814663951,"CA","City/Suburb",467260,34.2
109651,"Art Center College of Design",2020,29,1912,88,47878,1008,0.760912698412698,"CA","City/Suburb",477479,34.2
109651,"Art Center College of Design",2019,28,2062,88,47352,1015,0.708374384236453,"CA","City/Suburb",478819,34.2
156213,"Asbury University",2023,26,1638,21,21375,1550,0.640645161290323,"KY","Town/Rural",49328,24.8
156213,"Asbury University",2022,29,1404,23,21506,1105,0.787330316742081,"KY","Town/Rural",49640,24.8
156213,"Asbury University",2021,31,1472,23,23604,1126,0.774422735346359,"KY","Town/Rural",50879,24.8
156213,"Asbury University",2020,32,1492,21,23086,1324,0.751510574018127,"KY","Town/Rural",51547,24.8
156213,"Asbury University",2019,32,1724,23,22848,1360,0.644117647058824,"KY","Town/Rural",51210,24.8
201104,"Ashland University",2023,28,3123,22,21971,3633,0.805670244976603,"OH","Town/Rural",133760,29
201104,"Ashland University",2022,26,3083,22,20342,4565,0.71763417305586,"OH","Town/Rural",133872,29
201104,"Ashland University",2021,24,3731,25,21190,4318,0.700092635479389,"OH","Town/Rural",136945,29
201104,"Ashland University",2020,28,3148,22,20911,3552,0.743524774774775,"OH","Town/Rural",135941,29
201104,"Ashland University",2019,27,3653,23,19758,4349,0.711657852379857,"OH","Town/Rural",135868,29
188942,"Associated Beth Rivkah Schools",2023,66,289,12,18745,97,1,"NY","City/Suburb",211853,37.2
188942,"Associated Beth Rivkah Schools",2022,72,308,12,16315,133,0.992481203007519,"NY","City/Suburb",213993,37.2
188942,"Associated Beth Rivkah Schools",2021,68,277,10,14019,146,1,"NY","City/Suburb",217586,37.2
188942,"Associated Beth Rivkah Schools",2020,77,259,6,15625,108,1,"NY","City/Suburb",209688,37.2
188942,"Associated Beth Rivkah Schools",2019,68,192,0,14130,82,0.939024390243902,"NY","City/Suburb",212104,37.2
164562,"Assumption University",2023,19,1688,28,29072,4694,0.865360034086067,"MA","City/Suburb",78133,44.5
164562,"Assumption University",2022,20,1704,27,28911,4035,0.823048327137546,"MA","City/Suburb",78514,44.5
164562,"Assumption University",2021,20,1911,26,26513,4018,0.864858138377302,"MA","City/Suburb",78839,44.5
164562,"Assumption University",2020,19,2027,26,30232,4968,0.809178743961353,"MA","City/Suburb",79537,44.5
164562,"Assumption University",2019,18,2048,25,29305,4465,0.810750279955207,"MA","City/Suburb",78060,44.5
100858,"Auburn University",2023,12,26874,17,24524,48178,0.504670181410602,"AL","City/Suburb",52181,25.5
100858,"Auburn University",2022,13,25379,17,25271,45933,0.436004615418109,"AL","City/Suburb",53739,25.5
100858,"Auburn University",2021,13,24931,18,23873,27619,0.711828813497954,"AL","City/Suburb",54466,25.5
100858,"Auburn University",2020,13,24505,19,24028,17946,0.850663100412348,"AL","City/Suburb",52925,25.5
100858,"Auburn University",2019,15,24594,21,23562,20205,0.806731007176442,"AL","City/Suburb",55331,25.5
100830,"Auburn University at Montgomery",2023,43,3407,58,15458,2213,0.926344328965206,"AL","City/Suburb",52181,25.5
100830,"Auburn University at Montgomery",2022,46,3754,58,13163,2290,0.922270742358079,"AL","City/Suburb",53739,25.5
100830,"Auburn University at Montgomery",2021,48,4086,58,14322,3405,0.96798825256975,"AL","City/Suburb",54466,25.5
100830,"Auburn University at Montgomery",2020,47,4375,58,14182,4606,0.955492835432045,"AL","City/Suburb",52925,25.5
100830,"Auburn University at Montgomery",2019,46,4523,56,14559,4109,0.904356291068386,"AL","City/Suburb",55331,25.5
173045,"Augsburg University",2023,51,2445,67,24807,4337,0.765275536084851,"MN","City/Suburb",67002,36.7
173045,"Augsburg University",2022,50,2358,62,25149,3423,0.765118317265557,"MN","City/Suburb",64579,36.7
173045,"Augsburg University",2021,51,2363,59,24640,3525,0.763687943262411,"MN","City/Suburb",65199,36.7
173045,"Augsburg University",2020,49,2512,57,24306,2746,0.731245447924253,"MN","City/Suburb",66285,36.7
173045,"Augsburg University",2019,48,2512,56,25311,2643,0.761634506242906,"MN","City/Suburb",65499,36.7
482149,"Augusta University",2023,38,5684,54,13486,5892,0.893075356415479,"GA","City/Suburb",126146,31.9
482149,"Augusta University",2022,38,5378,53,13572,5191,0.855326526680794,"GA","City/Suburb",122695,31.9
482149,"Augusta University",2021,37,5487,52,14863,5442,0.73281881661154,"GA","City/Suburb",124712,31.9
482149,"Augusta University",2020,39,5674,50,11973,3692,0.828819068255688,"GA","City/Suburb",126126,31.9
482149,"Augusta University",2019,39,5604,49,10877,3373,0.759264749481174,"GA","City/Suburb",121897,31.9
143084,"Augustana College",2023,22,2446,42,24695,7424,0.67645474137931,"IL","City/Suburb",148445,35.1
143084,"Augustana College",2022,21,2318,40,24660,6965,0.612203876525485,"IL","City/Suburb",145439,35.1
143084,"Augustana College",2021,23,2338,38,24472,6640,0.691265060240964,"IL","City/Suburb",150490,35.1
143084,"Augustana College",2020,22,2377,34,24233,6894,0.573542210617929,"IL","City/Suburb",149373,35.1
143084,"Augustana College",2019,24,2546,34,24706,6757,0.566227615805831,"IL","City/Suburb",152277,35.1
219000,"Augustana University",2023,16,1871,25,25280,3330,0.592492492492492,"SD","City/Suburb",9564,29.2
219000,"Augustana University",2022,18,1831,23,23843,3145,0.657869634340223,"SD","City/Suburb",9036,29.2
219000,"Augustana University",2021,17,1715,19,26795,2257,0.71821001329198,"SD","City/Suburb",9008,29.2
219000,"Augustana University",2020,19,1735,15,24322,2037,0.713794796269023,"SD","City/Suburb",8951,29.2
219000,"Augustana University",2019,19,1818,17,24481,2224,0.669064748201439,"SD","City/Suburb",9241,29.2
201177,"Aultman College of Nursing and Health Sciences",2023,37,241,16,21470,189,0.412698412698413,"OH","City/Suburb",133760,29
201177,"Aultman College of Nursing and Health Sciences",2022,37,250,16,20173,147,0.551020408163265,"OH","City/Suburb",133872,29
201177,"Aultman College of Nursing and Health Sciences",2021,42,259,14,21600,235,0.319148936170213,"OH","City/Suburb",136945,29
201177,"Aultman College of Nursing and Health Sciences",2020,51,355,13,19794,121,0.619834710743802,"OH","City/Suburb",135941,29
201177,"Aultman College of Nursing and Health Sciences",2019,51,305,14,16456,91,0.505494505494505,"OH","City/Suburb",135868,29
143118,"Aurora University",2023,43,4098,61,19220,5264,0.85144376899696,"IL","City/Suburb",148445,35.1
143118,"Aurora University",2022,44,4048,60,19350,2922,0.81895961670089,"IL","City/Suburb",145439,35.1
143118,"Aurora University",2021,44,4114,57,17410,3101,0.864237342792648,"IL","City/Suburb",150490,35.1
143118,"Aurora University",2020,44,4158,56,17563,2965,0.839460370994941,"IL","City/Suburb",149373,35.1
143118,"Aurora University",2019,45,4104,54,17906,2902,0.867332873880083,"IL","City/Suburb",152277,35.1
222983,"Austin College",2023,30,1128,50,24777,5474,0.466569236390208,"TX","City/Suburb",385604,30.3
222983,"Austin College",2022,31,1167,51,24739,5192,0.543721109399075,"TX","City/Suburb",375741,30.3
222983,"Austin College",2021,33,1212,51,24398,4130,0.427118644067797,"TX","City/Suburb",377064,30.3
222983,"Austin College",2020,33,1285,51,24085,4288,0.49277052238806,"TX","City/Suburb",372402,30.3
222983,"Austin College",2019,34,1279,53,23824,4360,0.512844036697248,"TX","City/Suburb",364979,30.3
219602,"Austin Peay State University",2023,46,8587,46,14679,5559,0.959525094441446,"TN","City/Suburb",72084,27.5
219602,"Austin Peay State University",2022,45,8120,45,16140,6362,0.93822697265011,"TN","City/Suburb",71347,27.5
219602,"Austin Peay State University",2021,47,8418,43,14529,5053,0.93429645754997,"TN","City/Suburb",72685,27.5
219602,"Austin Peay State University",2020,48,9087,42,14967,7346,0.911516471549142,"TN","City/Suburb",73281,27.5
219602,"Austin Peay State University",2019,50,9971,41,13440,7416,0.949838187702265,"TN","City/Suburb",72802,27.5
446048,"Ave Maria University",2023,23,1250,30,23515,2448,0.44812091503268,"FL","Town/Rural",214692,30.4
446048,"Ave Maria University",2022,27,1247,29,21078,3404,0.442126909518214,"FL","Town/Rural",217330,30.4
446048,"Ave Maria University",2021,28,1259,31,18643,3705,0.640485829959514,"FL","Town/Rural",223891,30.4
446048,"Ave Maria University",2020,24,1071,32,19226,1559,0.917896087235407,"FL","Town/Rural",215797,30.4
446048,"Ave Maria University",2019,24,1129,37,15939,1446,0.848547717842324,"FL","Town/Rural",213187,30.4
231420,"Averett University",2023,39,1180,51,24091,3322,0.478025285972306,"VA","Town/Rural",99497,39.3
231420,"Averett University",2022,42,1140,51,23781,2324,0.760327022375215,"VA","Town/Rural",98780,39.3
231420,"Averett University",2021,45,1114,50,22674,3462,0.477180820335066,"VA","Town/Rural",100147,39.3
231420,"Averett University",2020,46,887,46,23855,2652,0.693815987933635,"VA","Town/Rural",98970,39.3
231420,"Averett University",2019,45,894,45,24013,2713,0.649465536306672,"VA","Town/Rural",95710,39.3
176628,"Avila University",2023,49,1196,57,17482,2862,0.59538784067086,"MO","City/Suburb",67773,29.5
176628,"Avila University",2022,51,978,53,17210,2712,0.676253687315634,"MO","City/Suburb",66781,29.5
176628,"Avila University",2021,47,1024,50,18581,2069,0.680038666022233,"MO","City/Suburb",66906,29.5
176628,"Avila University",2020,44,1058,49,18711,1513,0.544613350958361,"MO","City/Suburb",67892,29.5
176628,"Avila University",2019,49,1153,47,17048,1712,0.411214953271028,"MO","City/Suburb",68482,29.5
109785,"Azusa Pacific University",2023,35,2977,74,26117,3850,0.794805194805195,"CA","City/Suburb",492544,34.2
109785,"Azusa Pacific University",2022,40,3348,72,26666,3438,0.869982547993019,"CA","City/Suburb",473448,34.2
109785,"Azusa Pacific University",2021,33,3939,70,27112,3967,0.94101336022183,"CA","City/Suburb",467260,34.2
109785,"Azusa Pacific University",2020,35,4498,68,31367,4534,0.936038817820909,"CA","City/Suburb",477479,34.2
109785,"Azusa Pacific University",2019,31,5136,64,27707,8192,0.6748046875,"CA","City/Suburb",478819,34.2
164580,"Babson College",2023,14,2752,70,30220,7995,0.197373358348968,"MA","City/Suburb",78133,44.5
164580,"Babson College",2022,15,2761,69,28400,7607,0.223478375180755,"MA","City/Suburb",78514,44.5
164580,"Babson College",2021,14,2576,68,29105,7104,0.253519144144144,"MA","City/Suburb",78839,44.5
164580,"Babson College",2020,12,2457,65,31559,6501,0.269650822950315,"MA","City/Suburb",79537,44.5
164580,"Babson College",2019,13,2386,67,28325,6362,0.264067903175102,"MA","City/Suburb",78060,44.5
128586,"Bais Binyomin Academy",2023,67,50,6,19042,33,0.787878787878788,"NY","City/Suburb",211853,37.2
128586,"Bais Binyomin Academy",2022,75,60,2,18666,29,1,"NY","City/Suburb",213993,37.2
128586,"Bais Binyomin Academy",2021,60,40,0,20525,31,0.741935483870968,"NY","City/Suburb",217586,37.2
128586,"Bais Binyomin Academy",2020,68,35,0,17186,24,0.708333333333333,"NY","City/Suburb",209688,37.2
128586,"Bais Binyomin Academy",2019,71,38,11,19164,24,0.791666666666667,"NY","City/Suburb",212104,37.2
476601,"Bais HaMedrash and Mesivta of Baltimore",2023,47,91,0,11550,27,1,"MD","City/Suburb",69770,40.8
476601,"Bais HaMedrash and Mesivta of Baltimore",2022,47,86,0,11297,25,1,"MD","City/Suburb",69124,40.8
476601,"Bais HaMedrash and Mesivta of Baltimore",2021,53,81,0,11832,30,1,"MD","City/Suburb",71017,40.8
476601,"Bais HaMedrash and Mesivta of Baltimore",2020,57,60,0,10571,30,1,"MD","City/Suburb",67971,40.8
476601,"Bais HaMedrash and Mesivta of Baltimore",2019,59,72,0,13603,24,1,"MD","City/Suburb",68208,40.8
245777,"Bais Medrash Elyon",2023,11,41,0,9630,10,0.8,"NY","City/Suburb",211853,37.2
245777,"Bais Medrash Elyon",2022,23,45,2,8019,9,1,"NY","City/Suburb",213993,37.2
245777,"Bais Medrash Elyon",2021,30,40,0,12251,7,1,"NY","City/Suburb",217586,37.2
245777,"Bais Medrash Elyon",2020,23,28,0,13689,22,0.363636363636364,"NY","City/Suburb",209688,37.2
245777,"Bais Medrash Elyon",2019,30,47,0,6850,31,0.806451612903226,"NY","City/Suburb",212104,37.2
490513,"Bais Medrash Mayan Hatorah",2023,21,25,0,11755,36,0.666666666666667,"NJ","City/Suburb",104131,40.8
490513,"Bais Medrash Mayan Hatorah",2022,24,34,3,11927,40,0.425,"NJ","City/Suburb",107755,40.8
490513,"Bais Medrash Mayan Hatorah",2021,17,37,8,8910,32,0.5,"NJ","City/Suburb",109108,40.8
490513,"Bais Medrash Mayan Hatorah",2020,22,41,10,9621,32,0.46875,"NJ","City/Suburb",109961,40.8
490513,"Bais Medrash Mayan Hatorah",2019,15,46,4,12290,18,0.666666666666667,"NJ","City/Suburb",113367,40.8
495031,"Bais Medrash of Dexter Park",2023,21,22,0,25725,13,0.923076923076923,"NY","City/Suburb",211853,37.2
495031,"Bais Medrash of Dexter Park",2022,32,68,0,20841,15,1,"NY","City/Suburb",213993,37.2
495031,"Bais Medrash of Dexter Park",2021,44,62,0,22577,12,0.75,"NY","City/Suburb",217586,37.2
495031,"Bais Medrash of Dexter Park",2020,42,68,0,23793,20,0.5,"NY","City/Suburb",209688,37.2
449658,"Bais Medrash Toras Chesed",2023,32,125,0,7484,73,0.63013698630137,"NJ","City/Suburb",104131,40.8
449658,"Bais Medrash Toras Chesed",2022,32,110,1,5865,78,0.705128205128205,"NJ","City/Suburb",107755,40.8
449658,"Bais Medrash Toras Chesed",2021,24,117,0,5749,68,0.588235294117647,"NJ","City/Suburb",109108,40.8
449658,"Bais Medrash Toras Chesed",2020,28,152,4,6745,47,0.702127659574468,"NJ","City/Suburb",109961,40.8
449658,"Bais Medrash Toras Chesed",2019,38,112,2,5016,59,0.593220338983051,"NJ","City/Suburb",113367,40.8
168847,"Baker College",2023,38,3572,24,14743,864,0.875,"MI","Town/Rural",108265,29.6
168847,"Baker College",2022,40,3778,24,13719,2082,0.366474543707973,"MI","Town/Rural",103443,29.6
168847,"Baker College",2021,42,4662,25,14366,1593,0.40991839296924,"MI","Town/Rural",107239,29.6
168847,"Baker College",2020,45,5680,24,12112,1531,0.537557152188112,"MI","Town/Rural",108725,29.6
168847,"Baker College",2019,48,7240,23,14487,2351,0.731603572947682,"MI","Town/Rural",112177,29.6
154688,"Baker University",2023,24,1457,31,23410,911,0.920965971459934,"KS","Town/Rural",36832,33.8
154688,"Baker University",2022,23,1509,31,23957,776,0.917525773195876,"KS","Town/Rural",36624,33.8
154688,"Baker University",2021,28,1544,32,24865,637,0.990580847723705,"KS","Town/Rural",36149,33.8
154688,"Baker University",2020,26,1335,31,23243,819,0.934065934065934,"KS","Town/Rural",35923,33.8
154688,"Baker University",2019,27,1672,26,23629,840,0.879761904761905,"KS","Town/Rural",35979,33.8
201195,"Baldwin Wallace University",2023,28,2809,23,28190,4384,0.768476277372263,"OH","City/Suburb",133760,29
201195,"Baldwin Wallace University",2022,29,2744,23,28705,4229,0.770394892409553,"OH","City/Suburb",133872,29
201195,"Baldwin Wallace University",2021,29,2840,23,26577,4250,0.790117647058823,"OH","City/Suburb",136945,29
201195,"Baldwin Wallace University",2020,32,2860,23,25274,3864,0.69824016563147,"OH","City/Suburb",135941,29
201195,"Baldwin Wallace University",2019,33,2964,22,23832,3922,0.726925038245793,"OH","City/Suburb",135868,29
150136,"Ball State University",2023,34,14874,27,13017,28668,0.715955071857123,"IN","City/Suburb",76628,27.1
150136,"Ball State University",2022,34,14416,26,12615,22859,0.689487729122009,"IN","City/Suburb",74897,27.1
150136,"Ball State University",2021,34,14898,24,12968,22947,0.681657733036998,"IN","City/Suburb",78348,27.1
150136,"Ball State University",2020,33,15780,24,13195,20167,0.870481479644965,"IN","City/Suburb",78809,27.1
150136,"Ball State University",2019,34,16702,23,13533,23305,0.767131516841879,"IN","City/Suburb",76144,27.1
219639,"Baptist Health Sciences University",2023,47,733,63,15395,152,0.677631578947368,"TN","City/Suburb",72084,27.5
219639,"Baptist Health Sciences University",2022,55,777,58,9549,281,0.409252669039146,"TN","City/Suburb",71347,27.5
219639,"Baptist Health Sciences University",2021,51,910,57,6305,484,0.349173553719008,"TN","City/Suburb",72685,27.5
219639,"Baptist Health Sciences University",2020,48,871,55,9772,456,0.692982456140351,"TN","City/Suburb",73281,27.5
219639,"Baptist Health Sciences University",2019,48,971,54,10088,413,0.595641646489104,"TN","City/Suburb",72802,27.5
132408,"Baptist University of Florida",2023,34,331,45,8904,156,0.641025641025641,"FL","Town/Rural",214692,30.4
132408,"Baptist University of Florida",2022,32,385,37,10430,38,0.921052631578947,"FL","Town/Rural",217330,30.4
132408,"Baptist University of Florida",2021,40,422,44,9256,36,1,"FL","Town/Rural",223891,30.4
132408,"Baptist University of Florida",2020,37,390,35,10584,90,0.755555555555556,"FL","Town/Rural",215797,30.4
132408,"Baptist University of Florida",2019,53,430,36,10564,78,0.935897435897436,"FL","Town/Rural",213187,30.4
155070,"Barclay College",2023,65,163,52,25548,167,0.544910179640719,"KS","Town/Rural",36832,33.8
155070,"Barclay College",2022,60,152,49,26926,205,0.526829268292683,"KS","Town/Rural",36624,33.8
155070,"Barclay College",2021,55,168,39,26236,229,0.541484716157205,"KS","Town/Rural",36149,33.8
155070,"Barclay College",2020,60,166,45,23687,198,0.47979797979798,"KS","Town/Rural",35923,33.8
155070,"Barclay College",2019,60,189,41,24479,160,0.5125,"KS","Town/Rural",35979,33.8
189088,"Bard College",2023,23,2453,58,25218,6628,0.522933011466506,"NY","Town/Rural",211853,37.2
189088,"Bard College",2022,24,2296,55,25214,6482,0.460814563406356,"NY","Town/Rural",213993,37.2
189088,"Bard College",2021,23,2171,53,24318,5167,0.59918714921618,"NY","Town/Rural",217586,37.2
189088,"Bard College",2020,31,2118,54,25484,4969,0.569531092775206,"NY","Town/Rural",209688,37.2
189088,"Bard College",2019,24,1957,47,27652,4912,0.647597719869707,"NY","Town/Rural",212104,37.2
167792,"Bard College at Simon's Rock",2023,23,312,50,45395,179,0.972067039106145,"MA","Town/Rural",78133,44.5
167792,"Bard College at Simon's Rock",2022,24,298,56,44326,154,0.954545454545455,"MA","Town/Rural",78514,44.5
167792,"Bard College at Simon's Rock",2021,22,328,50,37869,216,0.800925925925926,"MA","Town/Rural",78839,44.5
167792,"Bard College at Simon's Rock",2020,25,343,49,37326,215,0.93953488372093,"MA","Town/Rural",79537,44.5
167792,"Bard College at Simon's Rock",2019,24,398,51,39176,244,0.930327868852459,"MA","Town/Rural",78060,44.5
189097,"Barnard College",2023,15,3353,67,27738,11803,0.0796407692959417,"NY","City/Suburb",211853,37.2
189097,"Barnard College",2022,16,3442,67,26009,12009,0.0879340494629028,"NY","City/Suburb",213993,37.2
189097,"Barnard College",2021,15,3043,59,28366,10395,0.114670514670515,"NY","City/Suburb",217586,37.2
189097,"Barnard College",2020,14,2744,55,30572,9411,0.136011050897885,"NY","City/Suburb",209688,37.2
189097,"Barnard College",2019,16,2631,50,26649,9320,0.117703862660944,"NY","City/Suburb",212104,37.2
132471,"Barry University",2023,46,3150,79,23930,12141,0.59072564039206,"FL","City/Suburb",214692,30.4
132471,"Barry University",2022,51,3122,81,20207,13225,0.596294896030246,"FL","City/Suburb",217330,30.4
132471,"Barry University",2021,51,3332,83,18390,10651,0.636935499014177,"FL","City/Suburb",223891,30.4
132471,"Barry University",2020,47,3523,83,20825,10671,0.652984724955487,"FL","City/Suburb",215797,30.4
132471,"Barry University",2019,48,3747,81,18721,10670,0.509934395501406,"FL","City/Suburb",213187,30.4
197911,"Barton College",2023,37,1163,48,23804,2228,0.95870736086176,"NC","Town/Rural",108252,31.9
197911,"Barton College",2022,40,1187,46,23443,2129,0.945984030061062,"NC","Town/Rural",114167,31.9
197911,"Barton College",2021,40,1150,45,22996,1955,0.974424552429668,"NC","Town/Rural",116514,31.9
197911,"Barton College",2020,42,1105,45,24111,3890,0.424421593830334,"NC","Town/Rural",116615,31.9
197911,"Barton College",2019,45,1065,44,24419,4244,0.452874646559849,"NC","Town/Rural",114284,31.9
160977,"Bates College",2023,10,1753,39,26658,8937,0.130245048674052,"ME","City/Suburb",14133,31.5
160977,"Bates College",2022,10,1790,38,27491,8273,0.137435029614408,"ME","City/Suburb",13869,31.5
160977,"Bates College",2021,9,1821,35,26231,7319,0.173111080748736,"ME","City/Suburb",14239,31.5
160977,"Bates College",2020,11,1876,33,26451,7696,0.140982328482328,"ME","City/Suburb",14677,31.5
160977,"Bates College",2019,11,1820,33,26669,8222,0.121381658963756,"ME","City/Suburb",15274,31.5
164632,"Bay Path University",2023,66,1278,56,14935,966,0.734989648033126,"MA","City/Suburb",78133,44.5
164632,"Bay Path University",2022,62,1315,56,18502,788,0.756345177664975,"MA","City/Suburb",78514,44.5
164632,"Bay Path University",2021,58,1530,54,18664,797,0.754077791718946,"MA","City/Suburb",78839,44.5
164632,"Bay Path University",2020,61,1795,49,19177,1148,0.783101045296167,"MA","City/Suburb",79537,44.5
164632,"Bay Path University",2019,55,1817,46,22740,1123,0.717720391807658,"MA","City/Suburb",78060,44.5
223232,"Baylor University",2023,13,15155,39,49727,39735,0.509928274820687,"TX","City/Suburb",385604,30.3
223232,"Baylor University",2022,14,15213,39,45988,40753,0.458837386204697,"TX","City/Suburb",375741,30.3
223232,"Baylor University",2021,16,15191,39,46039,36588,0.566879851317372,"TX","City/Suburb",377064,30.3
223232,"Baylor University",2020,17,14399,39,40133,33680,0.684709026128266,"TX","City/Suburb",372402,30.3
223232,"Baylor University",2019,19,14108,39,38372,34582,0.453299404314383,"TX","City/Suburb",364979,30.3
384254,"Beacon College",2023,26,527,32,47664,593,0.603709949409781,"FL","City/Suburb",214692,30.4
384254,"Beacon College",2022,27,501,34,43474,416,0.519230769230769,"FL","City/Suburb",217330,30.4
384254,"Beacon College",2021,30,460,38,42578,472,0.567796610169492,"FL","City/Suburb",223891,30.4
384254,"Beacon College",2020,29,427,37,50295,473,0.446088794926004,"FL","City/Suburb",215797,30.4
384254,"Beacon College",2019,6,416,34,45346,286,0.506993006993007,"FL","City/Suburb",213187,30.4
444413,"Beis Medrash Heichal Dovid",2023,15,183,5,11171,120,0.7,"NY","City/Suburb",211853,37.2
444413,"Beis Medrash Heichal Dovid",2022,21,147,3,10216,83,0.578313253012048,"NY","City/Suburb",213993,37.2
444413,"Beis Medrash Heichal Dovid",2021,25,155,2,9747,70,0.771428571428571,"NY","City/Suburb",217586,37.2
444413,"Beis Medrash Heichal Dovid",2020,15,166,1,11989,90,0.666666666666667,"NY","City/Suburb",209688,37.2
444413,"Beis Medrash Heichal Dovid",2019,20,130,1,11139,77,0.779220779220779,"NY","City/Suburb",212104,37.2
175421,"Belhaven University",2023,45,1452,61,22145,2156,0.532467532467532,"MS","City/Suburb",32572,23.2
175421,"Belhaven University",2022,44,1501,60,19794,2589,0.426033217458478,"MS","City/Suburb",32131,23.2
175421,"Belhaven University",2021,52,1714,61,18269,1787,0.64017907106883,"MS","City/Suburb",32865,23.2
175421,"Belhaven University",2020,42,2025,62,18324,2380,0.495378151260504,"MS","City/Suburb",32110,23.2
175421,"Belhaven University",2019,49,2369,61,17840,1698,0.494110718492344,"MS","City/Suburb",32601,23.2
156286,"Bellarmine University",2023,25,2351,29,24432,3462,0.935875216637782,"KY","City/Suburb",49328,24.8
156286,"Bellarmine University",2022,24,2343,27,22813,3878,0.877772047447138,"KY","City/Suburb",49640,24.8
156286,"Bellarmine University",2021,24,2407,24,23784,4228,0.855014191106906,"KY","City/Suburb",50879,24.8
156286,"Bellarmine University",2020,24,2484,23,24425,4191,0.823669768551658,"KY","City/Suburb",51547,24.8
156286,"Bellarmine University",2019,26,2553,23,23158,4811,0.662232384119726,"KY","City/Suburb",51210,24.8
238324,"Bellin College",2023,13,612,13,27998,69,1,"WI","City/Suburb",67563,30
238324,"Bellin College",2022,16,563,13,25811,56,0.928571428571429,"WI","City/Suburb",65909,30
238324,"Bellin College",2021,17,514,13,25919,68,0.852941176470588,"WI","City/Suburb",66830,30
238324,"Bellin College",2020,14,471,10,26615,70,0.957142857142857,"WI","City/Suburb",68053,30
238324,"Bellin College",2019,17,516,8,27673,31,1,"WI","City/Suburb",68191,30
197984,"Belmont Abbey College",2023,25,1549,37,23463,2972,0.903768506056528,"NC","City/Suburb",108252,31.9
197984,"Belmont Abbey College",2022,27,1475,35,23522,2757,0.97170837867247,"NC","City/Suburb",114167,31.9
197984,"Belmont Abbey College",2021,28,1507,37,21821,1841,0.989136338946225,"NC","City/Suburb",116514,31.9
197984,"Belmont Abbey College",2020,31,1467,37,22333,2292,0.801047120418848,"NC","City/Suburb",116615,31.9
197984,"Belmont Abbey College",2019,32,1507,39,21817,2134,0.806466729147142,"NC","City/Suburb",114284,31.9
219709,"Belmont University",2023,19,7330,25,37558,8950,0.963575418994413,"TN","City/Suburb",72084,27.5
219709,"Belmont University",2022,17,7384,23,36225,9163,0.962675979482702,"TN","City/Suburb",71347,27.5
219709,"Belmont University",2021,17,7076,21,35268,9614,0.880798835032245,"TN","City/Suburb",72685,27.5
219709,"Belmont University",2020,16,6631,21,34368,8926,0.832287698857271,"TN","City/Suburb",73281,27.5
219709,"Belmont University",2019,16,6820,20,36976,7965,0.83804143126177,"TN","City/Suburb",72802,27.5
238333,"Beloit College",2023,29,948,49,24941,3914,0.573582013285641,"WI","City/Suburb",67563,30
238333,"Beloit College",2022,31,964,52,20192,3462,0.658578856152513,"WI","City/Suburb",65909,30
238333,"Beloit College",2021,28,1011,51,18294,3279,0.672766087221714,"WI","City/Suburb",66830,30
238333,"Beloit College",2020,27,978,51,23498,3140,0.58343949044586,"WI","City/Suburb",68053,30
238333,"Beloit College",2019,27,1143,49,24493,3657,0.620453923981406,"WI","City/Suburb",68191,30
173124,"Bemidji State University",2023,26,3610,23,16349,2860,0.706643356643357,"MN","Town/Rural",67002,36.7
173124,"Bemidji State University",2022,28,3677,24,15561,2723,0.775247888358428,"MN","Town/Rural",64579,36.7
173124,"Bemidji State University",2021,27,3877,22,15594,2571,0.749513807856865,"MN","Town/Rural",65199,36.7
173124,"Bemidji State University",2020,29,4165,22,14924,3043,0.694380545514295,"MN","Town/Rural",66285,36.7
173124,"Bemidji State University",2019,31,4490,21,14945,3413,0.648989159097568,"MN","Town/Rural",65499,36.7
217721,"Benedict College",2023,63,1694,99,18146,8073,0.672984020810108,"SC","City/Suburb",53335,28.3
217721,"Benedict College",2022,68,1796,99,17845,6446,0.677784672665219,"SC","City/Suburb",52277,28.3
217721,"Benedict College",2021,71,1895,99,11701,9322,0.855074018450976,"SC","City/Suburb",52010,28.3
217721,"Benedict College",2020,77,1727,99,12155,8114,0.725905841754991,"SC","City/Suburb",52680,28.3
217721,"Benedict College",2019,82,2034,99,13581,7554,0.767672756155679,"SC","City/Suburb",53953,28.3
154712,"Benedictine College",2023,16,2391,24,28451,3575,0.764475524475524,"KS","Town/Rural",36832,33.8
154712,"Benedictine College",2022,16,2289,23,30067,2895,0.98825561312608,"KS","Town/Rural",36624,33.8
154712,"Benedictine College",2021,17,2202,22,27946,2728,0.984970674486804,"KS","Town/Rural",36149,33.8
154712,"Benedictine College",2020,17,2124,23,27364,2488,0.967845659163987,"KS","Town/Rural",35923,33.8
154712,"Benedictine College",2019,20,2085,22,24320,2238,0.970509383378016,"KS","Town/Rural",35979,33.8
145619,"Benedictine University",2023,39,1842,58,24570,2788,0.772238163558106,"IL","City/Suburb",148445,35.1
145619,"Benedictine University",2022,43,2042,58,25658,2746,0.931172614712309,"IL","City/Suburb",145439,35.1
145619,"Benedictine University",2021,39,2185,59,24746,2908,0.800206327372765,"IL","City/Suburb",150490,35.1
145619,"Benedictine University",2020,41,2299,58,27061,3017,0.609877361617501,"IL","City/Suburb",149373,35.1
145619,"Benedictine University",2019,42,2493,58,25604,4850,0.417113402061856,"IL","City/Suburb",152277,35.1
197993,"Bennett College",2023,75,195,99,20928,723,0.336099585062241,"NC","City/Suburb",108252,31.9
197993,"Bennett College",2022,75,168,100,20545,1042,0.446257197696737,"NC","City/Suburb",114167,31.9
197993,"Bennett College",2021,71,207,100,23140,1218,0.792282430213465,"NC","City/Suburb",116514,31.9
197993,"Bennett College",2020,75,232,100,20062,2021,0.72884710539337,"NC","City/Suburb",116615,31.9
197993,"Bennett College",2019,69,311,100,10267,4384,0.589644160583942,"NC","City/Suburb",114284,31.9
230816,"Bennington College",2023,21,776,37,35108,2825,0.480353982300885,"VT","Town/Rural",5789,38.7
230816,"Bennington College",2022,22,777,37,32522,2801,0.453052481256694,"VT","Town/Rural",5977,38.7
230816,"Bennington College",2021,21,771,41,35569,1726,0.669177288528389,"VT","Town/Rural",5988,38.7
230816,"Bennington College",2020,20,697,40,35386,1382,0.59985528219971,"VT","Town/Rural",6158,38.7
230816,"Bennington College",2019,22,729,42,38386,1344,0.607886904761905,"VT","Town/Rural",6547,38.7
164739,"Bentley University",2023,15,4350,46,43858,10482,0.484354130891051,"MA","City/Suburb",78133,44.5
164739,"Bentley University",2022,13,4131,44,44233,9662,0.578762161043262,"MA","City/Suburb",78514,44.5
164739,"Bentley University",2021,14,3996,43,41708,9311,0.609386746858554,"MA","City/Suburb",78839,44.5
164739,"Bentley University",2020,14,4061,42,42759,8298,0.57821161725717,"MA","City/Suburb",79537,44.5
164739,"Bentley University",2019,14,4228,43,41582,9017,0.467228568259953,"MA","City/Suburb",78060,44.5
156295,"Berea College",2023,81,1487,56,4379,2073,0.327062228654124,"KY","Town/Rural",49328,24.8
156295,"Berea College",2022,82,1432,56,2020,2217,0.245827695083446,"KY","Town/Rural",49640,24.8
156295,"Berea College",2021,89,1468,53,3354,1736,0.330069124423963,"KY","Town/Rural",50879,24.8
156295,"Berea College",2020,84,1432,50,4938,1857,0.329563812600969,"KY","Town/Rural",51547,24.8
156295,"Berea College",2019,83,1688,48,5156,1966,0.30264496439471,"KY","Town/Rural",51210,24.8
164748,"Berklee College of Music",2023,15,7608,61,48608,7167,0.499093065438817,"MA","City/Suburb",78133,44.5
164748,"Berklee College of Music",2022,15,7499,60,46873,7286,0.542272852045018,"MA","City/Suburb",78514,44.5
164748,"Berklee College of Music",2021,18,7177,57,48055,7266,0.551747866776768,"MA","City/Suburb",78839,44.5
164748,"Berklee College of Music",2020,15,6004,57,42952,7860,0.516030534351145,"MA","City/Suburb",79537,44.5
164748,"Berklee College of Music",2019,17,6439,57,43744,6763,0.514416678988615,"MA","City/Suburb",78060,44.5
139144,"Berry College",2023,24,2226,28,25383,6467,0.618524818308335,"GA","City/Suburb",126146,31.9
139144,"Berry College",2022,25,2243,27,25359,5643,0.663122452596137,"GA","City/Suburb",122695,31.9
139144,"Berry College",2021,23,2172,25,24741,5249,0.698990283863593,"GA","City/Suburb",124712,31.9
139144,"Berry College",2020,23,2006,25,24605,4166,0.772203552568411,"GA","City/Suburb",126126,31.9
139144,"Berry College",2019,24,1943,22,25192,4328,0.70586876155268,"GA","City/Suburb",121897,31.9
485999,"Bet Medrash Gadol Ateret Torah",2023,58,108,0,4734,49,0.653061224489796,"NY","City/Suburb",211853,37.2
485999,"Bet Medrash Gadol Ateret Torah",2022,56,91,0,4058,38,0.921052631578947,"NY","City/Suburb",213993,37.2
485999,"Bet Medrash Gadol Ateret Torah",2021,51,96,0,10506,38,0.842105263157895,"NY","City/Suburb",217586,37.2
485999,"Bet Medrash Gadol Ateret Torah",2020,60,142,0,5817,39,0.692307692307692,"NY","City/Suburb",209688,37.2
485999,"Bet Medrash Gadol Ateret Torah",2019,54,90,0,6005,39,0.871794871794872,"NY","City/Suburb",212104,37.2
189273,"Beth Hamedrash Shaarei Yosher Institute",2023,77,83,0,5415,31,0.903225806451613,"NY","City/Suburb",211853,37.2
189273,"Beth Hamedrash Shaarei Yosher Institute",2022,75,74,0,4890,29,0.862068965517241,"NY","City/Suburb",213993,37.2
189273,"Beth Hamedrash Shaarei Yosher Institute",2021,78,75,0,5880,36,0.666666666666667,"NY","City/Suburb",217586,37.2
189273,"Beth Hamedrash Shaarei Yosher Institute",2020,80,97,0,7067,36,0.722222222222222,"NY","City/Suburb",209688,37.2
189273,"Beth Hamedrash Shaarei Yosher Institute",2019,70,80,0,6366,47,0.808510638297872,"NY","City/Suburb",212104,37.2
486196,"Beth Medrash Meor Yitzchok",2023,53,222,3,12538,165,0.521212121212121,"NY","City/Suburb",211853,37.2
486196,"Beth Medrash Meor Yitzchok",2022,49,189,3,13432,150,0.56,"NY","City/Suburb",213993,37.2
486196,"Beth Medrash Meor Yitzchok",2021,55,184,6,12290,115,0.652173913043478,"NY","City/Suburb",217586,37.2
486196,"Beth Medrash Meor Yitzchok",2020,52,187,4,10556,80,0.7375,"NY","City/Suburb",209688,37.2
486196,"Beth Medrash Meor Yitzchok",2019,57,164,4,10604,182,0.631868131868132,"NY","City/Suburb",212104,37.2
488314,"Beth Medrash of Asbury Park",2023,44,109,16,10707,52,0.423076923076923,"NJ","City/Suburb",104131,40.8
488314,"Beth Medrash of Asbury Park",2022,48,98,14,9767,40,0.75,"NJ","City/Suburb",107755,40.8
488314,"Beth Medrash of Asbury Park",2021,60,54,13,8795,51,0.333333333333333,"NJ","City/Suburb",109108,40.8
488314,"Beth Medrash of Asbury Park",2020,52,50,8,10487,35,0.428571428571429,"NJ","City/Suburb",109961,40.8
488314,"Beth Medrash of Asbury Park",2019,57,66,11,9698,35,0.885714285714286,"NJ","City/Suburb",113367,40.8
237181,"Bethany College",2023,41,645,53,16844,2435,0.604928131416838,"WV","Town/Rural",17853,21.3
237181,"Bethany College",2022,40,598,47,17605,2651,0.64918898528857,"WV","Town/Rural",17400,21.3
237181,"Bethany College",2021,44,545,48,14848,2522,0.7355273592387,"WV","Town/Rural",18271,21.3
237181,"Bethany College",2020,45,569,45,14666,1568,0.918367346938776,"WV","Town/Rural",18751,21.3
237181,"Bethany College",2019,43,516,44,20389,1150,0.95304347826087,"WV","Town/Rural",19036,21.3
154721,"Bethany College",2023,43,637,49,29571,1860,0.786021505376344,"KS","Town/Rural",36832,33.8
154721,"Bethany College",2022,44,744,49,29546,3521,0.66032377165578,"KS","Town/Rural",36624,33.8
154721,"Bethany College",2021,46,737,48,26732,2627,0.718690521507423,"KS","Town/Rural",36149,33.8
154721,"Bethany College",2020,49,790,42,26040,1689,0.683244523386619,"KS","Town/Rural",35923,33.8
154721,"Bethany College",2019,49,816,40,19780,1163,0.676698194325022,"KS","Town/Rural",35979,33.8
486284,"Bethany Global University",2023,47,162,25,19840,147,0.938775510204082,"MN","City/Suburb",67002,36.7
486284,"Bethany Global University",2022,43,222,29,20554,104,0.961538461538462,"MN","City/Suburb",64579,36.7
486284,"Bethany Global University",2021,43,284,30,19093,195,0.948717948717949,"MN","City/Suburb",65199,36.7
486284,"Bethany Global University",2020,45,313,28,21169,164,0.865853658536585,"MN","City/Suburb",66285,36.7
486284,"Bethany Global University",2019,39,323,24,20224,153,0.875816993464052,"MN","City/Suburb",65499,36.7
173142,"Bethany Lutheran College",2023,22,850,33,19456,881,0.509648127128263,"MN","City/Suburb",67002,36.7
173142,"Bethany Lutheran College",2022,25,792,35,18525,665,0.584962406015038,"MN","City/Suburb",64579,36.7
173142,"Bethany Lutheran College",2021,24,781,34,17640,714,0.61484593837535,"MN","City/Suburb",65199,36.7
173142,"Bethany Lutheran College",2020,23,769,29,16968,665,0.645112781954887,"MN","City/Suburb",66285,36.7
173142,"Bethany Lutheran College",2019,29,741,28,17580,636,0.726415094339623,"MN","City/Suburb",65499,36.7
154749,"Bethel College-North Newton",2023,39,502,47,24879,977,0.957011258955988,"KS","Town/Rural",36832,33.8
154749,"Bethel College-North Newton",2022,33,497,46,24630,597,0.971524288107203,"KS","Town/Rural",36624,33.8
154749,"Bethel College-North Newton",2021,35,485,41,24508,830,0.706024096385542,"KS","Town/Rural",36149,33.8
154749,"Bethel College-North Newton",2020,42,484,40,22831,1034,0.613152804642166,"KS","Town/Rural",35923,33.8
154749,"Bethel College-North Newton",2019,43,456,39,21785,943,0.574761399787911,"KS","Town/Rural",35979,33.8
150145,"Bethel University",2023,35,1107,30,20058,833,0.986794717887155,"IN","City/Suburb",76628,27.1
150145,"Bethel University",2022,38,1181,31,18746,752,0.99468085106383,"IN","City/Suburb",74897,27.1
150145,"Bethel University",2021,38,1206,32,18772,1250,0.9792,"IN","City/Suburb",78348,27.1
150145,"Bethel University",2020,40,1195,30,19327,1235,0.927935222672065,"IN","City/Suburb",78809,27.1
150145,"Bethel University",2019,42,1273,33,18348,1363,0.937637564196625,"IN","City/Suburb",76144,27.1
173160,"Bethel University",2023,19,2629,27,30375,1642,0.909866017052375,"MN","City/Suburb",67002,36.7
173160,"Bethel University",2022,20,2592,25,29915,2199,0.72487494315598,"MN","City/Suburb",64579,36.7
173160,"Bethel University",2021,21,2653,22,28840,2050,0.886829268292683,"MN","City/Suburb",65199,36.7
173160,"Bethel University",2020,24,2722,21,29107,1646,0.866342648845686,"MN","City/Suburb",66285,36.7
173160,"Bethel University",2019,26,2799,21,26468,2435,0.785215605749487,"MN","City/Suburb",65499,36.7
219718,"Bethel University",2023,31,2719,51,20606,3318,0.97166968053044,"TN","Town/Rural",72084,27.5
219718,"Bethel University",2022,34,3290,47,13858,2489,0.887906789875452,"TN","Town/Rural",71347,27.5
219718,"Bethel University",2021,37,3446,45,16139,2148,0.499534450651769,"TN","Town/Rural",72685,27.5
219718,"Bethel University",2020,40,3457,46,15612,1717,0.761211415259173,"TN","Town/Rural",73281,27.5
219718,"Bethel University",2019,41,3809,45,15649,1541,0.902660609993511,"TN","Town/Rural",72802,27.5
132602,"Bethune-Cookman University",2023,77,2414,99,14705,6844,0.99853886616014,"FL","City/Suburb",214692,30.4
132602,"Bethune-Cookman University",2022,76,2628,99,15769,12818,0.849664534248713,"FL","City/Suburb",217330,30.4
132602,"Bethune-Cookman University",2021,73,2513,99,11717,5577,0.99838622915546,"FL","City/Suburb",223891,30.4
132602,"Bethune-Cookman University",2020,78,2746,99,17016,5938,0.977265072414955,"FL","City/Suburb",215797,30.4
132602,"Bethune-Cookman University",2019,76,2778,99,16515,7081,0.840559243044768,"FL","City/Suburb",213187,30.4
196079,"Binghamton University",2023,27,14409,47,18860,49513,0.377335245289116,"NY","City/Suburb",211853,37.2
196079,"Binghamton University",2022,27,14402,45,19535,41642,0.417463138177801,"NY","City/Suburb",213993,37.2
196079,"Binghamton University",2021,27,14307,42,17881,39533,0.441529861128677,"NY","City/Suburb",217586,37.2
196079,"Binghamton University",2020,27,14333,42,19061,38116,0.430317976702697,"NY","City/Suburb",209688,37.2
196079,"Binghamton University",2019,28,14165,42,17424,37516,0.405320396630771,"NY","City/Suburb",212104,37.2
110097,"Biola University",2023,26,3395,60,30510,4003,0.600799400449663,"CA","City/Suburb",492544,34.2
110097,"Biola University",2022,26,3499,59,31522,4224,0.566287878787879,"CA","City/Suburb",473448,34.2
110097,"Biola University",2021,27,3596,56,29123,4354,0.607717041800643,"CA","City/Suburb",467260,34.2
110097,"Biola University",2020,28,3683,56,34713,4324,0.643848288621647,"CA","City/Suburb",477479,34.2
110097,"Biola University",2019,30,4043,55,33331,4216,0.698529411764706,"CA","City/Suburb",478819,34.2
100937,"Birmingham-Southern College",2023,23,713,30,24170,3987,0.519438174065714,"AL","City/Suburb",52181,25.5
100937,"Birmingham-Southern College",2022,23,975,27,21153,3019,0.571712487578668,"AL","City/Suburb",53739,25.5
100937,"Birmingham-Southern College",2021,22,1058,27,22888,2461,0.659081674116213,"AL","City/Suburb",54466,25.5
100937,"Birmingham-Southern College",2020,23,1129,23,21474,2460,0.604471544715447,"AL","City/Suburb",52925,25.5
100937,"Birmingham-Southern College",2019,24,1209,21,23452,3384,0.538120567375887,"AL","City/Suburb",55331,25.5
219046,"Black Hills State University",2023,18,3279,21,16474,1617,0.944341372912802,"SD","Town/Rural",9564,29.2
219046,"Black Hills State University",2022,20,3261,15,16782,1579,0.966434452184927,"SD","Town/Rural",9036,29.2
219046,"Black Hills State University",2021,22,3346,16,15895,1382,0.972503617945007,"SD","Town/Rural",9008,29.2
219046,"Black Hills State University",2020,23,3413,18,16706,1119,0.971403038427167,"SD","Town/Rural",8951,29.2
219046,"Black Hills State University",2019,26,3684,20,15861,2129,0.839361202442461,"SD","Town/Rural",9241,29.2
143288,"Blackburn College",2023,54,389,36,21349,1113,0.801437556154537,"IL","Town/Rural",148445,35.1
143288,"Blackburn College",2022,56,382,25,21575,783,0.64367816091954,"IL","Town/Rural",145439,35.1
143288,"Blackburn College",2021,58,414,25,19016,453,0.662251655629139,"IL","Town/Rural",150490,35.1
143288,"Blackburn College",2020,61,516,28,15603,734,0.551771117166213,"IL","Town/Rural",149373,35.1
143288,"Blackburn College",2019,63,482,21,16175,630,0.571428571428571,"IL","Town/Rural",152277,35.1
183822,"Bloomfield College",2023,69,904,92,18522,3491,0.672300200515612,"NJ","City/Suburb",104131,40.8
183822,"Bloomfield College",2022,69,1152,92,20320,3579,0.781782620843811,"NJ","City/Suburb",107755,40.8
183822,"Bloomfield College",2021,70,1299,92,21585,2737,0.840336134453782,"NJ","City/Suburb",109108,40.8
183822,"Bloomfield College",2020,72,1533,92,19101,4195,0.846483909415971,"NJ","City/Suburb",109961,40.8
183822,"Bloomfield College",2019,72,1612,91,17782,4034,0.705999008428359,"NJ","City/Suburb",113367,40.8
175430,"Blue Mountain Christian University",2023,26,942,32,16525,191,1,"MS","Town/Rural",32572,23.2
175430,"Blue Mountain Christian University",2022,28,892,32,15305,186,0.956989247311828,"MS","Town/Rural",32131,23.2
175430,"Blue Mountain Christian University",2021,32,958,33,14987,219,0.990867579908676,"MS","Town/Rural",32865,23.2
175430,"Blue Mountain Christian University",2020,39,925,25,13682,227,0.991189427312775,"MS","Town/Rural",32110,23.2
175430,"Blue Mountain Christian University",2019,49,801,23,12195,233,0.957081545064378,"MS","Town/Rural",32601,23.2
237215,"Bluefield State University",2023,41,1249,28,14500,720,0.872222222222222,"WV","Town/Rural",17853,21.3
237215,"Bluefield State University",2022,46,1281,25,11759,844,0.972748815165877,"WV","Town/Rural",17400,21.3
237215,"Bluefield State University",2021,48,1358,22,11309,1019,0.968596663395486,"WV","Town/Rural",18271,21.3
237215,"Bluefield State University",2020,54,1243,16,12026,792,0.900252525252525,"WV","Town/Rural",18751,21.3
237215,"Bluefield State University",2019,55,1241,16,8445,470,0.94468085106383,"WV","Town/Rural",19036,21.3
231554,"Bluefield University",2023,46,694,40,22191,1057,0.62724692526017,"VA","Town/Rural",99497,39.3
231554,"Bluefield University",2022,44,705,40,22904,984,0.630081300813008,"VA","Town/Rural",98780,39.3
231554,"Bluefield University",2021,48,718,38,18726,800,0.7225,"VA","Town/Rural",100147,39.3
231554,"Bluefield University",2020,52,851,46,22038,905,0.760220994475138,"VA","Town/Rural",98970,39.3
231554,"Bluefield University",2019,51,939,41,23054,1534,0.994132985658409,"VA","Town/Rural",95710,39.3
201371,"Bluffton University",2023,37,602,33,21299,2873,0.61155586494953,"OH","Town/Rural",133760,29
201371,"Bluffton University",2022,40,664,27,21247,1105,0.96289592760181,"OH","Town/Rural",133872,29
201371,"Bluffton University",2021,39,728,27,21239,1362,0.969162995594714,"OH","Town/Rural",136945,29
201371,"Bluffton University",2020,36,691,27,22125,1504,0.605053191489362,"OH","Town/Rural",135941,29
201371,"Bluffton University",2019,39,710,25,26002,1770,0.549717514124294,"OH","Town/Rural",135868,29
142090,"Boise Bible College",2023,47,103,9,14639,56,0.964285714285714,"ID","City/Suburb",21457,27.7
142090,"Boise Bible College",2022,57,96,11,18198,53,1,"ID","City/Suburb",21128,27.7
142090,"Boise Bible College",2021,50,89,9,17491,34,0.794117647058823,"ID","City/Suburb",20809,27.7
142090,"Boise Bible College",2020,47,101,16,14874,52,0.903846153846154,"ID","City/Suburb",20446,27.7
142090,"Boise Bible College",2019,53,95,18,21315,19,0.947368421052632,"ID","City/Suburb",20130,27.7
142115,"Boise State University",2023,18,23491,29,19037,15949,0.839613768888332,"ID","City/Suburb",21457,27.7
142115,"Boise State University",2022,19,22922,28,17724,16795,0.839297409943436,"ID","City/Suburb",21128,27.7
142115,"Boise State University",2021,21,22404,28,15828,15648,0.831288343558282,"ID","City/Suburb",20809,27.7
142115,"Boise State University",2020,21,20763,27,14190,15511,0.774933917864741,"ID","City/Suburb",20446,27.7
142115,"Boise State University",2019,23,22896,27,13237,15030,0.774384564204924,"ID","City/Suburb",20130,27.7
490203,"Bolivar Technical College",2022,75,130,9,24200,12,1,"MO","Town/Rural",66781,29.5
490203,"Bolivar Technical College",2021,72,129,12,25172,12,1,"MO","Town/Rural",66906,29.5
490203,"Bolivar Technical College",2020,95,156,10,21490,20,1,"MO","Town/Rural",67892,29.5
490203,"Bolivar Technical College",2019,77,130,10,25604,21,0.333333333333333,"MO","Town/Rural",68482,29.5
164614,"Boston Baptist College",2023,58,33,30,19506,14,1,"MA","City/Suburb",78133,44.5
164614,"Boston Baptist College",2022,41,43,21,15837,13,1,"MA","City/Suburb",78514,44.5
164614,"Boston Baptist College",2021,26,42,19,23223,11,0.636363636363636,"MA","City/Suburb",78839,44.5
164614,"Boston Baptist College",2020,33,60,12,21939,18,0.777777777777778,"MA","City/Suburb",79537,44.5
164614,"Boston Baptist College",2019,36,63,19,18263,22,0.909090909090909,"MA","City/Suburb",78060,44.5
164924,"Boston College",2023,13,10083,43,32590,36069,0.156505586514736,"MA","City/Suburb",78133,44.5
164924,"Boston College",2022,13,9982,42,30559,40494,0.166641971650121,"MA","City/Suburb",78514,44.5
164924,"Boston College",2021,13,9939,42,30159,39846,0.190408071073634,"MA","City/Suburb",78839,44.5
164924,"Boston College",2020,13,9780,42,30192,29382,0.263835001021033,"MA","City/Suburb",79537,44.5
164924,"Boston College",2019,14,9901,43,28354,35552,0.272249099909991,"MA","City/Suburb",78060,44.5
164988,"Boston University",2023,18,18656,67,27551,80495,0.108491210634201,"MA","City/Suburb",78133,44.5
164988,"Boston University",2022,17,18459,67,27829,80796,0.143658101886232,"MA","City/Suburb",78514,44.5
164988,"Boston University",2021,17,18229,66,25852,75778,0.186452532397266,"MA","City/Suburb",78839,44.5
164988,"Boston University",2020,16,16872,65,29154,61007,0.200862196141426,"MA","City/Suburb",79537,44.5
164988,"Boston University",2019,16,17983,64,29479,62224,0.189412445358704,"MA","City/Suburb",78060,44.5
161004,"Bowdoin College",2023,16,1850,48,23110,10966,0.0801568484406347,"ME","Town/Rural",14133,31.5
161004,"Bowdoin College",2022,16,1915,44,22776,9376,0.0919368600682594,"ME","Town/Rural",13869,31.5
161004,"Bowdoin College",2021,17,1951,43,26727,9325,0.0881501340482574,"ME","Town/Rural",14239,31.5
161004,"Bowdoin College",2020,16,1777,44,25622,9402,0.091576260370134,"ME","Town/Rural",14677,31.5
161004,"Bowdoin College",2019,16,1835,41,23808,9332,0.0905486498071153,"ME","Town/Rural",15274,31.5
162007,"Bowie State University",2023,44,5288,97,16117,6245,0.835388310648519,"MD","City/Suburb",69770,40.8
162007,"Bowie State University",2022,50,5378,97,13886,5445,0.865381083562902,"MD","City/Suburb",69124,40.8
162007,"Bowie State University",2021,45,5381,98,14290,4978,0.8704298915227,"MD","City/Suburb",71017,40.8
162007,"Bowie State University",2020,50,5354,98,14322,5168,0.812113003095975,"MD","City/Suburb",67971,40.8
162007,"Bowie State University",2019,51,5227,98,14321,4849,0.796659104970097,"MD","City/Suburb",68208,40.8
201441,"Bowling Green State University-Main Campus",2023,23,14014,22,20987,18629,0.806055075420044,"OH","Town/Rural",133760,29
201441,"Bowling Green State University-Main Campus",2022,23,13853,21,20485,17447,0.786553562217,"OH","Town/Rural",133872,29
201441,"Bowling Green State University-Main Campus",2021,24,14465,21,16684,18295,0.787318939600984,"OH","Town/Rural",136945,29
201441,"Bowling Green State University-Main Campus",2020,25,14988,21,17580,17341,0.752955423562655,"OH","Town/Rural",135941,29
201441,"Bowling Green State University-Main Campus",2019,27,15103,21,17427,17179,0.718202456487572,"OH","Town/Rural",135868,29
143358,"Bradley University",2023,29,3883,38,24703,10138,0.766620635233774,"IL","City/Suburb",148445,35.1
143358,"Bradley University",2022,30,4143,35,24053,11352,0.751409443269908,"IL","City/Suburb",145439,35.1
143358,"Bradley University",2021,28,4331,33,25312,10109,0.758630922939954,"IL","City/Suburb",150490,35.1
143358,"Bradley University",2020,29,4574,30,25850,10202,0.7327974906881,"IL","City/Suburb",149373,35.1
143358,"Bradley University",2019,29,4636,29,26791,10708,0.702091893911095,"IL","City/Suburb",152277,35.1
165015,"Brandeis University",2023,14,3675,58,44668,11282,0.353128877858536,"MA","City/Suburb",78133,44.5
165015,"Brandeis University",2022,16,3687,58,45565,9917,0.394070787536553,"MA","City/Suburb",78514,44.5
165015,"Brandeis University",2021,16,3591,57,35147,9796,0.391384238464679,"MA","City/Suburb",78839,44.5
165015,"Brandeis University",2020,17,3493,56,41222,10223,0.333952851413479,"MA","City/Suburb",79537,44.5
165015,"Brandeis University",2019,17,3688,54,37264,11343,0.298950894825002,"MA","City/Suburb",78060,44.5
139199,"Brenau University",2023,47,1195,57,20860,2761,0.869612459253894,"GA","City/Suburb",126146,31.9
139199,"Brenau University",2022,47,1368,52,23635,2334,0.865467009425878,"GA","City/Suburb",122695,31.9
139199,"Brenau University",2021,45,1427,50,22727,1900,0.891052631578947,"GA","City/Suburb",124712,31.9
139199,"Brenau University",2020,47,1710,54,21715,1139,0.927129060579456,"GA","City/Suburb",126126,31.9
139199,"Brenau University",2019,52,1754,55,21438,2566,0.575214341387373,"GA","City/Suburb",121897,31.9
156356,"Brescia University",2023,43,551,40,15087,2534,0.346093133385951,"KY","City/Suburb",49328,24.8
156356,"Brescia University",2022,40,551,35,16127,1936,0.503615702479339,"KY","City/Suburb",49640,24.8
156356,"Brescia University",2021,8,752,36,13796,1952,0.53125,"KY","City/Suburb",50879,24.8
156356,"Brescia University",2020,44,893,37,14464,2490,0.478313253012048,"KY","City/Suburb",51547,24.8
156356,"Brescia University",2019,54,937,35,13184,2679,0.423292273236282,"KY","City/Suburb",51210,24.8
198066,"Brevard College",2023,38,764,36,26938,2582,0.395042602633617,"NC","Town/Rural",108252,31.9
198066,"Brevard College",2022,40,735,35,24220,2206,0.398912058023572,"NC","Town/Rural",114167,31.9
198066,"Brevard College",2021,42,770,32,21305,2232,0.447132616487455,"NC","Town/Rural",116514,31.9
198066,"Brevard College",2020,43,761,32,23001,3044,0.452365308804205,"NC","Town/Rural",116615,31.9
198066,"Brevard College",2019,42,751,33,24433,2068,0.58752417794971,"NC","Town/Rural",114284,31.9
139205,"Brewton-Parker College",2023,46,1049,42,22488,1018,0.863457760314342,"GA","Town/Rural",126146,31.9
139205,"Brewton-Parker College",2022,42,911,49,21874,744,0.94758064516129,"GA","Town/Rural",122695,31.9
139205,"Brewton-Parker College",2021,41,893,46,19567,617,0.79740680713128,"GA","Town/Rural",124712,31.9
139205,"Brewton-Parker College",2020,36,835,46,18930,483,0.981366459627329,"GA","Town/Rural",126126,31.9
139205,"Brewton-Parker College",2019,35,896,46,18459,452,0.962389380530973,"GA","Town/Rural",121897,31.9
231581,"Bridgewater College",2023,29,1391,33,19660,3984,0.908132530120482,"VA","City/Suburb",99497,39.3
231581,"Bridgewater College",2022,31,1385,33,19332,3402,0.903586125808348,"VA","City/Suburb",98780,39.3
231581,"Bridgewater College",2021,30,1427,35,19592,3388,0.750885478158205,"VA","City/Suburb",100147,39.3
231581,"Bridgewater College",2020,33,1552,36,20318,3684,0.761400651465798,"VA","City/Suburb",98970,39.3
231581,"Bridgewater College",2019,31,1713,35,18727,6279,0.67287784679089,"VA","City/Suburb",95710,39.3
165024,"Bridgewater State University",2023,30,8172,31,16230,8631,0.89190128606187,"MA","City/Suburb",78133,44.5
165024,"Bridgewater State University",2022,31,8116,30,17225,8807,0.877143181560123,"MA","City/Suburb",78514,44.5
165024,"Bridgewater State University",2021,33,8369,29,12744,8881,0.863754081747551,"MA","City/Suburb",78839,44.5
165024,"Bridgewater State University",2020,36,9028,29,17545,9555,0.82312925170068,"MA","City/Suburb",79537,44.5
165024,"Bridgewater State University",2019,38,9463,29,17323,9800,0.876632653061225,"MA","City/Suburb",78060,44.5
230038,"Brigham Young University",2023,32,32221,19,14643,11006,0.691895329820098,"UT","City/Suburb",46946,34.9
230038,"Brigham Young University",2022,32,31411,19,13521,10559,0.666729803958708,"UT","City/Suburb",46085,34.9
230038,"Brigham Young University",2021,32,31642,19,13432,11608,0.591833218470021,"UT","City/Suburb",45251,34.9
230038,"Brigham Young University",2020,35,33376,19,13150,11292,0.692525681898689,"UT","City/Suburb",43182,34.9
230038,"Brigham Young University",2019,36,31292,19,13340,10500,0.674857142857143,"UT","City/Suburb",43372,34.9
230047,"Brigham Young University-Hawaii",2023,30,2836,80,17887,1270,0.378740157480315,"HI","Town/Rural",14206,33.5
230047,"Brigham Young University-Hawaii",2022,15,2735,74,15835,1479,0.342123056118999,"HI","Town/Rural",14314,33.5
230047,"Brigham Young University-Hawaii",2021,16,2893,62,13585,1324,0.876888217522659,"HI","Town/Rural",14567,33.5
230047,"Brigham Young University-Hawaii",2020,19,3180,73,13998,1573,0.750158931977114,"HI","Town/Rural",14100,33.5
230047,"Brigham Young University-Hawaii",2019,23,3096,69,12679,1744,0.569954128440367,"HI","Town/Rural",14706,33.5
142522,"Brigham Young University-Idaho",2023,25,42996,41,7295,10303,0.969523439774823,"ID","Town/Rural",21457,27.7
142522,"Brigham Young University-Idaho",2022,26,43023,37,7899,10222,0.955585990999804,"ID","Town/Rural",21128,27.7
142522,"Brigham Young University-Idaho",2021,28,44304,35,6327,9963,0.965672990063234,"ID","Town/Rural",20809,27.7
142522,"Brigham Young University-Idaho",2020,33,44481,33,6871,10234,0.970099667774086,"ID","Town/Rural",20446,27.7
142522,"Brigham Young University-Idaho",2019,31,39145,30,7038,9762,0.957693095677115,"ID","Town/Rural",20130,27.7
217156,"Brown University",2023,13,7741,66,26608,51316,0.0523423493647206,"RI","City/Suburb",11503,34.4
217156,"Brown University",2022,13,7639,64,26723,50649,0.0505834271160339,"RI","City/Suburb",11411,34.4
217156,"Brown University",2021,14,7349,60,25028,46568,0.0551451640611579,"RI","City/Suburb",11480,34.4
217156,"Brown University",2020,13,6792,59,27659,36793,0.0766993721631832,"RI","City/Suburb",11395,34.4
217156,"Brown University",2019,13,7160,59,27218,38674,0.0706676320008274,"RI","City/Suburb",10892,34.4
180878,"Bryan College of Health Sciences",2023,21,610,19,21834,151,0.629139072847682,"NE","City/Suburb",24387,32.4
180878,"Bryan College of Health Sciences",2022,23,598,25,26926,185,0.675675675675676,"NE","City/Suburb",23856,32.4
180878,"Bryan College of Health Sciences",2021,27,620,12,26105,77,0.909090909090909,"NE","City/Suburb",23769,32.4
180878,"Bryan College of Health Sciences",2020,30,661,14,24972,206,0.577669902912621,"NE","City/Suburb",23830,32.4
180878,"Bryan College of Health Sciences",2019,31,657,15,24691,156,0.717948717948718,"NE","City/Suburb",23314,32.4
219790,"Bryan College-Dayton",2019,32,1240,14,16650,990,0.51010101010101,"TN","Town/Rural",72802,27.5
217165,"Bryant University",2023,11,3240,26,40612,9506,0.656532716179255,"RI","City/Suburb",11503,34.4
217165,"Bryant University",2022,11,3204,25,40361,8900,0.688089887640449,"RI","City/Suburb",11411,34.4
217165,"Bryant University",2021,11,3063,23,40310,6985,0.736148890479599,"RI","City/Suburb",11480,34.4
217165,"Bryant University",2020,11,3281,23,39919,7521,0.757877941763063,"RI","City/Suburb",11395,34.4
217165,"Bryant University",2019,14,3403,25,40038,7633,0.709943665662256,"RI","City/Suburb",10892,34.4
210492,"Bryn Athyn College of the New Church",2023,46,273,40,19204,593,0.741989881956155,"PA","City/Suburb",142275,31.8
210492,"Bryn Athyn College of the New Church",2022,42,272,42,21305,579,0.799654576856649,"PA","City/Suburb",139193,31.8
210492,"Bryn Athyn College of the New Church",2021,40,241,43,24396,498,0.905622489959839,"PA","City/Suburb",142186,31.8
210492,"Bryn Athyn College of the New Church",2020,40,261,44,19129,350,0.777142857142857,"PA","City/Suburb",143645,31.8
210492,"Bryn Athyn College of the New Church",2019,40,288,43,17406,279,0.917562724014337,"PA","City/Suburb",143842,31.8
211273,"Bryn Mawr College",2023,14,1349,50,39383,3278,0.310555216595485,"PA","City/Suburb",142275,31.8
211273,"Bryn Mawr College",2022,14,1409,49,39072,3594,0.307456872565387,"PA","City/Suburb",139193,31.8
211273,"Bryn Mawr College",2021,16,1423,49,34482,3391,0.393394278973754,"PA","City/Suburb",142186,31.8
211273,"Bryn Mawr College",2020,15,1299,54,37015,3311,0.383569918453639,"PA","City/Suburb",143645,31.8
211273,"Bryn Mawr College",2019,15,1389,58,33716,3332,0.330732292917167,"PA","City/Suburb",143842,31.8
211291,"Bucknell University",2023,11,3846,26,38486,11010,0.320072661217075,"PA","Town/Rural",142275,31.8
211291,"Bucknell University",2022,10,3747,24,39965,11707,0.325531733151106,"PA","Town/Rural",139193,31.8
211291,"Bucknell University",2021,10,3724,25,38170,11263,0.34502352836722,"PA","Town/Rural",142186,31.8
211291,"Bucknell University",2020,10,3695,25,39359,9890,0.375328614762386,"PA","Town/Rural",143645,31.8
211291,"Bucknell University",2019,11,3627,26,39493,9845,0.342305738953784,"PA","Town/Rural",143842,31.8
153001,"Buena Vista University",2023,43,1442,22,18156,1544,0.717616580310881,"IA","Town/Rural",36870,29
153001,"Buena Vista University",2022,44,1474,22,19204,1562,0.772727272727273,"IA","Town/Rural",36521,29
153001,"Buena Vista University",2021,47,1506,22,18532,1749,0.65980560320183,"IA","Town/Rural",37097,29
153001,"Buena Vista University",2020,49,1456,25,18300,1787,0.556799104644656,"IA","Town/Rural",36359,29
153001,"Buena Vista University",2019,49,1478,28,18449,2101,0.573536411232746,"IA","Town/Rural",36735,29
209409,"Bushnell University",2023,34,535,38,22534,755,0.663576158940397,"OR","City/Suburb",41163,34
209409,"Bushnell University",2022,35,482,34,23787,552,0.668478260869565,"OR","City/Suburb",41057,34
209409,"Bushnell University",2021,36,476,33,20658,456,0.679824561403509,"OR","City/Suburb",42778,34
209409,"Bushnell University",2020,36,538,34,21932,415,0.681927710843373,"OR","City/Suburb",42173,34
209409,"Bushnell University",2019,39,592,34,21513,474,0.658227848101266,"OR","City/Suburb",41717,34
150163,"Butler University",2023,14,4519,21,40140,9431,0.858657618492207,"IN","City/Suburb",76628,27.1
150163,"Butler University",2022,13,4427,20,37399,13386,0.820633497684148,"IN","City/Suburb",74897,27.1
150163,"Butler University",2021,14,4537,20,38643,15340,0.805475880052151,"IN","City/Suburb",78348,27.1
150163,"Butler University",2020,13,4492,17,42627,14592,0.756921600877193,"IN","City/Suburb",78809,27.1
150163,"Butler University",2019,14,4685,18,39923,14891,0.731717144583977,"IN","City/Suburb",76144,27.1
198109,"Cabarrus College of Health Sciences",2023,28,661,49,14344,63,0.492063492063492,"NC","City/Suburb",108252,31.9
198109,"Cabarrus College of Health Sciences",2022,24,451,36,17217,49,0.448979591836735,"NC","City/Suburb",114167,31.9
198109,"Cabarrus College of Health Sciences",2021,29,438,29,18506,50,0.46,"NC","City/Suburb",116514,31.9
198109,"Cabarrus College of Health Sciences",2020,33,452,25,14475,65,0.353846153846154,"NC","City/Suburb",116615,31.9
198109,"Cabarrus College of Health Sciences",2019,32,439,20,15200,170,0.276470588235294,"NC","City/Suburb",114284,31.9
211352,"Cabrini University",2023,37,710,52,24733,2467,0.69193352249696,"PA","City/Suburb",142275,31.8
211352,"Cabrini University",2022,37,1186,45,21981,3403,0.785189538642374,"PA","City/Suburb",139193,31.8
211352,"Cabrini University",2021,38,1343,44,21387,3256,0.80036855036855,"PA","City/Suburb",142186,31.8
211352,"Cabrini University",2020,41,1471,45,21875,2700,0.616666666666667,"PA","City/Suburb",143645,31.8
211352,"Cabrini University",2019,40,1550,46,22475,3297,0.758265089475281,"PA","City/Suburb",143842,31.8
215114,"Cairn University-Langhorne",2023,30,855,39,27603,505,0.835643564356436,"PA","City/Suburb",142275,31.8
215114,"Cairn University-Langhorne",2022,33,820,35,25923,468,0.80982905982906,"PA","City/Suburb",139193,31.8
215114,"Cairn University-Langhorne",2021,36,844,32,26380,509,0.823182711198428,"PA","City/Suburb",142186,31.8
215114,"Cairn University-Langhorne",2020,36,924,32,23396,539,0.814471243042672,"PA","City/Suburb",143645,31.8
215114,"Cairn University-Langhorne",2019,41,865,29,21671,569,0.827768014059754,"PA","City/Suburb",143842,31.8
183910,"Caldwell University",2023,46,1448,77,23071,7845,0.654047163798598,"NJ","City/Suburb",104131,40.8
183910,"Caldwell University",2022,47,1605,73,20612,6649,0.663708828395247,"NJ","City/Suburb",107755,40.8
183910,"Caldwell University",2021,50,1631,71,16222,3494,0.959645105895821,"NJ","City/Suburb",109108,40.8
183910,"Caldwell University",2020,46,1745,70,19664,4141,0.91523786524994,"NJ","City/Suburb",109961,40.8
183910,"Caldwell University",2019,45,1709,68,17394,3527,0.932520555713071,"NJ","City/Suburb",113367,40.8
110361,"California Baptist University",2023,41,8110,68,28596,7935,0.735727788279773,"CA","City/Suburb",492544,34.2
110361,"California Baptist University",2022,43,8334,65,27304,7654,0.799189966030834,"CA","City/Suburb",473448,34.2
110361,"California Baptist University",2021,44,8252,65,23494,9474,0.637323200337767,"CA","City/Suburb",467260,34.2
110361,"California Baptist University",2020,45,8109,63,27883,6961,0.801752621749749,"CA","City/Suburb",477479,34.2
110361,"California Baptist University",2019,45,8190,61,23055,8241,0.782793350321563,"CA","City/Suburb",478819,34.2
110370,"California College of the Arts",2023,25,1012,79,49945,3661,0.733952472002185,"CA","City/Suburb",492544,34.2
110370,"California College of the Arts",2022,23,1145,80,47862,2987,0.75694676933378,"CA","City/Suburb",473448,34.2
110370,"California College of the Arts",2021,23,1249,82,40231,2847,0.776255707762557,"CA","City/Suburb",467260,34.2
110370,"California College of the Arts",2020,22,1239,83,43687,2625,0.85447619047619,"CA","City/Suburb",477479,34.2
110370,"California College of the Arts",2019,25,1466,81,42065,2578,0.850271528316524,"CA","City/Suburb",478819,34.2
110404,"California Institute of Technology",2023,15,1023,80,23397,13107,0.0314335851071946,"CA","City/Suburb",492544,34.2
110404,"California Institute of Technology",2022,14,982,79,20755,16626,0.0269457476242031,"CA","City/Suburb",473448,34.2
110404,"California Institute of Technology",2021,12,987,77,30162,13026,0.0391524643021649,"CA","City/Suburb",467260,34.2
110404,"California Institute of Technology",2020,11,901,77,26591,8007,0.0669414262520295,"CA","City/Suburb",477479,34.2
110404,"California Institute of Technology",2019,14,938,73,27438,8367,0.0641807099318752,"CA","City/Suburb",478819,34.2
111081,"California Institute of the Arts",2023,22,918,68,57288,2023,0.259515570934256,"CA","City/Suburb",492544,34.2
111081,"California Institute of the Arts",2022,22,940,65,57532,2120,0.247641509433962,"CA","City/Suburb",473448,34.2
111081,"California Institute of the Arts",2021,23,965,63,53916,2364,0.289763113367174,"CA","City/Suburb",467260,34.2
111081,"California Institute of the Arts",2020,24,762,60,59367,2254,0.274179236912156,"CA","City/Suburb",477479,34.2
111081,"California Institute of the Arts",2019,25,1021,60,54594,2267,0.252756947507719,"CA","City/Suburb",478819,34.2
486488,"California Jazz Conservatory",2021,26,23,35,25843,4,1,"CA","City/Suburb",467260,34.2
486488,"California Jazz Conservatory",2020,34,35,46,21469,2,1,"CA","City/Suburb",477479,34.2
486488,"California Jazz Conservatory",2019,31,47,36,15882,5,1,"CA","City/Suburb",478819,34.2
110413,"California Lutheran University",2023,30,2380,64,27080,5290,0.888846880907372,"CA","City/Suburb",492544,34.2
110413,"California Lutheran University",2022,31,2513,62,30416,5150,0.871844660194175,"CA","City/Suburb",473448,34.2
110413,"California Lutheran University",2021,32,2592,61,24065,4041,0.819351645632269,"CA","City/Suburb",467260,34.2
110413,"California Lutheran University",2020,36,2804,61,29669,5568,0.74389367816092,"CA","City/Suburb",477479,34.2
110413,"California Lutheran University",2019,30,3078,59,29693,6175,0.71417004048583,"CA","City/Suburb",478819,34.2
110422,"California Polytechnic State University-San Luis Obispo",2023,18,21559,50,16888,63736,0.297539851889042,"CA","City/Suburb",492544,34.2
110422,"California Polytechnic State University-San Luis Obispo",2022,17,21026,49,19184,58774,0.304301221628611,"CA","City/Suburb",473448,34.2
110422,"California Polytechnic State University-San Luis Obispo",2021,16,21128,47,20708,54570,0.329998167491296,"CA","City/Suburb",467260,34.2
110422,"California Polytechnic State University-San Luis Obispo",2020,17,21456,46,20491,52371,0.384315747264708,"CA","City/Suburb",477479,34.2
110422,"California Polytechnic State University-San Luis Obispo",2019,18,20503,46,21232,54072,0.284176653351087,"CA","City/Suburb",478819,34.2
115755,"California State Polytechnic University-Humboldt",2023,46,5594,50,13837,14019,0.988301590698338,"CA","Town/Rural",492544,34.2
115755,"California State Polytechnic University-Humboldt",2022,49,5461,50,14325,8505,0.981775426219871,"CA","Town/Rural",473448,34.2
115755,"California State Polytechnic University-Humboldt",2021,51,5354,53,13904,7013,0.914587195208898,"CA","Town/Rural",467260,34.2
115755,"California State Polytechnic University-Humboldt",2020,53,6008,56,15015,10198,0.851441459109629,"CA","Town/Rural",477479,34.2
115755,"California State Polytechnic University-Humboldt",2019,56,6580,56,14766,15178,0.921662933192779,"CA","Town/Rural",478819,34.2
110529,"California State Polytechnic University-Pomona",2023,46,24455,87,11898,45775,0.737018022938285,"CA","City/Suburb",492544,34.2
110529,"California State Polytechnic University-Pomona",2022,46,25181,86,12480,49079,0.55378063937733,"CA","City/Suburb",473448,34.2
110529,"California State Polytechnic University-Pomona",2021,48,26974,86,12942,41226,0.606243632659002,"CA","City/Suburb",467260,34.2
110529,"California State Polytechnic University-Pomona",2020,49,27912,86,14457,38026,0.648135486246253,"CA","City/Suburb",477479,34.2
110529,"California State Polytechnic University-Pomona",2019,48,26454,85,12843,39726,0.545914514423803,"CA","City/Suburb",478819,34.2
111188,"California State University Maritime Academy",2023,29,761,52,16081,943,0.987274655355249,"CA","City/Suburb",492544,34.2
111188,"California State University Maritime Academy",2022,28,808,52,17566,756,0.955026455026455,"CA","City/Suburb",473448,34.2
111188,"California State University Maritime Academy",2021,27,880,54,16924,1005,0.82089552238806,"CA","City/Suburb",467260,34.2
111188,"California State University Maritime Academy",2020,27,907,54,21069,988,0.824898785425101,"CA","City/Suburb",477479,34.2
111188,"California State University Maritime Academy",2019,27,911,55,18882,1421,0.762139338494018,"CA","City/Suburb",478819,34.2
110486,"California State University-Bakersfield",2023,61,8336,88,6567,13950,0.881935483870968,"CA","City/Suburb",492544,34.2
110486,"California State University-Bakersfield",2022,59,8188,87,7521,13834,0.865476362584936,"CA","City/Suburb",473448,34.2
110486,"California State University-Bakersfield",2021,61,9367,86,7368,12334,0.852116101832333,"CA","City/Suburb",467260,34.2
110486,"California State University-Bakersfield",2020,62,9979,86,7697,12235,0.78381691867593,"CA","City/Suburb",477479,34.2
110486,"California State University-Bakersfield",2019,62,9981,85,5771,12935,0.807112485504445,"CA","City/Suburb",478819,34.2
441937,"California State University-Channel Islands",2023,47,5290,77,10931,10082,0.930569331481849,"CA","Town/Rural",492544,34.2
441937,"California State University-Channel Islands",2022,48,5734,77,13540,10420,0.896545105566219,"CA","Town/Rural",473448,34.2
441937,"California State University-Channel Islands",2021,50,6471,76,14493,9244,0.930008654262224,"CA","Town/Rural",467260,34.2
441937,"California State University-Channel Islands",2020,51,6947,75,15059,10040,0.794322709163347,"CA","Town/Rural",477479,34.2
441937,"California State University-Channel Islands",2019,50,7112,74,13548,11894,0.857911552043047,"CA","Town/Rural",478819,34.2
110538,"California State University-Chico",2023,40,13160,58,15187,22263,0.937160310829628,"CA","City/Suburb",492544,34.2
110538,"California State University-Chico",2022,41,12981,57,15517,21417,0.95003968809824,"CA","City/Suburb",473448,34.2
110538,"California State University-Chico",2021,43,14462,57,13749,19990,0.854727363681841,"CA","City/Suburb",467260,34.2
110538,"California State University-Chico",2020,44,15747,57,16109,19999,0.901745087254363,"CA","City/Suburb",477479,34.2
110538,"California State University-Chico",2019,45,16164,57,14843,25908,0.723328701559364,"CA","City/Suburb",478819,34.2
110547,"California State University-Dominguez Hills",2023,61,12730,96,4438,19040,0.913235294117647,"CA","City/Suburb",492544,34.2
110547,"California State University-Dominguez Hills",2022,62,13969,95,5068,19165,0.891312288025046,"CA","City/Suburb",473448,34.2
110547,"California State University-Dominguez Hills",2021,63,15238,95,4500,16741,0.895944089361448,"CA","City/Suburb",467260,34.2
110547,"California State University-Dominguez Hills",2020,65,16022,95,4683,19399,0.812000618588587,"CA","City/Suburb",477479,34.2
110547,"California State University-Dominguez Hills",2019,65,15365,95,4594,20864,0.770034509202454,"CA","City/Suburb",478819,34.2
110574,"California State University-East Bay",2023,44,10562,85,10874,13274,0.968133192707549,"CA","City/Suburb",492544,34.2
110574,"California State University-East Bay",2022,44,10796,85,11464,12461,0.962041569697456,"CA","City/Suburb",473448,34.2
110574,"California State University-East Bay",2021,45,12114,85,12631,14448,0.823574197120709,"CA","City/Suburb",467260,34.2
110574,"California State University-East Bay",2020,48,13141,85,13260,13858,0.732789724346948,"CA","City/Suburb",477479,34.2
110574,"California State University-East Bay",2019,49,13202,85,10902,16195,0.761840074096944,"CA","City/Suburb",478819,34.2
110556,"California State University-Fresno",2023,56,21430,85,7303,20201,0.96376417009059,"CA","City/Suburb",492544,34.2
110556,"California State University-Fresno",2022,58,21354,84,7507,18551,0.95428817853485,"CA","City/Suburb",473448,34.2
110556,"California State University-Fresno",2021,57,22187,83,6336,15231,0.972752938086797,"CA","City/Suburb",467260,34.2
110556,"California State University-Fresno",2020,58,22704,83,6906,15448,0.90108751941999,"CA","City/Suburb",477479,34.2
110556,"California State University-Fresno",2019,59,21541,82,6002,18123,0.579429454284611,"CA","City/Suburb",478819,34.2
110565,"California State University-Fullerton",2023,47,37125,86,6283,48591,0.867424008561256,"CA","City/Suburb",492544,34.2
110565,"California State University-Fullerton",2022,48,35432,84,7925,48748,0.667247887092804,"CA","City/Suburb",473448,34.2
110565,"California State University-Fullerton",2021,47,35600,84,4939,45140,0.594306601683651,"CA","City/Suburb",467260,34.2
110565,"California State University-Fullerton",2020,48,36975,83,8322,45449,0.676208497436687,"CA","City/Suburb",477479,34.2
110565,"California State University-Fullerton",2019,49,35335,82,8294,50105,0.526853607424409,"CA","City/Suburb",478819,34.2
110583,"California State University-Long Beach",2023,49,34243,85,9731,79680,0.471222389558233,"CA","City/Suburb",492544,34.2
110583,"California State University-Long Beach",2022,50,32931,85,9346,74718,0.399515511657164,"CA","City/Suburb",473448,34.2
110583,"California State University-Long Beach",2021,51,33897,84,9171,67122,0.468520008343017,"CA","City/Suburb",467260,34.2
110583,"California State University-Long Beach",2020,51,34216,84,10568,67426,0.421202503485302,"CA","City/Suburb",477479,34.2
110583,"California State University-Long Beach",2019,52,33054,83,9903,71355,0.392670450564081,"CA","City/Suburb",478819,34.2
110592,"California State University-Los Angeles",2023,66,21527,96,4551,32748,0.919323317454501,"CA","City/Suburb",492544,34.2
110592,"California State University-Los Angeles",2022,66,22737,96,5801,33939,0.869412769969651,"CA","City/Suburb",473448,34.2
110592,"California State University-Los Angeles",2021,66,23536,96,2695,29223,0.905416966088355,"CA","City/Suburb",467260,34.2
110592,"California State University-Los Angeles",2020,68,22832,96,3859,31442,0.764773233254882,"CA","City/Suburb",477479,34.2
110592,"California State University-Los Angeles",2019,68,22797,95,3255,33641,0.478107071727951,"CA","City/Suburb",478819,34.2
409698,"California State University-Monterey Bay",2023,43,5909,74,15222,11769,0.948253887331124,"CA","City/Suburb",492544,34.2
409698,"California State University-Monterey Bay",2022,44,6248,74,11435,12568,0.923854232972629,"CA","City/Suburb",473448,34.2
409698,"California State University-Monterey Bay",2021,45,6692,75,6085,10026,0.928086973867943,"CA","City/Suburb",467260,34.2
409698,"California State University-Monterey Bay",2020,47,6509,75,13989,11461,0.856208009772271,"CA","City/Suburb",477479,34.2
409698,"California State University-Monterey Bay",2019,49,6789,76,12468,12327,0.752819015169952,"CA","City/Suburb",478819,34.2
110608,"California State University-Northridge",2023,56,32429,81,8222,29789,0.931484776259693,"CA","City/Suburb",492544,34.2
110608,"California State University-Northridge",2022,57,32181,80,8936,25965,0.912266512613133,"CA","City/Suburb",473448,34.2
110608,"California State University-Northridge",2021,57,34496,80,8708,23656,0.881044978018262,"CA","City/Suburb",467260,34.2
110608,"California State University-Northridge",2020,58,34916,79,8882,27765,0.658058707005222,"CA","City/Suburb",477479,34.2
110608,"California State University-Northridge",2019,57,34799,80,8694,30661,0.593392257264929,"CA","City/Suburb",478819,34.2
110617,"California State University-Sacramento",2023,49,28268,78,11183,25994,0.93621604985766,"CA","City/Suburb",492544,34.2
110617,"California State University-Sacramento",2022,50,28921,78,11596,25276,0.932069947776547,"CA","City/Suburb",473448,34.2
110617,"California State University-Sacramento",2021,50,29451,76,7778,22706,0.936844886814058,"CA","City/Suburb",467260,34.2
110617,"California State University-Sacramento",2020,52,29296,75,11473,25734,0.830924069324629,"CA","City/Suburb",477479,34.2
110617,"California State University-Sacramento",2019,53,28819,75,10271,27576,0.822635625181317,"CA","City/Suburb",478819,34.2
110510,"California State University-San Bernardino",2023,57,16067,90,6645,12772,0.982461634826182,"CA","City/Suburb",492544,34.2
110510,"California State University-San Bernardino",2022,59,17034,90,8805,15501,0.910844461647636,"CA","City/Suburb",473448,34.2
110510,"California State University-San Bernardino",2021,60,16858,89,3254,13057,0.909703607260473,"CA","City/Suburb",467260,34.2
110510,"California State University-San Bernardino",2020,61,17250,89,8492,14435,0.781226186352615,"CA","City/Suburb",477479,34.2
110510,"California State University-San Bernardino",2019,62,18282,89,7876,16311,0.685610937404206,"CA","City/Suburb",478819,34.2
366711,"California State University-San Marcos",2023,44,14246,75,10500,17519,0.956961013756493,"CA","City/Suburb",492544,34.2
366711,"California State University-San Marcos",2022,45,13914,75,10463,14774,0.951942601868147,"CA","City/Suburb",473448,34.2
366711,"California State University-San Marcos",2021,45,14963,74,14296,13986,0.933004433004433,"CA","City/Suburb",467260,34.2
366711,"California State University-San Marcos",2020,47,15040,74,12933,15413,0.794199701550639,"CA","City/Suburb",477479,34.2
366711,"California State University-San Marcos",2019,47,14837,74,13010,17349,0.616692604761081,"CA","City/Suburb",478819,34.2
110495,"California State University-Stanislaus",2023,55,8669,83,7316,5334,0.974690663667042,"CA","City/Suburb",492544,34.2
110495,"California State University-Stanislaus",2022,57,8926,82,7555,6077,0.966101694915254,"CA","City/Suburb",473448,34.2
110495,"California State University-Stanislaus",2021,57,9198,81,7230,5740,0.947560975609756,"CA","City/Suburb",467260,34.2
110495,"California State University-Stanislaus",2020,60,9903,81,7418,7136,0.893217488789238,"CA","City/Suburb",477479,34.2
110495,"California State University-Stanislaus",2019,59,9723,80,7069,8764,0.892857142857143,"CA","City/Suburb",478819,34.2
176789,"Calvary University",2023,36,198,21,12860,110,0.709090909090909,"MO","City/Suburb",67773,29.5
176789,"Calvary University",2022,28,226,19,14897,57,0.631578947368421,"MO","City/Suburb",66781,29.5
176789,"Calvary University",2021,26,303,18,14117,86,0.593023255813954,"MO","City/Suburb",66906,29.5
176789,"Calvary University",2019,50,348,22,15887,99,0.777777777777778,"MO","City/Suburb",68482,29.5
169080,"Calvin University",2023,14,3053,32,26374,4719,0.713074803983895,"MI","City/Suburb",108265,29.6
169080,"Calvin University",2022,16,2960,30,25775,4079,0.742093650404511,"MI","City/Suburb",103443,29.6
169080,"Calvin University",2021,16,3068,29,27120,3986,0.750627195183141,"MI","City/Suburb",107239,29.6
169080,"Calvin University",2020,17,3181,30,26482,3199,0.73210378243201,"MI","City/Suburb",108725,29.6
169080,"Calvin University",2019,19,3467,31,27952,3416,0.769028103044497,"MI","City/Suburb",112177,29.6
198136,"Campbell University",2023,33,2813,42,24517,3680,0.942934782608696,"NC","Town/Rural",108252,31.9
198136,"Campbell University",2022,34,2965,41,24280,3647,0.937482862626817,"NC","Town/Rural",114167,31.9
198136,"Campbell University",2021,33,3325,40,23163,4142,0.872525350072429,"NC","Town/Rural",116514,31.9
198136,"Campbell University",2020,34,3720,40,26299,5025,0.812935323383085,"NC","Town/Rural",116615,31.9
198136,"Campbell University",2019,34,3980,42,24015,5422,0.777019549981557,"NC","Town/Rural",114284,31.9
156365,"Campbellsville University",2023,22,6853,25,18777,1015,0.983251231527094,"KY","Town/Rural",49328,24.8
156365,"Campbellsville University",2020,29,5794,26,19321,5130,0.776413255360624,"KY","Town/Rural",51547,24.8
156365,"Campbellsville University",2019,46,4740,26,17788,4148,0.700578592092575,"KY","Town/Rural",51210,24.8
189705,"Canisius University",2023,27,1798,36,19321,4147,0.817699541837473,"NY","City/Suburb",211853,37.2
189705,"Canisius University",2022,29,1788,33,19635,4131,0.777293633502784,"NY","City/Suburb",213993,37.2
189705,"Canisius University",2021,30,1866,33,18486,3668,0.814612868047982,"NY","City/Suburb",217586,37.2
189705,"Canisius University",2020,31,1980,30,18828,3453,0.76020851433536,"NY","City/Suburb",209688,37.2
189705,"Canisius University",2019,32,2213,31,19330,3422,0.827001753360608,"NY","City/Suburb",212104,37.2
201548,"Capital University",2023,31,1747,32,22480,4365,0.731729667812142,"OH","City/Suburb",133760,29
201548,"Capital University",2022,27,1938,30,24439,4370,0.721510297482838,"OH","City/Suburb",133872,29
201548,"Capital University",2021,28,2090,28,22742,3585,0.741701534170153,"OH","City/Suburb",136945,29
201548,"Capital University",2020,29,2282,25,19897,4017,0.740602439631566,"OH","City/Suburb",135941,29
201548,"Capital University",2019,29,2504,24,21946,4794,0.721109720483938,"OH","City/Suburb",135868,29
162061,"Capitol Technology University",2023,35,266,71,23223,349,0.779369627507163,"MD","City/Suburb",69770,40.8
162061,"Capitol Technology University",2022,34,301,72,25445,258,0.643410852713178,"MD","City/Suburb",69124,40.8
162061,"Capitol Technology University",2021,37,331,64,24946,434,0.465437788018433,"MD","City/Suburb",71017,40.8
162061,"Capitol Technology University",2020,40,361,62,24638,275,0.843636363636364,"MD","City/Suburb",67971,40.8
162061,"Capitol Technology University",2019,36,400,61,23854,349,0.833810888252149,"MD","City/Suburb",68208,40.8
173258,"Carleton College",2023,14,2069,48,29434,6464,0.222772277227723,"MN","Town/Rural",67002,36.7
173258,"Carleton College",2022,14,2058,48,31494,8583,0.166258883840149,"MN","Town/Rural",64579,36.7
173258,"Carleton College",2021,14,2044,46,31718,7915,0.175489576753001,"MN","Town/Rural",65199,36.7
173258,"Carleton College",2020,14,1940,44,30843,6892,0.211839814277423,"MN","Town/Rural",66285,36.7
173258,"Carleton College",2019,14,2115,42,31547,7324,0.191288913162206,"MN","Town/Rural",65499,36.7
211431,"Carlow University",2023,41,1344,33,20561,1326,0.8710407239819,"PA","City/Suburb",142275,31.8
211431,"Carlow University",2022,42,1247,31,17437,1124,0.927046263345196,"PA","City/Suburb",139193,31.8
211431,"Carlow University",2021,42,1247,29,18638,1044,0.920498084291188,"PA","City/Suburb",142186,31.8
211431,"Carlow University",2020,43,1277,29,21212,650,0.944615384615385,"PA","City/Suburb",143645,31.8
211431,"Carlow University",2019,46,1298,31,20515,721,0.918169209431345,"PA","City/Suburb",143842,31.8
211440,"Carnegie Mellon University",2023,15,7289,78,32964,33707,0.114011926306109,"PA","City/Suburb",142275,31.8
211440,"Carnegie Mellon University",2022,15,7059,78,33499,34261,0.11304398587315,"PA","City/Suburb",139193,31.8
211440,"Carnegie Mellon University",2021,15,6932,77,37450,32896,0.135366001945525,"PA","City/Suburb",142186,31.8
211440,"Carnegie Mellon University",2020,15,6622,75,36983,26189,0.172744281950437,"PA","City/Suburb",143645,31.8
211440,"Carnegie Mellon University",2019,14,6618,74,30618,27634,0.154411232539625,"PA","City/Suburb",143842,31.8
489937,"Carolina University",2023,46,424,64,19111,547,0.340036563071298,"NC","City/Suburb",108252,31.9
489937,"Carolina University",2022,57,350,57,16731,471,0.520169851380042,"NC","City/Suburb",114167,31.9
489937,"Carolina University",2021,61,477,47,14179,536,0.462686567164179,"NC","City/Suburb",116514,31.9
489937,"Carolina University",2020,75,443,46,14431,461,0.496746203904555,"NC","City/Suburb",116615,31.9
489937,"Carolina University",2019,63,348,34,13375,412,0.286407766990291,"NC","City/Suburb",114284,31.9
433174,"Carolinas College of Health Sciences",2022,21,409,52,23055,17,0.705882352941177,"NC","City/Suburb",114167,31.9
433174,"Carolinas College of Health Sciences",2019,21,476,28,40090,51,0.352941176470588,"NC","City/Suburb",114284,31.9
180106,"Carroll College",2023,18,1062,22,26103,1787,0.726357022943481,"MT","City/Suburb",9999,31.7
180106,"Carroll College",2022,19,1125,21,23916,1519,0.780776826859776,"MT","City/Suburb",9694,31.7
180106,"Carroll College",2021,20,1098,20,24285,1499,0.839226150767178,"MT","City/Suburb",9661,31.7
180106,"Carroll College",2020,21,1100,20,24037,1449,0.73015873015873,"MT","City/Suburb",9686,31.7
180106,"Carroll College",2019,20,1216,22,25187,2650,0.689056603773585,"MT","City/Suburb",9627,31.7
238458,"Carroll University",2023,22,2623,30,25171,5972,0.584058941728064,"WI","City/Suburb",67563,30
238458,"Carroll University",2022,23,2771,27,25485,4728,0.721446700507614,"WI","City/Suburb",65909,30
238458,"Carroll University",2021,22,2884,24,24050,4481,0.704976567730417,"WI","City/Suburb",66830,30
238458,"Carroll University",2020,23,2957,22,24094,4116,0.717687074829932,"WI","City/Suburb",68053,30
238458,"Carroll University",2019,24,2960,21,23866,4574,0.673589855706165,"WI","City/Suburb",68191,30
219806,"Carson-Newman University",2023,39,1669,26,19755,2991,0.682714811099967,"TN","City/Suburb",72084,27.5
219806,"Carson-Newman University",2022,40,1519,26,20111,2928,0.797814207650273,"TN","City/Suburb",71347,27.5
219806,"Carson-Newman University",2021,43,1695,27,18147,2953,0.788689468337284,"TN","City/Suburb",72685,27.5
219806,"Carson-Newman University",2020,46,1722,24,19172,3022,0.79318332230311,"TN","City/Suburb",73281,27.5
219806,"Carson-Newman University",2019,45,1840,22,18531,3862,0.692387364060073,"TN","City/Suburb",72802,27.5
238476,"Carthage College",2023,26,2642,33,24962,8044,0.841496767777225,"WI","City/Suburb",67563,30
238476,"Carthage College",2022,27,2559,31,26209,8112,0.818293885601578,"WI","City/Suburb",65909,30
238476,"Carthage College",2021,25,2635,31,26643,8639,0.756916309758074,"WI","City/Suburb",66830,30
238476,"Carthage College",2020,27,2637,31,27161,7099,0.766305113396253,"WI","City/Suburb",68053,30
238476,"Carthage College",2019,28,2638,32,28165,7018,0.679965802222856,"WI","City/Suburb",68191,30
111638,"Casa Loma College-Los Angeles",2023,55,581,77,26780,184,0.364130434782609,"CA","City/Suburb",492544,34.2
111638,"Casa Loma College-Los Angeles",2022,50,415,76,14985,40,0.4,"CA","City/Suburb",473448,34.2
111638,"Casa Loma College-Los Angeles",2021,44,246,73,22000,14,1,"CA","City/Suburb",467260,34.2
201645,"Case Western Reserve University",2023,17,6186,65,41351,39033,0.286757359157636,"OH","City/Suburb",133760,29
201645,"Case Western Reserve University",2022,16,6017,64,38279,38701,0.274075605281517,"OH","City/Suburb",133872,29
201645,"Case Western Reserve University",2021,16,5792,60,38166,33232,0.302389263360616,"OH","City/Suburb",136945,29
201645,"Case Western Reserve University",2020,14,5430,57,36002,29084,0.302709393480952,"OH","City/Suburb",135941,29
201645,"Case Western Reserve University",2019,13,5383,55,35890,28786,0.273605224762037,"OH","City/Suburb",135868,29
198215,"Catawba College",2023,39,1153,45,18319,2547,0.776992540243424,"NC","City/Suburb",108252,31.9
198215,"Catawba College",2022,39,1094,46,19701,3199,0.670834635823695,"NC","City/Suburb",114167,31.9
198215,"Catawba College",2021,38,1142,44,19276,2199,0.561164165529786,"NC","City/Suburb",116514,31.9
198215,"Catawba College",2020,37,1308,42,18657,3254,0.52120467117394,"NC","City/Suburb",116615,31.9
198215,"Catawba College",2019,40,1324,41,18205,3335,0.495052473763118,"NC","City/Suburb",114284,31.9
211468,"Cedar Crest College",2023,39,886,51,23036,1152,0.991319444444444,"PA","City/Suburb",142275,31.8
211468,"Cedar Crest College",2022,42,953,47,23500,946,0.842494714587738,"PA","City/Suburb",139193,31.8
211468,"Cedar Crest College",2021,42,1053,43,23501,1233,0.687753446877534,"PA","City/Suburb",142186,31.8
211468,"Cedar Crest College",2020,43,1088,41,22438,1851,0.524581307401405,"PA","City/Suburb",143645,31.8
211468,"Cedar Crest College",2019,41,1216,41,22123,1375,0.608727272727273,"PA","City/Suburb",143842,31.8
201654,"Cedarville University",2023,15,4916,14,27047,5382,0.628205128205128,"OH","Town/Rural",133760,29
201654,"Cedarville University",2022,17,4533,13,25462,5435,0.648758049678013,"OH","Town/Rural",133872,29
201654,"Cedarville University",2021,18,4191,11,25380,5223,0.622439211181313,"OH","Town/Rural",136945,29
201654,"Cedarville University",2020,19,4024,11,24965,5008,0.593250798722045,"OH","Town/Rural",135941,29
201654,"Cedarville University",2019,20,3879,11,23827,3869,0.788317394675627,"OH","Town/Rural",135868,29
158477,"Centenary College of Louisiana",2023,39,620,43,25427,1834,0.544165757906216,"LA","City/Suburb",49729,24.3
158477,"Centenary College of Louisiana",2022,37,523,40,30050,1139,0.636523266022827,"LA","City/Suburb",49777,24.3
158477,"Centenary College of Louisiana",2021,36,523,39,27386,876,0.631278538812785,"LA","City/Suburb",52461,24.3
158477,"Centenary College of Louisiana",2020,36,552,37,24079,862,0.636890951276102,"LA","City/Suburb",53334,24.3
158477,"Centenary College of Louisiana",2019,35,549,37,17409,920,0.597826086956522,"LA","City/Suburb",52809,24.3
183974,"Centenary University",2023,38,951,37,22838,1294,0.96676970633694,"NJ","City/Suburb",104131,40.8
183974,"Centenary University",2022,35,1026,37,21935,1330,0.965413533834587,"NJ","City/Suburb",107755,40.8
183974,"Centenary University",2021,38,1128,36,24476,1346,0.976225854383358,"NJ","City/Suburb",109108,40.8
183974,"Centenary University",2020,36,1190,38,21044,1342,0.929955290611028,"NJ","City/Suburb",109961,40.8
183974,"Centenary University",2019,38,1193,40,22221,1362,0.750367107195301,"NJ","City/Suburb",113367,40.8
232618,"Centra College",2022,48,227,61,28418,15,0.4,"VA","City/Suburb",98780,39.3
232618,"Centra College",2021,48,304,85,28887,6,0.833333333333333,"VA","City/Suburb",100147,39.3
232618,"Centra College",2020,29,314,61,30040,11,0.818181818181818,"VA","City/Suburb",98970,39.3
106713,"Central Baptist College",2023,42,550,41,16672,302,0.463576158940397,"AR","City/Suburb",33693,23.3
106713,"Central Baptist College",2022,43,564,38,18128,269,0.639405204460966,"AR","City/Suburb",33705,23.3
106713,"Central Baptist College",2021,48,622,34,17089,349,0.616045845272206,"AR","City/Suburb",34604,23.3
106713,"Central Baptist College",2020,46,604,32,15547,530,0.49811320754717,"AR","City/Suburb",34014,23.3
106713,"Central Baptist College",2019,50,666,29,16325,530,0.4,"AR","City/Suburb",33531,23.3
153108,"Central College",2023,21,1095,13,22499,1978,0.789686552072801,"IA","Town/Rural",36870,29
153108,"Central College",2022,22,1169,14,23303,1970,0.79238578680203,"IA","Town/Rural",36521,29
153108,"Central College",2021,25,1139,14,22966,2202,0.745231607629428,"IA","Town/Rural",37097,29
153108,"Central College",2020,27,1120,15,21690,2340,0.636752136752137,"IA","Town/Rural",36359,29
153108,"Central College",2019,27,1163,17,23343,2688,0.650669642857143,"IA","Town/Rural",36735,29
128771,"Central Connecticut State University",2023,35,7917,46,17207,8282,0.755252354503743,"CT","City/Suburb",44962,39.6
128771,"Central Connecticut State University",2022,36,7665,44,17362,7302,0.767050123253903,"CT","City/Suburb",44540,39.6
128771,"Central Connecticut State University",2021,36,7748,43,14425,6285,0.748289578361177,"CT","City/Suburb",44901,39.6
128771,"Central Connecticut State University",2020,38,8593,42,16017,7724,0.648498187467633,"CT","City/Suburb",45222,39.6
128771,"Central Connecticut State University",2019,38,9045,42,15602,7807,0.656334059177661,"CT","City/Suburb",45216,39.6
445267,"Central Methodist University-College of Graduate and Extended Studies",2023,27,3247,17,14774,280,0.871428571428571,"MO","Town/Rural",67773,29.5
445267,"Central Methodist University-College of Graduate and Extended Studies",2021,25,2886,16,18452,15,1,"MO","Town/Rural",66906,29.5
445267,"Central Methodist University-College of Graduate and Extended Studies",2020,28,3123,14,12435,6,1,"MO","Town/Rural",67892,29.5
445267,"Central Methodist University-College of Graduate and Extended Studies",2019,33,3502,11,15196,8,1,"MO","Town/Rural",68482,29.5
176947,"Central Methodist University-College of Liberal Arts and Sciences",2023,37,1017,36,25050,1149,0.879025239338555,"MO","Town/Rural",67773,29.5
176947,"Central Methodist University-College of Liberal Arts and Sciences",2022,39,1080,37,24828,1166,0.978559176672384,"MO","Town/Rural",66781,29.5
176947,"Central Methodist University-College of Liberal Arts and Sciences",2021,40,1144,37,25083,1345,0.989591078066914,"MO","Town/Rural",66906,29.5
176947,"Central Methodist University-College of Liberal Arts and Sciences",2020,43,1141,34,25290,1310,0.953435114503817,"MO","Town/Rural",67892,29.5
176947,"Central Methodist University-College of Liberal Arts and Sciences",2019,46,1145,33,21215,1240,0.932258064516129,"MO","Town/Rural",68482,29.5
169248,"Central Michigan University",2023,31,10055,24,15826,18102,0.910065186167274,"MI","Town/Rural",108265,29.6
169248,"Central Michigan University",2022,31,10401,24,15605,19888,0.789471037811746,"MI","Town/Rural",103443,29.6
169248,"Central Michigan University",2021,33,11417,24,16880,18517,0.770805206026894,"MI","Town/Rural",107239,29.6
169248,"Central Michigan University",2020,34,13031,25,15758,19396,0.68673953392452,"MI","Town/Rural",108725,29.6
169248,"Central Michigan University",2019,34,14627,25,15266,16411,0.695143501310097,"MI","Town/Rural",112177,29.6
201690,"Central State University",2023,42,3429,82,14821,3291,0.460042540261319,"OH","Town/Rural",133760,29
201690,"Central State University",2022,49,5406,74,10194,3814,0.888306240167803,"OH","Town/Rural",133872,29
201690,"Central State University",2021,71,6035,73,10598,8019,0.586357401172216,"OH","Town/Rural",136945,29
201690,"Central State University",2020,94,4021,73,10260,10191,0.580414090864488,"OH","Town/Rural",135941,29
201690,"Central State University",2019,80,2033,98,9389,13464,0.567884729649435,"OH","Town/Rural",135868,29
234827,"Central Washington University",2023,31,8309,45,15558,6829,0.902181871430663,"WA","Town/Rural",78990,36.7
234827,"Central Washington University",2022,34,9715,45,15864,6409,0.934935247308472,"WA","Town/Rural",78071,36.7
234827,"Central Washington University",2021,33,9566,47,17645,10767,0.884461781368998,"WA","Town/Rural",79537,36.7
234827,"Central Washington University",2020,34,10518,48,16593,12401,0.858317877590517,"WA","Town/Rural",79042,36.7
234827,"Central Washington University",2019,35,11111,49,16014,11017,0.849233003539984,"WA","Town/Rural",78061,36.7
189857,"Central Yeshiva Tomchei Tmimim Lubavitz",2023,64,810,12,19471,182,0.884615384615385,"NY","City/Suburb",211853,37.2
189857,"Central Yeshiva Tomchei Tmimim Lubavitz",2022,65,679,14,16773,131,0.916030534351145,"NY","City/Suburb",213993,37.2
189857,"Central Yeshiva Tomchei Tmimim Lubavitz",2021,69,577,17,18839,90,0.922222222222222,"NY","City/Suburb",217586,37.2
189857,"Central Yeshiva Tomchei Tmimim Lubavitz",2020,61,513,12,15572,105,0.952380952380952,"NY","City/Suburb",209688,37.2
189857,"Central Yeshiva Tomchei Tmimim Lubavitz",2019,57,609,15,15095,125,0.952,"NY","City/Suburb",212104,37.2
156408,"Centre College",2023,21,1356,27,23780,3226,0.543397396156231,"KY","Town/Rural",49328,24.8
156408,"Centre College",2022,22,1357,27,23584,2724,0.62848751835536,"KY","Town/Rural",49640,24.8
156408,"Centre College",2021,20,1320,28,22470,2567,0.67978184651344,"KY","Town/Rural",50879,24.8
156408,"Centre College",2020,19,1333,28,22748,2163,0.7207582061951,"KY","Town/Rural",51547,24.8
156408,"Centre College",2019,19,1411,29,24226,2211,0.764360018091361,"KY","Town/Rural",51210,24.8
141486,"Chaminade University of Honolulu",2023,42,1764,92,27695,2034,0.926253687315634,"HI","City/Suburb",14206,33.5
141486,"Chaminade University of Honolulu",2022,42,1583,91,27315,1381,0.934105720492397,"HI","City/Suburb",14314,33.5
141486,"Chaminade University of Honolulu",2021,42,1549,90,27171,1502,0.900798934753662,"HI","City/Suburb",14567,33.5
141486,"Chaminade University of Honolulu",2020,42,1634,89,24933,1714,0.88973162193699,"HI","City/Suburb",14100,33.5
141486,"Chaminade University of Honolulu",2019,43,1572,87,24653,1595,0.946708463949843,"HI","City/Suburb",14706,33.5
230852,"Champlain College",2023,23,2886,31,36846,5297,0.667170096280914,"VT","City/Suburb",5789,38.7
230852,"Champlain College",2022,22,3060,30,35133,6940,0.556772334293948,"VT","City/Suburb",5977,38.7
230852,"Champlain College",2021,22,3217,29,36276,6444,0.624301675977654,"VT","City/Suburb",5988,38.7
230852,"Champlain College",2020,22,3512,30,35870,3273,0.851512373968836,"VT","City/Suburb",6158,38.7
230852,"Champlain College",2019,23,3748,31,36628,3629,0.851474235326536,"VT","City/Suburb",6547,38.7
111948,"Chapman University",2023,20,7874,53,48037,15914,0.556051275606384,"CA","City/Suburb",492544,34.2
111948,"Chapman University",2022,19,7869,52,45033,13690,0.725200876552228,"CA","City/Suburb",473448,34.2
111948,"Chapman University",2021,19,7714,51,40451,15098,0.603722347330772,"CA","City/Suburb",467260,34.2
111948,"Chapman University",2020,19,7404,50,44327,14252,0.582584900364861,"CA","City/Suburb",477479,34.2
111948,"Chapman University",2019,18,7505,50,43767,14273,0.55650528970784,"CA","City/Suburb",478819,34.2
111966,"Charles R Drew University of Medicine and Science",2023,31,234,97,27789,985,0.387817258883249,"CA","City/Suburb",492544,34.2
111966,"Charles R Drew University of Medicine and Science",2022,46,246,97,27637,834,0.804556354916067,"CA","City/Suburb",473448,34.2
111966,"Charles R Drew University of Medicine and Science",2021,53,255,95,26470,1185,0.632911392405063,"CA","City/Suburb",467260,34.2
111966,"Charles R Drew University of Medicine and Science",2020,50,241,96,23746,364,0.25,"CA","City/Suburb",477479,34.2
111966,"Charles R Drew University of Medicine and Science",2019,53,198,95,16103,550,0.316363636363636,"CA","City/Suburb",478819,34.2
217688,"Charleston Southern University",2023,35,2914,44,21347,6072,0.760869565217391,"SC","City/Suburb",53335,28.3
217688,"Charleston Southern University",2022,35,2836,51,17536,4967,0.86752566941816,"SC","City/Suburb",52277,28.3
217688,"Charleston Southern University",2021,37,2725,57,18182,3940,0.572081218274112,"SC","City/Suburb",52010,28.3
217688,"Charleston Southern University",2020,37,2720,39,17496,4953,0.537855844942459,"SC","City/Suburb",52680,28.3
217688,"Charleston Southern University",2019,45,2884,40,17866,5398,0.496480177843646,"SC","City/Suburb",53953,28.3
211556,"Chatham University",2023,21,1507,37,29051,4169,0.701127368673543,"PA","City/Suburb",142275,31.8
211556,"Chatham University",2022,25,1499,36,28322,3514,0.663346613545817,"PA","City/Suburb",139193,31.8
211556,"Chatham University",2021,27,1456,32,27225,3006,0.733865602129075,"PA","City/Suburb",142186,31.8
211556,"Chatham University",2020,26,1358,34,28310,2505,0.66187624750499,"PA","City/Suburb",143645,31.8
211556,"Chatham University",2019,31,1408,34,26320,2531,0.621888581588305,"PA","City/Suburb",143842,31.8
211583,"Chestnut Hill College",2023,47,972,69,28583,2559,0.791324736225088,"PA","City/Suburb",142275,31.8
211583,"Chestnut Hill College",2022,52,989,67,25357,1543,0.981853532080363,"PA","City/Suburb",139193,31.8
211583,"Chestnut Hill College",2021,48,1072,65,26658,1197,0.979114452798663,"PA","City/Suburb",142186,31.8
211583,"Chestnut Hill College",2020,46,1074,64,24892,2318,0.711389128559103,"PA","City/Suburb",143645,31.8
211583,"Chestnut Hill College",2019,44,1197,61,29156,1440,0.649305555555556,"PA","City/Suburb",143842,31.8
144005,"Chicago State University",2023,55,1495,97,9852,9458,0.405159653203637,"IL","City/Suburb",148445,35.1
144005,"Chicago State University",2022,60,1450,98,6446,7404,0.485143165856294,"IL","City/Suburb",145439,35.1
144005,"Chicago State University",2021,45,1502,98,4846,4805,0.47471383975026,"IL","City/Suburb",150490,35.1
144005,"Chicago State University",2020,62,1685,98,8637,4151,0.464225487834257,"IL","City/Suburb",149373,35.1
144005,"Chicago State University",2019,63,2108,97,9820,3126,0.633397312859885,"IL","City/Suburb",152277,35.1
198303,"Chowan University",2023,61,638,72,15845,2360,0.723728813559322,"NC","Town/Rural",108252,31.9
198303,"Chowan University",2022,69,800,80,17334,2259,0.866755201416556,"NC","Town/Rural",114167,31.9
198303,"Chowan University",2021,69,920,79,17070,1658,0.792521109770808,"NC","Town/Rural",116514,31.9
198303,"Chowan University",2020,72,1100,82,16784,2549,0.673597489211455,"NC","Town/Rural",116615,31.9
198303,"Chowan University",2019,75,1259,83,17599,3687,0.683482506102522,"NC","Town/Rural",114284,31.9
219833,"Christian Brothers University",2023,31,1204,75,17068,1105,0.884162895927602,"TN","City/Suburb",72084,27.5
219833,"Christian Brothers University",2022,36,1253,77,18612,877,0.874572405929304,"TN","City/Suburb",71347,27.5
219833,"Christian Brothers University",2021,33,1321,74,18997,1167,0.965724078834619,"TN","City/Suburb",72685,27.5
219833,"Christian Brothers University",2020,34,1548,71,17830,4325,0.499421965317919,"TN","City/Suburb",73281,27.5
219833,"Christian Brothers University",2019,35,1642,68,19802,3284,0.501522533495737,"TN","City/Suburb",72802,27.5
231712,"Christopher Newport University",2023,15,4407,28,22864,7062,0.879637496459926,"VA","City/Suburb",99497,39.3
231712,"Christopher Newport University",2022,14,4449,26,23287,7428,0.853527194399569,"VA","City/Suburb",98780,39.3
231712,"Christopher Newport University",2021,13,4472,24,24059,6699,0.885356023287058,"VA","City/Suburb",100147,39.3
231712,"Christopher Newport University",2020,13,4758,24,25102,7311,0.764190945151142,"VA","City/Suburb",98970,39.3
231712,"Christopher Newport University",2019,14,4837,23,25443,7204,0.718906163242643,"VA","City/Suburb",95710,39.3
217864,"Citadel Military College of South Carolina",2023,19,2661,26,21041,2883,0.980922650017343,"SC","City/Suburb",53335,28.3
217864,"Citadel Military College of South Carolina",2022,20,2695,25,21846,2253,0.985796715490457,"SC","City/Suburb",52277,28.3
217864,"Citadel Military College of South Carolina",2021,20,2718,24,19473,2470,0.863967611336032,"SC","City/Suburb",52010,28.3
217864,"Citadel Military College of South Carolina",2020,21,2858,25,17920,2524,0.799524564183835,"SC","City/Suburb",52680,28.3
217864,"Citadel Military College of South Carolina",2019,22,2923,24,17723,2742,0.7472647702407,"SC","City/Suburb",53953,28.3
217873,"Claflin University",2023,73,1754,99,21232,6999,0.725532218888413,"SC","Town/Rural",53335,28.3
217873,"Claflin University",2022,74,1749,96,19951,7568,0.779994714587738,"SC","Town/Rural",52277,28.3
217873,"Claflin University",2021,72,1779,98,19308,8467,0.624660446439117,"SC","Town/Rural",52010,28.3
217873,"Claflin University",2020,72,1969,99,20806,9261,0.651333549292733,"SC","Town/Rural",52680,28.3
217873,"Claflin University",2019,71,1986,99,18136,9081,0.55203171456888,"SC","Town/Rural",53953,28.3
112260,"Claremont McKenna College",2023,19,1381,63,29978,5799,0.111226073460942,"CA","City/Suburb",492544,34.2
112260,"Claremont McKenna College",2022,20,1386,65,28701,5709,0.103520756699947,"CA","City/Suburb",473448,34.2
112260,"Claremont McKenna College",2021,20,1416,63,21663,5632,0.112393465909091,"CA","City/Suburb",467260,34.2
112260,"Claremont McKenna College",2020,18,1262,62,22004,5306,0.133433848473426,"CA","City/Suburb",477479,34.2
112260,"Claremont McKenna College",2019,16,1343,59,24456,6066,0.103033300362677,"CA","City/Suburb",478819,34.2
138947,"Clark Atlanta University",2023,69,3495,100,29736,27672,0.646285053483666,"GA","City/Suburb",126146,31.9
138947,"Clark Atlanta University",2022,68,3427,100,30015,16153,0.562619946759116,"GA","City/Suburb",122695,31.9
138947,"Clark Atlanta University",2021,68,3390,100,29739,16718,0.582426127527216,"GA","City/Suburb",124712,31.9
138947,"Clark Atlanta University",2020,69,3096,100,29100,15613,0.590469480561071,"GA","City/Suburb",126126,31.9
138947,"Clark Atlanta University",2019,68,3318,100,27931,16483,0.548201176970212,"GA","City/Suburb",121897,31.9
165334,"Clark University",2023,21,2369,38,32767,10730,0.41668219944082,"MA","City/Suburb",78133,44.5
165334,"Clark University",2022,21,2389,38,32053,8787,0.503243427791055,"MA","City/Suburb",78514,44.5
165334,"Clark University",2021,22,2302,39,31565,8151,0.480309164519691,"MA","City/Suburb",78839,44.5
165334,"Clark University",2020,21,2233,39,30617,7153,0.471270795470432,"MA","City/Suburb",79537,44.5
165334,"Clark University",2019,21,2349,41,30158,7639,0.527817777195968,"MA","City/Suburb",78060,44.5
153126,"Clarke University",2023,36,871,44,25692,3087,0.681567865241335,"IA","City/Suburb",36870,29
153126,"Clarke University",2022,39,785,42,27275,2665,0.848030018761726,"IA","City/Suburb",36521,29
153126,"Clarke University",2021,37,717,40,25414,2006,0.887836490528415,"IA","City/Suburb",37097,29
153126,"Clarke University",2020,35,659,35,25756,1102,0.892014519056261,"IA","City/Suburb",36359,29
153126,"Clarke University",2019,34,685,31,23120,1074,0.93854748603352,"IA","City/Suburb",36735,29
211024,"Clarks Summit University",2023,49,345,20,23070,202,0.900990099009901,"PA","City/Suburb",142275,31.8
211024,"Clarks Summit University",2022,49,402,20,16176,240,0.891666666666667,"PA","City/Suburb",139193,31.8
211024,"Clarks Summit University",2021,47,467,18,17216,417,0.58273381294964,"PA","City/Suburb",142186,31.8
211024,"Clarks Summit University",2020,45,507,18,18178,265,0.618867924528302,"PA","City/Suburb",143645,31.8
211024,"Clarks Summit University",2019,57,536,19,16980,276,0.405797101449275,"PA","City/Suburb",143842,31.8
180832,"Clarkson College",2023,30,613,35,13814,56,0.642857142857143,"NE","City/Suburb",24387,32.4
180832,"Clarkson College",2022,34,631,33,14506,66,0.560606060606061,"NE","City/Suburb",23856,32.4
180832,"Clarkson College",2021,32,616,33,15852,25,0.96,"NE","City/Suburb",23769,32.4
180832,"Clarkson College",2020,32,616,32,17417,102,0.568627450980392,"NE","City/Suburb",23830,32.4
180832,"Clarkson College",2019,33,595,37,20153,82,0.463414634146341,"NE","City/Suburb",23314,32.4
190044,"Clarkson University",2023,20,2513,22,33192,7347,0.771607458826732,"NY","Town/Rural",211853,37.2
190044,"Clarkson University",2022,21,2668,21,32450,6594,0.784197755535335,"NY","Town/Rural",213993,37.2
190044,"Clarkson University",2021,23,2852,21,31413,7011,0.745827984595635,"NY","Town/Rural",217586,37.2
190044,"Clarkson University",2020,23,2905,21,30308,6198,0.779929009357857,"NY","Town/Rural",209688,37.2
190044,"Clarkson University",2019,23,3081,22,29891,6673,0.745991308257156,"NY","Town/Rural",212104,37.2
139311,"Clayton  State University",2023,52,5301,88,9397,1782,0.705948372615039,"GA","City/Suburb",126146,31.9
139311,"Clayton  State University",2022,52,5283,87,9792,2255,0.563192904656319,"GA","City/Suburb",122695,31.9
139311,"Clayton  State University",2021,51,6145,87,10088,1843,0.62561041779707,"GA","City/Suburb",124712,31.9
139311,"Clayton  State University",2020,51,6376,85,11620,2362,0.685436071126164,"GA","City/Suburb",126126,31.9
139311,"Clayton  State University",2019,51,6368,83,10037,1938,0.511351909184727,"GA","City/Suburb",121897,31.9
169327,"Cleary University",2023,27,811,44,24965,593,0.497470489038786,"MI","City/Suburb",108265,29.6
169327,"Cleary University",2022,29,719,78,20699,810,0.675308641975309,"MI","City/Suburb",103443,29.6
169327,"Cleary University",2021,29,612,41,17978,953,0.758656873032529,"MI","City/Suburb",107239,29.6
169327,"Cleary University",2020,32,509,31,18457,803,0.652552926525529,"MI","City/Suburb",108725,29.6
169327,"Cleary University",2019,36,462,25,16137,210,0.714285714285714,"MI","City/Suburb",112177,29.6
217882,"Clemson University",2023,15,22875,24,24408,60122,0.38054289611124,"SC","City/Suburb",53335,28.3
217882,"Clemson University",2022,15,22566,23,24577,52819,0.429845320812586,"SC","City/Suburb",52277,28.3
217882,"Clemson University",2021,15,21653,22,23732,47007,0.492224562299232,"SC","City/Suburb",52010,28.3
217882,"Clemson University",2020,16,20868,20,22935,28600,0.619405594405594,"SC","City/Suburb",52680,28.3
217882,"Clemson University",2019,17,20195,20,21482,29070,0.512555899552804,"SC","City/Suburb",53953,28.3
202046,"Cleveland Institute of Art",2023,38,566,35,33527,963,0.56282450674974,"OH","City/Suburb",133760,29
202046,"Cleveland Institute of Art",2022,43,584,32,33395,693,0.698412698412698,"OH","City/Suburb",133872,29
202046,"Cleveland Institute of Art",2021,46,580,34,31448,932,0.658798283261803,"OH","City/Suburb",136945,29
202046,"Cleveland Institute of Art",2020,43,599,32,35344,975,0.671794871794872,"OH","City/Suburb",135941,29
202046,"Cleveland Institute of Art",2019,42,645,32,34369,1138,0.695957820738137,"OH","City/Suburb",135868,29
202073,"Cleveland Institute of Music",2023,15,194,53,36001,461,0.38177874186551,"OH","City/Suburb",133760,29
202073,"Cleveland Institute of Music",2022,15,198,54,29383,378,0.362433862433862,"OH","City/Suburb",133872,29
202073,"Cleveland Institute of Music",2021,15,208,89,32598,456,0.328947368421053,"OH","City/Suburb",136945,29
202073,"Cleveland Institute of Music",2020,14,234,65,36903,562,0.341637010676157,"OH","City/Suburb",135941,29
202073,"Cleveland Institute of Music",2019,13,230,62,34600,500,0.366,"OH","City/Suburb",135868,29
202134,"Cleveland State University",2023,39,9463,43,16307,10274,0.95483745376679,"OH","City/Suburb",133760,29
202134,"Cleveland State University",2022,38,9776,40,15719,11570,0.85324114088159,"OH","City/Suburb",133872,29
202134,"Cleveland State University",2021,38,10481,37,15517,11506,0.912915000869112,"OH","City/Suburb",136945,29
202134,"Cleveland State University",2020,40,11166,36,16007,7815,0.936020473448496,"OH","City/Suburb",135941,29
202134,"Cleveland State University",2019,41,11564,36,16219,10646,0.94007138831486,"OH","City/Suburb",135868,29
177038,"Cleveland University-Kansas City",2023,57,87,54,30243,5,0.8,"KS","City/Suburb",36832,33.8
177038,"Cleveland University-Kansas City",2022,47,90,24,33239,15,0.866666666666667,"KS","City/Suburb",36624,33.8
177038,"Cleveland University-Kansas City",2021,41,91,30,32576,14,1,"KS","City/Suburb",36149,33.8
177038,"Cleveland University-Kansas City",2019,66,74,23,35246,5,1,"KS","City/Suburb",35979,33.8
218724,"Coastal Carolina University",2023,27,10306,34,14453,18223,0.801898699445755,"SC","City/Suburb",53335,28.3
218724,"Coastal Carolina University",2022,30,9794,30,14016,17161,0.786259541984733,"SC","City/Suburb",52277,28.3
218724,"Coastal Carolina University",2021,31,9790,33,14956,15481,0.791357147471094,"SC","City/Suburb",52010,28.3
218724,"Coastal Carolina University",2020,34,9500,34,14716,14152,0.704494064443188,"SC","City/Suburb",52680,28.3
218724,"Coastal Carolina University",2019,34,9760,33,15111,15061,0.688732487882611,"SC","City/Suburb",53953,28.3
153144,"Coe College",2023,36,1278,38,20940,7171,0.706735462278622,"IA","City/Suburb",36870,29
153144,"Coe College",2021,36,1371,35,19141,6997,0.726597113048449,"IA","City/Suburb",37097,29
153144,"Coe College",2020,34,1394,35,21155,7041,0.798608152251101,"IA","City/Suburb",36359,29
153144,"Coe College",2019,35,1430,34,21081,7431,0.633292961916297,"IA","City/Suburb",36735,29
217907,"Coker University",2023,29,1187,49,18910,1121,0.972346119536128,"SC","Town/Rural",53335,28.3
217907,"Coker University",2022,34,1060,53,19345,996,0.940763052208835,"SC","Town/Rural",52277,28.3
217907,"Coker University",2021,53,1171,39,17720,801,0.976279650436954,"SC","Town/Rural",52010,28.3
217907,"Coker University",2020,55,954,46,16647,965,0.930569948186528,"SC","Town/Rural",52680,28.3
217907,"Coker University",2019,47,977,45,15037,1332,0.632882882882883,"SC","Town/Rural",53953,28.3
161086,"Colby College",2023,13,2284,46,15163,17786,0.068312155628022,"ME","Town/Rural",14133,31.5
161086,"Colby College",2022,14,2299,44,16951,16890,0.0761397276494967,"ME","Town/Rural",13869,31.5
161086,"Colby College",2021,15,2262,43,17912,15857,0.0887305291038658,"ME","Town/Rural",14239,31.5
161086,"Colby College",2020,16,2155,39,18552,13922,0.102715127136906,"ME","Town/Rural",14677,31.5
161086,"Colby College",2019,14,2003,39,19592,13584,0.0967314487632509,"ME","Town/Rural",15274,31.5
182634,"Colby-Sawyer College",2023,23,834,26,26483,1557,0.89980732177264,"NH","Town/Rural",15434,36.8
182634,"Colby-Sawyer College",2022,29,867,26,28202,1751,0.780125642490006,"NH","Town/Rural",15352,36.8
182634,"Colby-Sawyer College",2021,26,788,21,26781,1847,0.930698429886302,"NH","Town/Rural",15187,36.8
182634,"Colby-Sawyer College",2020,29,878,24,27625,1888,0.909957627118644,"NH","Town/Rural",14958,36.8
182634,"Colby-Sawyer College",2019,29,851,21,28601,2676,0.896113602391629,"NH","Town/Rural",15466,36.8
190099,"Colgate University",2023,13,3131,35,26954,21130,0.119545669663985,"NY","Town/Rural",211853,37.2
190099,"Colgate University",2022,13,3130,36,27074,21109,0.124307167558861,"NY","Town/Rural",213993,37.2
190099,"Colgate University",2021,11,3164,34,24500,17540,0.171892816419612,"NY","Town/Rural",217586,37.2
190099,"Colgate University",2020,11,3042,35,25935,8583,0.274729115693813,"NY","Town/Rural",209688,37.2
190099,"Colgate University",2019,12,2980,35,23503,9951,0.225806451612903,"NY","Town/Rural",212104,37.2
169442,"College for Creative Studies",2023,28,1399,48,34436,1132,0.92756183745583,"MI","City/Suburb",108265,29.6
169442,"College for Creative Studies",2022,29,1451,47,34906,1622,0.491985203452528,"MI","City/Suburb",103443,29.6
169442,"College for Creative Studies",2021,31,1558,48,34197,1485,0.538047138047138,"MI","City/Suburb",107239,29.6
169442,"College for Creative Studies",2020,33,1462,45,36203,1739,0.553766532489937,"MI","City/Suburb",108725,29.6
169442,"College for Creative Studies",2019,31,1480,45,38539,2122,0.437794533459001,"MI","City/Suburb",112177,29.6
217819,"College of Charleston",2023,19,10660,22,20806,26683,0.720008994490874,"SC","City/Suburb",53335,28.3
217819,"College of Charleston",2022,21,9972,22,21120,22020,0.75685740236149,"SC","City/Suburb",52277,28.3
217819,"College of Charleston",2021,21,9967,21,20255,20484,0.76108181995704,"SC","City/Suburb",52010,28.3
217819,"College of Charleston",2020,22,9300,23,20351,15214,0.743197055343762,"SC","City/Suburb",52680,28.3
217819,"College of Charleston",2019,24,9600,23,19764,11783,0.783331918866163,"SC","City/Suburb",53953,28.3
139250,"College of Coastal Georgia",2023,41,3189,39,12670,2548,0.985086342229199,"GA","City/Suburb",126146,31.9
139250,"College of Coastal Georgia",2022,38,3147,40,12117,2519,0.983326716951171,"GA","City/Suburb",122695,31.9
139250,"College of Coastal Georgia",2021,39,3232,38,12772,2078,0.973532242540905,"GA","City/Suburb",124712,31.9
139250,"College of Coastal Georgia",2020,40,3457,37,12085,2267,0.95941773268637,"GA","City/Suburb",126126,31.9
139250,"College of Coastal Georgia",2019,42,3535,36,12255,1785,0.871708683473389,"GA","City/Suburb",121897,31.9
167394,"College of Our Lady of the Elms",2023,42,1038,58,22311,1442,0.876560332871013,"MA","City/Suburb",78133,44.5
167394,"College of Our Lady of the Elms",2022,45,980,52,23498,1177,0.909090909090909,"MA","City/Suburb",78514,44.5
167394,"College of Our Lady of the Elms",2021,44,1060,51,22889,1565,0.679233226837061,"MA","City/Suburb",78839,44.5
167394,"College of Our Lady of the Elms",2020,44,1030,50,25340,1479,0.697768762677485,"MA","City/Suburb",79537,44.5
167394,"College of Our Lady of the Elms",2019,45,1123,50,23871,875,0.750857142857143,"MA","City/Suburb",78060,44.5
174747,"College of Saint Benedict",2023,19,1410,21,29720,1852,0.913606911447084,"MN","City/Suburb",67002,36.7
174747,"College of Saint Benedict",2022,21,1443,19,28746,1689,0.878034339846063,"MN","City/Suburb",64579,36.7
174747,"College of Saint Benedict",2021,22,1542,20,28269,1705,0.917888563049853,"MN","City/Suburb",65199,36.7
174747,"College of Saint Benedict",2020,23,1668,20,27960,1845,0.840108401084011,"MN","City/Suburb",66285,36.7
174747,"College of Saint Benedict",2019,25,1748,20,28177,2052,0.80458089668616,"MN","City/Suburb",65499,36.7
181604,"College of Saint Mary",2023,37,482,43,14265,430,0.43953488372093,"NE","City/Suburb",24387,32.4
181604,"College of Saint Mary",2022,39,539,41,14984,434,0.336405529953917,"NE","City/Suburb",23856,32.4
181604,"College of Saint Mary",2021,38,635,39,16235,974,0.381930184804928,"NE","City/Suburb",23769,32.4
181604,"College of Saint Mary",2020,41,680,35,15128,460,0.5,"NE","City/Suburb",23830,32.4
181604,"College of Saint Mary",2019,38,808,30,14299,481,0.492723492723493,"NE","City/Suburb",23314,32.4
160959,"College of the Atlantic",2023,27,360,33,22692,446,0.650224215246637,"ME","Town/Rural",14133,31.5
160959,"College of the Atlantic",2022,29,377,37,22316,486,0.60082304526749,"ME","Town/Rural",13869,31.5
160959,"College of the Atlantic",2021,31,374,36,19142,525,0.611428571428571,"ME","Town/Rural",14239,31.5
160959,"College of the Atlantic",2020,29,366,36,18355,405,0.758024691358025,"ME","Town/Rural",14677,31.5
160959,"College of the Atlantic",2019,32,355,39,18608,451,0.720620842572062,"ME","Town/Rural",15274,31.5
166124,"College of the Holy Cross",2023,15,3035,29,35455,8670,0.210957324106113,"MA","City/Suburb",78133,44.5
166124,"College of the Holy Cross",2022,16,3083,29,34679,7036,0.363558840250142,"MA","City/Suburb",78514,44.5
166124,"College of the Holy Cross",2021,16,3029,27,29198,6498,0.42874730686365,"MA","City/Suburb",78839,44.5
166124,"College of the Holy Cross",2020,17,2970,28,32061,7087,0.379427120079018,"MA","City/Suburb",79537,44.5
166124,"College of the Holy Cross",2019,16,2963,30,34627,7200,0.342222222222222,"MA","City/Suburb",78060,44.5
178697,"College of the Ozarks",2023,44,1427,13,12279,2495,0.148697394789579,"MO","Town/Rural",67773,29.5
178697,"College of the Ozarks",2022,48,1487,14,12611,2239,0.211255024564538,"MO","Town/Rural",66781,29.5
178697,"College of the Ozarks",2021,48,1479,14,12611,2160,0.205092592592593,"MO","Town/Rural",66906,29.5
178697,"College of the Ozarks",2020,50,1489,14,7505,2437,0.142798522773902,"MO","Town/Rural",67892,29.5
178697,"College of the Ozarks",2019,55,1546,13,11316,2720,0.102573529411765,"MO","Town/Rural",68482,29.5
126678,"Colorado College",2023,14,2145,33,35281,7532,0.200345193839618,"CO","City/Suburb",63277,41.7
126678,"Colorado College",2022,14,2180,33,33178,7846,0.163013000254907,"CO","City/Suburb",64869,41.7
126678,"Colorado College",2021,14,2241,34,30200,10975,0.14250569476082,"CO","City/Suburb",63204,41.7
126678,"Colorado College",2020,11,2025,36,27319,10257,0.136004679730915,"CO","City/Suburb",61237,41.7
126678,"Colorado College",2019,11,2098,35,32303,9456,0.135046531302876,"CO","City/Suburb",60962,41.7
127556,"Colorado Mesa University",2023,27,8711,35,15076,10631,0.813940363089079,"CO","City/Suburb",63277,41.7
127556,"Colorado Mesa University",2022,30,8681,34,15085,9810,0.81763506625892,"CO","City/Suburb",64869,41.7
127556,"Colorado Mesa University",2021,31,8712,34,15324,8082,0.802400395941599,"CO","City/Suburb",63204,41.7
127556,"Colorado Mesa University",2020,32,8945,34,15327,8796,0.754433833560709,"CO","City/Suburb",61237,41.7
127556,"Colorado Mesa University",2019,34,9239,33,14788,8845,0.782023742227247,"CO","City/Suburb",60962,41.7
126775,"Colorado School of Mines",2023,13,5839,32,29785,9821,0.597087872925364,"CO","City/Suburb",63277,41.7
126775,"Colorado School of Mines",2022,13,5714,31,29425,10886,0.580011023332721,"CO","City/Suburb",64869,41.7
126775,"Colorado School of Mines",2021,14,5487,32,26179,12022,0.568790550657129,"CO","City/Suburb",63204,41.7
126775,"Colorado School of Mines",2020,15,5200,30,27675,12044,0.549651278644968,"CO","City/Suburb",61237,41.7
126775,"Colorado School of Mines",2019,15,5156,30,26856,11756,0.53079278666213,"CO","City/Suburb",60962,41.7
476975,"Colorado State University Global",2023,24,6568,45,12475,392,0.928571428571429,"CO","City/Suburb",63277,41.7
476975,"Colorado State University Global",2022,26,6433,43,14826,128,0.96875,"CO","City/Suburb",64869,41.7
476975,"Colorado State University Global",2021,27,6897,39,12351,126,0.96031746031746,"CO","City/Suburb",63204,41.7
476975,"Colorado State University Global",2020,28,7970,37,14024,115,0.982608695652174,"CO","City/Suburb",61237,41.7
128106,"Colorado State University Pueblo",2023,28,4816,57,14188,1834,0.998364231188659,"CO","City/Suburb",63277,41.7
128106,"Colorado State University Pueblo",2022,33,4772,55,13033,1572,0.987913486005089,"CO","City/Suburb",64869,41.7
128106,"Colorado State University Pueblo",2021,36,3928,53,14013,2054,0.991723466407011,"CO","City/Suburb",63204,41.7
128106,"Colorado State University Pueblo",2020,36,4113,55,13388,2181,0.943145346171481,"CO","City/Suburb",61237,41.7
128106,"Colorado State University Pueblo",2019,39,4310,54,14797,2885,0.930329289428076,"CO","City/Suburb",60962,41.7
126818,"Colorado State University-Fort Collins",2023,19,25834,30,19828,36612,0.895908445318475,"CO","City/Suburb",63277,41.7
126818,"Colorado State University-Fort Collins",2022,21,25777,30,16926,33006,0.907562261407017,"CO","City/Suburb",64869,41.7
126818,"Colorado State University-Fort Collins",2021,21,24954,29,18320,31586,0.896409801810929,"CO","City/Suburb",63204,41.7
126818,"Colorado State University-Fort Collins",2020,23,24792,30,17609,28843,0.835245986894567,"CO","City/Suburb",61237,41.7
126818,"Colorado State University-Fort Collins",2019,23,25789,30,16793,28319,0.813517426462799,"CO","City/Suburb",60962,41.7
217934,"Columbia College",2023,53,1268,62,23920,2163,0.957928802588997,"SC","City/Suburb",53335,28.3
217934,"Columbia College",2022,53,1173,61,18779,2176,0.981158088235294,"SC","City/Suburb",52277,28.3
217934,"Columbia College",2021,50,1065,62,20520,1278,0.985915492957746,"SC","City/Suburb",52010,28.3
217934,"Columbia College",2020,54,979,64,20277,786,0.970737913486005,"SC","City/Suburb",52680,28.3
217934,"Columbia College",2019,51,1102,66,18359,817,0.965728274173807,"SC","City/Suburb",53953,28.3
144281,"Columbia College Chicago",2023,43,6344,59,29790,7873,0.911723612345993,"IL","City/Suburb",148445,35.1
144281,"Columbia College Chicago",2022,41,6424,56,27338,7701,0.947669133878717,"IL","City/Suburb",145439,35.1
144281,"Columbia College Chicago",2021,41,6493,53,25262,7218,0.956359102244389,"IL","City/Suburb",150490,35.1
144281,"Columbia College Chicago",2020,36,6542,52,28568,8061,0.895298350080635,"IL","City/Suburb",149373,35.1
144281,"Columbia College Chicago",2019,33,6708,49,32111,7430,0.902153432032301,"IL","City/Suburb",152277,35.1
217925,"Columbia International University",2023,28,916,31,21320,372,0.975806451612903,"SC","City/Suburb",53335,28.3
217925,"Columbia International University",2022,32,1001,36,19911,506,0.482213438735178,"SC","City/Suburb",52277,28.3
217925,"Columbia International University",2021,37,905,40,20088,526,0.456273764258555,"SC","City/Suburb",52010,28.3
217925,"Columbia International University",2020,36,857,41,18651,448,0.506696428571429,"SC","City/Suburb",52680,28.3
217925,"Columbia International University",2019,41,806,44,18242,336,0.479166666666667,"SC","City/Suburb",53953,28.3
190150,"Columbia University in the City of New York",2023,23,9111,71,20869,57613,0.0423341954072865,"NY","City/Suburb",211853,37.2
190150,"Columbia University in the City of New York",2022,22,9094,69,22058,60879,0.0394881650487032,"NY","City/Suburb",213993,37.2
190150,"Columbia University in the City of New York",2021,23,8833,67,12411,61110,0.0413025691376207,"NY","City/Suburb",217586,37.2
190150,"Columbia University in the City of New York",2020,23,8148,67,22126,40462,0.0666057041174435,"NY","City/Suburb",209688,37.2
190150,"Columbia University in the City of New York",2019,25,8221,65,21828,42823,0.0544567171846905,"NY","City/Suburb",212104,37.2
202170,"Columbus College of Art & Design",2023,40,893,34,30900,867,0.717416378316032,"OH","City/Suburb",133760,29
202170,"Columbus College of Art & Design",2022,39,956,34,29238,776,0.90979381443299,"OH","City/Suburb",133872,29
202170,"Columbus College of Art & Design",2021,41,976,33,20726,730,0.943835616438356,"OH","City/Suburb",136945,29
202170,"Columbus College of Art & Design",2020,39,982,33,27847,674,0.916913946587537,"OH","City/Suburb",135941,29
202170,"Columbus College of Art & Design",2019,41,1053,32,28470,779,0.92811296534018,"OH","City/Suburb",135868,29
139366,"Columbus State University",2023,44,6008,58,11384,3550,0.992394366197183,"GA","City/Suburb",126146,31.9
139366,"Columbus State University",2022,43,6003,57,12902,3870,0.878036175710594,"GA","City/Suburb",122695,31.9
139366,"Columbus State University",2021,43,6403,55,13571,5275,0.78521327014218,"GA","City/Suburb",124712,31.9
139366,"Columbus State University",2020,45,6877,54,11855,5336,0.783170914542729,"GA","City/Suburb",126126,31.9
139366,"Columbus State University",2019,46,6501,52,11361,2881,0.794168691426588,"GA","City/Suburb",121897,31.9
498562,"Commonwealth University of Pennsylvania",2023,29,9967,22,18004,7733,0.947497736971421,"PA","Town/Rural",142275,31.8
498562,"Commonwealth University of Pennsylvania",2022,32,11016,20,17412,9570,0.939602925809822,"PA","Town/Rural",139193,31.8
177083,"Conception Seminary College",2023,12,41,39,35625,8,1,"MO","Town/Rural",67773,29.5
177083,"Conception Seminary College",2022,15,27,41,35084,4,1,"MO","Town/Rural",66781,29.5
177083,"Conception Seminary College",2021,24,26,42,30107,3,1,"MO","Town/Rural",66906,29.5
177083,"Conception Seminary College",2020,28,42,33,36135,3,1,"MO","Town/Rural",67892,29.5
177083,"Conception Seminary College",2019,27,47,26,35288,4,1,"MO","Town/Rural",68482,29.5
237330,"Concord University",2023,47,1472,20,10630,2376,0.896464646464647,"WV","Town/Rural",17853,21.3
237330,"Concord University",2022,45,1399,20,8464,1730,0.913872832369942,"WV","Town/Rural",17400,21.3
237330,"Concord University",2021,48,1387,22,8785,1739,0.956296722254169,"WV","Town/Rural",18271,21.3
237330,"Concord University",2020,48,1463,21,8677,1639,0.913971934106162,"WV","Town/Rural",18751,21.3
237330,"Concord University",2019,49,1570,20,9201,1886,0.819194061505832,"WV","Town/Rural",19036,21.3
173300,"Concordia College at Moorhead",2023,20,1799,24,25488,4434,0.630581867388363,"MN","City/Suburb",67002,36.7
173300,"Concordia College at Moorhead",2022,20,1827,23,23087,3774,0.655272919978802,"MN","City/Suburb",64579,36.7
173300,"Concordia College at Moorhead",2021,21,1883,21,23890,3778,0.719957649550027,"MN","City/Suburb",65199,36.7
173300,"Concordia College at Moorhead",2020,21,1943,18,24096,4024,0.580765407554672,"MN","City/Suburb",66285,36.7
173300,"Concordia College at Moorhead",2019,22,2010,18,23970,3395,0.683652430044183,"MN","City/Suburb",65499,36.7
169363,"Concordia University Ann Arbor",2023,24,1044,33,28020,2465,0.720892494929006,"MI","City/Suburb",108265,29.6
169363,"Concordia University Ann Arbor",2022,25,951,27,26353,1962,0.701834862385321,"MI","City/Suburb",103443,29.6
169363,"Concordia University Ann Arbor",2021,27,968,25,25684,1573,0.628099173553719,"MI","City/Suburb",107239,29.6
169363,"Concordia University Ann Arbor",2020,31,1002,26,26780,1816,0.609581497797357,"MI","City/Suburb",108725,29.6
169363,"Concordia University Ann Arbor",2019,33,961,23,25779,2334,0.49057412167952,"MI","City/Suburb",112177,29.6
224004,"Concordia University Texas",2023,40,1391,65,23621,2170,0.910599078341014,"TX","City/Suburb",385604,30.3
224004,"Concordia University Texas",2022,35,1573,63,24761,1886,0.857370095440085,"TX","City/Suburb",375741,30.3
224004,"Concordia University Texas",2021,21,1708,62,30280,1441,0.890353920888272,"TX","City/Suburb",377064,30.3
224004,"Concordia University Texas",2020,39,1740,59,26362,1405,0.929537366548043,"TX","City/Suburb",372402,30.3
224004,"Concordia University Texas",2019,38,1828,58,24061,1435,0.904529616724739,"TX","City/Suburb",364979,30.3
144351,"Concordia University-Chicago",2023,45,1377,59,17767,4607,0.933579335793358,"IL","City/Suburb",148445,35.1
144351,"Concordia University-Chicago",2022,44,1328,58,18832,4296,0.930400372439479,"IL","City/Suburb",145439,35.1
144351,"Concordia University-Chicago",2021,40,1438,58,18817,5620,0.878113879003559,"IL","City/Suburb",150490,35.1
144351,"Concordia University-Chicago",2020,41,1538,56,17363,4786,0.785415796071876,"IL","City/Suburb",149373,35.1
144351,"Concordia University-Chicago",2019,45,1589,55,17051,4498,0.74722098710538,"IL","City/Suburb",152277,35.1
112075,"Concordia University-Irvine",2023,23,1465,55,29413,4564,0.598597721297108,"CA","City/Suburb",492544,34.2
112075,"Concordia University-Irvine",2022,26,1699,58,29508,3576,0.689876957494407,"CA","City/Suburb",473448,34.2
112075,"Concordia University-Irvine",2021,26,1584,54,25640,3265,0.813782542113323,"CA","City/Suburb",467260,34.2
112075,"Concordia University-Irvine",2020,27,1704,53,29893,3327,0.781785392245266,"CA","City/Suburb",477479,34.2
112075,"Concordia University-Irvine",2019,28,1738,52,28435,3727,0.708076200697612,"CA","City/Suburb",478819,34.2
180984,"Concordia University-Nebraska",2023,11,2934,39,24099,1587,0.900441083805923,"NE","Town/Rural",24387,32.4
180984,"Concordia University-Nebraska",2022,12,2668,34,23067,1605,0.908411214953271,"NE","Town/Rural",23856,32.4
180984,"Concordia University-Nebraska",2021,14,2550,32,22573,1888,0.847457627118644,"NE","Town/Rural",23769,32.4
180984,"Concordia University-Nebraska",2020,14,2159,28,22201,2118,0.758262511803588,"NE","Town/Rural",23830,32.4
180984,"Concordia University-Nebraska",2019,19,2226,33,21786,1681,0.784651992861392,"NE","Town/Rural",23314,32.4
173328,"Concordia University-Saint Paul",2023,34,3146,50,17989,2730,0.748717948717949,"MN","City/Suburb",67002,36.7
173328,"Concordia University-Saint Paul",2022,34,3071,47,17776,2536,0.690851735015773,"MN","City/Suburb",64579,36.7
173328,"Concordia University-Saint Paul",2021,34,3357,46,15944,2485,0.67887323943662,"MN","City/Suburb",65199,36.7
173328,"Concordia University-Saint Paul",2020,38,3578,44,16521,2554,0.685982772122161,"MN","City/Suburb",66285,36.7
173328,"Concordia University-Saint Paul",2019,38,3125,42,18757,1323,0.981103552532124,"MN","City/Suburb",65499,36.7
238616,"Concordia University-Wisconsin",2023,22,2525,31,28060,4537,0.675336125192859,"WI","City/Suburb",67563,30
238616,"Concordia University-Wisconsin",2022,23,2817,33,24485,3544,0.70372460496614,"WI","City/Suburb",65909,30
238616,"Concordia University-Wisconsin",2021,25,2914,28,25830,3544,0.685948081264108,"WI","City/Suburb",66830,30
238616,"Concordia University-Wisconsin",2020,26,3094,29,24569,3509,0.705329153605016,"WI","City/Suburb",68053,30
238616,"Concordia University-Wisconsin",2019,28,3309,28,25175,3772,0.641304347826087,"WI","City/Suburb",68191,30
128902,"Connecticut College",2023,14,1995,31,42941,9397,0.382781738852825,"CT","City/Suburb",44962,39.6
128902,"Connecticut College",2022,16,1948,33,43220,8744,0.404048490393413,"CT","City/Suburb",44540,39.6
128902,"Connecticut College",2021,16,1829,33,44820,7682,0.409528768549857,"CT","City/Suburb",44901,39.6
128902,"Connecticut College",2020,16,1737,33,40474,6882,0.377215925603022,"CT","City/Suburb",45222,39.6
128902,"Connecticut College",2019,17,1861,33,40707,6784,0.374115566037736,"CT","City/Suburb",45216,39.6
217961,"Converse University",2023,41,852,51,19438,2628,0.640030441400304,"SC","City/Suburb",53335,28.3
217961,"Converse University",2022,42,804,47,19653,2917,0.555707919094961,"SC","City/Suburb",52277,28.3
217961,"Converse University",2021,47,822,41,17155,2392,0.642558528428094,"SC","City/Suburb",52010,28.3
217961,"Converse University",2020,42,733,39,25534,1720,0.824418604651163,"SC","City/Suburb",52680,28.3
217961,"Converse University",2019,46,808,39,14849,1163,0.893379191745486,"SC","City/Suburb",53953,28.3
162283,"Coppin State University",2023,53,1810,99,7684,4703,0.495641080161599,"MD","City/Suburb",69770,40.8
162283,"Coppin State University",2022,53,1757,99,8562,3299,0.449530160654744,"MD","City/Suburb",69124,40.8
162283,"Coppin State University",2021,55,1845,98,5615,2450,0.479183673469388,"MD","City/Suburb",71017,40.8
162283,"Coppin State University",2020,60,2108,98,9303,5873,0.402009194619445,"MD","City/Suburb",67971,40.8
162283,"Coppin State University",2019,58,2383,98,10963,9789,0.279803861477168,"MD","City/Suburb",68208,40.8
210331,"Corban University",2023,28,785,40,26028,546,0.897435897435897,"OR","City/Suburb",41163,34
210331,"Corban University",2022,34,818,41,26231,681,0.850220264317181,"OR","City/Suburb",41057,34
210331,"Corban University",2021,33,886,42,25761,2136,0.375,"OR","City/Suburb",42778,34
210331,"Corban University",2020,31,966,38,21365,1924,0.483367983367983,"OR","City/Suburb",42173,34
210331,"Corban University",2019,32,992,29,22160,866,0.851039260969977,"OR","City/Suburb",41717,34
153162,"Cornell College",2023,29,1082,29,25850,3087,0.806608357628766,"IA","Town/Rural",36870,29
153162,"Cornell College",2022,28,1067,25,25686,3057,0.793261367353615,"IA","Town/Rural",36521,29
153162,"Cornell College",2021,24,1046,27,22667,2836,0.811001410437236,"IA","Town/Rural",37097,29
153162,"Cornell College",2020,23,999,26,25028,2615,0.824091778202677,"IA","Town/Rural",36359,29
153162,"Cornell College",2019,25,1020,29,28566,3118,0.617703656189865,"IA","Town/Rural",36735,29
190415,"Cornell University",2023,18,16051,69,26455,65635,0.0816332749295346,"NY","City/Suburb",211853,37.2
190415,"Cornell University",2022,18,15735,67,26060,69195,0.0746874774188886,"NY","City/Suburb",213993,37.2
190415,"Cornell University",2021,17,15503,66,24262,67380,0.0868506975363609,"NY","City/Suburb",217586,37.2
190415,"Cornell University",2020,16,14743,65,27522,51500,0.107067961165049,"NY","City/Suburb",209688,37.2
190415,"Cornell University",2019,17,15043,64,28921,49114,0.108523028057173,"NY","City/Suburb",212104,37.2
170037,"Cornerstone University",2023,30,1444,29,23147,2011,0.731974142217802,"MI","City/Suburb",108265,29.6
170037,"Cornerstone University",2022,30,1433,26,20935,1926,0.817757009345794,"MI","City/Suburb",103443,29.6
170037,"Cornerstone University",2021,34,1507,26,20780,1923,0.91315652626105,"MI","City/Suburb",107239,29.6
170037,"Cornerstone University",2020,36,1461,26,20112,1964,0.869653767820774,"MI","City/Suburb",108725,29.6
170037,"Cornerstone University",2019,45,1504,23,19923,2519,0.775704644700278,"MI","City/Suburb",112177,29.6
235024,"Cornish College of the Arts",2023,30,502,34,40164,1097,0.70464904284412,"WA","City/Suburb",78990,36.7
235024,"Cornish College of the Arts",2022,32,443,36,39280,852,0.711267605633803,"WA","City/Suburb",78071,36.7
235024,"Cornish College of the Arts",2021,32,455,40,38109,666,0.638138138138138,"WA","City/Suburb",79537,36.7
235024,"Cornish College of the Arts",2020,29,482,40,39440,587,0.788756388415673,"WA","City/Suburb",79042,36.7
235024,"Cornish College of the Arts",2019,34,602,42,39093,686,0.73469387755102,"WA","City/Suburb",78061,36.7
177117,"Cottey College",2023,45,266,27,18430,567,0.663139329805996,"MO","Town/Rural",67773,29.5
177117,"Cottey College",2022,45,311,28,17123,682,0.730205278592375,"MO","Town/Rural",66781,29.5
177117,"Cottey College",2021,18,303,31,16667,555,0.605405405405405,"MO","Town/Rural",66906,29.5
177117,"Cottey College",2020,47,283,30,17630,555,0.605405405405405,"MO","Town/Rural",67892,29.5
177117,"Cottey College",2019,46,256,32,18578,572,0.45979020979021,"MO","Town/Rural",68482,29.5
139393,"Covenant College",2023,18,908,13,25471,751,0.817576564580559,"GA","City/Suburb",126146,31.9
139393,"Covenant College",2022,20,847,13,25028,813,0.841328413284133,"GA","City/Suburb",122695,31.9
139393,"Covenant College",2021,20,872,15,25536,794,0.885390428211587,"GA","City/Suburb",124712,31.9
139393,"Covenant College",2020,20,865,13,26048,612,0.975490196078431,"GA","City/Suburb",126126,31.9
139393,"Covenant College",2019,24,946,19,24619,561,0.982174688057041,"GA","City/Suburb",121897,31.9
176770,"Cox College",2021,34,749,16,17490,33,0.393939393939394,"MO","City/Suburb",66906,29.5
176770,"Cox College",2019,38,728,14,24746,18,0.388888888888889,"MO","City/Suburb",68482,29.5
181002,"Creighton University",2023,5,4262,31,33364,7248,0.723096026490066,"NE","City/Suburb",24387,32.4
181002,"Creighton University",2022,7,4290,30,32877,7977,0.756926162717814,"NE","City/Suburb",23856,32.4
181002,"Creighton University",2021,7,4481,28,31040,8147,0.777464097213698,"NE","City/Suburb",23769,32.4
181002,"Creighton University",2020,12,4458,28,32355,8682,0.640175074867542,"NE","City/Suburb",23830,32.4
181002,"Creighton University",2019,14,4472,28,32145,9381,0.737128237927726,"NE","City/Suburb",23314,32.4
475608,"Criswell College",2023,34,118,41,11464,24,0.916666666666667,"TX","City/Suburb",385604,30.3
475608,"Criswell College",2022,41,122,35,13652,31,1,"TX","City/Suburb",375741,30.3
475608,"Criswell College",2021,39,137,42,13378,43,0.976744186046512,"TX","City/Suburb",377064,30.3
475608,"Criswell College",2020,40,158,42,12740,32,1,"TX","City/Suburb",372402,30.3
475608,"Criswell College",2019,44,174,36,14137,33,0.96969696969697,"TX","City/Suburb",364979,30.3
174862,"Crown College",2023,24,1379,23,27196,1054,0.6280834914611,"MN","Town/Rural",67002,36.7
174862,"Crown College",2022,28,1251,22,25504,1278,0.665884194053208,"MN","Town/Rural",64579,36.7
174862,"Crown College",2021,26,1139,22,25513,911,0.650933040614709,"MN","Town/Rural",65199,36.7
174862,"Crown College",2020,28,1141,21,25977,949,0.468914646996839,"MN","Town/Rural",66285,36.7
174862,"Crown College",2019,34,1160,21,26850,825,0.498181818181818,"MN","Town/Rural",65499,36.7
190503,"Culinary Institute of America",2023,28,2989,53,36015,2161,0.917630726515502,"NY","City/Suburb",211853,37.2
190503,"Culinary Institute of America",2022,30,3005,54,33499,1887,0.948595654478007,"NY","City/Suburb",213993,37.2
190503,"Culinary Institute of America",2021,26,2854,53,30521,2056,0.981031128404669,"NY","City/Suburb",217586,37.2
190503,"Culinary Institute of America",2020,27,3102,52,31583,1777,0.966797974113675,"NY","City/Suburb",209688,37.2
190503,"Culinary Institute of America",2019,27,3012,54,30095,1669,0.977231875374476,"NY","City/Suburb",212104,37.2
177144,"Culver-Stockton College",2023,36,930,31,22103,1351,0.980014803849001,"MO","Town/Rural",67773,29.5
177144,"Culver-Stockton College",2022,36,900,31,20522,1246,0.969502407704655,"MO","Town/Rural",66781,29.5
177144,"Culver-Stockton College",2021,39,879,32,20567,2334,0.925449871465296,"MO","Town/Rural",66906,29.5
177144,"Culver-Stockton College",2020,39,954,31,21389,1618,0.983312731767614,"MO","Town/Rural",67892,29.5
177144,"Culver-Stockton College",2019,43,971,30,21096,3277,0.521818736649374,"MO","Town/Rural",68482,29.5
219949,"Cumberland University",2023,33,2652,39,17669,2788,0.670014347202296,"TN","Town/Rural",72084,27.5
219949,"Cumberland University",2022,34,2311,44,18528,2137,0.662143191389799,"TN","Town/Rural",71347,27.5
219949,"Cumberland University",2021,32,2257,38,28459,2692,0.577637444279346,"TN","Town/Rural",72685,27.5
219949,"Cumberland University",2020,34,2397,40,27071,2872,0.537604456824513,"TN","Town/Rural",73281,27.5
219949,"Cumberland University",2019,34,2279,40,26787,2833,0.610307094952347,"TN","Town/Rural",72802,27.5
190512,"CUNY Bernard M Baruch College",2023,55,16086,82,3989,24867,0.504845779547191,"NY","City/Suburb",211853,37.2
190512,"CUNY Bernard M Baruch College",2022,52,15896,82,4991,25693,0.495348927723504,"NY","City/Suburb",213993,37.2
190512,"CUNY Bernard M Baruch College",2021,48,15859,81,3793,23434,0.505632841170948,"NY","City/Suburb",217586,37.2
190512,"CUNY Bernard M Baruch College",2020,49,15774,79,3897,24307,0.407084378985477,"NY","City/Suburb",209688,37.2
190512,"CUNY Bernard M Baruch College",2019,48,15482,79,3931,20327,0.434741968809957,"NY","City/Suburb",212104,37.2
190549,"CUNY Brooklyn College",2023,56,11330,75,4105,27112,0.536588964296253,"NY","City/Suburb",211853,37.2
190549,"CUNY Brooklyn College",2022,55,11661,75,5972,28890,0.545448251990308,"NY","City/Suburb",213993,37.2
190549,"CUNY Brooklyn College",2021,54,13405,74,4254,28544,0.513593049327354,"NY","City/Suburb",217586,37.2
190549,"CUNY Brooklyn College",2020,54,14969,73,4736,29464,0.497386641325007,"NY","City/Suburb",209688,37.2
190549,"CUNY Brooklyn College",2019,54,14970,73,3805,26973,0.449931412894376,"NY","City/Suburb",212104,37.2
190567,"CUNY City College",2023,60,12356,88,4599,31988,0.580717769163436,"NY","City/Suburb",211853,37.2
190567,"CUNY City College",2022,58,11929,87,5181,33648,0.666012838801712,"NY","City/Suburb",213993,37.2
190567,"CUNY City College",2021,53,12364,87,4213,31175,0.640641539695269,"NY","City/Suburb",217586,37.2
190567,"CUNY City College",2020,55,12587,86,4546,29894,0.505352244597578,"NY","City/Suburb",209688,37.2
190567,"CUNY City College",2019,55,13030,86,3397,30013,0.464898543964282,"NY","City/Suburb",212104,37.2
190594,"CUNY Hunter College",2023,55,17378,81,4127,31614,0.54048839121908,"NY","City/Suburb",211853,37.2
190594,"CUNY Hunter College",2022,52,17256,80,4848,33944,0.478611831251473,"NY","City/Suburb",213993,37.2
190594,"CUNY Hunter College",2021,46,18152,78,4586,31728,0.458963691376702,"NY","City/Suburb",217586,37.2
190594,"CUNY Hunter College",2020,50,17943,77,4014,32294,0.404781073883694,"NY","City/Suburb",209688,37.2
190594,"CUNY Hunter College",2019,50,17121,78,3957,33750,0.351733333333333,"NY","City/Suburb",212104,37.2
190600,"CUNY John Jay College of Criminal Justice",2023,59,11678,85,4141,17921,0.572233692316277,"NY","City/Suburb",211853,37.2
190600,"CUNY John Jay College of Criminal Justice",2022,58,12061,85,5001,18807,0.506566703886851,"NY","City/Suburb",213993,37.2
190600,"CUNY John Jay College of Criminal Justice",2021,55,13146,84,5077,18765,0.445830002664535,"NY","City/Suburb",217586,37.2
190600,"CUNY John Jay College of Criminal Justice",2020,57,13662,84,4221,21021,0.374339945768517,"NY","City/Suburb",209688,37.2
190600,"CUNY John Jay College of Criminal Justice",2019,56,13746,84,3814,20568,0.405289770517308,"NY","City/Suburb",212104,37.2
190637,"CUNY Lehman College",2023,61,11227,93,4076,20954,0.554309439725112,"NY","City/Suburb",211853,37.2
190637,"CUNY Lehman College",2022,58,11211,94,4974,22455,0.553061678913382,"NY","City/Suburb",213993,37.2
190637,"CUNY Lehman College",2021,53,12375,93,3206,20132,0.578879395986489,"NY","City/Suburb",217586,37.2
190637,"CUNY Lehman College",2020,55,12833,94,3913,20057,0.470060328065015,"NY","City/Suburb",209688,37.2
190637,"CUNY Lehman College",2019,56,13002,95,2709,19761,0.377764283184049,"NY","City/Suburb",212104,37.2
190646,"CUNY Medgar Evers College",2023,57,3846,98,6207,11239,0.833882017973129,"NY","City/Suburb",211853,37.2
190646,"CUNY Medgar Evers College",2022,58,3640,98,8250,11553,0.876482298969965,"NY","City/Suburb",213993,37.2
190646,"CUNY Medgar Evers College",2021,53,4134,98,6852,10533,0.858729706636286,"NY","City/Suburb",217586,37.2
190646,"CUNY Medgar Evers College",2020,61,5237,98,7090,12703,0.784775249940959,"NY","City/Suburb",209688,37.2
190646,"CUNY Medgar Evers College",2019,59,5798,98,5949,13771,0.902766683610486,"NY","City/Suburb",212104,37.2
190655,"CUNY New York City College of Technology",2023,55,13767,89,5417,21007,0.807445137335174,"NY","City/Suburb",211853,37.2
190655,"CUNY New York City College of Technology",2022,53,13087,89,6406,21335,0.817998593859855,"NY","City/Suburb",213993,37.2
190655,"CUNY New York City College of Technology",2021,49,14277,89,5457,18992,0.824978938500421,"NY","City/Suburb",217586,37.2
190655,"CUNY New York City College of Technology",2020,52,15513,89,5097,21525,0.790708478513357,"NY","City/Suburb",209688,37.2
190655,"CUNY New York City College of Technology",2019,52,17036,90,4652,21546,0.877007333147684,"NY","City/Suburb",212104,37.2
190664,"CUNY Queens College",2023,48,13998,80,5339,20800,0.685192307692308,"NY","City/Suburb",211853,37.2
190664,"CUNY Queens College",2022,46,14406,79,6434,22324,0.694767962730693,"NY","City/Suburb",213993,37.2
190664,"CUNY Queens College",2021,41,15883,77,4777,21777,0.607843137254902,"NY","City/Suburb",217586,37.2
190664,"CUNY Queens College",2020,47,16702,76,5594,25621,0.534873736388119,"NY","City/Suburb",209688,37.2
190664,"CUNY Queens College",2019,47,16866,76,4471,24277,0.487910367837871,"NY","City/Suburb",212104,37.2
190691,"CUNY York College",2023,43,5906,95,5631,14236,0.594197808373139,"NY","City/Suburb",211853,37.2
190691,"CUNY York College",2022,47,6199,92,6670,16112,0.591422542204568,"NY","City/Suburb",213993,37.2
190691,"CUNY York College",2021,44,6769,93,5182,13852,0.670155934161132,"NY","City/Suburb",217586,37.2
190691,"CUNY York College",2020,48,7529,94,5228,15522,0.527638190954774,"NY","City/Suburb",209688,37.2
190691,"CUNY York College",2019,47,8116,96,4089,14633,0.728353721041482,"NY","City/Suburb",212104,37.2
165529,"Curry College",2023,28,1818,41,30367,6903,0.920469361147327,"MA","City/Suburb",78133,44.5
165529,"Curry College",2022,28,1833,37,31091,4743,0.875184482395109,"MA","City/Suburb",78514,44.5
165529,"Curry College",2021,28,2050,35,28782,5192,0.803158705701079,"MA","City/Suburb",78839,44.5
165529,"Curry College",2020,28,2206,36,29620,6183,0.817887756752386,"MA","City/Suburb",79537,44.5
165529,"Curry College",2019,28,2312,36,28766,6136,0.870599739243807,"MA","City/Suburb",78060,44.5
211893,"Curtis Institute of Music",2023,1,106,72,21615,446,0.0695067264573991,"PA","City/Suburb",142275,31.8
211893,"Curtis Institute of Music",2022,6,103,62,20005,414,0.0966183574879227,"PA","City/Suburb",139193,31.8
211893,"Curtis Institute of Music",2021,6,109,67,19002,229,0.0480349344978166,"PA","City/Suburb",142186,31.8
211893,"Curtis Institute of Music",2020,8,113,71,12835,574,0.024390243902439,"PA","City/Suburb",143645,31.8
211893,"Curtis Institute of Music",2019,11,131,73,17238,687,0.0393013100436681,"PA","City/Suburb",143842,31.8
190716,"D'Youville  University",2023,36,1299,48,20268,2295,0.823529411764706,"NY","City/Suburb",211853,37.2
190716,"D'Youville  University",2022,38,1378,44,21755,3115,0.840449438202247,"NY","City/Suburb",213993,37.2
190716,"D'Youville  University",2021,32,1396,40,22541,1841,0.924497555676263,"NY","City/Suburb",217586,37.2
190716,"D'Youville  University",2020,31,1475,36,21377,1772,0.830699774266366,"NY","City/Suburb",209688,37.2
190716,"D'Youville  University",2019,36,1609,33,19659,1439,0.88047255038221,"NY","City/Suburb",212104,37.2
190725,"Daemen University",2023,42,1806,27,18944,3041,0.761591581716541,"NY","City/Suburb",211853,37.2
190725,"Daemen University",2022,41,1782,26,20273,2752,0.799418604651163,"NY","City/Suburb",213993,37.2
190725,"Daemen University",2021,38,1781,25,20180,2889,0.78435444790585,"NY","City/Suburb",217586,37.2
190725,"Daemen University",2020,36,1631,26,19314,2902,0.617849758787043,"NY","City/Suburb",209688,37.2
190725,"Daemen University",2019,37,1709,25,18218,3239,0.615622105588144,"NY","City/Suburb",212104,37.2
219082,"Dakota State University",2023,16,2950,20,19115,988,0.978744939271255,"SD","Town/Rural",9564,29.2
219082,"Dakota State University",2022,18,2757,19,17977,882,0.789115646258503,"SD","Town/Rural",9036,29.2
219082,"Dakota State University",2021,20,2751,17,17572,681,0.856093979441997,"SD","Town/Rural",9008,29.2
219082,"Dakota State University",2020,22,2740,17,17861,712,0.835674157303371,"SD","Town/Rural",8951,29.2
219082,"Dakota State University",2019,22,2818,17,17063,978,0.774028629856851,"SD","Town/Rural",9241,29.2
219091,"Dakota Wesleyan University",2023,26,767,19,21901,1153,0.727666955767563,"SD","Town/Rural",9564,29.2
219091,"Dakota Wesleyan University",2022,27,717,18,19825,1209,0.747725392886683,"SD","Town/Rural",9036,29.2
219091,"Dakota Wesleyan University",2021,30,770,16,21830,1047,0.757402101241643,"SD","Town/Rural",9008,29.2
219091,"Dakota Wesleyan University",2020,37,781,15,19377,1218,0.642036124794745,"SD","Town/Rural",8951,29.2
219091,"Dakota Wesleyan University",2019,34,747,16,21891,916,0.66703056768559,"SD","Town/Rural",9241,29.2
224226,"Dallas Baptist University",2023,24,2850,46,30275,8018,0.910825642304814,"TX","City/Suburb",385604,30.3
224226,"Dallas Baptist University",2022,25,2971,44,27607,8519,0.913722267871816,"TX","City/Suburb",375741,30.3
224226,"Dallas Baptist University",2021,26,3067,43,27599,6916,0.939994216310006,"TX","City/Suburb",377064,30.3
224226,"Dallas Baptist University",2020,26,2844,42,26062,4704,0.985756802721088,"TX","City/Suburb",372402,30.3
224226,"Dallas Baptist University",2019,27,2883,40,27259,3241,0.898488120950324,"TX","City/Suburb",364979,30.3
224244,"Dallas Christian College",2023,52,278,61,22463,313,0.840255591054313,"TX","City/Suburb",385604,30.3
224244,"Dallas Christian College",2022,45,247,60,22631,354,0.5,"TX","City/Suburb",375741,30.3
224244,"Dallas Christian College",2021,41,317,66,23422,1100,0.165454545454545,"TX","City/Suburb",377064,30.3
224244,"Dallas Christian College",2020,49,246,67,28981,474,0.236286919831224,"TX","City/Suburb",372402,30.3
224244,"Dallas Christian College",2019,55,194,58,28323,590,0.130508474576271,"TX","City/Suburb",364979,30.3
182670,"Dartmouth College",2023,15,4447,54,17322,28841,0.0623071322076211,"NH","Town/Rural",15434,36.8
182670,"Dartmouth College",2022,16,4458,53,19208,28336,0.0638057594579334,"NH","Town/Rural",15352,36.8
182670,"Dartmouth College",2021,17,4556,50,24078,28356,0.0617153336154606,"NH","Town/Rural",15187,36.8
182670,"Dartmouth College",2020,16,4170,51,24525,21392,0.0921839940164547,"NH","Town/Rural",14958,36.8
182670,"Dartmouth College",2019,17,4459,50,23844,23650,0.0792811839323467,"NH","Town/Rural",15466,36.8
169479,"Davenport University",2023,30,3833,40,19799,3869,0.970535021969501,"MI","City/Suburb",108265,29.6
169479,"Davenport University",2022,33,4069,39,18350,3379,0.978100029594555,"MI","City/Suburb",103443,29.6
169479,"Davenport University",2021,34,4352,35,18924,2652,0.982654600301659,"MI","City/Suburb",107239,29.6
169479,"Davenport University",2020,37,4999,36,18333,3036,0.925559947299078,"MI","City/Suburb",108725,29.6
169479,"Davenport University",2019,39,5078,34,16061,2568,0.819314641744548,"MI","City/Suburb",112177,29.6
198385,"Davidson College",2023,17,1904,39,26510,7347,0.144821015380427,"NC","City/Suburb",108252,31.9
198385,"Davidson College",2022,15,1927,38,26704,6479,0.1694705973144,"NC","City/Suburb",114167,31.9
198385,"Davidson College",2021,15,1973,35,25794,6434,0.177960833074293,"NC","City/Suburb",116514,31.9
198385,"Davidson College",2020,16,1983,34,28615,5621,0.199964419142501,"NC","City/Suburb",116615,31.9
198385,"Davidson College",2019,16,1837,33,27714,5982,0.180541624874624,"NC","City/Suburb",114284,31.9
237358,"Davis & Elkins College",2023,40,683,46,19762,929,0.582346609257266,"WV","Town/Rural",17853,21.3
237358,"Davis & Elkins College",2022,45,650,55,20126,958,0.752609603340292,"WV","Town/Rural",17400,21.3
237358,"Davis & Elkins College",2021,48,661,64,18826,813,0.776137761377614,"WV","Town/Rural",18271,21.3
237358,"Davis & Elkins College",2020,48,738,69,18819,992,0.690524193548387,"WV","Town/Rural",18751,21.3
237358,"Davis & Elkins College",2019,48,776,63,18591,1937,0.398038203407331,"WV","Town/Rural",19036,21.3
194569,"Davis College",2023,36,137,41,14320,9,0.333333333333333,"NY","Town/Rural",211853,37.2
194569,"Davis College",2022,33,146,34,14276,10,0.5,"NY","Town/Rural",213993,37.2
194569,"Davis College",2021,39,147,35,8820,3,1,"NY","Town/Rural",217586,37.2
194569,"Davis College",2020,40,79,39,17084,7,0.285714285714286,"NY","Town/Rural",209688,37.2
194569,"Davis College",2019,38,88,39,14975,29,0.310344827586207,"NY","Town/Rural",212104,37.2
165574,"Dean College",2023,30,1151,36,31472,5382,0.737086584912672,"MA","City/Suburb",78133,44.5
165574,"Dean College",2022,32,1189,39,32219,4860,0.759465020576132,"MA","City/Suburb",78514,44.5
165574,"Dean College",2021,33,1206,40,35827,4924,0.735987002437043,"MA","City/Suburb",78839,44.5
165574,"Dean College",2020,34,1180,38,32455,5919,0.705186686940362,"MA","City/Suburb",79537,44.5
165574,"Dean College",2019,34,1320,43,32077,6238,0.688201346585444,"MA","City/Suburb",78060,44.5
202514,"Defiance College",2023,48,464,38,24098,1546,0.424320827943079,"OH","Town/Rural",133760,29
202514,"Defiance College",2022,51,486,36,23196,2722,0.628581925055107,"OH","Town/Rural",133872,29
202514,"Defiance College",2021,51,529,34,24369,2514,0.62211614956245,"OH","Town/Rural",136945,29
202514,"Defiance College",2020,48,562,39,25251,3021,0.549155908639523,"OH","Town/Rural",135941,29
202514,"Defiance College",2019,50,513,34,26811,2000,0.501,"OH","Town/Rural",135868,29
130934,"Delaware State University",2023,43,4941,92,15555,7542,0.616679925749138,"DE","City/Suburb",11054,31.3
130934,"Delaware State University",2022,46,4996,92,11886,7109,0.549163032775355,"DE","City/Suburb",10644,31.3
130934,"Delaware State University",2021,44,4399,90,11610,4764,0.588371116708648,"DE","City/Suburb",10667,31.3
130934,"Delaware State University",2020,47,4131,91,14464,11317,0.393390474507378,"DE","City/Suburb",9861,31.3
130934,"Delaware State University",2019,49,4315,91,13213,9084,0.52774108322325,"DE","City/Suburb",10262,31.3
211981,"Delaware Valley University",2023,29,1759,33,28401,2358,0.924936386768448,"PA","City/Suburb",142275,31.8
211981,"Delaware Valley University",2022,29,1777,35,29256,2299,0.954327968682036,"PA","City/Suburb",139193,31.8
211981,"Delaware Valley University",2021,32,1749,35,26807,1854,0.928263214670982,"PA","City/Suburb",142186,31.8
211981,"Delaware Valley University",2020,30,1841,36,28530,2091,0.915829746532759,"PA","City/Suburb",143645,31.8
211981,"Delaware Valley University",2019,32,1924,33,28016,1676,0.927207637231504,"PA","City/Suburb",143842,31.8
175616,"Delta State University",2023,43,1964,44,13457,1242,0.996779388083736,"MS","Town/Rural",32572,23.2
175616,"Delta State University",2022,40,1889,44,14138,936,0.986111111111111,"MS","Town/Rural",32131,23.2
175616,"Delta State University",2021,40,2041,43,14092,901,0.997780244173141,"MS","Town/Rural",32865,23.2
175616,"Delta State University",2020,34,2331,42,14299,875,0.997714285714286,"MS","Town/Rural",32110,23.2
175616,"Delta State University",2019,34,3109,40,12593,1072,0.940298507462687,"MS","Town/Rural",32601,23.2
202523,"Denison University",2023,13,2405,40,42177,14580,0.169272976680384,"OH","City/Suburb",133760,29
202523,"Denison University",2022,14,2416,39,38267,12220,0.219639934533552,"OH","City/Suburb",133872,29
202523,"Denison University",2021,17,2321,40,38833,9513,0.282665825712183,"OH","City/Suburb",136945,29
202523,"Denison University",2020,17,2258,40,39808,9079,0.281749091309616,"OH","City/Suburb",135941,29
202523,"Denison University",2019,21,2293,38,36650,8812,0.293917385383568,"OH","City/Suburb",135868,29
144740,"DePaul University",2023,31,14374,54,32129,32176,0.735330681253108,"IL","City/Suburb",148445,35.1
144740,"DePaul University",2022,31,14134,52,32151,31785,0.701651722510618,"IL","City/Suburb",145439,35.1
144740,"DePaul University",2021,31,14294,51,31872,32075,0.694434918160561,"IL","City/Suburb",150490,35.1
144740,"DePaul University",2020,31,14145,49,33319,27869,0.702393340270552,"IL","City/Suburb",149373,35.1
144740,"DePaul University",2019,32,14214,48,32022,26895,0.682208588957055,"IL","City/Suburb",152277,35.1
150400,"DePauw University",2023,16,1819,43,30507,7197,0.540641934139225,"IN","Town/Rural",76628,27.1
150400,"DePauw University",2022,16,1752,41,29486,5708,0.65802382620883,"IN","Town/Rural",74897,27.1
150400,"DePauw University",2021,18,1724,38,27348,5695,0.646707638279192,"IN","Town/Rural",78348,27.1
150400,"DePauw University",2020,19,1752,38,30183,5481,0.684911512497719,"IN","Town/Rural",78809,27.1
150400,"DePauw University",2019,20,1972,37,29557,4935,0.643566362715299,"IN","Town/Rural",76144,27.1
210739,"DeSales University",2023,23,2149,30,30524,3636,0.785753575357536,"PA","City/Suburb",142275,31.8
210739,"DeSales University",2022,24,2225,30,29104,3662,0.771709448388859,"PA","City/Suburb",139193,31.8
210739,"DeSales University",2021,24,2309,30,27965,3554,0.782217220033765,"PA","City/Suburb",142186,31.8
210739,"DeSales University",2020,26,2398,31,29836,3192,0.817669172932331,"PA","City/Suburb",143645,31.8
210739,"DeSales University",2019,26,2492,31,28893,3272,0.78820293398533,"PA","City/Suburb",143842,31.8
212009,"Dickinson College",2023,14,2204,36,40242,7185,0.430758524704245,"PA","City/Suburb",142275,31.8
212009,"Dickinson College",2022,15,2125,36,37610,8261,0.349231327926401,"PA","City/Suburb",139193,31.8
212009,"Dickinson College",2021,16,2180,36,20913,6366,0.480835689601005,"PA","City/Suburb",142186,31.8
212009,"Dickinson College",2020,14,1932,37,37342,5375,0.51646511627907,"PA","City/Suburb",143645,31.8
212009,"Dickinson College",2019,14,2133,37,33139,6426,0.400560224089636,"PA","City/Suburb",143842,31.8
200059,"Dickinson State University",2023,22,1392,26,15490,831,0.600481347773766,"ND","Town/Rural",7668,29.7
200059,"Dickinson State University",2022,23,1411,25,14971,729,0.720164609053498,"ND","Town/Rural",7623,29.7
200059,"Dickinson State University",2021,24,1337,24,15607,459,0.993464052287582,"ND","Town/Rural",7291,29.7
200059,"Dickinson State University",2020,26,1381,22,13080,506,0.986166007905138,"ND","Town/Rural",7385,29.7
200059,"Dickinson State University",2019,23,1321,22,10817,376,0.997340425531915,"ND","Town/Rural",7006,29.7
158802,"Dillard University",2023,68,1117,99,18551,8065,0.405083694978301,"LA","City/Suburb",49729,24.3
158802,"Dillard University",2022,68,1224,100,18949,5052,0.79889152810768,"LA","City/Suburb",49777,24.3
158802,"Dillard University",2021,76,1202,100,19000,6188,0.552197802197802,"LA","City/Suburb",52461,24.3
158802,"Dillard University",2020,72,1215,100,19016,5783,0.653121217361231,"LA","City/Suburb",53334,24.3
158802,"Dillard University",2019,75,1225,100,17341,9203,0.388134304031294,"LA","City/Suburb",52809,24.3
153241,"Divine Word College",2021,20,67,99,11730,3,1,"IA","Town/Rural",37097,29
153241,"Divine Word College",2019,16,66,97,1585,8,0.625,"IA","Town/Rural",36735,29
181020,"Doane University",2023,28,1190,42,26112,1289,0.895267649340574,"NE","Town/Rural",24387,32.4
181020,"Doane University",2022,27,990,26,24271,1953,0.758320532514081,"NE","Town/Rural",23856,32.4
181020,"Doane University",2021,28,1105,25,23667,1763,0.771979580260919,"NE","Town/Rural",23769,32.4
181020,"Doane University",2020,29,1255,23,23284,1955,0.687979539641944,"NE","Town/Rural",23830,32.4
181020,"Doane University",2019,32,1351,22,26220,2116,0.714083175803403,"NE","Town/Rural",23314,32.4
148496,"Dominican University",2023,49,2397,82,16969,6536,0.798041615667075,"IL","City/Suburb",148445,35.1
148496,"Dominican University",2022,48,2136,79,18162,5117,0.895251123705296,"IL","City/Suburb",145439,35.1
148496,"Dominican University",2021,48,2063,77,18476,3845,0.809362808842653,"IL","City/Suburb",150490,35.1
148496,"Dominican University",2020,46,2166,76,18685,4342,0.764624596959926,"IL","City/Suburb",149373,35.1
148496,"Dominican University",2019,51,2151,73,19280,5188,0.643407864302236,"IL","City/Suburb",152277,35.1
190761,"Dominican University New York",2023,41,1089,76,23907,2319,0.788270806382061,"NY","City/Suburb",211853,37.2
190761,"Dominican University New York",2022,44,1097,74,23747,1614,0.889714993804213,"NY","City/Suburb",213993,37.2
190761,"Dominican University New York",2021,48,1147,75,20284,1586,0.755989911727617,"NY","City/Suburb",217586,37.2
190761,"Dominican University New York",2020,45,1310,74,20951,2309,0.746210480727588,"NY","City/Suburb",209688,37.2
190761,"Dominican University New York",2019,45,1377,70,19527,2314,0.777873811581677,"NY","City/Suburb",212104,37.2
113698,"Dominican University of California",2023,30,1182,78,51292,2011,0.956240676280458,"CA","City/Suburb",492544,34.2
113698,"Dominican University of California",2022,27,1139,75,49907,1746,0.93184421534937,"CA","City/Suburb",473448,34.2
113698,"Dominican University of California",2021,33,1249,76,45001,1981,0.929328621908127,"CA","City/Suburb",467260,34.2
113698,"Dominican University of California",2020,26,1379,73,36899,1971,0.857432775240994,"CA","City/Suburb",477479,34.2
113698,"Dominican University of California",2019,28,1461,71,34905,2033,0.91342843089031,"CA","City/Suburb",478819,34.2
153250,"Dordt University",2023,18,1695,20,27925,1595,0.711598746081505,"IA","Town/Rural",36870,29
153250,"Dordt University",2022,18,1618,20,27375,1476,0.876693766937669,"IA","Town/Rural",36521,29
153250,"Dordt University",2021,21,1535,20,26662,1595,0.732288401253918,"IA","Town/Rural",37097,29
153250,"Dordt University",2020,22,1436,20,25982,1495,0.718394648829431,"IA","Town/Rural",36359,29
153250,"Dordt University",2019,24,1385,19,26570,1426,0.754558204768583,"IA","Town/Rural",36735,29
153269,"Drake University",2023,21,2702,30,30886,7741,0.641260819015631,"IA","City/Suburb",36870,29
153269,"Drake University",2022,19,2835,28,30333,8621,0.672311796775316,"IA","City/Suburb",36521,29
153269,"Drake University",2021,19,2902,27,29507,7932,0.690746343923348,"IA","City/Suburb",37097,29
153269,"Drake University",2020,19,2848,26,30321,6624,0.679196859903382,"IA","City/Suburb",36359,29
153269,"Drake University",2019,19,2954,25,30265,6944,0.676411290322581,"IA","City/Suburb",36735,29
184348,"Drew University",2023,27,1624,45,28193,4604,0.694396177237185,"NJ","City/Suburb",104131,40.8
184348,"Drew University",2022,28,1513,45,28183,3855,0.726588845654993,"NJ","City/Suburb",107755,40.8
184348,"Drew University",2021,30,1634,48,17033,3542,0.797007340485601,"NJ","City/Suburb",109108,40.8
184348,"Drew University",2020,29,1636,53,28218,3989,0.731511657056906,"NJ","City/Suburb",109961,40.8
184348,"Drew University",2019,31,1712,53,28103,3928,0.714103869653768,"NJ","City/Suburb",113367,40.8
212054,"Drexel University",2023,25,13589,57,42342,40204,0.775320863595662,"PA","City/Suburb",142275,31.8
212054,"Drexel University",2022,25,14021,55,39267,37040,0.796085313174946,"PA","City/Suburb",139193,31.8
212054,"Drexel University",2021,24,14413,52,26076,34519,0.826269590660216,"PA","City/Suburb",142186,31.8
212054,"Drexel University",2020,24,14616,51,39463,31237,0.771905112526811,"PA","City/Suburb",143645,31.8
212054,"Drexel University",2019,25,15414,50,38025,31824,0.746951985922574,"PA","City/Suburb",143842,31.8
177214,"Drury University",2023,27,1368,26,22194,2621,0.588706600534147,"MO","City/Suburb",67773,29.5
177214,"Drury University",2022,29,1375,25,20996,2382,0.634340890008396,"MO","City/Suburb",66781,29.5
177214,"Drury University",2021,30,1345,23,19119,1949,0.654181631605952,"MO","City/Suburb",66906,29.5
177214,"Drury University",2020,31,1409,22,19190,1603,0.706799750467873,"MO","City/Suburb",67892,29.5
177214,"Drury University",2019,30,1479,19,19597,1664,0.644230769230769,"MO","City/Suburb",68482,29.5
198419,"Duke University",2023,13,6488,64,23422,46365,0.0678313382939717,"NC","City/Suburb",108252,31.9
198419,"Duke University",2022,12,6640,63,23694,50016,0.0634596928982726,"NC","City/Suburb",114167,31.9
198419,"Duke University",2021,13,6883,60,27297,49703,0.0588898054443394,"NC","City/Suburb",116514,31.9
198419,"Duke University",2020,14,6717,59,26932,39639,0.0773985216579631,"NC","City/Suburb",116615,31.9
198419,"Duke University",2019,14,6649,59,24386,41947,0.0759768279018762,"NC","City/Suburb",114284,31.9
175227,"Dunwoody College of Technology",2023,29,1424,31,24789,587,0.984667802385009,"MN","City/Suburb",67002,36.7
175227,"Dunwoody College of Technology",2022,32,1359,31,24172,460,0.980434782608696,"MN","City/Suburb",64579,36.7
175227,"Dunwoody College of Technology",2021,31,1382,28,24738,416,0.990384615384615,"MN","City/Suburb",65199,36.7
175227,"Dunwoody College of Technology",2020,32,1281,23,25881,381,0.973753280839895,"MN","City/Suburb",66285,36.7
175227,"Dunwoody College of Technology",2019,38,1358,23,23576,448,0.96875,"MN","City/Suburb",65499,36.7
212106,"Duquesne University",2023,18,5226,21,35125,14112,0.788548752834467,"PA","City/Suburb",142275,31.8
212106,"Duquesne University",2022,18,5095,20,33919,12376,0.87491919844861,"PA","City/Suburb",139193,31.8
212106,"Duquesne University",2021,17,5085,19,34505,10512,0.842560882800609,"PA","City/Suburb",142186,31.8
212106,"Duquesne University",2020,18,5383,20,32408,8335,0.771925614877025,"PA","City/Suburb",143645,31.8
212106,"Duquesne University",2019,19,5839,19,30732,7231,0.743327340616789,"PA","City/Suburb",143842,31.8
150455,"Earlham College",2023,25,635,40,26517,1765,0.742209631728045,"IN","Town/Rural",76628,27.1
150455,"Earlham College",2022,25,612,45,25746,1375,0.732363636363636,"IN","Town/Rural",74897,27.1
150455,"Earlham College",2021,31,658,46,25360,1659,0.690777576853526,"IN","Town/Rural",78348,27.1
150455,"Earlham College",2020,28,736,49,24474,2198,0.590991810737034,"IN","Town/Rural",78809,27.1
150455,"Earlham College",2019,27,927,49,23043,2070,0.634299516908213,"IN","Town/Rural",76144,27.1
198464,"East Carolina University",2023,31,21328,38,14470,22289,0.900578760823725,"NC","City/Suburb",108252,31.9
198464,"East Carolina University",2022,32,21688,37,14410,21383,0.923350325024552,"NC","City/Suburb",114167,31.9
198464,"East Carolina University",2021,32,22463,37,14762,21898,0.938898529546077,"NC","City/Suburb",116514,31.9
198464,"East Carolina University",2020,33,23056,36,15403,20313,0.879190666075912,"NC","City/Suburb",116615,31.9
198464,"East Carolina University",2019,34,23081,35,13635,19235,0.787158825058487,"NC","City/Suburb",114284,31.9
207041,"East Central University",2023,40,2460,49,9355,1161,0.655469422911283,"OK","Town/Rural",47211,25.6
207041,"East Central University",2022,42,2730,50,10221,1200,0.700833333333333,"OK","Town/Rural",46032,25.6
207041,"East Central University",2021,41,2706,49,11184,1005,0.646766169154229,"OK","Town/Rural",46211,25.6
207041,"East Central University",2020,43,2939,48,9776,874,0.964530892448513,"OK","Town/Rural",45702,25.6
207041,"East Central University",2019,43,2981,43,9893,1178,0.593378607809847,"OK","Town/Rural",43828,25.6
212115,"East Stroudsburg University of Pennsylvania",2023,40,4697,47,15318,7398,0.928764530954312,"PA","Town/Rural",142275,31.8
212115,"East Stroudsburg University of Pennsylvania",2022,40,4392,47,17278,5679,0.93625638316605,"PA","Town/Rural",139193,31.8
212115,"East Stroudsburg University of Pennsylvania",2021,39,4320,46,16674,3054,0.933857236411264,"PA","Town/Rural",142186,31.8
212115,"East Stroudsburg University of Pennsylvania",2020,41,4988,46,18500,4685,0.905016008537887,"PA","Town/Rural",143645,31.8
212115,"East Stroudsburg University of Pennsylvania",2019,41,5402,44,18635,6747,0.847043130280124,"PA","Town/Rural",143842,31.8
220075,"East Tennessee State University",2023,35,10633,27,16033,9903,0.87064525901242,"TN","City/Suburb",72084,27.5
220075,"East Tennessee State University",2022,38,10554,26,14350,9609,0.852638151732751,"TN","City/Suburb",71347,27.5
220075,"East Tennessee State University",2021,38,10316,24,14482,8563,0.873992759546888,"TN","City/Suburb",72685,27.5
220075,"East Tennessee State University",2020,39,10705,21,13661,8686,0.783790006907668,"TN","City/Suburb",73281,27.5
220075,"East Tennessee State University",2019,39,11153,19,14696,7704,0.859293873312565,"TN","City/Suburb",72802,27.5
224527,"East Texas Baptist University",2023,31,1659,36,24388,1639,0.600976205003051,"TX","Town/Rural",385604,30.3
224527,"East Texas Baptist University",2022,34,1579,37,24169,1449,0.677018633540373,"TX","Town/Rural",375741,30.3
224527,"East Texas Baptist University",2021,36,1519,40,23885,1618,0.645241038318912,"TX","Town/Rural",377064,30.3
224527,"East Texas Baptist University",2020,40,1565,40,23200,1248,0.920673076923077,"TX","Town/Rural",372402,30.3
224527,"East Texas Baptist University",2019,41,1471,38,22956,1778,0.594488188976378,"TX","Town/Rural",364979,30.3
129215,"Eastern Connecticut State University",2023,28,3839,35,21205,5275,0.805497630331754,"CT","Town/Rural",44962,39.6
129215,"Eastern Connecticut State University",2022,29,3926,34,18628,5488,0.738338192419825,"CT","Town/Rural",44540,39.6
129215,"Eastern Connecticut State University",2021,31,4145,35,19054,4630,0.731965442764579,"CT","Town/Rural",44901,39.6
129215,"Eastern Connecticut State University",2020,32,4475,36,19090,5182,0.697028174450019,"CT","Town/Rural",45222,39.6
129215,"Eastern Connecticut State University",2019,33,4800,35,18572,5563,0.638684163221284,"CT","Town/Rural",45216,39.6
144892,"Eastern Illinois University",2023,31,6849,43,14621,11648,0.677541208791209,"IL","Town/Rural",148445,35.1
144892,"Eastern Illinois University",2022,31,6916,44,13380,11584,0.679644337016575,"IL","Town/Rural",145439,35.1
144892,"Eastern Illinois University",2021,32,6903,42,13669,7145,0.71742477256823,"IL","Town/Rural",150490,35.1
144892,"Eastern Illinois University",2020,35,6969,42,13551,8999,0.555395043893766,"IL","Town/Rural",149373,35.1
144892,"Eastern Illinois University",2019,36,6229,42,14146,8859,0.525002821988938,"IL","Town/Rural",152277,35.1
156620,"Eastern Kentucky University",2023,39,12726,20,10852,17082,0.780939000117082,"KY","Town/Rural",49328,24.8
156620,"Eastern Kentucky University",2022,38,12072,19,10806,15821,0.643069338221351,"KY","Town/Rural",49640,24.8
156620,"Eastern Kentucky University",2021,38,11684,18,14271,7251,0.983450558543649,"KY","Town/Rural",50879,24.8
156620,"Eastern Kentucky University",2020,38,12070,17,14151,9206,0.979469910927656,"KY","Town/Rural",51547,24.8
156620,"Eastern Kentucky University",2019,39,12662,16,14674,8975,0.938272980501393,"KY","Town/Rural",51210,24.8
232043,"Eastern Mennonite University",2023,27,863,42,24710,1179,0.997455470737914,"VA","City/Suburb",99497,39.3
232043,"Eastern Mennonite University",2022,31,892,39,23783,1144,0.994755244755245,"VA","City/Suburb",98780,39.3
232043,"Eastern Mennonite University",2021,32,958,35,23936,1090,0.952293577981651,"VA","City/Suburb",100147,39.3
232043,"Eastern Mennonite University",2020,31,896,33,22766,1398,0.718168812589413,"VA","City/Suburb",98970,39.3
232043,"Eastern Mennonite University",2019,31,978,32,24936,1435,0.645993031358885,"VA","City/Suburb",95710,39.3
169798,"Eastern Michigan University",2023,37,11129,45,17388,20351,0.813473539383814,"MI","City/Suburb",108265,29.6
169798,"Eastern Michigan University",2022,37,11617,43,15826,19919,0.832270696320096,"MI","City/Suburb",103443,29.6
169798,"Eastern Michigan University",2021,35,12730,40,16311,17506,0.846052781903347,"MI","City/Suburb",107239,29.6
169798,"Eastern Michigan University",2020,38,13572,39,15342,15957,0.751833051325437,"MI","City/Suburb",108725,29.6
169798,"Eastern Michigan University",2019,39,14872,38,16078,14323,0.740557145849333,"MI","City/Suburb",112177,29.6
165644,"Eastern Nazarene College",2023,35,379,65,21370,904,0.589601769911504,"MA","City/Suburb",78133,44.5
165644,"Eastern Nazarene College",2022,37,409,61,20283,688,0.619186046511628,"MA","City/Suburb",78514,44.5
165644,"Eastern Nazarene College",2021,42,492,58,19901,849,0.64075382803298,"MA","City/Suburb",78839,44.5
165644,"Eastern Nazarene College",2020,45,541,55,22015,1005,0.643781094527363,"MA","City/Suburb",79537,44.5
165644,"Eastern Nazarene College",2019,44,608,54,20798,1110,0.59009009009009,"MA","City/Suburb",78060,44.5
187648,"Eastern New Mexico University-Main Campus",2023,32,4072,68,6683,2085,0.54916067146283,"NM","Town/Rural",20718,27.7
187648,"Eastern New Mexico University-Main Campus",2022,31,3833,69,8702,1713,0.275539988324577,"NM","Town/Rural",20683,27.7
187648,"Eastern New Mexico University-Main Campus",2021,31,3756,68,7002,1480,0.325,"NM","Town/Rural",20434,27.7
187648,"Eastern New Mexico University-Main Campus",2020,33,3927,66,9922,2409,0.506019095060191,"NM","Town/Rural",20968,27.7
187648,"Eastern New Mexico University-Main Campus",2019,31,4465,65,10338,2714,0.582535003684598,"NM","Town/Rural",21861,27.7
208646,"Eastern Oregon University",2023,36,2515,33,17219,1446,0.987551867219917,"OR","Town/Rural",41163,34
208646,"Eastern Oregon University",2022,38,2415,31,15234,1015,0.985221674876847,"OR","Town/Rural",41057,34
208646,"Eastern Oregon University",2021,39,2540,32,15387,646,0.976780185758514,"OR","Town/Rural",42778,34
208646,"Eastern Oregon University",2020,40,2586,34,15436,644,0.942546583850932,"OR","Town/Rural",42173,34
208646,"Eastern Oregon University",2019,43,2867,31,14835,890,0.979775280898876,"OR","Town/Rural",41717,34
212133,"Eastern University",2023,36,2068,62,21900,2852,0.936185133239832,"PA","City/Suburb",142275,31.8
212133,"Eastern University",2022,36,1848,60,26669,1952,0.966188524590164,"PA","City/Suburb",139193,31.8
212133,"Eastern University",2021,39,1726,57,24199,1866,0.687031082529475,"PA","City/Suburb",142186,31.8
212133,"Eastern University",2020,43,1879,57,23961,2095,0.642482100238663,"PA","City/Suburb",143645,31.8
212133,"Eastern University",2019,44,1752,53,24063,2207,0.611236973266878,"PA","City/Suburb",143842,31.8
235097,"Eastern Washington University",2023,35,7246,39,13786,6415,0.917692907248636,"WA","Town/Rural",78990,36.7
235097,"Eastern Washington University",2022,36,7604,42,12827,4666,0.961208744106301,"WA","Town/Rural",78071,36.7
235097,"Eastern Washington University",2021,32,8217,45,13650,4232,0.97069943289225,"WA","Town/Rural",79537,36.7
235097,"Eastern Washington University",2020,36,10036,49,12322,5618,0.789426842292631,"WA","Town/Rural",79042,36.7
235097,"Eastern Washington University",2019,36,10756,45,12764,5297,0.956956767981877,"WA","Town/Rural",78061,36.7
446233,"Ecclesia College",2023,53,138,49,24610,120,0.475,"AR","Town/Rural",33693,23.3
446233,"Ecclesia College",2022,50,157,50,17497,147,0.551020408163265,"AR","Town/Rural",33705,23.3
446233,"Ecclesia College",2021,55,148,47,17455,49,0.673469387755102,"AR","Town/Rural",34604,23.3
446233,"Ecclesia College",2020,55,192,49,16336,72,0.763888888888889,"AR","Town/Rural",34014,23.3
446233,"Ecclesia College",2019,53,211,43,18695,108,0.62962962962963,"AR","Town/Rural",33531,23.3
133492,"Eckerd College",2023,16,1986,24,40122,4664,0.786878216123499,"FL","City/Suburb",214692,30.4
133492,"Eckerd College",2022,20,1993,24,39133,5549,0.65092809515228,"FL","City/Suburb",217330,30.4
133492,"Eckerd College",2021,23,2036,24,37494,5580,0.703763440860215,"FL","City/Suburb",223891,30.4
133492,"Eckerd College",2020,21,1822,23,43732,4815,0.685773624091381,"FL","City/Suburb",215797,30.4
133492,"Eckerd College",2019,20,2007,23,36033,4644,0.674418604651163,"FL","City/Suburb",213187,30.4
238661,"Edgewood College",2023,23,1214,24,26692,1315,0.945247148288973,"WI","City/Suburb",67563,30
238661,"Edgewood College",2022,25,1220,24,28189,1300,0.986153846153846,"WI","City/Suburb",65909,30
238661,"Edgewood College",2021,25,1233,24,27679,1198,0.954924874791319,"WI","City/Suburb",66830,30
238661,"Edgewood College",2020,27,1294,26,26209,1295,0.911969111969112,"WI","City/Suburb",68053,30
238661,"Edgewood College",2019,29,1407,26,26959,1397,0.72369362920544,"WI","City/Suburb",68191,30
133526,"Edward Waters University",2023,76,1113,95,13763,9805,0.848138704742478,"FL","City/Suburb",214692,30.4
133526,"Edward Waters University",2022,78,1142,95,13649,8988,0.835447263017357,"FL","City/Suburb",217330,30.4
133526,"Edward Waters University",2021,32,1079,96,13228,6254,0.80108730412536,"FL","City/Suburb",223891,30.4
133526,"Edward Waters University",2020,25,2273,82,13879,5364,0.570283370618941,"FL","City/Suburb",215797,30.4
133526,"Edward Waters University",2019,28,3085,83,12479,3444,0.611207897793264,"FL","City/Suburb",213187,30.4
488305,"Elim Bible Institute and College",2023,47,98,38,10516,29,1,"NY","Town/Rural",211853,37.2
488305,"Elim Bible Institute and College",2022,38,114,32,10092,41,0.975609756097561,"NY","Town/Rural",213993,37.2
488305,"Elim Bible Institute and College",2021,31,112,37,11066,41,0.975609756097561,"NY","Town/Rural",217586,37.2
488305,"Elim Bible Institute and College",2020,42,103,35,8678,63,0.968253968253968,"NY","Town/Rural",209688,37.2
488305,"Elim Bible Institute and College",2019,50,106,37,11177,65,0.907692307692308,"NY","Town/Rural",212104,37.2
198507,"Elizabeth City State University",2023,53,2048,82,7363,5360,0.704850746268657,"NC","Town/Rural",108252,31.9
198507,"Elizabeth City State University",2022,56,2033,83,4120,3927,0.741532976827095,"NC","Town/Rural",114167,31.9
198507,"Elizabeth City State University",2021,59,1956,82,4085,3373,0.767862436999704,"NC","Town/Rural",116514,31.9
198507,"Elizabeth City State University",2020,66,1910,82,3270,2578,0.748254460822343,"NC","Town/Rural",116615,31.9
198507,"Elizabeth City State University",2019,65,1692,82,2465,2549,0.65633581796783,"NC","Town/Rural",114284,31.9
212197,"Elizabethtown College",2023,19,1857,18,27019,3551,0.767671078569417,"PA","City/Suburb",142275,31.8
212197,"Elizabethtown College",2022,19,1737,18,26723,2977,0.811219348337252,"PA","City/Suburb",139193,31.8
212197,"Elizabethtown College",2021,19,1691,17,26534,2510,0.794820717131474,"PA","City/Suburb",142186,31.8
212197,"Elizabethtown College",2020,21,1688,15,25767,1696,0.857311320754717,"PA","City/Suburb",143645,31.8
212197,"Elizabethtown College",2019,21,1729,14,28198,1893,0.80824088748019,"PA","City/Suburb",143842,31.8
144962,"Elmhurst University",2023,37,3138,53,22760,6254,0.757435241445475,"IL","City/Suburb",148445,35.1
144962,"Elmhurst University",2022,36,3027,51,24108,5731,0.760076775431862,"IL","City/Suburb",145439,35.1
144962,"Elmhurst University",2021,37,2914,46,24018,3762,0.712918660287081,"IL","City/Suburb",150490,35.1
144962,"Elmhurst University",2020,36,2838,45,21776,4299,0.655268667131891,"IL","City/Suburb",149373,35.1
144962,"Elmhurst University",2019,37,2891,43,22791,4170,0.677458033573141,"IL","City/Suburb",152277,35.1
190983,"Elmira College",2023,35,613,31,24551,2109,0.908013276434329,"NY","City/Suburb",211853,37.2
190983,"Elmira College",2022,33,614,27,24040,1456,0.959478021978022,"NY","City/Suburb",213993,37.2
190983,"Elmira College",2021,32,634,25,26258,1382,0.937771345875543,"NY","City/Suburb",217586,37.2
190983,"Elmira College",2020,37,715,24,21944,1695,0.831268436578171,"NY","City/Suburb",209688,37.2
190983,"Elmira College",2019,36,794,26,22754,1841,0.801195002715915,"NY","City/Suburb",212104,37.2
198516,"Elon University",2023,9,6402,22,41849,18791,0.673141397477516,"NC","City/Suburb",108252,31.9
198516,"Elon University",2022,9,6337,21,41527,17551,0.744629935616204,"NC","City/Suburb",114167,31.9
198516,"Elon University",2021,9,6302,20,40366,17834,0.777111136032298,"NC","City/Suburb",116514,31.9
198516,"Elon University",2020,9,6291,20,39401,15306,0.71703906964589,"NC","City/Suburb",116615,31.9
198516,"Elon University",2019,9,6277,20,36564,10500,0.784380952380952,"NC","City/Suburb",114284,31.9
133553,"Embry-Riddle Aeronautical University-Daytona Beach",2023,15,10274,58,41550,10286,0.662842698813922,"FL","City/Suburb",214692,30.4
133553,"Embry-Riddle Aeronautical University-Daytona Beach",2022,17,9503,57,38983,9875,0.64526582278481,"FL","City/Suburb",217330,30.4
133553,"Embry-Riddle Aeronautical University-Daytona Beach",2021,18,8916,54,35923,9255,0.722960561858455,"FL","City/Suburb",223891,30.4
133553,"Embry-Riddle Aeronautical University-Daytona Beach",2020,24,8155,53,36486,9581,0.605991023901472,"FL","City/Suburb",215797,30.4
133553,"Embry-Riddle Aeronautical University-Daytona Beach",2019,26,6402,43,36063,8551,0.609402409074962,"FL","City/Suburb",213187,30.4
104586,"Embry-Riddle Aeronautical University-Prescott",2023,17,3250,44,41209,3886,0.75193000514668,"AZ","City/Suburb",76808,29.7
104586,"Embry-Riddle Aeronautical University-Prescott",2022,18,3120,42,38909,3547,0.680011277135608,"AZ","City/Suburb",74911,29.7
104586,"Embry-Riddle Aeronautical University-Prescott",2021,19,3033,41,37501,3659,0.737633233123804,"AZ","City/Suburb",77005,29.7
104586,"Embry-Riddle Aeronautical University-Prescott",2020,20,2961,38,36243,4250,0.668470588235294,"AZ","City/Suburb",77873,29.7
104586,"Embry-Riddle Aeronautical University-Prescott",2019,23,2894,38,36962,3752,0.656982942430704,"AZ","City/Suburb",76552,29.7
426314,"Embry-Riddle Aeronautical University-Worldwide",2023,25,9037,49,20183,2047,0.617489008304836,"FL","City/Suburb",214692,30.4
426314,"Embry-Riddle Aeronautical University-Worldwide",2022,25,8479,47,17002,1668,0.57673860911271,"FL","City/Suburb",217330,30.4
426314,"Embry-Riddle Aeronautical University-Worldwide",2021,24,9394,46,15600,1278,0.695618153364632,"FL","City/Suburb",223891,30.4
426314,"Embry-Riddle Aeronautical University-Worldwide",2020,27,10328,45,15618,1317,0.627182991647684,"FL","City/Suburb",215797,30.4
426314,"Embry-Riddle Aeronautical University-Worldwide",2019,27,10304,43,20500,1636,0.619804400977995,"FL","City/Suburb",213187,30.4
165662,"Emerson College",2023,15,4171,45,50703,11092,0.474846736386585,"MA","City/Suburb",78133,44.5
165662,"Emerson College",2022,15,4155,45,51432,12109,0.42745065653646,"MA","City/Suburb",78514,44.5
165662,"Emerson College",2021,16,4123,44,48842,11568,0.452800829875519,"MA","City/Suburb",78839,44.5
165662,"Emerson College",2020,16,3708,41,47594,13326,0.410475761668918,"MA","City/Suburb",79537,44.5
165662,"Emerson College",2019,16,3878,41,46381,15353,0.333485312316811,"MA","City/Suburb",78060,44.5
165671,"Emmanuel College",2023,20,1973,35,33214,5937,0.805962607377463,"MA","City/Suburb",78133,44.5
165671,"Emmanuel College",2022,21,1947,35,32273,5786,0.796923608710681,"MA","City/Suburb",78514,44.5
165671,"Emmanuel College",2021,23,1870,34,28133,6072,0.738801054018445,"MA","City/Suburb",78839,44.5
165671,"Emmanuel College",2020,24,1838,34,31581,5450,0.755229357798165,"MA","City/Suburb",79537,44.5
165671,"Emmanuel College",2019,24,2112,35,29946,5832,0.781378600823045,"MA","City/Suburb",78060,44.5
139630,"Emmanuel University",2023,30,861,38,19006,461,0.533622559652928,"GA","Town/Rural",126146,31.9
139630,"Emmanuel University",2022,32,840,38,19921,766,0.626631853785901,"GA","Town/Rural",122695,31.9
139630,"Emmanuel University",2021,35,918,36,17730,934,0.778372591006424,"GA","Town/Rural",124712,31.9
139630,"Emmanuel University",2020,39,883,34,17148,946,0.527484143763214,"GA","Town/Rural",126126,31.9
139630,"Emmanuel University",2019,39,958,36,18268,767,0.461538461538462,"GA","Town/Rural",121897,31.9
153302,"Emmaus Bible College",2023,40,197,27,14393,87,0.977011494252874,"IA","City/Suburb",36870,29
153302,"Emmaus Bible College",2022,38,206,29,15521,70,1,"IA","City/Suburb",36521,29
153302,"Emmaus Bible College",2021,43,193,28,15687,106,0.990566037735849,"IA","City/Suburb",37097,29
153302,"Emmaus Bible College",2020,45,194,32,15696,114,0.921052631578947,"IA","City/Suburb",36359,29
153302,"Emmaus Bible College",2019,46,215,25,15966,113,0.938053097345133,"IA","City/Suburb",36735,29
232025,"Emory & Henry University",2023,41,1107,32,21714,2349,0.962962962962963,"VA","Town/Rural",99497,39.3
232025,"Emory & Henry University",2022,43,1082,27,20834,2288,0.968531468531469,"VA","Town/Rural",98780,39.3
232025,"Emory & Henry University",2021,46,1084,28,19797,2260,0.87212389380531,"VA","Town/Rural",100147,39.3
232025,"Emory & Henry University",2020,45,956,22,17715,1781,0.754070746771477,"VA","Town/Rural",98970,39.3
232025,"Emory & Henry University",2019,44,1019,20,20653,1646,0.73086269744836,"VA","Town/Rural",95710,39.3
139658,"Emory University",2023,18,7359,69,27986,31929,0.110964953490557,"GA","City/Suburb",126146,31.9
139658,"Emory University",2022,19,7101,67,26680,33179,0.113535670152807,"GA","City/Suburb",122695,31.9
139658,"Emory University",2021,20,7130,65,28367,33435,0.130521908180051,"GA","City/Suburb",124712,31.9
139658,"Emory University",2020,19,7010,63,25672,28211,0.191662826557017,"GA","City/Suburb",126126,31.9
139658,"Emory University",2019,19,7118,61,25942,30017,0.155978278975247,"GA","City/Suburb",121897,31.9
155025,"Emporia State University",2023,34,2412,30,15441,1592,0.977386934673367,"KS","Town/Rural",36832,33.8
155025,"Emporia State University",2022,33,2740,29,14854,1846,0.956663055254605,"KS","Town/Rural",36624,33.8
155025,"Emporia State University",2021,33,2948,32,14564,1419,0.883720930232558,"KS","Town/Rural",36149,33.8
155025,"Emporia State University",2020,34,3181,34,14437,1544,0.860751295336788,"KS","Town/Rural",35923,33.8
155025,"Emporia State University",2019,35,3405,33,14319,1670,0.846706586826347,"KS","Town/Rural",35979,33.8
165699,"Endicott College",2023,13,3176,15,39988,5562,0.722941387989932,"MA","City/Suburb",78133,44.5
165699,"Endicott College",2022,14,3062,17,39496,5430,0.733149171270718,"MA","City/Suburb",78514,44.5
165699,"Endicott College",2021,15,2977,18,38196,5055,0.772106824925816,"MA","City/Suburb",78839,44.5
165699,"Endicott College",2020,17,3076,18,37665,5355,0.704014939309057,"MA","City/Suburb",79537,44.5
165699,"Endicott College",2019,17,3050,18,36498,5031,0.693102762870205,"MA","City/Suburb",78060,44.5
217998,"Erskine College",2023,40,854,59,21982,1037,0.605593056894889,"SC","Town/Rural",53335,28.3
217998,"Erskine College",2022,42,869,49,36581,1585,0.532492113564669,"SC","Town/Rural",52277,28.3
217998,"Erskine College",2021,44,820,55,33655,1050,0.626666666666667,"SC","Town/Rural",52010,28.3
217998,"Erskine College",2020,43,809,58,35573,1020,0.6,"SC","Town/Rural",52680,28.3
217998,"Erskine College",2019,34,784,41,35421,1074,0.696461824953445,"SC","Town/Rural",53953,28.3
144971,"Eureka College",2023,23,527,32,20215,1041,0.884726224783862,"IL","Town/Rural",148445,35.1
144971,"Eureka College",2022,46,559,29,19443,934,0.867237687366167,"IL","Town/Rural",145439,35.1
144971,"Eureka College",2021,45,476,28,20931,877,0.866590649942988,"IL","Town/Rural",150490,35.1
144971,"Eureka College",2020,39,511,21,22153,1100,0.613636363636364,"IL","Town/Rural",149373,35.1
144971,"Eureka College",2019,41,513,19,21178,815,0.61840490797546,"IL","Town/Rural",152277,35.1
177339,"Evangel University",2023,36,1427,26,18748,1166,0.692967409948542,"MO","City/Suburb",67773,29.5
177339,"Evangel University",2022,31,1246,25,20963,1449,0.679089026915114,"MO","City/Suburb",66781,29.5
177339,"Evangel University",2021,36,1669,24,21641,1224,0.636437908496732,"MO","City/Suburb",66906,29.5
177339,"Evangel University",2020,41,1511,24,23219,1278,0.683881064162754,"MO","City/Suburb",67892,29.5
177339,"Evangel University",2019,44,1793,23,22045,1084,0.966789667896679,"MO","City/Suburb",68482,29.5
497824,"Evangel University-College of Online Learning",2023,53,241,22,19716,20,0.45,"MO","City/Suburb",67773,29.5
497824,"Evangel University-College of Online Learning",2022,55,240,25,22221,13,0.923076923076923,"MO","City/Suburb",66781,29.5
385619,"Everglades University",2023,51,2369,54,26561,804,0.864427860696517,"FL","City/Suburb",214692,30.4
385619,"Everglades University",2022,31,2246,55,28778,779,0.703465982028241,"FL","City/Suburb",217330,30.4
385619,"Everglades University",2021,44,2212,54,29341,854,0.604215456674473,"FL","City/Suburb",223891,30.4
385619,"Everglades University",2020,48,1877,55,30154,1999,0.751875937968984,"FL","City/Suburb",215797,30.4
385619,"Everglades University",2019,55,1757,55,29365,1500,0.749333333333333,"FL","City/Suburb",213187,30.4
129242,"Fairfield University",2023,7,4968,19,47630,15463,0.449848024316109,"CT","City/Suburb",44962,39.6
129242,"Fairfield University",2022,7,4757,20,46065,13359,0.521820495546074,"CT","City/Suburb",44540,39.6
129242,"Fairfield University",2021,10,4603,22,44723,12674,0.558071642733154,"CT","City/Suburb",44901,39.6
129242,"Fairfield University",2020,10,4354,23,43173,12586,0.561337994597171,"CT","City/Suburb",45222,39.6
129242,"Fairfield University",2019,11,4303,24,39546,12315,0.571254567600487,"CT","City/Suburb",45216,39.6
184694,"Fairleigh Dickinson University-Florham Campus",2023,35,1997,51,26472,4457,0.952658739062149,"NJ","City/Suburb",104131,40.8
184694,"Fairleigh Dickinson University-Florham Campus",2022,33,2053,48,21408,4421,0.891201085727211,"NJ","City/Suburb",107755,40.8
184694,"Fairleigh Dickinson University-Florham Campus",2021,31,2320,46,15810,4125,0.845575757575758,"NJ","City/Suburb",109108,40.8
184694,"Fairleigh Dickinson University-Florham Campus",2020,35,2707,45,23130,4759,0.86320655599916,"NJ","City/Suburb",109961,40.8
184694,"Fairleigh Dickinson University-Florham Campus",2019,34,2620,42,23675,2954,0.938050101557211,"NJ","City/Suburb",113367,40.8
184603,"Fairleigh Dickinson University-Metropolitan Campus",2023,22,5440,59,17121,4259,0.959145339281521,"NJ","City/Suburb",104131,40.8
184603,"Fairleigh Dickinson University-Metropolitan Campus",2022,21,5380,59,16030,4294,0.840940847694457,"NJ","City/Suburb",107755,40.8
184603,"Fairleigh Dickinson University-Metropolitan Campus",2021,23,5540,62,12305,3982,0.847312908086389,"NJ","City/Suburb",109108,40.8
184603,"Fairleigh Dickinson University-Metropolitan Campus",2020,22,5734,60,13941,4042,0.888668975754577,"NJ","City/Suburb",109961,40.8
184603,"Fairleigh Dickinson University-Metropolitan Campus",2019,25,6353,62,15601,2808,0.922364672364672,"NJ","City/Suburb",113367,40.8
237367,"Fairmont State University",2023,33,3060,12,10993,1979,0.992420414350682,"WV","Town/Rural",17853,21.3
237367,"Fairmont State University",2022,35,3197,14,10794,1926,0.984942886812046,"WV","Town/Rural",17400,21.3
237367,"Fairmont State University",2021,36,3273,11,11277,1767,0.987549518958687,"WV","Town/Rural",18271,21.3
237367,"Fairmont State University",2020,39,3573,12,10608,2439,0.943419434194342,"WV","Town/Rural",18751,21.3
237367,"Fairmont State University",2019,42,3563,13,9733,2712,0.853613569321534,"WV","Town/Rural",19036,21.3
153320,"Faith Baptist Bible College and Theological Seminary",2023,37,518,16,18288,308,0.496753246753247,"IA","City/Suburb",36870,29
153320,"Faith Baptist Bible College and Theological Seminary",2022,37,377,16,14845,286,0.524475524475524,"IA","City/Suburb",36521,29
153320,"Faith Baptist Bible College and Theological Seminary",2021,32,384,16,16851,228,0.56140350877193,"IA","City/Suburb",37097,29
153320,"Faith Baptist Bible College and Theological Seminary",2020,43,432,13,16896,250,0.676,"IA","City/Suburb",36359,29
153320,"Faith Baptist Bible College and Theological Seminary",2019,47,319,12,15151,232,0.625,"IA","City/Suburb",36735,29
443058,"Family of Faith Christian University",2022,26,34,29,11252,7,0.714285714285714,"OK","Town/Rural",46032,25.6
196042,"Farmingdale State College",2023,36,9508,59,8224,9455,0.691168693812797,"NY","City/Suburb",211853,37.2
196042,"Farmingdale State College",2022,35,9264,56,8111,6426,0.731714908185496,"NY","City/Suburb",213993,37.2
196042,"Farmingdale State College",2021,33,9284,53,6007,6995,0.725089349535382,"NY","City/Suburb",217586,37.2
196042,"Farmingdale State College",2020,33,9948,49,7948,7156,0.601593068753494,"NY","City/Suburb",209688,37.2
196042,"Farmingdale State College",2019,34,9939,48,7481,6952,0.548906789413119,"NY","City/Suburb",212104,37.2
191126,"Fashion Institute of Technology",2023,32,7843,62,19649,4326,0.576051779935275,"NY","City/Suburb",211853,37.2
191126,"Fashion Institute of Technology",2022,32,7871,61,20900,4669,0.527950310559006,"NY","City/Suburb",213993,37.2
191126,"Fashion Institute of Technology",2021,31,7908,59,8637,4706,0.516787080322992,"NY","City/Suburb",217586,37.2
191126,"Fashion Institute of Technology",2020,31,7959,59,9165,4354,0.589802480477722,"NY","City/Suburb",209688,37.2
191126,"Fashion Institute of Technology",2019,30,8508,58,8623,4444,0.538928892889289,"NY","City/Suburb",212104,37.2
101189,"Faulkner University",2023,44,1793,52,19908,1786,0.661254199328107,"AL","City/Suburb",52181,25.5
101189,"Faulkner University",2022,46,1792,52,20050,1728,0.824074074074074,"AL","City/Suburb",53739,25.5
101189,"Faulkner University",2021,46,1919,51,19439,1791,0.646007816862088,"AL","City/Suburb",54466,25.5
101189,"Faulkner University",2020,50,2098,50,19889,1572,0.75763358778626,"AL","City/Suburb",52925,25.5
101189,"Faulkner University",2019,49,2192,50,19990,1209,0.783291976840364,"AL","City/Suburb",55331,25.5
198543,"Fayetteville State University",2023,53,5845,85,7298,5043,0.798929208804283,"NC","City/Suburb",108252,31.9
198543,"Fayetteville State University",2022,51,5748,83,6355,4116,0.812439261418853,"NC","City/Suburb",114167,31.9
198543,"Fayetteville State University",2021,52,5557,81,6718,4135,0.82055622732769,"NC","City/Suburb",116514,31.9
198543,"Fayetteville State University",2020,54,5661,81,7016,4611,0.793754066363045,"NC","City/Suburb",116615,31.9
198543,"Fayetteville State University",2019,56,5644,81,5587,4858,0.685055578427336,"NC","City/Suburb",114284,31.9
184612,"Felician University",2023,52,1833,77,15818,2254,0.940106477373558,"NJ","City/Suburb",104131,40.8
184612,"Felician University",2022,50,1746,75,15743,2286,0.891513560804899,"NJ","City/Suburb",107755,40.8
184612,"Felician University",2021,49,1999,75,20027,2307,0.919809276116168,"NJ","City/Suburb",109108,40.8
184612,"Felician University",2020,53,2115,73,17825,2838,0.935517970401691,"NJ","City/Suburb",109961,40.8
184612,"Felician University",2019,57,1852,73,17958,2545,0.86090373280943,"NJ","City/Suburb",113367,40.8
169910,"Ferris State University",2023,34,8940,25,13154,9548,0.805823209049015,"MI","Town/Rural",108265,29.6
169910,"Ferris State University",2022,34,9000,25,13978,12228,0.878802747791953,"MI","Town/Rural",103443,29.6
169910,"Ferris State University",2021,35,9248,24,13624,10480,0.847709923664122,"MI","Town/Rural",107239,29.6
169910,"Ferris State University",2020,35,9929,23,12638,8581,0.824612516023774,"MI","Town/Rural",108725,29.6
169910,"Ferris State University",2019,36,11184,23,13097,9175,0.866376021798365,"MI","Town/Rural",112177,29.6
232089,"Ferrum College",2023,47,747,52,22521,1483,1,"VA","Town/Rural",99497,39.3
232089,"Ferrum College",2022,51,835,50,25558,1452,0.84297520661157,"VA","Town/Rural",98780,39.3
232089,"Ferrum College",2021,55,863,50,22278,1671,0.764213046080191,"VA","Town/Rural",100147,39.3
232089,"Ferrum College",2020,54,962,50,23344,3206,0.758265751715533,"VA","Town/Rural",98970,39.3
232089,"Ferrum College",2019,60,1050,48,23010,3770,0.7315649867374,"VA","Town/Rural",95710,39.3
165802,"Fisher College",2023,42,1384,79,27827,3436,0.707508731082654,"MA","City/Suburb",78133,44.5
165802,"Fisher College",2022,44,1312,81,26257,3333,0.742274227422742,"MA","City/Suburb",78514,44.5
165802,"Fisher College",2021,44,1253,79,26130,2897,0.723507076285813,"MA","City/Suburb",78839,44.5
165802,"Fisher College",2020,36,1311,76,25227,2612,0.77718223583461,"MA","City/Suburb",79537,44.5
165802,"Fisher College",2019,39,1551,75,23981,2068,0.69294003868472,"MA","City/Suburb",78060,44.5
220181,"Fisk University",2023,48,950,100,19836,7982,0.579052868955149,"TN","City/Suburb",72084,27.5
220181,"Fisk University",2022,53,1009,100,20578,7268,0.70968629609246,"TN","City/Suburb",71347,27.5
220181,"Fisk University",2021,51,914,99,25582,4281,0.611072179397337,"TN","City/Suburb",72685,27.5
220181,"Fisk University",2020,60,879,100,21450,6345,0.66461780929866,"TN","City/Suburb",73281,27.5
220181,"Fisk University",2019,71,840,100,24225,3034,0.9340804218853,"TN","City/Suburb",72802,27.5
165820,"Fitchburg State University",2023,31,3133,38,15820,4353,0.899379738111647,"MA","City/Suburb",78133,44.5
165820,"Fitchburg State University",2022,33,3168,38,15535,3084,0.860570687418936,"MA","City/Suburb",78514,44.5
165820,"Fitchburg State University",2021,34,3349,36,16862,3414,0.852665495020504,"MA","City/Suburb",78839,44.5
165820,"Fitchburg State University",2020,35,3815,34,15831,2998,0.879919946631087,"MA","City/Suburb",79537,44.5
165820,"Fitchburg State University",2019,36,4043,31,15237,2902,0.883528600964852,"MA","City/Suburb",78060,44.5
133711,"Flagler College",2023,28,2432,28,31085,5509,0.780903975313124,"FL","City/Suburb",214692,30.4
133711,"Flagler College",2022,30,2607,28,26547,5416,0.809453471196455,"FL","City/Suburb",217330,30.4
133711,"Flagler College",2021,30,2630,28,24798,5381,0.740382828470544,"FL","City/Suburb",223891,30.4
133711,"Flagler College",2020,31,2671,28,25324,5431,0.564905174001105,"FL","City/Suburb",215797,30.4
133711,"Flagler College",2019,31,2889,27,23751,4569,0.647625300941125,"FL","City/Suburb",213187,30.4
133650,"Florida Agricultural and Mechanical University",2023,56,7796,95,15491,22713,0.211200633998151,"FL","City/Suburb",214692,30.4
133650,"Florida Agricultural and Mechanical University",2022,55,7709,95,11583,12372,0.32929194956353,"FL","City/Suburb",217330,30.4
133650,"Florida Agricultural and Mechanical University",2021,56,7301,95,12539,8717,0.352873695078582,"FL","City/Suburb",223891,30.4
133650,"Florida Agricultural and Mechanical University",2020,60,7402,95,12903,9472,0.329814189189189,"FL","City/Suburb",215797,30.4
133650,"Florida Agricultural and Mechanical University",2019,61,7818,95,14610,10269,0.356899405979161,"FL","City/Suburb",213187,30.4
133669,"Florida Atlantic University",2023,35,24614,59,9839,27612,0.734427060698247,"FL","City/Suburb",214692,30.4
133669,"Florida Atlantic University",2022,36,24191,60,9711,24268,0.813169606065601,"FL","City/Suburb",217330,30.4
133669,"Florida Atlantic University",2021,36,24799,61,8771,25148,0.780062032766025,"FL","City/Suburb",223891,30.4
133669,"Florida Atlantic University",2020,38,25457,61,11451,25300,0.747786561264822,"FL","City/Suburb",215797,30.4
133669,"Florida Atlantic University",2019,39,24740,60,9861,18854,0.63275697464729,"FL","City/Suburb",213187,30.4
133809,"Florida College",2023,21,657,23,23885,307,0.664495114006515,"FL","City/Suburb",214692,30.4
133809,"Florida College",2022,27,622,28,21360,286,0.716783216783217,"FL","City/Suburb",217330,30.4
133809,"Florida College",2021,26,535,22,20538,272,0.827205882352941,"FL","City/Suburb",223891,30.4
133809,"Florida College",2020,29,488,22,21068,317,0.763406940063092,"FL","City/Suburb",215797,30.4
133809,"Florida College",2019,32,538,22,19964,369,0.753387533875339,"FL","City/Suburb",213187,30.4
433660,"Florida Gulf Coast University",2023,29,14227,42,10548,16050,0.767476635514019,"FL","City/Suburb",214692,30.4
433660,"Florida Gulf Coast University",2022,30,14130,40,10834,15657,0.743884524493837,"FL","City/Suburb",217330,30.4
433660,"Florida Gulf Coast University",2021,29,14228,41,9840,14462,0.892061955469506,"FL","City/Suburb",223891,30.4
433660,"Florida Gulf Coast University",2020,31,13871,40,10151,15430,0.774854180168503,"FL","City/Suburb",215797,30.4
433660,"Florida Gulf Coast University",2019,31,13722,38,11621,13735,0.666690935566072,"FL","City/Suburb",213187,30.4
133881,"Florida Institute of Technology",2023,20,3458,48,36364,15205,0.625254850378165,"FL","City/Suburb",214692,30.4
133881,"Florida Institute of Technology",2022,20,3364,48,33354,13941,0.643712789613371,"FL","City/Suburb",217330,30.4
133881,"Florida Institute of Technology",2021,21,3491,48,32314,10650,0.658779342723005,"FL","City/Suburb",223891,30.4
133881,"Florida Institute of Technology",2020,21,3475,49,33313,9803,0.703662144241559,"FL","City/Suburb",215797,30.4
133881,"Florida Institute of Technology",2019,21,3542,51,32776,9743,0.657497690649697,"FL","City/Suburb",213187,30.4
480569,"Florida Institute of Technology-Online",2023,49,629,54,24146,189,0.444444444444444,"FL","City/Suburb",214692,30.4
480569,"Florida Institute of Technology-Online",2022,47,779,52,24115,113,0.920353982300885,"FL","City/Suburb",217330,30.4
480569,"Florida Institute of Technology-Online",2021,47,938,52,24297,147,1,"FL","City/Suburb",223891,30.4
480569,"Florida Institute of Technology-Online",2020,52,1101,48,24838,162,1,"FL","City/Suburb",215797,30.4
133951,"Florida International University",2023,40,44363,91,10742,25034,0.588359830630343,"FL","City/Suburb",214692,30.4
133951,"Florida International University",2022,53,45688,91,9881,17343,0.638586173095773,"FL","City/Suburb",217330,30.4
133951,"Florida International University",2021,47,46415,91,9398,16406,0.640131659149092,"FL","City/Suburb",223891,30.4
133951,"Florida International University",2020,48,49049,91,8988,16904,0.578797917652627,"FL","City/Suburb",215797,30.4
133951,"Florida International University",2019,48,49326,91,9888,18492,0.575059485182782,"FL","City/Suburb",213187,30.4
133979,"Florida Memorial University",2023,66,1299,97,18366,12750,0.743137254901961,"FL","City/Suburb",214692,30.4
133979,"Florida Memorial University",2022,65,1098,99,16359,11931,0.699354622412203,"FL","City/Suburb",217330,30.4
133979,"Florida Memorial University",2021,67,992,99,17486,3501,0.567552127963439,"FL","City/Suburb",223891,30.4
133979,"Florida Memorial University",2020,71,887,99,16113,3929,0.384067192669891,"FL","City/Suburb",215797,30.4
133979,"Florida Memorial University",2019,68,1050,99,17247,7827,0.399897789702312,"FL","City/Suburb",213187,30.4
482936,"Florida Polytechnic University",2023,33,1569,44,11923,2600,0.557307692307692,"FL","Town/Rural",214692,30.4
482936,"Florida Polytechnic University",2022,32,1531,43,12373,2779,0.560273479668946,"FL","Town/Rural",217330,30.4
482936,"Florida Polytechnic University",2021,32,1478,42,9376,2195,0.650569476082005,"FL","Town/Rural",223891,30.4
482936,"Florida Polytechnic University",2020,34,1349,40,10846,1665,0.584384384384384,"FL","Town/Rural",215797,30.4
482936,"Florida Polytechnic University",2019,30,1288,37,11958,1261,0.500396510705789,"FL","Town/Rural",213187,30.4
134079,"Florida Southern College",2023,26,2626,33,30462,10874,0.590675004598124,"FL","City/Suburb",214692,30.4
134079,"Florida Southern College",2022,27,2721,31,27324,11120,0.566097122302158,"FL","City/Suburb",217330,30.4
134079,"Florida Southern College",2021,27,2811,32,25783,10759,0.608792638721071,"FL","City/Suburb",223891,30.4
134079,"Florida Southern College",2020,26,2834,30,27091,9116,0.503729706011409,"FL","City/Suburb",215797,30.4
134079,"Florida Southern College",2019,27,2755,29,25325,8034,0.521284540702016,"FL","City/Suburb",213187,30.4
134097,"Florida State University",2023,24,32217,42,14903,74038,0.253829114778897,"FL","City/Suburb",214692,30.4
134097,"Florida State University",2022,28,32936,42,14003,78088,0.250384181948571,"FL","City/Suburb",217330,30.4
134097,"Florida State University",2021,26,33593,42,12684,65235,0.370705909404461,"FL","City/Suburb",223891,30.4
134097,"Florida State University",2020,26,32543,41,12815,63691,0.324504247067875,"FL","City/Suburb",215797,30.4
134097,"Florida State University",2019,31,33270,41,12568,58936,0.359746165331885,"FL","City/Suburb",213187,30.4
177418,"Fontbonne University",2023,48,650,40,19519,1067,0.950328022492971,"MO","City/Suburb",67773,29.5
177418,"Fontbonne University",2022,46,684,38,20732,880,0.944318181818182,"MO","City/Suburb",66781,29.5
177418,"Fontbonne University",2021,48,665,37,19481,594,0.781144781144781,"MO","City/Suburb",66906,29.5
177418,"Fontbonne University",2020,45,816,38,16531,717,0.853556485355649,"MO","City/Suburb",67892,29.5
177418,"Fontbonne University",2019,41,868,35,16953,789,0.787072243346008,"MO","City/Suburb",68482,29.5
191241,"Fordham University",2023,21,10307,53,45368,43663,0.562787714998969,"NY","City/Suburb",211853,37.2
191241,"Fordham University",2022,20,10098,50,43943,47203,0.541279155985848,"NY","City/Suburb",213993,37.2
191241,"Fordham University",2021,19,9904,48,37583,46275,0.583036196650459,"NY","City/Suburb",217586,37.2
191241,"Fordham University",2020,18,9399,46,41569,47936,0.525283711615487,"NY","City/Suburb",209688,37.2
191241,"Fordham University",2019,19,9767,45,39558,47930,0.458752347172961,"NY","City/Suburb",212104,37.2
155061,"Fort Hays State University",2023,22,10206,51,13774,2174,0.917663293468261,"KS","Town/Rural",36832,33.8
155061,"Fort Hays State University",2022,22,10427,50,13322,1828,0.88019693654267,"KS","Town/Rural",36624,33.8
155061,"Fort Hays State University",2021,23,11402,50,13788,1997,0.903355032548823,"KS","Town/Rural",36149,33.8
155061,"Fort Hays State University",2020,25,12211,49,13379,1920,0.913541666666667,"KS","Town/Rural",35923,33.8
155061,"Fort Hays State University",2019,27,13128,50,12108,2056,0.91147859922179,"KS","Town/Rural",35979,33.8
127185,"Fort Lewis College",2023,36,3313,56,16074,4253,0.932047966141547,"CO","Town/Rural",63277,41.7
127185,"Fort Lewis College",2022,38,3308,60,15685,4942,0.909753136382032,"CO","Town/Rural",64869,41.7
127185,"Fort Lewis College",2021,36,3449,61,15807,3795,0.927536231884058,"CO","Town/Rural",63204,41.7
127185,"Fort Lewis College",2020,36,3359,60,15723,3497,0.915070060051473,"CO","Town/Rural",61237,41.7
127185,"Fort Lewis College",2019,36,3220,56,16204,3757,0.913760979504924,"CO","Town/Rural",60962,41.7
139719,"Fort Valley State University",2023,72,2558,98,11457,5080,0.627952755905512,"GA","Town/Rural",126146,31.9
139719,"Fort Valley State University",2022,73,2360,98,13016,6247,0.430926844885545,"GA","Town/Rural",122695,31.9
139719,"Fort Valley State University",2021,76,2666,98,13093,5403,0.722561539885249,"GA","Town/Rural",124712,31.9
139719,"Fort Valley State University",2020,75,2794,99,12916,5693,0.723168803794133,"GA","Town/Rural",126126,31.9
139719,"Fort Valley State University",2019,75,2293,98,13075,3059,0.518143184047074,"GA","Town/Rural",121897,31.9
165866,"Framingham State University",2023,34,2817,49,16640,4342,0.84868724090281,"MA","City/Suburb",78133,44.5
165866,"Framingham State University",2022,36,2970,47,17715,4526,0.874060980998674,"MA","City/Suburb",78514,44.5
165866,"Framingham State University",2021,35,3213,44,16900,5117,0.837991010357631,"MA","City/Suburb",78839,44.5
165866,"Framingham State University",2020,37,3520,41,19336,5695,0.785250219490781,"MA","City/Suburb",79537,44.5
165866,"Framingham State University",2019,37,3857,40,18937,5945,0.742472666105971,"MA","City/Suburb",78060,44.5
218061,"Francis Marion University",2023,39,3623,50,11231,3489,0.822298652909143,"SC","Town/Rural",53335,28.3
218061,"Francis Marion University",2022,45,3635,48,12614,3523,0.829122906613681,"SC","Town/Rural",52277,28.3
218061,"Francis Marion University",2021,46,3475,49,13299,3028,0.861294583883752,"SC","Town/Rural",52010,28.3
218061,"Francis Marion University",2020,47,3632,50,12380,4266,0.752461322081575,"SC","Town/Rural",52680,28.3
218061,"Francis Marion University",2019,48,3800,51,12973,4252,0.68038570084666,"SC","Town/Rural",53953,28.3
160074,"Franciscan Missionaries of Our Lady University",2023,36,862,34,15239,381,0.829396325459318,"LA","City/Suburb",49729,24.3
160074,"Franciscan Missionaries of Our Lady University",2022,31,891,36,15916,184,0.847826086956522,"LA","City/Suburb",49777,24.3
160074,"Franciscan Missionaries of Our Lady University",2021,31,988,36,15054,519,0.545279383429672,"LA","City/Suburb",52461,24.3
160074,"Franciscan Missionaries of Our Lady University",2020,32,1034,32,14531,463,0.466522678185745,"LA","City/Suburb",53334,24.3
160074,"Franciscan Missionaries of Our Lady University",2019,35,1018,31,15073,217,0.566820276497696,"LA","City/Suburb",52809,24.3
205957,"Franciscan University of Steubenville",2023,21,2978,29,24490,2265,0.722295805739514,"OH","City/Suburb",133760,29
205957,"Franciscan University of Steubenville",2022,21,2785,30,25310,2456,0.666530944625407,"OH","City/Suburb",133872,29
205957,"Franciscan University of Steubenville",2021,21,2610,26,19542,2257,0.684536996012406,"OH","City/Suburb",136945,29
205957,"Franciscan University of Steubenville",2020,23,2505,26,25175,2074,0.729990356798457,"OH","City/Suburb",135941,29
205957,"Franciscan University of Steubenville",2019,24,2242,22,26356,1982,0.766397578203834,"OH","City/Suburb",135868,29
212577,"Franklin and Marshall College",2023,17,1911,42,37475,9231,0.318275376448922,"PA","City/Suburb",142275,31.8
212577,"Franklin and Marshall College",2022,19,1990,44,31135,8923,0.362322088983526,"PA","City/Suburb",139193,31.8
212577,"Franklin and Marshall College",2021,21,2145,44,26316,7720,0.375388601036269,"PA","City/Suburb",142186,31.8
212577,"Franklin and Marshall College",2020,19,2254,44,28038,9062,0.365040829838888,"PA","City/Suburb",143645,31.8
212577,"Franklin and Marshall College",2019,18,2315,45,27102,9502,0.303936013470848,"PA","City/Suburb",143842,31.8
150604,"Franklin College",2023,39,911,20,23843,2264,0.70583038869258,"IN","City/Suburb",76628,27.1
150604,"Franklin College",2022,39,896,19,20791,1737,0.928612550374208,"IN","City/Suburb",74897,27.1
150604,"Franklin College",2021,38,899,18,21929,1589,0.946507237256136,"IN","City/Suburb",78348,27.1
150604,"Franklin College",2020,37,938,16,21396,2073,0.7607332368548,"IN","City/Suburb",78809,27.1
150604,"Franklin College",2019,37,922,14,22904,1865,0.812868632707775,"IN","City/Suburb",76144,27.1
182795,"Franklin Pierce University",2023,27,1058,30,25557,2731,0.901867447821311,"NH","Town/Rural",15434,36.8
182795,"Franklin Pierce University",2022,26,1171,27,28434,3145,0.927186009538951,"NH","Town/Rural",15352,36.8
182795,"Franklin Pierce University",2021,27,1279,27,27882,3305,0.885325264750378,"NH","Town/Rural",15187,36.8
182795,"Franklin Pierce University",2020,30,1436,28,27121,4517,0.846800974097853,"NH","Town/Rural",14958,36.8
182795,"Franklin Pierce University",2019,31,1600,28,27876,5150,0.664854368932039,"NH","Town/Rural",15466,36.8
441982,"Franklin W Olin College of Engineering",2023,13,402,60,40370,928,0.216594827586207,"MA","City/Suburb",78133,44.5
441982,"Franklin W Olin College of Engineering",2022,13,386,60,38502,862,0.191415313225058,"MA","City/Suburb",78514,44.5
441982,"Franklin W Olin College of Engineering",2021,13,382,60,36494,907,0.179713340683572,"MA","City/Suburb",78839,44.5
441982,"Franklin W Olin College of Engineering",2020,12,310,61,34297,900,0.164444444444444,"MA","City/Suburb",79537,44.5
441982,"Franklin W Olin College of Engineering",2019,10,386,58,35310,905,0.156906077348066,"MA","City/Suburb",78060,44.5
220215,"Freed-Hardeman University",2023,22,1878,14,18267,1077,0.906220984215413,"TN","Town/Rural",72084,27.5
220215,"Freed-Hardeman University",2022,24,1850,13,18556,1067,0.911902530459232,"TN","Town/Rural",71347,27.5
220215,"Freed-Hardeman University",2021,23,1797,11,17074,1147,0.878814298169137,"TN","Town/Rural",72685,27.5
220215,"Freed-Hardeman University",2020,25,1727,15,17350,1405,0.808540925266904,"TN","Town/Rural",73281,27.5
220215,"Freed-Hardeman University",2019,28,1648,23,16760,944,0.884533898305085,"TN","Town/Rural",72802,27.5
114813,"Fresno Pacific University",2023,59,1616,80,15668,1516,0.575197889182058,"CA","City/Suburb",492544,34.2
114813,"Fresno Pacific University",2022,56,1744,80,15255,832,0.75,"CA","City/Suburb",473448,34.2
114813,"Fresno Pacific University",2021,61,2686,75,15350,917,0.778625954198473,"CA","City/Suburb",467260,34.2
114813,"Fresno Pacific University",2020,65,2711,76,18728,959,0.669447340980188,"CA","City/Suburb",477479,34.2
114813,"Fresno Pacific University",2019,62,2947,74,19298,964,0.660788381742739,"CA","City/Suburb",478819,34.2
155089,"Friends University",2023,34,1460,50,22579,1134,0.556437389770723,"KS","City/Suburb",36832,33.8
155089,"Friends University",2022,36,1278,49,23720,1620,0.632716049382716,"KS","City/Suburb",36624,33.8
155089,"Friends University",2021,40,1192,48,22647,1826,0.576670317634173,"KS","City/Suburb",36149,33.8
155089,"Friends University",2020,35,1089,44,21609,1154,0.575389948006932,"KS","City/Suburb",35923,33.8
155089,"Friends University",2019,35,1291,43,20641,1266,0.458135860979463,"KS","City/Suburb",35979,33.8
162584,"Frostburg State University",2023,33,3344,48,16521,4556,0.894424934152766,"MD","Town/Rural",69770,40.8
162584,"Frostburg State University",2022,35,3264,48,16114,3976,0.878772635814889,"MD","Town/Rural",69124,40.8
162584,"Frostburg State University",2021,35,3680,50,16720,4287,0.860508514112433,"MD","Town/Rural",71017,40.8
162584,"Frostburg State University",2020,35,4119,50,15970,4335,0.736101499423299,"MD","Town/Rural",67971,40.8
162584,"Frostburg State University",2019,36,4429,50,16380,3072,0.801432291666667,"MD","Town/Rural",68208,40.8
218070,"Furman University",2023,11,2327,27,32901,8406,0.525695931477516,"SC","City/Suburb",53335,28.3
218070,"Furman University",2022,11,2283,24,33370,7514,0.670215597551238,"SC","City/Suburb",52277,28.3
218070,"Furman University",2021,11,2307,23,33999,7174,0.713548926679677,"SC","City/Suburb",52010,28.3
218070,"Furman University",2020,12,2345,23,37761,5194,0.652483634963419,"SC","City/Suburb",52680,28.3
218070,"Furman University",2019,14,2688,21,35621,5258,0.568086724990491,"SC","City/Suburb",53953,28.3
131450,"Gallaudet University",2023,54,919,59,15025,425,0.609411764705882,"DC","City/Suburb",5190,60.4
131450,"Gallaudet University",2022,56,914,58,13787,380,0.592105263157895,"DC","City/Suburb",5148,60.4
131450,"Gallaudet University",2021,50,1012,57,25465,402,0.616915422885572,"DC","City/Suburb",5077,60.4
131450,"Gallaudet University",2020,56,1019,55,18410,412,0.62621359223301,"DC","City/Suburb",4662,60.4
131450,"Gallaudet University",2019,56,1075,53,15639,477,0.612159329140461,"DC","City/Suburb",4757,60.4
212601,"Gannon University",2023,22,2920,34,23942,6331,0.767019428210393,"PA","City/Suburb",142275,31.8
212601,"Gannon University",2022,26,3091,32,22200,6678,0.80847559149446,"PA","City/Suburb",139193,31.8
212601,"Gannon University",2021,27,3165,32,22258,4746,0.835861778339654,"PA","City/Suburb",142186,31.8
212601,"Gannon University",2020,26,3208,34,22839,4442,0.792435839711842,"PA","City/Suburb",143645,31.8
212601,"Gannon University",2019,27,3432,32,22009,4727,0.755235878993019,"PA","City/Suburb",143842,31.8
198561,"Gardner-Webb University",2023,27,1840,50,24035,4670,0.870235546038544,"NC","Town/Rural",108252,31.9
198561,"Gardner-Webb University",2022,40,1812,46,22339,5728,0.74947625698324,"NC","Town/Rural",114167,31.9
198561,"Gardner-Webb University",2021,42,1983,40,20296,5657,0.789464380413647,"NC","Town/Rural",116514,31.9
198561,"Gardner-Webb University",2020,45,2071,40,20363,5370,0.77951582867784,"NC","Town/Rural",116615,31.9
198561,"Gardner-Webb University",2019,44,1999,36,21217,4834,0.667149358709144,"NC","Town/Rural",114284,31.9
212656,"Geneva College",2022,29,1123,20,20999,1575,0.79047619047619,"PA","City/Suburb",139193,31.8
212656,"Geneva College",2021,34,1180,21,19895,1551,0.793681495809155,"PA","City/Suburb",142186,31.8
212656,"Geneva College",2020,36,1201,20,19967,1642,0.73142509135201,"PA","City/Suburb",143645,31.8
212656,"Geneva College",2019,36,1290,20,19400,2801,0.532309889325241,"PA","City/Suburb",143842,31.8
208822,"George Fox University",2023,27,3004,40,30649,3737,0.964142360181964,"OR","Town/Rural",41163,34
208822,"George Fox University",2022,28,2853,39,28840,3542,0.917278373800113,"OR","Town/Rural",41057,34
208822,"George Fox University",2021,28,2559,33,31236,3957,0.825372757139247,"OR","Town/Rural",42778,34
208822,"George Fox University",2020,28,2481,30,29589,2685,0.909124767225326,"OR","Town/Rural",42173,34
208822,"George Fox University",2019,28,2629,31,30827,3010,0.823920265780731,"OR","Town/Rural",41717,34
232186,"George Mason University",2023,30,27666,67,18900,22579,0.88830329066832,"VA","City/Suburb",99497,39.3
232186,"George Mason University",2022,30,27014,66,18479,20001,0.900004999750012,"VA","City/Suburb",98780,39.3
232186,"George Mason University",2021,29,26882,64,18841,20527,0.912992643834949,"VA","City/Suburb",100147,39.3
232186,"George Mason University",2020,30,27104,63,18285,21198,0.892018114916502,"VA","City/Suburb",98970,39.3
232186,"George Mason University",2019,30,26662,62,20157,19554,0.86744400122737,"VA","City/Suburb",95710,39.3
131469,"George Washington University",2023,15,11387,52,45466,27094,0.435446962427106,"DC","City/Suburb",5190,60.4
131469,"George Washington University",2022,15,11482,51,42723,27266,0.489767475977408,"DC","City/Suburb",5148,60.4
131469,"George Washington University",2021,14,11502,50,31240,27236,0.497099427228668,"DC","City/Suburb",5077,60.4
131469,"George Washington University",2020,14,11763,51,40308,26405,0.430448778640409,"DC","City/Suburb",4662,60.4
131469,"George Washington University",2019,15,12484,51,38829,26978,0.40844391726592,"DC","City/Suburb",4757,60.4
156745,"Georgetown College",2023,34,1200,24,14878,1815,0.738842975206612,"KY","Town/Rural",49328,24.8
156745,"Georgetown College",2022,34,1233,24,15152,2532,0.715244865718799,"KY","Town/Rural",49640,24.8
156745,"Georgetown College",2021,32,1259,22,15028,2764,0.745296671490593,"KY","Town/Rural",50879,24.8
156745,"Georgetown College",2020,35,1109,22,18056,2712,0.721607669616519,"KY","Town/Rural",51547,24.8
156745,"Georgetown College",2019,37,983,25,17609,2791,0.633464707989968,"KY","Town/Rural",51210,24.8
131496,"Georgetown University",2023,10,7968,54,37967,25485,0.130822052187561,"DC","City/Suburb",5190,60.4
131496,"Georgetown University",2022,12,7900,53,35566,26638,0.122268939109543,"DC","City/Suburb",5148,60.4
131496,"Georgetown University",2021,13,7598,51,23049,27629,0.11983785153281,"DC","City/Suburb",5077,60.4
131496,"Georgetown University",2020,13,7357,52,30710,21190,0.16805096743747,"DC","City/Suburb",4662,60.4
131496,"Georgetown University",2019,13,7513,51,28442,22764,0.14360393603936,"DC","City/Suburb",4757,60.4
139861,"Georgia College & State University",2023,16,5681,18,19769,6214,0.877695526231091,"GA","Town/Rural",126146,31.9
139861,"Georgia College & State University",2022,16,5265,17,20301,4414,0.799501585863163,"GA","Town/Rural",122695,31.9
139861,"Georgia College & State University",2021,17,5586,18,20443,4633,0.876753723289445,"GA","Town/Rural",124712,31.9
139861,"Georgia College & State University",2020,19,5605,17,20958,4515,0.859357696566999,"GA","Town/Rural",126126,31.9
139861,"Georgia College & State University",2019,19,5844,17,20823,4391,0.795946253700752,"GA","Town/Rural",121897,31.9
447689,"Georgia Gwinnett College",2023,50,11907,79,11037,6390,0.955712050078247,"GA","City/Suburb",126146,31.9
447689,"Georgia Gwinnett College",2022,51,11030,77,10981,5626,0.936366868112336,"GA","City/Suburb",122695,31.9
447689,"Georgia Gwinnett College",2021,51,10949,75,10939,5427,0.930348258706468,"GA","City/Suburb",124712,31.9
447689,"Georgia Gwinnett College",2020,51,11627,74,12344,5903,0.945112654582416,"GA","City/Suburb",126126,31.9
447689,"Georgia Gwinnett College",2019,51,12831,72,11489,4853,0.93941891613435,"GA","City/Suburb",121897,31.9
139755,"Georgia Institute of Technology-Main Campus",2023,14,19505,65,15901,52377,0.164614239074403,"GA","City/Suburb",126146,31.9
139755,"Georgia Institute of Technology-Main Campus",2022,13,18415,63,17402,50610,0.171349535664888,"GA","City/Suburb",122695,31.9
139755,"Georgia Institute of Technology-Main Campus",2021,13,17447,59,17360,44048,0.159598619687614,"GA","City/Suburb",124712,31.9
139755,"Georgia Institute of Technology-Main Campus",2020,13,16561,56,17410,40852,0.213428963086263,"GA","City/Suburb",126126,31.9
139755,"Georgia Institute of Technology-Main Campus",2019,14,15964,54,16883,36856,0.205773822444107,"GA","City/Suburb",121897,31.9
139931,"Georgia Southern University",2023,35,22295,42,16957,14410,0.896321998612075,"GA","Town/Rural",126146,31.9
139931,"Georgia Southern University",2022,37,21979,42,15352,14680,0.888896457765668,"GA","Town/Rural",122695,31.9
139931,"Georgia Southern University",2021,36,23527,43,15830,18541,0.905129173183755,"GA","Town/Rural",124712,31.9
139931,"Georgia Southern University",2020,36,23469,42,15463,17250,0.911710144927536,"GA","Town/Rural",126126,31.9
139931,"Georgia Southern University",2019,37,22715,41,15374,13346,0.737674209500974,"GA","Town/Rural",121897,31.9
139764,"Georgia Southwestern State University",2023,41,2753,45,11779,2045,0.771638141809291,"GA","Town/Rural",126146,31.9
139764,"Georgia Southwestern State University",2022,39,2473,45,12186,1939,0.731820526044353,"GA","Town/Rural",122695,31.9
139764,"Georgia Southwestern State University",2021,39,2466,44,12698,1651,0.855844942459116,"GA","Town/Rural",124712,31.9
139764,"Georgia Southwestern State University",2020,38,2634,43,12053,2598,0.734026173979985,"GA","Town/Rural",126126,31.9
139764,"Georgia Southwestern State University",2019,40,2498,42,10904,1783,0.583286595625351,"GA","Town/Rural",121897,31.9
139940,"Georgia State University",2023,50,27588,83,16390,30230,0.62275884882567,"GA","City/Suburb",126146,31.9
139940,"Georgia State University",2022,51,28924,82,17589,26050,0.667792706333973,"GA","City/Suburb",122695,31.9
139940,"Georgia State University",2021,49,28985,80,17958,25254,0.745664053219292,"GA","City/Suburb",124712,31.9
139940,"Georgia State University",2020,49,28787,79,17750,17385,0.999424791486914,"GA","City/Suburb",126126,31.9
139940,"Georgia State University",2019,50,27961,78,14136,16681,0.761465139979618,"GA","City/Suburb",121897,31.9
184773,"Georgian Court University",2023,30,1478,40,21072,2317,0.705222270176953,"NJ","City/Suburb",104131,40.8
184773,"Georgian Court University",2022,32,1471,45,18187,2057,0.757899854156539,"NJ","City/Suburb",107755,40.8
184773,"Georgian Court University",2021,32,1612,43,20448,1505,0.796013289036545,"NJ","City/Suburb",109108,40.8
184773,"Georgian Court University",2020,36,1642,48,20736,1843,0.809007053716766,"NJ","City/Suburb",109961,40.8
184773,"Georgian Court University",2019,39,1793,38,18388,1934,0.711995863495346,"NJ","City/Suburb",113367,40.8
212674,"Gettysburg College",2023,21,2216,36,35729,7123,0.475080724413871,"PA","Town/Rural",142275,31.8
212674,"Gettysburg College",2022,20,2241,33,33882,5796,0.563146997929607,"PA","Town/Rural",139193,31.8
212674,"Gettysburg College",2021,19,2401,29,35794,6206,0.56332581372865,"PA","Town/Rural",142186,31.8
212674,"Gettysburg College",2020,20,2507,26,34850,6468,0.482374768089054,"PA","Town/Rural",143645,31.8
212674,"Gettysburg College",2019,17,2370,26,34720,5916,0.480392156862745,"PA","Town/Rural",143842,31.8
230889,"Goddard College",2023,53,113,41,29344,82,0.195121951219512,"VT","Town/Rural",5789,38.7
230889,"Goddard College",2022,62,112,42,17931,21,0.857142857142857,"VT","Town/Rural",5977,38.7
230889,"Goddard College",2021,66,146,53,26622,9,1,"VT","Town/Rural",5988,38.7
230889,"Goddard College",2020,57,155,65,23794,31,0.838709677419355,"VT","Town/Rural",6158,38.7
230889,"Goddard College",2019,62,165,57,23873,22,1,"VT","Town/Rural",6547,38.7
202903,"Gods Bible School and College",2023,23,417,24,7233,139,0.640287769784173,"OH","City/Suburb",133760,29
202903,"Gods Bible School and College",2022,34,419,23,9478,174,0.637931034482759,"OH","City/Suburb",133872,29
202903,"Gods Bible School and College",2021,37,336,21,10627,96,0.645833333333333,"OH","City/Suburb",136945,29
202903,"Gods Bible School and College",2020,38,314,20,10142,86,0.813953488372093,"OH","City/Suburb",135941,29
202903,"Gods Bible School and College",2019,56,331,20,10867,120,0.525,"OH","City/Suburb",135868,29
130989,"Goldey-Beacom College",2023,39,702,60,17417,1291,0.765298218435321,"DE","City/Suburb",11054,31.3
130989,"Goldey-Beacom College",2022,40,620,62,13454,625,0.6272,"DE","City/Suburb",10644,31.3
130989,"Goldey-Beacom College",2021,39,671,64,14637,520,0.628846153846154,"DE","City/Suburb",10667,31.3
130989,"Goldey-Beacom College",2020,44,676,60,19048,652,0.552147239263804,"DE","City/Suburb",9861,31.3
130989,"Goldey-Beacom College",2019,44,731,57,16925,808,0.566831683168317,"DE","City/Suburb",10262,31.3
235316,"Gonzaga University",2023,13,5163,37,40295,9530,0.759601259181532,"WA","City/Suburb",78990,36.7
235316,"Gonzaga University",2022,14,5084,36,38727,9887,0.697380398503085,"WA","City/Suburb",78071,36.7
235316,"Gonzaga University",2021,13,4986,32,35529,8853,0.761549757144471,"WA","City/Suburb",79537,36.7
235316,"Gonzaga University",2020,12,4852,30,36880,8409,0.728861933642526,"WA","City/Suburb",79042,36.7
235316,"Gonzaga University",2019,13,5211,30,36578,9311,0.617012136183009,"WA","City/Suburb",78061,36.7
202912,"Good Samaritan College of Nursing and Health Science",2023,43,457,47,19728,189,0.169312169312169,"OH","City/Suburb",133760,29
202912,"Good Samaritan College of Nursing and Health Science",2022,37,342,44,23480,32,0.75,"OH","City/Suburb",133872,29
202912,"Good Samaritan College of Nursing and Health Science",2021,30,305,28,23685,162,0.888888888888889,"OH","City/Suburb",136945,29
202912,"Good Samaritan College of Nursing and Health Science",2020,38,372,19,31208,260,0.346153846153846,"OH","City/Suburb",135941,29
202912,"Good Samaritan College of Nursing and Health Science",2019,38,351,20,23171,219,0.406392694063927,"OH","City/Suburb",135868,29
165936,"Gordon College",2023,21,1293,40,25250,2579,0.587824738270648,"MA","Town/Rural",78133,44.5
165936,"Gordon College",2022,21,1294,39,24483,1449,0.883367839889579,"MA","Town/Rural",78514,44.5
165936,"Gordon College",2021,24,1368,34,25917,1462,0.774281805745554,"MA","Town/Rural",78839,44.5
165936,"Gordon College",2020,21,1451,32,27502,2884,0.682732316227462,"MA","Town/Rural",79537,44.5
165936,"Gordon College",2019,22,1507,32,29047,2624,0.74047256097561,"MA","Town/Rural",78060,44.5
139968,"Gordon State College",2023,47,3129,49,8255,2126,0.867826904985889,"GA","Town/Rural",126146,31.9
139968,"Gordon State College",2022,45,3135,48,8185,2021,0.933201385452746,"GA","Town/Rural",122695,31.9
139968,"Gordon State College",2021,47,3101,45,8365,1295,0.876447876447876,"GA","Town/Rural",124712,31.9
139968,"Gordon State College",2020,49,3231,47,9272,2257,0.787771377935312,"GA","Town/Rural",126126,31.9
139968,"Gordon State College",2019,49,3495,49,9186,2007,0.838565022421525,"GA","Town/Rural",121897,31.9
150668,"Goshen College",2023,37,773,53,17040,1175,0.88936170212766,"IN","City/Suburb",76628,27.1
150668,"Goshen College",2022,32,717,53,19267,991,0.935418768920283,"IN","City/Suburb",74897,27.1
150668,"Goshen College",2021,33,749,50,17195,979,0.92849846782431,"IN","City/Suburb",78348,27.1
150668,"Goshen College",2020,33,827,47,17679,984,0.923780487804878,"IN","City/Suburb",78809,27.1
150668,"Goshen College",2019,34,826,42,19772,1313,0.62985529322163,"IN","City/Suburb",76144,27.1
162654,"Goucher College",2023,31,964,52,28749,3520,0.728977272727273,"MD","City/Suburb",69770,40.8
162654,"Goucher College",2022,29,1001,50,30945,2946,0.80244399185336,"MD","City/Suburb",69124,40.8
162654,"Goucher College",2021,33,1057,49,20144,2724,0.823421439060206,"MD","City/Suburb",71017,40.8
162654,"Goucher College",2020,30,1114,52,29659,2598,0.794072363356428,"MD","City/Suburb",67971,40.8
162654,"Goucher College",2019,29,1449,51,29675,2610,0.813026819923372,"MD","City/Suburb",68208,40.8
145336,"Governors State University",2022,53,2609,70,9833,1865,0.574798927613941,"IL","City/Suburb",145439,35.1
145336,"Governors State University",2021,51,2709,70,9943,1168,0.520547945205479,"IL","City/Suburb",150490,35.1
145336,"Governors State University",2020,54,3022,70,9998,1459,0.478409869773818,"IL","City/Suburb",149373,35.1
145336,"Governors State University",2019,55,3206,70,11498,1434,0.456066945606695,"IL","City/Suburb",152277,35.1
170000,"Grace Christian University",2023,50,891,42,14127,288,0.993055555555556,"MI","City/Suburb",108265,29.6
170000,"Grace Christian University",2022,46,969,48,12988,293,0.996587030716723,"MI","City/Suburb",103443,29.6
170000,"Grace Christian University",2021,47,1049,56,13506,713,1,"MI","City/Suburb",107239,29.6
170000,"Grace Christian University",2020,66,1009,55,13105,364,1,"MI","City/Suburb",108725,29.6
170000,"Grace Christian University",2019,67,1060,46,12683,701,1,"MI","City/Suburb",112177,29.6
150677,"Grace College and Theological Seminary",2023,29,1817,20,21680,4111,0.807832644125517,"IN","Town/Rural",76628,27.1
150677,"Grace College and Theological Seminary",2022,30,1709,20,18317,4071,0.846229427659052,"IN","Town/Rural",74897,27.1
150677,"Grace College and Theological Seminary",2021,30,1598,21,18795,4152,0.831647398843931,"IN","Town/Rural",78348,27.1
150677,"Grace College and Theological Seminary",2020,30,1587,19,20415,3984,0.7464859437751,"IN","Town/Rural",78809,27.1
150677,"Grace College and Theological Seminary",2019,32,1619,19,21131,2149,0.798976268031643,"IN","Town/Rural",76144,27.1
481058,"Grace Mission University",2020,41,88,100,15743,4,0.5,"CA","City/Suburb",477479,34.2
481058,"Grace Mission University",2019,50,121,100,14229,107,0.822429906542056,"CA","City/Suburb",478819,34.2
153366,"Graceland University-Lamoni",2023,45,902,56,16632,2259,0.832226648959717,"IA","Town/Rural",36870,29
153366,"Graceland University-Lamoni",2022,49,885,51,16627,2011,0.744903033316758,"IA","Town/Rural",36521,29
153366,"Graceland University-Lamoni",2021,53,957,46,18595,2966,0.66621712744437,"IA","Town/Rural",37097,29
153366,"Graceland University-Lamoni",2020,49,959,39,18434,2521,0.680682268940896,"IA","Town/Rural",36359,29
153366,"Graceland University-Lamoni",2019,49,1032,37,17952,2514,0.581145584725537,"IA","Town/Rural",36735,29
159009,"Grambling State University",2023,72,4279,99,19092,24521,0.236776640430651,"LA","Town/Rural",49729,24.3
159009,"Grambling State University",2022,75,4201,99,15796,10732,0.423686172195304,"LA","Town/Rural",49777,24.3
159009,"Grambling State University",2021,88,4405,99,16988,7676,0.311360083376759,"LA","Town/Rural",52461,24.3
159009,"Grambling State University",2020,76,4511,99,16384,8153,0.932172206549736,"LA","Town/Rural",53334,24.3
159009,"Grambling State University",2019,78,4153,99,18074,3109,0.972338372467031,"LA","Town/Rural",52809,24.3
170082,"Grand Valley State University",2023,26,19243,23,17995,24297,0.946948182903239,"MI","Town/Rural",108265,29.6
170082,"Grand Valley State University",2022,25,18665,21,17105,17123,0.903696782105939,"MI","Town/Rural",103443,29.6
170082,"Grand Valley State University",2021,26,19379,19,16947,17163,0.916506438268368,"MI","Town/Rural",107239,29.6
170082,"Grand Valley State University",2020,29,20405,18,16865,15465,0.87520206918849,"MI","Town/Rural",108725,29.6
170082,"Grand Valley State University",2019,30,21112,18,16860,16511,0.830173823511598,"MI","Town/Rural",112177,29.6
153375,"Grand View University",2023,38,1483,43,22296,1665,0.983783783783784,"IA","City/Suburb",36870,29
153375,"Grand View University",2022,39,1556,41,20236,1886,0.984093319194062,"IA","City/Suburb",36521,29
153375,"Grand View University",2021,40,1561,39,20434,1765,0.995467422096317,"IA","City/Suburb",37097,29
153375,"Grand View University",2020,39,1694,37,19423,1810,0.970165745856354,"IA","City/Suburb",36359,29
153375,"Grand View University",2019,41,1757,36,19035,1526,0.958715596330275,"IA","City/Suburb",36735,29
497213,"Great Northern University",2023,46,36,22,29650,13,1,"WA","City/Suburb",78990,36.7
497213,"Great Northern University",2022,40,35,20,27410,7,0.857142857142857,"WA","City/Suburb",78071,36.7
497213,"Great Northern University",2021,0,25,16,27310,4,1,"WA","City/Suburb",79537,36.7
198598,"Greensboro College",2023,45,809,60,19783,3143,0.920458160992682,"NC","City/Suburb",108252,31.9
198598,"Greensboro College",2022,43,730,57,19581,1349,0.842846553002224,"NC","City/Suburb",114167,31.9
198598,"Greensboro College",2021,40,755,55,16239,1248,0.881410256410256,"NC","City/Suburb",116514,31.9
198598,"Greensboro College",2020,44,793,56,17783,1014,0.776134122287968,"NC","City/Suburb",116615,31.9
198598,"Greensboro College",2019,43,867,53,19483,1139,0.770851624231782,"NC","City/Suburb",114284,31.9
145372,"Greenville University",2023,38,905,41,21442,1273,0.953652788688138,"IL","Town/Rural",148445,35.1
145372,"Greenville University",2022,38,948,43,20718,1275,0.941176470588235,"IL","Town/Rural",145439,35.1
145372,"Greenville University",2021,41,890,39,21848,1007,0.795431976166832,"IL","Town/Rural",150490,35.1
145372,"Greenville University",2020,42,823,36,21366,1993,0.592072252885098,"IL","Town/Rural",149373,35.1
145372,"Greenville University",2019,46,913,35,21268,1684,0.561163895486936,"IL","Town/Rural",152277,35.1
153384,"Grinnell College",2023,17,1775,48,33446,9988,0.126752102523028,"IA","Town/Rural",36870,29
153384,"Grinnell College",2022,17,1759,47,33467,9997,0.107632289686906,"IA","Town/Rural",36521,29
153384,"Grinnell College",2021,20,1748,48,37423,10513,0.10539332255303,"IA","Town/Rural",37097,29
153384,"Grinnell College",2020,19,1493,49,32091,8137,0.19245422145754,"IA","Town/Rural",36359,29
153384,"Grinnell College",2019,20,1733,50,29404,8004,0.230759620189905,"IA","Town/Rural",36735,29
198613,"Guilford College",2023,44,1160,55,22620,3775,0.837615894039735,"NC","City/Suburb",108252,31.9
198613,"Guilford College",2022,40,1129,58,23882,3397,0.835148660582867,"NC","City/Suburb",114167,31.9
198613,"Guilford College",2021,39,1192,53,25785,3027,0.820944829864552,"NC","City/Suburb",116514,31.9
198613,"Guilford College",2020,38,1420,51,24640,3660,0.780054644808743,"NC","City/Suburb",116615,31.9
198613,"Guilford College",2019,41,1525,48,23738,3305,0.750075642965204,"NC","City/Suburb",114284,31.9
173647,"Gustavus Adolphus College",2023,21,1952,21,28805,4450,0.617977528089888,"MN","Town/Rural",67002,36.7
173647,"Gustavus Adolphus College",2022,24,2072,21,30297,3781,0.738957947632901,"MN","Town/Rural",64579,36.7
173647,"Gustavus Adolphus College",2021,25,2251,20,27657,3799,0.725717294024743,"MN","Town/Rural",65199,36.7
173647,"Gustavus Adolphus College",2020,28,2230,22,26701,4737,0.706143128562381,"MN","Town/Rural",66285,36.7
173647,"Gustavus Adolphus College",2019,25,2237,22,21707,4957,0.692354246520073,"MN","Town/Rural",65499,36.7
212832,"Gwynedd Mercy University",2023,30,1457,50,26733,1111,0.936093609360936,"PA","City/Suburb",142275,31.8
212832,"Gwynedd Mercy University",2022,28,1412,46,28122,1063,0.584195672624647,"PA","City/Suburb",139193,31.8
212832,"Gwynedd Mercy University",2021,28,1792,47,25843,904,0.905973451327434,"PA","City/Suburb",142186,31.8
212832,"Gwynedd Mercy University",2020,29,1990,45,25219,1019,0.88027477919529,"PA","City/Suburb",143645,31.8
212832,"Gwynedd Mercy University",2019,30,2157,36,24542,1030,0.951456310679612,"PA","City/Suburb",143842,31.8
225201,"Hallmark University",2023,50,782,73,10153,113,0.982300884955752,"TX","City/Suburb",385604,30.3
225201,"Hallmark University",2022,51,792,75,12281,329,0.52887537993921,"TX","City/Suburb",375741,30.3
225201,"Hallmark University",2021,49,868,73,9816,312,0.560897435897436,"TX","City/Suburb",377064,30.3
225201,"Hallmark University",2020,47,929,70,9887,548,0.405109489051095,"TX","City/Suburb",372402,30.3
225201,"Hallmark University",2019,57,891,67,11213,163,0.785276073619632,"TX","City/Suburb",364979,30.3
191515,"Hamilton College",2023,18,2048,35,26021,9643,0.117701959970963,"NY","City/Suburb",211853,37.2
191515,"Hamilton College",2022,18,2072,36,24503,9899,0.117789675724821,"NY","City/Suburb",213993,37.2
191515,"Hamilton College",2021,18,2050,35,26803,9380,0.140724946695096,"NY","City/Suburb",217586,37.2
191515,"Hamilton College",2020,18,1902,35,23936,7443,0.184065564960365,"NY","City/Suburb",209688,37.2
191515,"Hamilton College",2019,16,2012,36,29117,8339,0.163928528600552,"NY","City/Suburb",212104,37.2
173665,"Hamline University",2023,40,1710,45,22759,3185,0.898273155416013,"MN","City/Suburb",67002,36.7
173665,"Hamline University",2022,40,1765,44,23021,3840,0.80546875,"MN","City/Suburb",64579,36.7
173665,"Hamline University",2021,40,1817,43,20239,4493,0.764300022256844,"MN","City/Suburb",65199,36.7
173665,"Hamline University",2020,39,1925,41,21528,4441,0.689484350371538,"MN","City/Suburb",66285,36.7
173665,"Hamline University",2019,37,2088,39,22253,4602,0.677314211212516,"MN","City/Suburb",65499,36.7
232256,"Hampden-Sydney College",2023,22,876,22,29578,2224,0.501348920863309,"VA","Town/Rural",99497,39.3
232256,"Hampden-Sydney College",2022,20,850,22,29899,3262,0.397915389331698,"VA","Town/Rural",98780,39.3
232256,"Hampden-Sydney College",2021,18,851,19,28679,2907,0.368077055383557,"VA","Town/Rural",100147,39.3
232256,"Hampden-Sydney College",2020,17,881,18,33331,1906,0.4700944386149,"VA","Town/Rural",98970,39.3
232256,"Hampden-Sydney College",2019,16,993,15,34853,3056,0.574280104712042,"VA","Town/Rural",95710,39.3
166018,"Hampshire College",2023,38,717,41,27556,2216,0.703519855595668,"MA","Town/Rural",78133,44.5
166018,"Hampshire College",2022,37,508,44,24087,2090,0.688995215311005,"MA","Town/Rural",78514,44.5
166018,"Hampshire College",2021,36,472,42,30168,1340,0.751492537313433,"MA","Town/Rural",78839,44.5
166018,"Hampshire College",2020,32,522,40,27680,1202,0.588186356073211,"MA","Town/Rural",79537,44.5
166018,"Hampshire College",2019,34,745,40,35499,2485,0.0197183098591549,"MA","Town/Rural",78060,44.5
232265,"Hampton University",2023,38,3255,100,28576,12119,0.482713095139863,"VA","City/Suburb",99497,39.3
232265,"Hampton University",2022,17,2846,99,32421,15015,0.456809856809857,"VA","City/Suburb",98780,39.3
232265,"Hampton University",2021,21,2867,99,33204,13192,0.801243177683445,"VA","City/Suburb",100147,39.3
232265,"Hampton University",2020,35,3063,99,28952,10811,0.360003699935251,"VA","City/Suburb",98970,39.3
232265,"Hampton University",2019,36,3714,99,27441,9551,0.359962307611768,"VA","City/Suburb",95710,39.3
177542,"Hannibal-LaGrange University",2023,29,402,32,20640,366,0.587431693989071,"MO","Town/Rural",67773,29.5
177542,"Hannibal-LaGrange University",2022,30,452,28,20537,228,0.671052631578947,"MO","Town/Rural",66781,29.5
177542,"Hannibal-LaGrange University",2021,35,658,25,22155,495,0.65050505050505,"MO","Town/Rural",66906,29.5
177542,"Hannibal-LaGrange University",2020,32,671,22,21025,492,0.646341463414634,"MO","Town/Rural",67892,29.5
177542,"Hannibal-LaGrange University",2019,35,746,19,20687,645,0.612403100775194,"MO","Town/Rural",68482,29.5
150756,"Hanover College",2023,26,962,22,22929,2702,0.839748334566987,"IN","Town/Rural",76628,27.1
150756,"Hanover College",2022,26,951,23,26599,3187,0.741135864449325,"IN","Town/Rural",74897,27.1
150756,"Hanover College",2021,29,1004,23,21254,2613,0.727898966704937,"IN","Town/Rural",78348,27.1
150756,"Hanover College",2020,30,1028,25,22389,2565,0.69317738791423,"IN","Town/Rural",78809,27.1
150756,"Hanover College",2019,31,1070,26,22376,3127,0.648225135913016,"IN","Town/Rural",76144,27.1
225247,"Hardin-Simmons University",2023,38,1283,46,21321,2452,0.965334420880914,"TX","City/Suburb",385604,30.3
225247,"Hardin-Simmons University",2022,39,1347,46,22636,2314,0.882454624027658,"TX","City/Suburb",375741,30.3
225247,"Hardin-Simmons University",2021,39,1476,46,23337,2195,0.915261958997722,"TX","City/Suburb",377064,30.3
225247,"Hardin-Simmons University",2020,38,1618,46,21567,2308,0.905112651646447,"TX","City/Suburb",372402,30.3
225247,"Hardin-Simmons University",2019,39,1742,41,20696,2189,0.837825491091823,"TX","City/Suburb",364979,30.3
107044,"Harding University",2023,19,3496,20,21069,2202,1,"AR","Town/Rural",33693,23.3
107044,"Harding University",2022,20,3523,20,19558,2254,0.451197870452529,"AR","Town/Rural",33705,23.3
107044,"Harding University",2021,21,3684,22,20533,2200,0.541363636363636,"AR","Town/Rural",34604,23.3
107044,"Harding University",2020,23,3572,20,19454,2201,0.550658791458428,"AR","Town/Rural",34014,23.3
107044,"Harding University",2019,23,3779,19,19578,1834,0.613413304252999,"AR","Town/Rural",33531,23.3
446640,"Harrisburg University of Science and Technology",2023,48,718,59,14882,1290,0.817829457364341,"PA","City/Suburb",142275,31.8
446640,"Harrisburg University of Science and Technology",2022,51,649,57,13616,1160,0.843103448275862,"PA","City/Suburb",139193,31.8
191533,"Hartwick College",2023,35,1112,39,26818,4278,0.68700327255727,"NY","Town/Rural",211853,37.2
191533,"Hartwick College",2022,35,1099,42,22396,3914,0.866888094021461,"NY","Town/Rural",213993,37.2
191533,"Hartwick College",2021,37,1163,40,22523,3394,0.956098998232174,"NY","Town/Rural",217586,37.2
191533,"Hartwick College",2020,37,1207,41,24208,3609,0.931005818786367,"NY","Town/Rural",209688,37.2
191533,"Hartwick College",2019,38,1193,38,23473,4449,0.80152843335581,"NY","Town/Rural",212104,37.2
166027,"Harvard University",2023,16,9095,68,17900,56937,0.0345118288634807,"MA","City/Suburb",78133,44.5
166027,"Harvard University",2022,13,9368,67,19491,61221,0.0324071805426243,"MA","City/Suburb",78514,44.5
166027,"Harvard University",2021,13,9579,66,13910,57786,0.040113522306441,"MA","City/Suburb",78839,44.5
166027,"Harvard University",2020,11,8527,62,18037,40248,0.0500645994832041,"MA","City/Suburb",79537,44.5
166027,"Harvard University",2019,12,10063,62,18030,43330,0.0463651050080775,"MA","City/Suburb",78060,44.5
115409,"Harvey Mudd College",2023,14,949,78,42720,4792,0.130634390651085,"CA","City/Suburb",492544,34.2
115409,"Harvey Mudd College",2022,13,922,75,39850,4440,0.133558558558559,"CA","City/Suburb",473448,34.2
115409,"Harvey Mudd College",2021,12,905,74,33838,4737,0.099852227147984,"CA","City/Suburb",467260,34.2
115409,"Harvey Mudd College",2020,13,854,73,37192,3397,0.179570209007948,"CA","City/Suburb",477479,34.2
115409,"Harvey Mudd College",2019,13,904,70,39411,4045,0.136711990111248,"CA","City/Suburb",478819,34.2
155140,"Haskell Indian Nations University",2023,62,878,100,4537,334,0.883233532934132,"KS","City/Suburb",36832,33.8
155140,"Haskell Indian Nations University",2022,57,727,100,4246,269,0.933085501858736,"KS","City/Suburb",36624,33.8
155140,"Haskell Indian Nations University",2021,49,701,100,9169,217,0.935483870967742,"KS","City/Suburb",36149,33.8
155140,"Haskell Indian Nations University",2020,63,731,100,2958,275,0.727272727272727,"KS","City/Suburb",35923,33.8
155140,"Haskell Indian Nations University",2019,70,789,100,4477,263,0.88212927756654,"KS","City/Suburb",35979,33.8
181127,"Hastings College",2023,29,990,35,21821,2257,0.698715108551174,"NE","Town/Rural",24387,32.4
181127,"Hastings College",2022,29,919,33,22128,2121,0.713342762847713,"NE","Town/Rural",23856,32.4
181127,"Hastings College",2021,33,924,31,21347,2226,0.7088948787062,"NE","Town/Rural",23769,32.4
181127,"Hastings College",2020,32,956,29,20804,2126,0.659454374412041,"NE","Town/Rural",23830,32.4
181127,"Hastings College",2019,31,967,26,21887,1893,0.668251452720549,"NE","Town/Rural",23314,32.4
212911,"Haverford College",2023,14,1424,51,22828,6391,0.129087779690189,"PA","City/Suburb",142275,31.8
212911,"Haverford College",2022,14,1421,51,23476,5657,0.142124801131342,"PA","City/Suburb",139193,31.8
212911,"Haverford College",2021,15,1420,48,24462,5332,0.178357089272318,"PA","City/Suburb",142186,31.8
212911,"Haverford College",2020,15,1307,49,25215,4530,0.18233995584989,"PA","City/Suburb",143645,31.8
212911,"Haverford College",2019,16,1317,48,22837,4963,0.163207737255692,"PA","City/Suburb",143842,31.8
141644,"Hawaii Pacific University",2023,20,3814,80,32204,14538,0.844820470491127,"HI","City/Suburb",14206,33.5
141644,"Hawaii Pacific University",2022,21,4151,81,31283,13354,0.87097498876741,"HI","City/Suburb",14314,33.5
141644,"Hawaii Pacific University",2021,22,4066,80,25385,11948,0.85319718781386,"HI","City/Suburb",14567,33.5
141644,"Hawaii Pacific University",2020,22,3800,80,29827,8296,0.81400675024108,"HI","City/Suburb",14100,33.5
141644,"Hawaii Pacific University",2019,26,3698,79,27281,4787,0.748276582410696,"HI","City/Suburb",14706,33.5
145497,"Hebrew Theological College",2023,12,197,13,11197,25,0.92,"IL","City/Suburb",148445,35.1
145497,"Hebrew Theological College",2022,14,160,7,13451,7,0.714285714285714,"IL","City/Suburb",145439,35.1
145497,"Hebrew Theological College",2021,17,170,6,3914,5,0.8,"IL","City/Suburb",150490,35.1
145497,"Hebrew Theological College",2020,16,181,4,14914,12,0.833333333333333,"IL","City/Suburb",149373,35.1
145497,"Hebrew Theological College",2019,19,193,7,18580,7,1,"IL","City/Suburb",152277,35.1
203085,"Heidelberg University",2023,29,905,19,19620,2253,0.677319130048824,"OH","Town/Rural",133760,29
203085,"Heidelberg University",2022,32,933,19,20053,1801,0.713492504164353,"OH","Town/Rural",133872,29
203085,"Heidelberg University",2021,37,1054,21,21650,1811,0.863611264494754,"OH","Town/Rural",136945,29
203085,"Heidelberg University",2020,34,1045,20,22006,1874,0.810565635005336,"OH","Town/Rural",135941,29
203085,"Heidelberg University",2019,40,1076,20,21192,1724,0.748259860788863,"OH","Town/Rural",135868,29
191597,"Helene Fuld College of Nursing",2023,37,722,92,37732,42,0.238095238095238,"NY","City/Suburb",211853,37.2
191597,"Helene Fuld College of Nursing",2022,36,544,89,37641,25,0.12,"NY","City/Suburb",213993,37.2
166054,"Hellenic College-Holy Cross Greek Orthodox School of Theology",2023,18,64,30,23317,21,0.904761904761905,"MA","City/Suburb",78133,44.5
166054,"Hellenic College-Holy Cross Greek Orthodox School of Theology",2022,23,39,23,30506,38,0.578947368421053,"MA","City/Suburb",78514,44.5
166054,"Hellenic College-Holy Cross Greek Orthodox School of Theology",2021,30,39,38,26548,74,0.756756756756757,"MA","City/Suburb",78839,44.5
166054,"Hellenic College-Holy Cross Greek Orthodox School of Theology",2020,35,46,35,23005,98,0.571428571428571,"MA","City/Suburb",79537,44.5
166054,"Hellenic College-Holy Cross Greek Orthodox School of Theology",2019,38,52,17,21826,78,0.641025641025641,"MA","City/Suburb",78060,44.5
107071,"Henderson State University",2023,48,1493,41,16929,1814,0.819184123484013,"AR","Town/Rural",33693,23.3
107071,"Henderson State University",2022,45,1807,38,17656,2345,0.706609808102345,"AR","Town/Rural",33705,23.3
107071,"Henderson State University",2021,46,2228,35,16233,2377,0.750105174589819,"AR","Town/Rural",34604,23.3
107071,"Henderson State University",2020,43,2626,37,14046,3673,0.748979036210182,"AR","Town/Rural",34014,23.3
107071,"Henderson State University",2019,51,3430,33,11910,3879,0.756380510440835,"AR","Town/Rural",33531,23.3
107080,"Hendrix College",2023,23,1098,31,24236,2616,0.529816513761468,"AR","City/Suburb",33693,23.3
107080,"Hendrix College",2022,25,1132,31,22626,2729,0.602784902894833,"AR","City/Suburb",33705,23.3
107080,"Hendrix College",2021,29,1111,31,9968,2385,0.683018867924528,"AR","City/Suburb",34604,23.3
107080,"Hendrix College",2020,30,1066,30,20778,1775,0.705352112676056,"AR","City/Suburb",34014,23.3
107080,"Hendrix College",2019,30,1109,39,20859,1628,0.69963144963145,"AR","City/Suburb",33531,23.3
101453,"Heritage Christian University",2023,35,70,16,8499,6,1,"AL","City/Suburb",52181,25.5
101453,"Heritage Christian University",2022,39,82,17,5020,4,1,"AL","City/Suburb",53739,25.5
101453,"Heritage Christian University",2020,49,71,8,13571,3,0.666666666666667,"AL","City/Suburb",52925,25.5
101453,"Heritage Christian University",2019,43,59,19,8680,17,0.235294117647059,"AL","City/Suburb",55331,25.5
200785,"Herzing University-Akron",2023,78,381,48,20429,134,0.940298507462687,"OH","City/Suburb",133760,29
200785,"Herzing University-Akron",2022,79,369,56,20929,114,0.93859649122807,"OH","City/Suburb",133872,29
200785,"Herzing University-Akron",2021,79,410,54,24204,120,0.941666666666667,"OH","City/Suburb",136945,29
200785,"Herzing University-Akron",2020,84,502,53,21388,119,0.915966386554622,"OH","City/Suburb",135941,29
200785,"Herzing University-Akron",2019,86,497,53,22416,139,0.863309352517986,"OH","City/Suburb",135868,29
140340,"Herzing University-Atlanta",2023,68,499,93,22886,68,0.941176470588235,"GA","City/Suburb",126146,31.9
140340,"Herzing University-Atlanta",2022,71,615,91,23073,91,0.934065934065934,"GA","City/Suburb",122695,31.9
140340,"Herzing University-Atlanta",2021,74,572,88,23172,73,0.945205479452055,"GA","City/Suburb",124712,31.9
140340,"Herzing University-Atlanta",2020,72,693,86,23867,93,0.924731182795699,"GA","City/Suburb",126126,31.9
140340,"Herzing University-Atlanta",2019,73,721,87,25724,78,0.897435897435897,"GA","City/Suburb",121897,31.9
101365,"Herzing University-Birmingham",2023,64,446,73,21338,127,0.94488188976378,"AL","City/Suburb",52181,25.5
101365,"Herzing University-Birmingham",2022,64,570,72,21953,153,0.941176470588235,"AL","City/Suburb",53739,25.5
101365,"Herzing University-Birmingham",2021,67,608,69,26887,179,0.93854748603352,"AL","City/Suburb",54466,25.5
101365,"Herzing University-Birmingham",2020,70,612,72,25741,177,0.915254237288136,"AL","City/Suburb",52925,25.5
101365,"Herzing University-Birmingham",2019,71,571,68,26468,69,0.782608695652174,"AL","City/Suburb",55331,25.5
459851,"Herzing University-Brookfield",2023,60,379,63,19425,76,0.907894736842105,"WI","City/Suburb",67563,30
459851,"Herzing University-Brookfield",2022,55,392,60,17553,61,0.950819672131147,"WI","City/Suburb",65909,30
459851,"Herzing University-Brookfield",2021,59,348,53,24051,58,0.913793103448276,"WI","City/Suburb",66830,30
459851,"Herzing University-Brookfield",2020,67,494,55,24852,105,0.933333333333333,"WI","City/Suburb",68053,30
459851,"Herzing University-Brookfield",2019,70,553,56,22336,75,0.813333333333333,"WI","City/Suburb",68191,30
459842,"Herzing University-Kenosha",2023,62,543,69,16286,66,0.893939393939394,"WI","City/Suburb",67563,30
459842,"Herzing University-Kenosha",2022,59,627,67,21126,92,0.934782608695652,"WI","City/Suburb",65909,30
459842,"Herzing University-Kenosha",2021,59,644,61,23393,73,0.931506849315068,"WI","City/Suburb",66830,30
459842,"Herzing University-Kenosha",2020,60,667,58,16952,93,0.913978494623656,"WI","City/Suburb",68053,30
459842,"Herzing University-Kenosha",2019,66,583,54,20435,28,0.571428571428571,"WI","City/Suburb",68191,30
240392,"Herzing University-Madison",2023,67,2181,63,20679,513,0.941520467836257,"WI","City/Suburb",67563,30
240392,"Herzing University-Madison",2022,62,1803,60,22720,435,0.944827586206897,"WI","City/Suburb",65909,30
240392,"Herzing University-Madison",2021,74,1664,52,25595,435,0.942528735632184,"WI","City/Suburb",66830,30
240392,"Herzing University-Madison",2020,81,1647,49,23504,445,0.919101123595506,"WI","City/Suburb",68053,30
240392,"Herzing University-Madison",2019,73,1506,48,23908,127,0.905511811023622,"WI","City/Suburb",68191,30
174154,"Herzing University-Minneapolis",2023,52,748,59,15275,178,0.938202247191011,"MN","City/Suburb",67002,36.7
174154,"Herzing University-Minneapolis",2022,55,808,56,19527,210,0.942857142857143,"MN","City/Suburb",64579,36.7
174154,"Herzing University-Minneapolis",2021,59,750,52,22055,163,0.94478527607362,"MN","City/Suburb",65199,36.7
174154,"Herzing University-Minneapolis",2020,55,620,55,21971,126,0.920634920634921,"MN","City/Suburb",66285,36.7
174154,"Herzing University-Minneapolis",2019,63,514,56,19195,29,0.793103448275862,"MN","City/Suburb",65499,36.7
433536,"Herzing University-New Orleans",2023,72,361,82,20824,46,0.891304347826087,"LA","City/Suburb",49729,24.3
433536,"Herzing University-New Orleans",2022,75,364,81,22996,60,0.95,"LA","City/Suburb",49777,24.3
433536,"Herzing University-New Orleans",2021,80,372,77,24923,34,0.941176470588235,"LA","City/Suburb",52461,24.3
433536,"Herzing University-New Orleans",2020,85,443,74,23121,76,0.921052631578947,"LA","City/Suburb",53334,24.3
433536,"Herzing University-New Orleans",2019,83,431,75,24610,38,0.736842105263158,"LA","City/Suburb",52809,24.3
386472,"Herzing University-Orlando",2023,60,702,80,19644,139,0.899280575539568,"FL","City/Suburb",214692,30.4
386472,"Herzing University-Orlando",2022,59,735,78,22237,175,0.942857142857143,"FL","City/Suburb",217330,30.4
386472,"Herzing University-Orlando",2021,60,728,75,24754,142,0.943661971830986,"FL","City/Suburb",223891,30.4
386472,"Herzing University-Orlando",2020,62,693,69,23379,130,0.923076923076923,"FL","City/Suburb",215797,30.4
386472,"Herzing University-Orlando",2019,62,609,71,23143,33,0.757575757575758,"FL","City/Suburb",213187,30.4
496973,"Herzing University-Tampa",2023,49,237,73,19944,46,0.869565217391304,"FL","City/Suburb",214692,30.4
496973,"Herzing University-Tampa",2022,50,185,73,23557,48,0.9375,"FL","City/Suburb",217330,30.4
198695,"High Point University",2023,11,5006,24,43578,15625,0.768256,"NC","City/Suburb",108252,31.9
198695,"High Point University",2022,12,5036,24,40221,12446,0.788767475494135,"NC","City/Suburb",114167,31.9
198695,"High Point University",2021,11,4910,24,40604,11150,0.802780269058296,"NC","City/Suburb",116514,31.9
198695,"High Point University",2020,10,4628,23,40719,11266,0.770459790520149,"NC","City/Suburb",116615,31.9
198695,"High Point University",2019,11,4591,23,38745,11298,0.737564170649673,"NC","City/Suburb",114284,31.9
191621,"Hilbert College",2023,44,939,63,22224,1310,0.980152671755725,"NY","City/Suburb",211853,37.2
191621,"Hilbert College",2022,46,841,44,16930,1354,0.954948301329394,"NY","City/Suburb",213993,37.2
191621,"Hilbert College",2021,43,728,36,17216,1046,0.926386233269598,"NY","City/Suburb",217586,37.2
191621,"Hilbert College",2020,46,746,36,17397,1086,0.917127071823204,"NY","City/Suburb",209688,37.2
191621,"Hilbert College",2019,50,723,30,15612,1294,0.9258114374034,"NY","City/Suburb",212104,37.2
203128,"Hiram College",2023,32,983,47,21362,1906,0.93389296956978,"OH","Town/Rural",133760,29
203128,"Hiram College",2022,30,1002,58,19384,1896,0.931434599156118,"OH","Town/Rural",133872,29
203128,"Hiram College",2021,40,1315,68,17187,1870,0.934224598930481,"OH","Town/Rural",136945,29
203128,"Hiram College",2020,36,1091,56,20072,1535,0.927687296416938,"OH","Town/Rural",135941,29
203128,"Hiram College",2019,38,1267,58,21976,1815,0.93168044077135,"OH","Town/Rural",135868,29
191630,"Hobart William Smith Colleges",2023,24,1618,35,33172,5560,0.572841726618705,"NY","Town/Rural",211853,37.2
191630,"Hobart William Smith Colleges",2022,23,1559,34,34259,5082,0.683785911058638,"NY","Town/Rural",213993,37.2
191630,"Hobart William Smith Colleges",2021,22,1660,34,34239,3752,0.674307036247335,"NY","Town/Rural",217586,37.2
191630,"Hobart William Smith Colleges",2020,21,1824,29,38247,3931,0.618417705418469,"NY","Town/Rural",209688,37.2
191630,"Hobart William Smith Colleges",2019,20,2061,28,37761,3426,0.660828955049621,"NY","Town/Rural",212104,37.2
367884,"Hodges University",2019,53,834,63,21577,214,0.61214953271028,"FL","City/Suburb",213187,30.4
191649,"Hofstra University",2023,24,6224,52,35687,22890,0.705854084753167,"NY","City/Suburb",211853,37.2
191649,"Hofstra University",2022,23,6110,50,35036,23577,0.693302795096917,"NY","City/Suburb",213993,37.2
191649,"Hofstra University",2021,21,6050,48,33234,24886,0.677569717913686,"NY","City/Suburb",217586,37.2
191649,"Hofstra University",2020,22,6120,46,34011,24062,0.691131244285596,"NY","City/Suburb",209688,37.2
191649,"Hofstra University",2019,22,6498,46,32975,24425,0.684872057318321,"NY","City/Suburb",212104,37.2
232308,"Hollins University",2023,33,673,40,23444,2992,0.70855614973262,"VA","City/Suburb",99497,39.3
232308,"Hollins University",2022,36,691,42,21207,3275,0.723969465648855,"VA","City/Suburb",98780,39.3
232308,"Hollins University",2021,37,713,42,23825,3093,0.747171031361138,"VA","City/Suburb",100147,39.3
232308,"Hollins University",2020,36,687,40,19315,3056,0.807918848167539,"VA","City/Suburb",98970,39.3
232308,"Hollins University",2019,36,668,38,20457,3244,0.712392108508015,"VA","City/Suburb",95710,39.3
150774,"Holy Cross College",2023,29,547,50,24214,1670,0.737125748502994,"IN","City/Suburb",76628,27.1
150774,"Holy Cross College",2022,27,434,46,22650,944,0.761652542372881,"IN","City/Suburb",74897,27.1
150774,"Holy Cross College",2021,29,468,44,20223,626,0.859424920127795,"IN","City/Suburb",78348,27.1
150774,"Holy Cross College",2020,29,455,46,23186,644,0.770186335403727,"IN","City/Suburb",78809,27.1
150774,"Holy Cross College",2019,26,447,45,23829,532,0.93609022556391,"IN","City/Suburb",76144,27.1
212984,"Holy Family University",2023,40,2446,48,13016,2653,0.742178665661515,"PA","City/Suburb",142275,31.8
212984,"Holy Family University",2022,37,2176,43,12379,1986,0.774420946626385,"PA","City/Suburb",139193,31.8
212984,"Holy Family University",2021,37,2171,38,11935,1946,0.770298047276465,"PA","City/Suburb",142186,31.8
212984,"Holy Family University",2020,35,2138,37,15234,1314,0.777016742770167,"PA","City/Suburb",143645,31.8
212984,"Holy Family University",2019,37,2136,40,15294,1403,0.727726300784034,"PA","City/Suburb",143842,31.8
162760,"Hood College",2023,36,1209,48,23462,3287,0.781259507149376,"MD","City/Suburb",69770,40.8
162760,"Hood College",2022,38,1202,45,23624,3000,0.778666666666667,"MD","City/Suburb",69124,40.8
162760,"Hood College",2021,39,1217,42,23755,3192,0.767857142857143,"MD","City/Suburb",71017,40.8
162760,"Hood College",2020,41,1187,43,23775,3425,0.713284671532847,"MD","City/Suburb",67971,40.8
162760,"Hood College",2019,37,1126,43,24567,3513,0.653287788215201,"MD","City/Suburb",68208,40.8
170301,"Hope College",2023,16,3368,22,28643,5206,0.758547829427584,"MI","City/Suburb",108265,29.6
170301,"Hope College",2022,16,3251,22,25800,5152,0.804541925465838,"MI","City/Suburb",103443,29.6
170301,"Hope College",2021,16,3132,20,28688,4172,0.923777564717162,"MI","City/Suburb",107239,29.6
170301,"Hope College",2020,18,3061,18,30320,3907,0.778346557460967,"MI","City/Suburb",108725,29.6
170301,"Hope College",2019,18,3056,18,29248,3748,0.856723585912487,"MI","City/Suburb",112177,29.6
120537,"Hope International University",2023,43,549,73,30514,828,0.353864734299517,"CA","City/Suburb",492544,34.2
120537,"Hope International University",2022,48,590,70,26146,810,0.322222222222222,"CA","City/Suburb",473448,34.2
120537,"Hope International University",2021,49,619,65,18801,723,0.399723374827109,"CA","City/Suburb",467260,34.2
120537,"Hope International University",2020,54,657,63,20470,794,0.382871536523929,"CA","City/Suburb",477479,34.2
120537,"Hope International University",2019,50,633,65,20850,685,0.367883211678832,"CA","City/Suburb",478819,34.2
191676,"Houghton University",2023,34,975,27,22358,1068,0.926966292134832,"NY","Town/Rural",211853,37.2
191676,"Houghton University",2022,39,805,27,21550,974,0.770020533880904,"NY","Town/Rural",213993,37.2
191676,"Houghton University",2021,35,863,27,24502,1008,0.790674603174603,"NY","Town/Rural",217586,37.2
191676,"Houghton University",2020,39,870,25,25410,1004,0.799800796812749,"NY","Town/Rural",209688,37.2
191676,"Houghton University",2019,45,940,26,23992,1005,0.806965174129353,"NY","Town/Rural",212104,37.2
225399,"Houston Christian University",2023,54,2787,82,20530,9021,0.851457709788272,"TX","City/Suburb",385604,30.3
225399,"Houston Christian University",2022,52,2823,81,19515,10258,0.844804055371417,"TX","City/Suburb",375741,30.3
225399,"Houston Christian University",2021,48,2780,79,20089,9685,0.84873515745999,"TX","City/Suburb",377064,30.3
225399,"Houston Christian University",2020,49,2733,78,18782,8723,0.715120944629141,"TX","City/Suburb",372402,30.3
225399,"Houston Christian University",2019,45,2632,77,20436,8904,0.710467205750225,"TX","City/Suburb",364979,30.3
225548,"Howard Payne University",2023,42,768,47,25768,1269,0.676910953506698,"TX","Town/Rural",385604,30.3
225548,"Howard Payne University",2022,38,773,49,24117,1233,0.62287104622871,"TX","Town/Rural",375741,30.3
225548,"Howard Payne University",2021,31,863,48,23603,1333,0.59264816204051,"TX","Town/Rural",377064,30.3
225548,"Howard Payne University",2020,37,981,47,24515,1638,0.485347985347985,"TX","Town/Rural",372402,30.3
225548,"Howard Payne University",2019,32,969,49,23026,1896,0.538502109704641,"TX","Town/Rural",364979,30.3
131520,"Howard University",2023,41,10190,100,30028,30342,0.348922285940281,"DC","City/Suburb",5190,60.4
131520,"Howard University",2022,41,9809,100,28279,19188,0.534344381905357,"DC","City/Suburb",5148,60.4
131520,"Howard University",2021,42,8964,100,26870,29396,0.35249693835896,"DC","City/Suburb",5077,60.4
131520,"Howard University",2020,44,7857,99,23233,24325,0.386351490236382,"DC","City/Suburb",4662,60.4
131520,"Howard University",2019,44,6526,99,21439,21006,0.360754070265638,"DC","City/Suburb",4757,60.4
164368,"Hult International Business School",2023,8,694,96,51986,2268,0.533509700176367,"MA","City/Suburb",78133,44.5
164368,"Hult International Business School",2022,7,682,99,55251,2279,0.47740236946029,"MA","City/Suburb",78514,44.5
164368,"Hult International Business School",2021,6,638,99,48780,1495,0.507023411371237,"MA","City/Suburb",78839,44.5
164368,"Hult International Business School",2020,4,624,98,46763,1887,0.451510333863275,"MA","City/Suburb",79537,44.5
164368,"Hult International Business School",2019,5,761,97,44377,2196,0.433515482695811,"MA","City/Suburb",78060,44.5
101435,"Huntingdon College",2023,39,866,34,22642,2581,0.708252615265401,"AL","City/Suburb",52181,25.5
101435,"Huntingdon College",2022,39,812,33,23662,2573,0.659541391371939,"AL","City/Suburb",53739,25.5
101435,"Huntingdon College",2021,39,839,34,23664,2404,0.693011647254576,"AL","City/Suburb",54466,25.5
101435,"Huntingdon College",2020,41,920,33,22026,2129,0.543917332080789,"AL","City/Suburb",52925,25.5
101435,"Huntingdon College",2019,44,1008,32,21738,2336,0.592893835616438,"AL","City/Suburb",55331,25.5
150941,"Huntington University",2023,29,1286,23,21149,1570,0.711464968152866,"IN","Town/Rural",76628,27.1
150941,"Huntington University",2022,35,1229,16,20066,1098,0.775045537340619,"IN","Town/Rural",74897,27.1
150941,"Huntington University",2021,32,1120,20,21008,1093,0.787740164684355,"IN","Town/Rural",78348,27.1
150941,"Huntington University",2020,32,1150,19,20798,1075,0.776744186046512,"IN","Town/Rural",78809,27.1
150941,"Huntington University",2019,35,1126,18,22333,1137,0.754617414248021,"IN","Town/Rural",76144,27.1
487524,"Husson University",2023,35,2525,17,21101,2543,0.864333464412112,"ME","City/Suburb",14133,31.5
487524,"Husson University",2022,37,2429,16,19978,2542,0.913060582218725,"ME","City/Suburb",13869,31.5
487524,"Husson University",2021,39,2588,17,20197,2802,0.855460385438972,"ME","City/Suburb",14239,31.5
487524,"Husson University",2020,42,2679,16,19342,2301,0.846588439808779,"ME","City/Suburb",14677,31.5
487524,"Husson University",2019,42,2872,17,18524,2529,0.845788849347568,"ME","City/Suburb",15274,31.5
225575,"Huston-Tillotson University",2022,61,987,87,21069,1885,0.519363395225464,"TX","City/Suburb",375741,30.3
225575,"Huston-Tillotson University",2021,67,991,96,11846,1875,0.500266666666667,"TX","City/Suburb",377064,30.3
225575,"Huston-Tillotson University",2020,71,1045,96,14375,1903,0.559642669469259,"TX","City/Suburb",372402,30.3
225575,"Huston-Tillotson University",2019,73,1112,95,16044,2766,0.625090383224873,"TX","City/Suburb",364979,30.3
145691,"Illinois College",2023,35,956,30,17255,3660,0.74672131147541,"IL","Town/Rural",148445,35.1
145691,"Illinois College",2022,39,1028,29,16296,3243,0.7718162195498,"IL","Town/Rural",145439,35.1
145691,"Illinois College",2021,41,1097,26,18914,3522,0.747586598523566,"IL","Town/Rural",150490,35.1
145691,"Illinois College",2020,41,1154,28,17544,3781,0.752446442740016,"IL","Town/Rural",149373,35.1
145691,"Illinois College",2019,43,1057,28,17594,3725,0.780402684563758,"IL","Town/Rural",152277,35.1
145725,"Illinois Institute of Technology",2023,29,3316,69,25001,8912,0.554196588868941,"IL","City/Suburb",148445,35.1
145725,"Illinois Institute of Technology",2022,29,3125,66,28702,7243,0.614386304017672,"IL","City/Suburb",145439,35.1
145725,"Illinois Institute of Technology",2021,30,2998,62,26789,6521,0.661094924091397,"IL","City/Suburb",150490,35.1
145725,"Illinois Institute of Technology",2020,29,3122,63,28161,5033,0.606596463341943,"IL","City/Suburb",149373,35.1
145725,"Illinois Institute of Technology",2019,31,3144,63,26708,5049,0.602297484650426,"IL","City/Suburb",152277,35.1
145813,"Illinois State University",2023,30,18450,34,20871,20884,0.890107259145758,"IL","City/Suburb",148445,35.1
145813,"Illinois State University",2022,30,18055,31,20551,19596,0.862369871402327,"IL","City/Suburb",145439,35.1
145813,"Illinois State University",2021,30,17674,30,21033,11913,0.915386552505666,"IL","City/Suburb",150490,35.1
145813,"Illinois State University",2020,30,17987,29,20933,15487,0.813133595919158,"IL","City/Suburb",149373,35.1
145813,"Illinois State University",2019,30,18250,28,20093,16151,0.819391988112191,"IL","City/Suburb",152277,35.1
145646,"Illinois Wesleyan University",2023,23,1576,34,31310,6128,0.451697127937337,"IL","City/Suburb",148445,35.1
145646,"Illinois Wesleyan University",2022,25,1527,31,30096,4408,0.422186932849365,"IL","City/Suburb",145439,35.1
145646,"Illinois Wesleyan University",2021,24,1653,31,30610,4543,0.452344265903588,"IL","City/Suburb",150490,35.1
145646,"Illinois Wesleyan University",2020,23,1636,30,32545,3896,0.569301848049281,"IL","City/Suburb",149373,35.1
145646,"Illinois Wesleyan University",2019,24,1629,30,28912,3719,0.607959128798064,"IL","City/Suburb",152277,35.1
213011,"Immaculata University",2023,21,1529,28,29499,1958,0.784473953013279,"PA","City/Suburb",142275,31.8
213011,"Immaculata University",2022,23,1496,27,29188,2188,0.697440585009141,"PA","City/Suburb",139193,31.8
213011,"Immaculata University",2021,25,1576,28,28510,2067,0.795839380745041,"PA","City/Suburb",142186,31.8
213011,"Immaculata University",2020,27,1614,29,28952,1958,0.824310520939734,"PA","City/Suburb",143645,31.8
213011,"Immaculata University",2019,26,1503,31,28867,1985,0.81007556675063,"PA","City/Suburb",143842,31.8
151290,"Indiana Institute of Technology",2023,34,1642,59,22148,6187,0.568934863423307,"IN","City/Suburb",76628,27.1
151290,"Indiana Institute of Technology",2022,33,1490,67,22179,5323,0.646627841442795,"IN","City/Suburb",74897,27.1
151290,"Indiana Institute of Technology",2021,39,1522,47,21397,2492,0.65008025682183,"IN","City/Suburb",78348,27.1
151290,"Indiana Institute of Technology",2020,39,1612,47,20470,3396,0.630742049469965,"IN","City/Suburb",78809,27.1
151290,"Indiana Institute of Technology",2019,40,1576,50,18793,3248,0.596366995073892,"IN","City/Suburb",76144,27.1
151324,"Indiana State University",2023,39,6668,32,13321,13601,0.915006249540475,"IN","City/Suburb",76628,27.1
151324,"Indiana State University",2022,38,6965,31,12688,18531,0.923047865738492,"IN","City/Suburb",74897,27.1
151324,"Indiana State University",2021,38,7704,29,13653,12581,0.936809474604562,"IN","City/Suburb",78348,27.1
151324,"Indiana State University",2020,39,8938,31,12903,13477,0.922905691177562,"IN","City/Suburb",78809,27.1
151324,"Indiana State University",2019,41,10214,32,12996,10008,0.89568345323741,"IN","City/Suburb",76144,27.1
213020,"Indiana University of Pennsylvania-Main Campus",2023,36,7432,26,17665,9422,0.912014434302696,"PA","Town/Rural",142275,31.8
213020,"Indiana University of Pennsylvania-Main Campus",2022,36,7038,26,20205,8603,0.919446704637917,"PA","Town/Rural",139193,31.8
213020,"Indiana University of Pennsylvania-Main Campus",2021,35,7333,25,21153,8846,0.94200768709021,"PA","Town/Rural",142186,31.8
213020,"Indiana University of Pennsylvania-Main Campus",2020,38,8002,25,20933,9034,0.931038299756476,"PA","Town/Rural",143645,31.8
213020,"Indiana University of Pennsylvania-Main Campus",2019,37,8491,27,20944,10289,0.93002235397026,"PA","Town/Rural",143842,31.8
151351,"Indiana University-Bloomington",2023,17,36833,34,16282,54279,0.803699404926399,"IN","City/Suburb",76628,27.1
151351,"Indiana University-Bloomington",2022,17,35660,33,16234,50080,0.824121405750799,"IN","City/Suburb",74897,27.1
151351,"Indiana University-Bloomington",2021,18,34253,31,13386,46498,0.850423674136522,"IN","City/Suburb",78348,27.1
151351,"Indiana University-Bloomington",2020,18,32986,31,13191,44129,0.803757166489157,"IN","City/Suburb",78809,27.1
151351,"Indiana University-Bloomington",2019,19,33084,31,13036,42902,0.779101207402918,"IN","City/Suburb",76144,27.1
151388,"Indiana University-East",2023,34,2746,25,9484,1749,0.71240708976558,"IN","Town/Rural",76628,27.1
151388,"Indiana University-East",2022,36,2786,25,8837,1586,0.775535939470366,"IN","Town/Rural",74897,27.1
151388,"Indiana University-East",2021,36,2887,23,8102,1288,0.805124223602484,"IN","Town/Rural",78348,27.1
151388,"Indiana University-East",2020,36,3200,24,8675,1980,0.673232323232323,"IN","Town/Rural",78809,27.1
151388,"Indiana University-East",2019,37,3500,25,7110,2316,0.625215889464594,"IN","Town/Rural",76144,27.1
151111,"Indiana University-Indianapolis",2023,36,17037,41,11592,15715,0.813935730194082,"IN","City/Suburb",76628,27.1
151111,"Indiana University-Indianapolis",2022,36,17727,39,11462,15637,0.828867429813903,"IN","City/Suburb",74897,27.1
151111,"Indiana University-Indianapolis",2021,35,19197,37,11550,15194,0.836119520863499,"IN","City/Suburb",78348,27.1
151111,"Indiana University-Indianapolis",2020,35,20966,35,12345,16220,0.785388409371147,"IN","City/Suburb",78809,27.1
151111,"Indiana University-Indianapolis",2019,36,21173,34,9807,15050,0.807308970099668,"IN","City/Suburb",76144,27.1
151333,"Indiana University-Kokomo",2023,35,2674,26,6459,1953,0.846902201740911,"IN","City/Suburb",76628,27.1
151333,"Indiana University-Kokomo",2022,35,2669,24,6648,1972,0.857505070993915,"IN","City/Suburb",74897,27.1
151333,"Indiana University-Kokomo",2021,36,2817,20,4446,2052,0.903508771929825,"IN","City/Suburb",78348,27.1
151333,"Indiana University-Kokomo",2020,37,3016,20,10066,2319,0.827080638206123,"IN","City/Suburb",78809,27.1
151333,"Indiana University-Kokomo",2019,39,2969,18,8629,2333,0.73639091298757,"IN","City/Suburb",76144,27.1
151360,"Indiana University-Northwest",2023,43,2787,56,5553,2820,0.767021276595745,"IN","City/Suburb",76628,27.1
151360,"Indiana University-Northwest",2022,43,2860,55,6553,1915,0.80313315926893,"IN","City/Suburb",74897,27.1
151360,"Indiana University-Northwest",2021,42,3063,52,5625,1660,0.854819277108434,"IN","City/Suburb",78348,27.1
151360,"Indiana University-Northwest",2020,43,3414,50,5453,2506,0.81683958499601,"IN","City/Suburb",78809,27.1
151360,"Indiana University-Northwest",2019,42,3454,49,6179,2486,0.746178600160901,"IN","City/Suburb",76144,27.1
151342,"Indiana University-South Bend",2023,41,3918,39,8090,2777,0.859920777817789,"IN","City/Suburb",76628,27.1
151342,"Indiana University-South Bend",2022,41,3753,38,8785,2348,0.868824531516184,"IN","City/Suburb",74897,27.1
151342,"Indiana University-South Bend",2021,39,3865,35,8189,2270,0.88942731277533,"IN","City/Suburb",78348,27.1
151342,"Indiana University-South Bend",2020,41,4375,34,9446,2712,0.868731563421829,"IN","City/Suburb",78809,27.1
151342,"Indiana University-South Bend",2019,44,4551,33,8962,2959,0.776951672862453,"IN","City/Suburb",76144,27.1
151379,"Indiana University-Southeast",2023,34,3286,20,8829,2062,0.831231813773036,"IN","City/Suburb",76628,27.1
151379,"Indiana University-Southeast",2022,34,3227,19,8264,1923,0.852314092563702,"IN","City/Suburb",74897,27.1
151379,"Indiana University-Southeast",2021,33,3514,21,6344,2001,0.900549725137431,"IN","City/Suburb",78348,27.1
151379,"Indiana University-Southeast",2020,36,4090,19,10421,2549,0.854060415849353,"IN","City/Suburb",78809,27.1
151379,"Indiana University-Southeast",2019,38,4397,19,9648,2831,0.819145178382197,"IN","City/Suburb",76144,27.1
151801,"Indiana Wesleyan University-Marion",2023,25,2079,19,23364,3035,0.822075782537068,"IN","Town/Rural",76628,27.1
151801,"Indiana Wesleyan University-Marion",2022,26,2236,19,21755,3946,0.867207298530157,"IN","Town/Rural",74897,27.1
151801,"Indiana Wesleyan University-Marion",2021,25,2461,18,22098,3880,0.919072164948454,"IN","Town/Rural",78348,27.1
151801,"Indiana Wesleyan University-Marion",2020,28,2677,17,21827,2942,0.914683888511217,"IN","Town/Rural",78809,27.1
151801,"Indiana Wesleyan University-Marion",2019,28,2762,17,21619,3458,0.845286292654714,"IN","Town/Rural",76144,27.1
187745,"Institute of American Indian and Alaska Native Culture and Arts Development",2023,20,755,87,14334,83,1,"NM","Town/Rural",20718,27.7
187745,"Institute of American Indian and Alaska Native Culture and Arts Development",2022,23,800,87,13872,82,1,"NM","Town/Rural",20683,27.7
187745,"Institute of American Indian and Alaska Native Culture and Arts Development",2021,24,742,86,15614,61,1,"NM","Town/Rural",20434,27.7
187745,"Institute of American Indian and Alaska Native Culture and Arts Development",2020,38,649,92,14659,81,1,"NM","Town/Rural",20968,27.7
187745,"Institute of American Indian and Alaska Native Culture and Arts Development",2019,36,557,88,13881,169,1,"NM","Town/Rural",21861,27.7
191931,"Iona University",2023,26,3134,49,28557,7289,0.911373302236246,"NY","City/Suburb",211853,37.2
191931,"Iona University",2022,27,3032,48,28827,6228,0.964033397559409,"NY","City/Suburb",213993,37.2
191931,"Iona University",2021,28,2994,48,28596,6625,0.925584905660377,"NY","City/Suburb",217586,37.2
191931,"Iona University",2020,31,2959,55,29103,10319,0.859482507994961,"NY","City/Suburb",209688,37.2
191931,"Iona University",2019,32,2981,53,28135,9965,0.841144004014049,"NY","City/Suburb",212104,37.2
153603,"Iowa State University",2023,18,25332,23,17354,22995,0.891324200913242,"IA","City/Suburb",36870,29
153603,"Iowa State University",2022,19,25241,23,15310,21919,0.902230941192573,"IA","City/Suburb",36521,29
153603,"Iowa State University",2021,20,25808,23,15422,20357,0.911234464803262,"IA","City/Suburb",37097,29
153603,"Iowa State University",2020,20,26843,24,16105,20223,0.884240716016417,"IA","City/Suburb",36359,29
153603,"Iowa State University",2019,21,28294,25,15195,18246,0.920530527238847,"IA","City/Suburb",36735,29
191968,"Ithaca College",2023,19,4368,28,34297,12007,0.699425335221121,"NY","City/Suburb",211853,37.2
191968,"Ithaca College",2022,19,4619,28,35858,12446,0.751968503937008,"NY","City/Suburb",213993,37.2
191968,"Ithaca College",2021,20,4818,28,35327,13445,0.777314986984009,"NY","City/Suburb",217586,37.2
191968,"Ithaca College",2020,19,4957,28,35904,12906,0.756779792344646,"NY","City/Suburb",209688,37.2
191968,"Ithaca College",2019,20,5852,28,34942,14192,0.727593010146561,"NY","City/Suburb",212104,37.2
175856,"Jackson State University",2023,68,4769,98,19892,14141,0.910331659712892,"MS","City/Suburb",32572,23.2
175856,"Jackson State University",2022,65,4927,98,15292,12583,0.886354605420011,"MS","City/Suburb",32131,23.2
175856,"Jackson State University",2021,69,4763,98,15477,7889,0.62111801242236,"MS","City/Suburb",32865,23.2
175856,"Jackson State University",2020,71,4668,97,14915,9551,0.899801067951,"MS","City/Suburb",32110,23.2
175856,"Jackson State University",2019,70,5152,97,14050,8396,0.675202477370176,"MS","City/Suburb",32601,23.2
101480,"Jacksonville State University",2023,43,8378,39,14511,12008,0.76215856095936,"AL","City/Suburb",52181,25.5
101480,"Jacksonville State University",2022,44,8310,38,11953,12570,0.784645982498011,"AL","City/Suburb",53739,25.5
101480,"Jacksonville State University",2021,41,8067,37,13426,10483,0.763426500047696,"AL","City/Suburb",54466,25.5
101480,"Jacksonville State University",2020,40,7747,33,13616,10932,0.636937431394072,"AL","City/Suburb",52925,25.5
101480,"Jacksonville State University",2019,38,7749,31,10689,10187,0.547855109453225,"AL","City/Suburb",55331,25.5
134945,"Jacksonville University",2023,30,2662,47,25745,8879,0.572924878927807,"FL","City/Suburb",214692,30.4
134945,"Jacksonville University",2022,32,2563,49,26943,9119,0.576927294659502,"FL","City/Suburb",217330,30.4
134945,"Jacksonville University",2021,32,2646,49,23503,7997,0.776166062273352,"FL","City/Suburb",223891,30.4
134945,"Jacksonville University",2020,31,2771,51,24502,7354,0.777400054392168,"FL","City/Suburb",215797,30.4
134945,"Jacksonville University",2019,30,2928,50,24020,5139,0.91690990465071,"FL","City/Suburb",213187,30.4
232423,"James Madison University",2023,17,21006,26,26317,35750,0.762461538461538,"VA","City/Suburb",99497,39.3
232423,"James Madison University",2022,14,20346,25,18274,30727,0.783089790737788,"VA","City/Suburb",98780,39.3
232423,"James Madison University",2021,14,20070,25,18528,21176,0.86253305629014,"VA","City/Suburb",100147,39.3
232423,"James Madison University",2020,14,19727,25,18592,23922,0.804907616420032,"VA","City/Suburb",98970,39.3
232423,"James Madison University",2019,15,19895,25,18708,23579,0.767547393867424,"VA","City/Suburb",95710,39.3
192040,"Jewish Theological Seminary of America",2023,5,172,20,54588,142,0.450704225352113,"NY","City/Suburb",211853,37.2
192040,"Jewish Theological Seminary of America",2022,6,149,16,61379,132,0.507575757575758,"NY","City/Suburb",213993,37.2
192040,"Jewish Theological Seminary of America",2021,6,144,15,50279,117,0.504273504273504,"NY","City/Suburb",217586,37.2
192040,"Jewish Theological Seminary of America",2020,7,133,20,51387,108,0.583333333333333,"NY","City/Suburb",209688,37.2
192040,"Jewish Theological Seminary of America",2019,6,144,25,50088,116,0.594827586206897,"NY","City/Suburb",212104,37.2
107141,"John Brown University",2023,21,1882,31,21464,1545,0.676375404530744,"AR","Town/Rural",33693,23.3
107141,"John Brown University",2022,23,1801,30,20997,1490,0.566442953020134,"AR","Town/Rural",33705,23.3
107141,"John Brown University",2021,25,1774,28,18298,1604,0.528678304239402,"AR","Town/Rural",34604,23.3
107141,"John Brown University",2020,27,1820,28,21578,1422,0.588607594936709,"AR","Town/Rural",34014,23.3
107141,"John Brown University",2019,29,1777,26,21912,1176,0.75765306122449,"AR","Town/Rural",33531,23.3
203368,"John Carroll University",2023,20,2287,19,30790,4238,0.810995752713544,"OH","City/Suburb",133760,29
203368,"John Carroll University",2022,19,2417,17,30496,4310,0.823665893271462,"OH","City/Suburb",133872,29
203368,"John Carroll University",2021,19,2660,15,28661,3817,0.881058422845166,"OH","City/Suburb",136945,29
203368,"John Carroll University",2020,20,2771,13,28805,3610,0.878393351800554,"OH","City/Suburb",135941,29
203368,"John Carroll University",2019,21,3017,16,27260,3782,0.863299841353781,"OH","City/Suburb",135868,29
462354,"John Paul the Great Catholic University",2023,38,298,61,31811,280,0.792857142857143,"CA","City/Suburb",492544,34.2
462354,"John Paul the Great Catholic University",2022,38,300,56,31354,387,0.795865633074935,"CA","City/Suburb",473448,34.2
462354,"John Paul the Great Catholic University",2021,39,292,57,28787,279,0.788530465949821,"CA","City/Suburb",467260,34.2
462354,"John Paul the Great Catholic University",2020,36,274,54,33730,310,0.767741935483871,"CA","City/Suburb",477479,34.2
462354,"John Paul the Great Catholic University",2019,33,272,56,30581,350,0.728571428571429,"CA","City/Suburb",478819,34.2
162928,"Johns Hopkins University",2023,20,6089,78,22844,38926,0.0756049940913528,"MD","City/Suburb",69770,40.8
162928,"Johns Hopkins University",2022,18,6044,78,24034,37844,0.0751770425959201,"MD","City/Suburb",69124,40.8
162928,"Johns Hopkins University",2021,17,6132,74,20680,39515,0.0752119448310768,"MD","City/Suburb",71017,40.8
162928,"Johns Hopkins University",2020,15,6331,72,25241,30115,0.110576124854724,"MD","City/Suburb",67971,40.8
162928,"Johns Hopkins University",2019,14,6256,70,28999,31139,0.111660618516972,"MD","City/Suburb",68208,40.8
445708,"Johnson & Wales University-Charlotte",2023,52,1128,66,29481,4677,0.752833012614924,"NC","City/Suburb",108252,31.9
445708,"Johnson & Wales University-Charlotte",2022,54,1140,68,29238,4727,0.73323460968902,"NC","City/Suburb",114167,31.9
445708,"Johnson & Wales University-Charlotte",2021,57,1262,67,27462,4480,0.8234375,"NC","City/Suburb",116514,31.9
445708,"Johnson & Wales University-Charlotte",2020,59,1391,67,26732,3920,0.822704081632653,"NC","City/Suburb",116615,31.9
445708,"Johnson & Wales University-Charlotte",2019,59,1523,69,24272,3534,0.845500848896435,"NC","City/Suburb",114284,31.9
460349,"Johnson & Wales University-Online",2023,36,1990,53,18265,446,0.542600896860987,"RI","City/Suburb",11503,34.4
460349,"Johnson & Wales University-Online",2022,43,1843,55,20242,400,0.675,"RI","City/Suburb",11411,34.4
460349,"Johnson & Wales University-Online",2021,43,1571,53,21414,275,0.454545454545455,"RI","City/Suburb",11480,34.4
460349,"Johnson & Wales University-Online",2020,47,1318,50,18929,211,0.364928909952607,"RI","City/Suburb",11395,34.4
460349,"Johnson & Wales University-Online",2019,49,1070,48,18499,85,0.411764705882353,"RI","City/Suburb",10892,34.4
217235,"Johnson & Wales University-Providence",2023,30,3952,40,33480,8841,0.837009388078272,"RI","City/Suburb",11503,34.4
217235,"Johnson & Wales University-Providence",2022,33,4158,42,32801,8265,0.834119782214156,"RI","City/Suburb",11411,34.4
217235,"Johnson & Wales University-Providence",2021,35,4645,43,30715,9658,0.881963139366328,"RI","City/Suburb",11480,34.4
217235,"Johnson & Wales University-Providence",2020,37,5120,43,29560,10145,0.865056678166584,"RI","City/Suburb",11395,34.4
217235,"Johnson & Wales University-Providence",2019,37,6123,44,28001,11668,0.92723688721289,"RI","City/Suburb",10892,34.4
198756,"Johnson C Smith University",2023,68,1058,99,19326,4273,0.428738591153756,"NC","City/Suburb",108252,31.9
198756,"Johnson C Smith University",2022,71,1052,99,20045,2306,0.252818733738075,"NC","City/Suburb",114167,31.9
198756,"Johnson C Smith University",2021,72,1122,99,14000,2634,0.445330296127563,"NC","City/Suburb",116514,31.9
198756,"Johnson C Smith University",2020,74,1253,99,20468,7160,0.492039106145251,"NC","City/Suburb",116615,31.9
198756,"Johnson C Smith University",2019,74,1435,98,18655,6168,0.469844357976654,"NC","City/Suburb",114284,31.9
220473,"Johnson University",2023,38,708,22,20713,610,0.537704918032787,"TN","Town/Rural",72084,27.5
220473,"Johnson University",2022,42,669,17,21012,443,0.632054176072235,"TN","Town/Rural",71347,27.5
220473,"Johnson University",2021,43,658,17,19985,304,0.80921052631579,"TN","Town/Rural",72685,27.5
220473,"Johnson University",2020,43,720,16,18292,573,0.549738219895288,"TN","Town/Rural",73281,27.5
220473,"Johnson University",2019,43,725,15,18921,398,0.532663316582915,"TN","Town/Rural",72802,27.5
132879,"Johnson University Florida",2023,46,136,78,21149,283,0.23321554770318,"FL","City/Suburb",214692,30.4
132879,"Johnson University Florida",2022,64,155,72,20191,174,0.793103448275862,"FL","City/Suburb",217330,30.4
132879,"Johnson University Florida",2021,64,149,64,15269,164,0.420731707317073,"FL","City/Suburb",223891,30.4
132879,"Johnson University Florida",2020,65,160,58,19291,193,0.373056994818653,"FL","City/Suburb",215797,30.4
132879,"Johnson University Florida",2019,62,182,53,17242,371,0.307277628032345,"FL","City/Suburb",213187,30.4
146339,"Judson University",2023,40,793,63,21331,873,0.631156930126002,"IL","City/Suburb",148445,35.1
146339,"Judson University",2022,33,798,61,19268,1153,0.581960104076323,"IL","City/Suburb",145439,35.1
146339,"Judson University",2021,41,932,61,18266,984,0.623983739837398,"IL","City/Suburb",150490,35.1
146339,"Judson University",2020,42,954,60,16039,970,0.570103092783505,"IL","City/Suburb",149373,35.1
146339,"Judson University",2019,43,1046,55,18641,1713,0.385288966725044,"IL","City/Suburb",152277,35.1
213251,"Juniata College",2023,26,1212,33,28925,2917,0.716489544052108,"PA","Town/Rural",142275,31.8
213251,"Juniata College",2022,23,1179,31,29926,2563,0.761607491221225,"PA","Town/Rural",139193,31.8
213251,"Juniata College",2021,26,1259,29,26493,2753,0.744278968398111,"PA","Town/Rural",142186,31.8
213251,"Juniata College",2020,26,1303,26,24524,2757,0.674646354733406,"PA","Town/Rural",143645,31.8
213251,"Juniata College",2019,24,1409,26,26844,2344,0.707764505119454,"PA","Town/Rural",143842,31.8
170532,"Kalamazoo College",2023,23,1196,40,26050,3656,0.762308533916849,"MI","City/Suburb",108265,29.6
170532,"Kalamazoo College",2022,24,1210,40,26981,3702,0.792544570502431,"MI","City/Suburb",103443,29.6
170532,"Kalamazoo College",2021,25,1241,40,27395,3350,0.795820895522388,"MI","City/Suburb",107239,29.6
170532,"Kalamazoo College",2020,26,1451,42,27596,3456,0.743344907407407,"MI","City/Suburb",108725,29.6
170532,"Kalamazoo College",2019,23,1286,45,26480,3576,0.759507829977629,"MI","City/Suburb",112177,29.6
177746,"Kansas City Art Institute",2023,42,789,38,30142,1097,0.603463992707384,"MO","City/Suburb",67773,29.5
177746,"Kansas City Art Institute",2022,43,738,38,29373,990,0.584848484848485,"MO","City/Suburb",66781,29.5
177746,"Kansas City Art Institute",2021,46,726,39,27274,897,0.599777034559643,"MO","City/Suburb",66906,29.5
177746,"Kansas City Art Institute",2020,43,698,35,29566,1005,0.591044776119403,"MO","City/Suburb",67892,29.5
177746,"Kansas City Art Institute",2019,45,699,34,30747,1015,0.56551724137931,"MO","City/Suburb",68482,29.5
155399,"Kansas State University",2023,19,15113,21,18745,13437,0.793555109027313,"KS","City/Suburb",36832,33.8
155399,"Kansas State University",2022,20,15046,21,18855,9706,0.951370286420771,"KS","City/Suburb",36624,33.8
155399,"Kansas State University",2021,20,15619,21,19874,9822,0.956118916717573,"KS","City/Suburb",36149,33.8
155399,"Kansas State University",2020,22,16257,21,18494,9208,0.941463944396177,"KS","City/Suburb",35923,33.8
155399,"Kansas State University",2019,23,17210,22,18103,8277,0.953727195843905,"KS","City/Suburb",35979,33.8
155414,"Kansas Wesleyan University",2023,41,899,43,23419,1831,0.849808847624249,"KS","Town/Rural",36832,33.8
155414,"Kansas Wesleyan University",2022,43,791,42,22617,1356,0.696165191740413,"KS","Town/Rural",36624,33.8
155414,"Kansas Wesleyan University",2021,44,760,44,23803,1740,0.676436781609195,"KS","Town/Rural",36149,33.8
155414,"Kansas Wesleyan University",2020,40,749,40,24196,1293,0.617942768754834,"KS","Town/Rural",35923,33.8
155414,"Kansas Wesleyan University",2019,47,653,36,21831,1242,0.606280193236715,"KS","Town/Rural",35979,33.8
185262,"Kean University",2023,46,11234,75,11593,12142,0.768818975457091,"NJ","City/Suburb",104131,40.8
185262,"Kean University",2022,47,10845,74,10747,10485,0.826037195994277,"NJ","City/Suburb",107755,40.8
185262,"Kean University",2021,46,10573,72,16276,9048,0.791556145004421,"NJ","City/Suburb",109108,40.8
185262,"Kean University",2020,47,11686,70,17401,10138,0.780528703886368,"NJ","City/Suburb",109961,40.8
185262,"Kean University",2019,48,12120,70,17490,9540,0.685639412997904,"NJ","City/Suburb",113367,40.8
183062,"Keene State College",2023,24,2718,16,20405,4666,0.890912987569653,"NH","Town/Rural",15434,36.8
183062,"Keene State College",2022,25,2737,17,19546,4487,0.895252952975262,"NH","Town/Rural",15352,36.8
183062,"Keene State College",2021,24,2964,18,20058,4796,0.88094245204337,"NH","Town/Rural",15187,36.8
183062,"Keene State College",2020,24,3096,19,20038,5343,0.906606775219914,"NH","Town/Rural",14958,36.8
183062,"Keene State College",2019,25,3378,18,19805,4978,0.88388911209321,"NH","Town/Rural",15466,36.8
135081,"Keiser University-Ft Lauderdale",2023,58,17634,79,33865,3375,0.974222222222222,"FL","City/Suburb",214692,30.4
135081,"Keiser University-Ft Lauderdale",2022,50,16960,76,35346,3742,0.965259219668626,"FL","City/Suburb",217330,30.4
135081,"Keiser University-Ft Lauderdale",2021,55,17990,74,31984,4120,0.960679611650485,"FL","City/Suburb",223891,30.4
135081,"Keiser University-Ft Lauderdale",2020,59,18146,70,31371,4678,0.97199657973493,"FL","City/Suburb",215797,30.4
486840,"Kennesaw State University",2023,35,40509,57,17566,23138,0.691848906560636,"GA","City/Suburb",126146,31.9
486840,"Kennesaw State University",2022,36,38927,54,18079,21106,0.678480053065479,"GA","City/Suburb",122695,31.9
486840,"Kennesaw State University",2021,35,38891,52,18245,20806,0.815870421993656,"GA","City/Suburb",124712,31.9
486840,"Kennesaw State University",2020,34,37390,50,18586,18601,0.831138110854255,"GA","City/Suburb",126126,31.9
486840,"Kennesaw State University",2019,35,34499,46,17175,15691,0.752214645338092,"GA","City/Suburb",121897,31.9
203517,"Kent State University at Kent",2023,27,20485,25,20333,22365,0.86648781578359,"OH","City/Suburb",133760,29
203517,"Kent State University at Kent",2022,27,20418,25,19046,20369,0.880210123226472,"OH","City/Suburb",133872,29
203517,"Kent State University at Kent",2021,28,21133,25,18947,19881,0.87314521402344,"OH","City/Suburb",136945,29
203517,"Kent State University at Kent",2020,30,21621,25,19034,18085,0.844290848769699,"OH","City/Suburb",135941,29
203517,"Kent State University at Kent",2019,30,22262,25,18643,16308,0.855408388520971,"OH","City/Suburb",135868,29
157100,"Kentucky Christian University",2023,37,503,40,22209,747,0.623828647925033,"KY","Town/Rural",49328,24.8
157100,"Kentucky Christian University",2022,40,577,51,22682,606,0.443894389438944,"KY","Town/Rural",49640,24.8
157100,"Kentucky Christian University",2021,42,603,32,23027,1139,0.576821773485514,"KY","Town/Rural",50879,24.8
157100,"Kentucky Christian University",2020,37,600,45,20608,1559,0.282873636946761,"KY","Town/Rural",51547,24.8
157100,"Kentucky Christian University",2019,43,630,43,19136,1083,0.403508771929825,"KY","Town/Rural",51210,24.8
157030,"Kentucky Mountain Bible College",2023,55,87,16,11160,42,0.357142857142857,"KY","Town/Rural",49328,24.8
157030,"Kentucky Mountain Bible College",2022,58,78,15,9885,60,0.45,"KY","Town/Rural",49640,24.8
157030,"Kentucky Mountain Bible College",2021,56,81,11,12732,56,0.482142857142857,"KY","Town/Rural",50879,24.8
157030,"Kentucky Mountain Bible College",2020,56,87,15,8452,66,0.393939393939394,"KY","Town/Rural",51547,24.8
157030,"Kentucky Mountain Bible College",2019,52,72,12,9759,85,0.482352941176471,"KY","Town/Rural",51210,24.8
157058,"Kentucky State University",2023,57,1546,92,9672,2001,0.925537231384308,"KY","Town/Rural",49328,24.8
157058,"Kentucky State University",2022,47,1610,93,11473,2870,0.914982578397213,"KY","Town/Rural",49640,24.8
157058,"Kentucky State University",2021,46,2135,93,7492,2779,0.932349766102915,"KY","Town/Rural",50879,24.8
157058,"Kentucky State University",2020,45,2148,92,7254,3377,0.83979863784424,"KY","Town/Rural",51547,24.8
157058,"Kentucky State University",2019,49,2029,89,7363,2186,0.806495882891125,"KY","Town/Rural",51210,24.8
157076,"Kentucky Wesleyan College",2023,42,834,36,20867,2009,0.669985067197611,"KY","City/Suburb",49328,24.8
157076,"Kentucky Wesleyan College",2022,45,813,33,20735,1434,0.685495118549512,"KY","City/Suburb",49640,24.8
157076,"Kentucky Wesleyan College",2021,43,811,32,22351,1361,0.672299779573843,"KY","City/Suburb",50879,24.8
157076,"Kentucky Wesleyan College",2020,43,887,34,19348,1771,0.601919819311124,"KY","City/Suburb",51547,24.8
157076,"Kentucky Wesleyan College",2019,48,863,32,17912,1693,0.624335499113999,"KY","City/Suburb",51210,24.8
203535,"Kenyon College",2023,10,2184,42,44470,8218,0.307130688732052,"OH","Town/Rural",133760,29
203535,"Kenyon College",2022,10,1885,34,43044,8116,0.343026121241991,"OH","Town/Rural",133872,29
203535,"Kenyon College",2021,10,1875,31,38927,7601,0.365478226549138,"OH","Town/Rural",136945,29
203535,"Kenyon College",2020,9,1615,32,40862,6614,0.368914423949199,"OH","Town/Rural",135941,29
203535,"Kenyon College",2019,10,1750,29,37940,6662,0.340888622035425,"OH","Town/Rural",135868,29
461847,"Keser Torah-Mayan Hatalmud",2023,19,59,20,11708,7,0.714285714285714,"NJ","City/Suburb",104131,40.8
461847,"Keser Torah-Mayan Hatalmud",2022,32,54,19,5440,16,0.8125,"NJ","City/Suburb",107755,40.8
461847,"Keser Torah-Mayan Hatalmud",2021,27,66,9,7950,19,0.789473684210526,"NJ","City/Suburb",109108,40.8
461847,"Keser Torah-Mayan Hatalmud",2020,27,88,5,9885,16,0.9375,"NJ","City/Suburb",109961,40.8
461847,"Keser Torah-Mayan Hatalmud",2019,21,89,2,10059,10,0.9,"NJ","City/Suburb",113367,40.8
203544,"Kettering College",2023,24,639,42,4048,140,0.828571428571429,"OH","City/Suburb",133760,29
203544,"Kettering College",2022,29,645,40,16398,587,0.34412265758092,"OH","City/Suburb",133872,29
203544,"Kettering College",2021,25,617,28,20366,423,0.252955082742317,"OH","City/Suburb",136945,29
203544,"Kettering College",2020,27,566,23,18309,554,0.212996389891697,"OH","City/Suburb",135941,29
203544,"Kettering College",2019,27,615,21,18087,447,0.221476510067114,"OH","City/Suburb",135868,29
169983,"Kettering University",2023,17,1290,24,33616,1951,0.79087647360328,"MI","City/Suburb",108265,29.6
169983,"Kettering University",2022,18,1422,23,34486,1823,0.807460230389468,"MI","City/Suburb",103443,29.6
169983,"Kettering University",2021,18,1516,22,34760,1777,0.855936972425436,"MI","City/Suburb",107239,29.6
169983,"Kettering University",2020,20,1659,23,34713,1975,0.74126582278481,"MI","City/Suburb",108725,29.6
169983,"Kettering University",2019,20,1799,25,39255,2262,0.729885057471264,"MI","City/Suburb",112177,29.6
192192,"Keuka College",2023,44,922,19,26153,1780,0.93876404494382,"NY","Town/Rural",211853,37.2
192192,"Keuka College",2022,43,985,20,28397,1734,0.927912341407151,"NY","Town/Rural",213993,37.2
192192,"Keuka College",2021,40,1119,21,27323,1619,0.936380481778876,"NY","Town/Rural",217586,37.2
192192,"Keuka College",2020,44,1301,21,26126,2025,0.909135802469136,"NY","Town/Rural",209688,37.2
192192,"Keuka College",2019,45,1529,23,25402,2213,0.858111161319476,"NY","Town/Rural",212104,37.2
213303,"Keystone College",2023,45,978,36,21461,1789,0.795975405254332,"PA","City/Suburb",142275,31.8
213303,"Keystone College",2022,61,1060,35,15559,1572,0.806615776081425,"PA","City/Suburb",139193,31.8
213303,"Keystone College",2021,50,1171,40,18692,1501,0.82145236508994,"PA","City/Suburb",142186,31.8
213303,"Keystone College",2020,56,1324,41,25268,1698,0.787396937573616,"PA","City/Suburb",143645,31.8
213303,"Keystone College",2019,55,1288,36,25913,2051,0.787420770355924,"PA","City/Suburb",143842,31.8
220516,"King University",2023,42,1076,29,23282,1195,0.543933054393305,"TN","City/Suburb",72084,27.5
220516,"King University",2022,42,1120,20,22626,875,0.608,"TN","City/Suburb",71347,27.5
220516,"King University",2021,42,1356,20,22029,831,0.661853188929001,"TN","City/Suburb",72685,27.5
220516,"King University",2020,48,1435,18,22020,781,0.60179257362356,"TN","City/Suburb",73281,27.5
220516,"King University",2019,49,1603,20,22098,949,0.620653319283456,"TN","City/Suburb",72802,27.5
213321,"King's College",2023,27,1590,26,25608,3206,0.932002495321273,"PA","City/Suburb",142275,31.8
213321,"King's College",2022,26,1671,26,25869,3216,0.959888059701492,"PA","City/Suburb",139193,31.8
213321,"King's College",2021,27,1831,27,27313,3079,0.958428061058785,"PA","City/Suburb",142186,31.8
213321,"King's College",2020,24,2059,29,27561,3160,0.866139240506329,"PA","City/Suburb",143645,31.8
213321,"King's College",2019,27,2231,31,26791,4176,0.809386973180077,"PA","City/Suburb",143842,31.8
146427,"Knox College",2023,30,1001,52,25524,4136,0.711315280464217,"IL","Town/Rural",148445,35.1
146427,"Knox College",2022,30,1058,51,26882,2987,0.733177100770003,"IL","Town/Rural",145439,35.1
146427,"Knox College",2021,32,1156,50,25476,3061,0.702384841555047,"IL","Town/Rural",150490,35.1
146427,"Knox College",2020,32,1154,50,23266,3104,0.708440721649485,"IL","Town/Rural",149373,35.1
146427,"Knox College",2019,34,1258,54,23476,3397,0.683249926405652,"IL","Town/Rural",152277,35.1
213349,"Kutztown University of Pennsylvania",2023,31,6420,29,21856,8170,0.948347613219094,"PA","Town/Rural",142275,31.8
213349,"Kutztown University of Pennsylvania",2022,31,6497,28,20776,7248,0.961368653421634,"PA","Town/Rural",139193,31.8
213349,"Kutztown University of Pennsylvania",2021,32,6695,28,22418,6698,0.97252911316811,"PA","Town/Rural",142186,31.8
213349,"Kutztown University of Pennsylvania",2020,33,6945,27,21673,6830,0.931918008784773,"PA","Town/Rural",143645,31.8
213349,"Kutztown University of Pennsylvania",2019,35,7200,26,22401,6854,0.899182958856142,"PA","Town/Rural",143842,31.8
171881,"Kuyper College",2023,32,153,46,27708,195,0.338461538461538,"MI","City/Suburb",108265,29.6
171881,"Kuyper College",2022,34,79,37,18853,37,0.756756756756757,"MI","City/Suburb",103443,29.6
171881,"Kuyper College",2021,36,114,51,19920,106,0.688679245283019,"MI","City/Suburb",107239,29.6
171881,"Kuyper College",2020,37,140,44,19266,128,0.59375,"MI","City/Suburb",108725,29.6
171881,"Kuyper College",2019,34,137,39,20296,100,0.62,"MI","City/Suburb",112177,29.6
213358,"La Roche University",2023,14,2300,51,24638,2063,0.776054289869123,"PA","City/Suburb",142275,31.8
213358,"La Roche University",2022,36,1739,72,24233,3222,0.973618870266915,"PA","City/Suburb",139193,31.8
213358,"La Roche University",2021,37,934,40,23334,1444,0.981301939058172,"PA","City/Suburb",142186,31.8
213358,"La Roche University",2020,36,1085,39,23932,1846,0.689057421451788,"PA","City/Suburb",143645,31.8
213358,"La Roche University",2019,36,1241,39,21679,1220,0.994262295081967,"PA","City/Suburb",143842,31.8
213367,"La Salle University",2023,33,2426,61,20119,4845,0.861919504643963,"PA","City/Suburb",142275,31.8
213367,"La Salle University",2022,37,2773,56,17552,5214,0.942462600690449,"PA","City/Suburb",139193,31.8
213367,"La Salle University",2021,38,2746,53,24130,5818,0.813509797181162,"PA","City/Suburb",142186,31.8
213367,"La Salle University",2020,38,3293,49,25401,6151,0.763453097057389,"PA","City/Suburb",143645,31.8
213367,"La Salle University",2019,40,3665,50,25059,6414,0.777050202681634,"PA","City/Suburb",143842,31.8
117627,"La Sierra University",2023,47,1244,90,28076,2238,0.932975871313673,"CA","City/Suburb",492544,34.2
117627,"La Sierra University",2022,46,1263,90,25076,1821,0.952773201537617,"CA","City/Suburb",473448,34.2
117627,"La Sierra University",2021,44,1351,88,25230,2726,0.660674981658107,"CA","City/Suburb",467260,34.2
117627,"La Sierra University",2020,47,1577,89,24891,5113,0.569724232348915,"CA","City/Suburb",477479,34.2
117627,"La Sierra University",2019,49,1743,88,25414,5399,0.551954065567698,"CA","City/Suburb",478819,34.2
165264,"Laboure College of Healthcare",2021,37,1038,63,33180,4,0.75,"MA","City/Suburb",78839,44.5
165264,"Laboure College of Healthcare",2019,37,988,58,27743,24,0.208333333333333,"MA","City/Suburb",78060,44.5
213385,"Lafayette College",2023,10,2764,32,34728,9874,0.314664776179866,"PA","City/Suburb",142275,31.8
213385,"Lafayette College",2022,9,2729,32,37186,10500,0.336285714285714,"PA","City/Suburb",139193,31.8
213385,"Lafayette College",2021,11,2725,32,38754,8262,0.407407407407407,"PA","City/Suburb",142186,31.8
213385,"Lafayette College",2020,12,2514,34,28735,8215,0.355690809494827,"PA","City/Suburb",143645,31.8
213385,"Lafayette College",2019,11,2662,35,26810,8521,0.314751789696045,"PA","City/Suburb",143842,31.8
140234,"LaGrange College",2023,44,582,39,24564,1457,0.632120796156486,"GA","Town/Rural",126146,31.9
140234,"LaGrange College",2022,40,607,43,21557,1414,0.591230551626591,"GA","Town/Rural",122695,31.9
140234,"LaGrange College",2021,40,583,36,21890,1271,0.74822974036192,"GA","Town/Rural",124712,31.9
140234,"LaGrange College",2020,42,750,31,23185,1624,0.596674876847291,"GA","Town/Rural",126126,31.9
140234,"LaGrange College",2019,43,872,29,20612,1686,0.488137603795967,"GA","Town/Rural",121897,31.9
117168,"Laguna College of Art and Design",2023,31,776,56,44285,268,0.776119402985075,"CA","Town/Rural",492544,34.2
117168,"Laguna College of Art and Design",2022,33,729,54,42896,361,0.883656509695291,"CA","Town/Rural",473448,34.2
117168,"Laguna College of Art and Design",2021,36,735,53,40669,581,0.833046471600688,"CA","Town/Rural",467260,34.2
117168,"Laguna College of Art and Design",2020,37,732,52,37560,439,0.829157175398633,"CA","Town/Rural",477479,34.2
117168,"Laguna College of Art and Design",2019,37,784,52,37801,431,0.809744779582367,"CA","Town/Rural",478819,34.2
203580,"Lake Erie College",2023,29,744,45,22322,1193,0.641240569991618,"OH","City/Suburb",133760,29
203580,"Lake Erie College",2022,34,738,37,22678,1085,0.541013824884793,"OH","City/Suburb",133872,29
203580,"Lake Erie College",2021,35,726,36,21347,1164,0.547250859106529,"OH","City/Suburb",136945,29
203580,"Lake Erie College",2020,37,759,36,21425,1165,0.639484978540773,"OH","City/Suburb",135941,29
203580,"Lake Erie College",2019,34,833,32,20254,1499,0.57371581054036,"OH","City/Suburb",135868,29
146481,"Lake Forest College",2023,35,1796,53,29894,4811,0.594055289960507,"IL","City/Suburb",148445,35.1
146481,"Lake Forest College",2022,35,1727,52,27839,4665,0.597213290460879,"IL","City/Suburb",145439,35.1
146481,"Lake Forest College",2021,36,1661,52,25126,4358,0.644332262505737,"IL","City/Suburb",150490,35.1
146481,"Lake Forest College",2020,33,1558,51,26968,4482,0.576082106202588,"IL","City/Suburb",149373,35.1
146481,"Lake Forest College",2019,34,1538,45,26148,4739,0.552015193078709,"IL","City/Suburb",152277,35.1
170639,"Lake Superior State University",2023,29,1669,28,14345,2473,0.680145572179539,"MI","Town/Rural",108265,29.6
170639,"Lake Superior State University",2022,30,1655,68,14336,2408,0.769102990033223,"MI","Town/Rural",103443,29.6
170639,"Lake Superior State University",2021,30,1812,53,13583,2411,0.732890916632103,"MI","Town/Rural",107239,29.6
170639,"Lake Superior State University",2020,31,1909,33,13568,1767,0.694963214487832,"MI","Town/Rural",108725,29.6
170639,"Lake Superior State University",2019,36,1984,20,12310,1702,0.572267920094007,"MI","Town/Rural",112177,29.6
238980,"Lakeland University",2023,29,2318,47,22593,1066,0.910881801125704,"WI","Town/Rural",67563,30
238980,"Lakeland University",2022,41,1898,32,21611,1230,0.995121951219512,"WI","Town/Rural",65909,30
238980,"Lakeland University",2021,32,1488,39,21470,1101,0.801089918256131,"WI","Town/Rural",66830,30
238980,"Lakeland University",2020,42,2112,29,23080,823,0.924665856622114,"WI","Town/Rural",68053,30
238980,"Lakeland University",2019,43,1787,30,20898,1130,0.780530973451327,"WI","Town/Rural",68191,30
226091,"Lamar University",2023,44,7998,61,10999,7246,0.857300579630141,"TX","City/Suburb",385604,30.3
226091,"Lamar University",2022,43,8264,61,11757,6214,0.837302864499517,"TX","City/Suburb",375741,30.3
226091,"Lamar University",2021,42,8377,60,11449,6129,0.880567792462066,"TX","City/Suburb",377064,30.3
226091,"Lamar University",2020,41,8588,59,11116,7512,0.826810436634718,"TX","City/Suburb",372402,30.3
226091,"Lamar University",2019,40,8701,57,12716,6249,0.838054088654185,"TX","City/Suburb",364979,30.3
213400,"Lancaster Bible College",2023,30,1778,35,22872,395,0.951898734177215,"PA","City/Suburb",142275,31.8
213400,"Lancaster Bible College",2022,32,1546,38,21415,351,0.971509971509972,"PA","City/Suburb",139193,31.8
213400,"Lancaster Bible College",2021,33,1545,44,22700,275,0.96,"PA","City/Suburb",142186,31.8
213400,"Lancaster Bible College",2020,38,1610,50,20736,301,0.966777408637874,"PA","City/Suburb",143645,31.8
213400,"Lancaster Bible College",2019,39,1568,46,22402,276,0.960144927536232,"PA","City/Suburb",143842,31.8
218229,"Lander University",2023,40,3669,34,14657,5184,0.67920524691358,"SC","Town/Rural",53335,28.3
218229,"Lander University",2022,39,3562,35,15524,4663,0.674029594681535,"SC","Town/Rural",52277,28.3
218229,"Lander University",2021,41,3599,35,17083,4795,0.69051094890511,"SC","Town/Rural",52010,28.3
218229,"Lander University",2020,43,3391,35,15541,5627,0.570286120490492,"SC","Town/Rural",52680,28.3
218229,"Lander University",2019,46,3144,36,13009,5774,0.431589885694493,"SC","Town/Rural",53953,28.3
247649,"Landmark College",2023,14,598,28,57640,488,0.436475409836066,"VT","Town/Rural",5789,38.7
247649,"Landmark College",2022,14,585,28,54748,517,0.448742746615087,"VT","Town/Rural",5977,38.7
247649,"Landmark College",2021,16,564,32,60406,469,0.528784648187633,"VT","Town/Rural",5988,38.7
247649,"Landmark College",2020,19,501,32,58297,363,0.548209366391185,"VT","Town/Rural",6158,38.7
247649,"Landmark College",2019,22,502,38,54548,419,0.470167064439141,"VT","Town/Rural",6547,38.7
166391,"Lasell University",2023,32,1183,38,28477,3060,0.822549019607843,"MA","City/Suburb",78133,44.5
166391,"Lasell University",2022,32,1247,38,29706,2833,0.732086127779739,"MA","City/Suburb",78514,44.5
166391,"Lasell University",2021,31,1301,35,29401,2550,0.850588235294118,"MA","City/Suburb",78839,44.5
166391,"Lasell University",2020,33,1492,37,27007,2496,0.845352564102564,"MA","City/Suburb",79537,44.5
166391,"Lasell University",2019,33,1639,35,28404,2489,0.836480514262756,"MA","City/Suburb",78060,44.5
117283,"Latin American Bible Institute",2023,52,78,100,9140,44,0.681818181818182,"CA","City/Suburb",492544,34.2
117283,"Latin American Bible Institute",2022,8,45,100,11938,21,1,"CA","City/Suburb",473448,34.2
117283,"Latin American Bible Institute",2021,36,49,98,6516,69,0.36231884057971,"CA","City/Suburb",467260,34.2
117283,"Latin American Bible Institute",2020,0,60,100,8594,22,0.727272727272727,"CA","City/Suburb",477479,34.2
170675,"Lawrence Technological University",2023,17,2367,45,33807,2121,0.802451673738802,"MI","City/Suburb",108265,29.6
170675,"Lawrence Technological University",2022,19,2298,45,32641,2537,0.819077650768624,"MI","City/Suburb",103443,29.6
170675,"Lawrence Technological University",2021,21,2356,47,32628,2641,0.810677773570617,"MI","City/Suburb",107239,29.6
170675,"Lawrence Technological University",2020,22,2138,39,33159,2588,0.824574961360124,"MI","City/Suburb",108725,29.6
170675,"Lawrence Technological University",2019,22,2136,37,32406,2398,0.792743953294412,"MI","City/Suburb",112177,29.6
239017,"Lawrence University",2023,21,1410,40,27393,3489,0.630266552020636,"WI","City/Suburb",67563,30
239017,"Lawrence University",2022,23,1426,40,26368,2943,0.722731906218145,"WI","City/Suburb",65909,30
239017,"Lawrence University",2021,24,1483,40,24804,2907,0.749570003439972,"WI","City/Suburb",66830,30
239017,"Lawrence University",2020,24,1430,41,26594,3028,0.689233817701453,"WI","City/Suburb",68053,30
239017,"Lawrence University",2019,22,1387,40,26162,3463,0.620848974877274,"WI","City/Suburb",68191,30
192323,"Le Moyne College",2023,30,2551,28,22139,7535,0.752886529528865,"NY","City/Suburb",211853,37.2
192323,"Le Moyne College",2022,31,2600,28,23309,7066,0.782762524766487,"NY","City/Suburb",213993,37.2
192323,"Le Moyne College",2021,31,2713,26,24618,7462,0.733985526668454,"NY","City/Suburb",217586,37.2
192323,"Le Moyne College",2020,30,2801,26,23937,7248,0.747378587196468,"NY","City/Suburb",209688,37.2
192323,"Le Moyne College",2019,31,2765,26,23067,7323,0.736173699303564,"NY","City/Suburb",212104,37.2
220604,"Le Moyne-Owen College",2023,71,646,100,8362,212,0.971698113207547,"TN","City/Suburb",72084,27.5
220604,"Le Moyne-Owen College",2022,77,609,99,6308,451,0.995565410199557,"TN","City/Suburb",71347,27.5
220604,"Le Moyne-Owen College",2021,80,613,100,6003,283,0.978798586572438,"TN","City/Suburb",72685,27.5
220604,"Le Moyne-Owen College",2020,77,654,100,7721,231,0.987012987012987,"TN","City/Suburb",73281,27.5
220604,"Le Moyne-Owen College",2019,80,835,100,7531,368,0.804347826086957,"TN","City/Suburb",72802,27.5
213507,"Lebanon Valley College",2023,22,1710,17,28640,3275,0.745343511450382,"PA","City/Suburb",142275,31.8
213507,"Lebanon Valley College",2022,22,1683,16,26743,3130,0.76741214057508,"PA","City/Suburb",139193,31.8
213507,"Lebanon Valley College",2021,22,1691,18,26944,3019,0.776416031798609,"PA","City/Suburb",142186,31.8
213507,"Lebanon Valley College",2020,24,1699,17,27963,2500,0.778,"PA","City/Suburb",143645,31.8
213507,"Lebanon Valley College",2019,26,1729,17,27459,2649,0.795771989429974,"PA","City/Suburb",143842,31.8
220613,"Lee University",2023,27,3253,24,20222,2150,0.721860465116279,"TN","City/Suburb",72084,27.5
220613,"Lee University",2022,30,3446,23,19726,2014,0.72591857000993,"TN","City/Suburb",71347,27.5
220613,"Lee University",2021,30,3950,23,19159,2222,0.82943294329433,"TN","City/Suburb",72685,27.5
220613,"Lee University",2020,30,4670,26,17629,2236,0.83005366726297,"TN","City/Suburb",73281,27.5
220613,"Lee University",2019,31,4686,22,16949,2416,0.817466887417219,"TN","City/Suburb",72802,27.5
198808,"Lees-McRae College",2023,37,818,26,26009,1787,0.807498601007275,"NC","Town/Rural",108252,31.9
198808,"Lees-McRae College",2022,41,855,26,24108,1733,0.613387189844201,"NC","Town/Rural",114167,31.9
198808,"Lees-McRae College",2021,44,872,26,25894,1777,0.592009003939223,"NC","Town/Rural",116514,31.9
198808,"Lees-McRae College",2020,48,836,27,24390,1430,0.732867132867133,"NC","Town/Rural",116615,31.9
198808,"Lees-McRae College",2019,51,848,29,22357,1399,0.548248749106505,"NC","Town/Rural",114284,31.9
213543,"Lehigh University",2023,18,5811,41,33289,18415,0.292641868042357,"PA","City/Suburb",142275,31.8
213543,"Lehigh University",2022,18,5624,40,30453,15163,0.369781705467256,"PA","City/Suburb",139193,31.8
213543,"Lehigh University",2021,18,5451,39,31539,14107,0.459700857730205,"PA","City/Suburb",142186,31.8
213543,"Lehigh University",2020,17,5203,39,29098,12389,0.495439502784728,"PA","City/Suburb",143645,31.8
213543,"Lehigh University",2019,16,5178,38,26631,15649,0.320978976292415,"PA","City/Suburb",143842,31.8
198835,"Lenoir-Rhyne University",2023,40,1477,38,24042,6299,0.806794729322115,"NC","City/Suburb",108252,31.9
198835,"Lenoir-Rhyne University",2022,38,1529,37,21843,5452,0.828870139398386,"NC","City/Suburb",114167,31.9
198835,"Lenoir-Rhyne University",2021,36,1579,34,21739,4847,0.857231277078605,"NC","City/Suburb",116514,31.9
198835,"Lenoir-Rhyne University",2020,37,1783,34,18814,6194,0.766225379399419,"NC","City/Suburb",116615,31.9
198835,"Lenoir-Rhyne University",2019,40,1846,34,19034,4791,0.779378000417449,"NC","City/Suburb",114284,31.9
166452,"Lesley University",2023,28,1342,48,33111,2509,0.944200876843364,"MA","City/Suburb",78133,44.5
166452,"Lesley University",2022,29,1554,49,32414,3144,0.862277353689567,"MA","City/Suburb",78514,44.5
166452,"Lesley University",2021,32,1757,43,31928,2942,0.869476546566961,"MA","City/Suburb",78839,44.5
166452,"Lesley University",2020,31,1861,47,33717,2879,0.838138242445294,"MA","City/Suburb",79537,44.5
166452,"Lesley University",2019,30,2128,44,33524,3049,0.746802230239423,"MA","City/Suburb",78060,44.5
226231,"LeTourneau University",2023,13,3227,64,27007,3518,0.406765207504264,"TX","City/Suburb",385604,30.3
226231,"LeTourneau University",2022,17,3350,65,26974,3000,0.488333333333333,"TX","City/Suburb",375741,30.3
226231,"LeTourneau University",2021,20,2991,60,25932,2290,0.541921397379913,"TX","City/Suburb",377064,30.3
226231,"LeTourneau University",2020,21,2853,57,25661,2201,0.561108587005906,"TX","City/Suburb",372402,30.3
226231,"LeTourneau University",2019,24,2862,54,24609,2314,0.445116681071737,"TX","City/Suburb",364979,30.3
209056,"Lewis & Clark College",2023,19,2194,35,38247,6334,0.745342595516261,"OR","City/Suburb",41163,34
209056,"Lewis & Clark College",2022,21,2204,32,35832,6663,0.685877232477863,"OR","City/Suburb",41057,34
209056,"Lewis & Clark College",2021,20,2116,34,37155,5519,0.794527994201848,"OR","City/Suburb",42778,34
209056,"Lewis & Clark College",2020,20,1830,35,37478,5620,0.798220640569395,"OR","City/Suburb",42173,34
209056,"Lewis & Clark College",2019,20,1935,36,36026,5863,0.721644209449087,"OR","City/Suburb",41717,34
146612,"Lewis University",2023,31,3948,48,19472,5291,0.727272727272727,"IL","City/Suburb",148445,35.1
146612,"Lewis University",2022,32,3933,44,19184,4746,0.740623683101559,"IL","City/Suburb",145439,35.1
146612,"Lewis University",2021,31,3907,42,18312,4311,0.712595685455811,"IL","City/Suburb",150490,35.1
146612,"Lewis University",2020,33,4306,41,20022,6458,0.660576029730567,"IL","City/Suburb",149373,35.1
146612,"Lewis University",2019,33,4274,42,19520,6674,0.639047048246928,"IL","City/Suburb",152277,35.1
142328,"Lewis-Clark State College",2023,24,3702,25,12508,4256,0.897791353383459,"ID","City/Suburb",21457,27.7
142328,"Lewis-Clark State College",2022,24,3744,22,11476,3938,0.867699339766379,"ID","City/Suburb",21128,27.7
142328,"Lewis-Clark State College",2021,27,3709,23,13267,1650,1,"ID","City/Suburb",20809,27.7
142328,"Lewis-Clark State College",2020,31,3856,22,10957,1577,0.997463538363982,"ID","City/Suburb",20446,27.7
142328,"Lewis-Clark State College",2019,33,3748,22,10978,1683,0.997623291740939,"ID","City/Suburb",20130,27.7
232557,"Liberty University",2023,39,52823,44,29692,36921,0.993228785785867,"VA","City/Suburb",99497,39.3
232557,"Liberty University",2022,38,48906,43,29913,30943,0.992890152861713,"VA","City/Suburb",98780,39.3
232557,"Liberty University",2021,39,48135,43,27891,28448,0.992829021372328,"VA","City/Suburb",100147,39.3
232557,"Liberty University",2020,42,47988,44,28762,61649,0.501338221220133,"VA","City/Suburb",98970,39.3
232557,"Liberty University",2019,43,47025,45,28181,42312,0.510564378899603,"VA","City/Suburb",95710,39.3
117104,"Life Pacific University",2023,49,396,64,23311,281,0.939501779359431,"CA","City/Suburb",492544,34.2
117104,"Life Pacific University",2022,47,397,59,22395,145,0.944827586206897,"CA","City/Suburb",473448,34.2
117104,"Life Pacific University",2021,50,420,61,21748,116,0.939655172413793,"CA","City/Suburb",467260,34.2
117104,"Life Pacific University",2020,54,490,63,21444,116,0.931034482758621,"CA","City/Suburb",477479,34.2
117104,"Life Pacific University",2019,58,459,60,20642,139,0.913669064748201,"CA","City/Suburb",478819,34.2
140252,"Life University",2023,39,873,70,30403,404,0.938118811881188,"GA","City/Suburb",126146,31.9
140252,"Life University",2022,40,915,69,28226,448,0.977678571428571,"GA","City/Suburb",122695,31.9
140252,"Life University",2021,39,921,66,28276,318,0.959119496855346,"GA","City/Suburb",124712,31.9
140252,"Life University",2020,39,941,59,28379,408,0.968137254901961,"GA","City/Suburb",126126,31.9
140252,"Life University",2019,42,879,64,30174,364,0.956043956043956,"GA","City/Suburb",121897,31.9
218238,"Limestone University",2023,43,1598,62,21177,3075,0.982764227642276,"SC","Town/Rural",53335,28.3
218238,"Limestone University",2022,42,1602,53,23478,2260,0.894690265486726,"SC","Town/Rural",52277,28.3
218238,"Limestone University",2021,48,1680,55,22719,1911,0.872318158032444,"SC","Town/Rural",52010,28.3
218238,"Limestone University",2020,52,1818,63,24967,2179,0.682882055988986,"SC","Town/Rural",52680,28.3
218238,"Limestone University",2019,52,2116,54,23023,2569,0.509147528221098,"SC","Town/Rural",53953,28.3
220631,"Lincoln Memorial University",2023,36,1605,23,19401,4007,0.592712752682805,"TN","Town/Rural",72084,27.5
220631,"Lincoln Memorial University",2022,40,1560,24,19162,2347,0.784831700042608,"TN","Town/Rural",71347,27.5
220631,"Lincoln Memorial University",2021,44,1673,22,23324,2013,0.698956780923994,"TN","Town/Rural",72685,27.5
220631,"Lincoln Memorial University",2020,47,1817,17,22251,1630,0.685276073619632,"TN","Town/Rural",73281,27.5
220631,"Lincoln Memorial University",2019,44,1975,15,20374,1549,0.495803744351194,"TN","Town/Rural",72802,27.5
213598,"Lincoln University",2023,66,1717,99,12910,5987,0.783698012360114,"PA","City/Suburb",142275,31.8
213598,"Lincoln University",2022,67,1712,99,15502,6699,0.806090461262875,"PA","City/Suburb",139193,31.8
213598,"Lincoln University",2021,62,1767,99,14513,3536,0.797511312217195,"PA","City/Suburb",142186,31.8
213598,"Lincoln University",2020,64,1895,99,17405,3871,0.903384138465513,"PA","City/Suburb",143645,31.8
213598,"Lincoln University",2019,65,2040,99,16967,4429,0.827726349062994,"PA","City/Suburb",143842,31.8
177968,"Lindenwood University",2023,29,4933,36,18698,6743,0.658608927776954,"MO","City/Suburb",67773,29.5
177968,"Lindenwood University",2022,29,4808,36,18016,4372,0.740164684354986,"MO","City/Suburb",66781,29.5
177968,"Lindenwood University",2021,31,4619,38,17654,3355,0.748435171385991,"MO","City/Suburb",66906,29.5
177968,"Lindenwood University",2020,31,4822,40,18054,2695,0.921335807050093,"MO","City/Suburb",67892,29.5
177968,"Lindenwood University",2019,34,5654,43,17891,3899,0.875609130546294,"MO","City/Suburb",68482,29.5
209065,"Linfield University",2023,28,1678,40,31462,1963,0.879266428935303,"OR","Town/Rural",41163,34
209065,"Linfield University",2022,28,1720,40,31585,2122,0.886899151743638,"OR","Town/Rural",41057,34
209065,"Linfield University",2021,30,1283,36,28691,2187,0.845907636031093,"OR","Town/Rural",42778,34
209065,"Linfield University",2020,27,1392,39,28517,2250,0.801777777777778,"OR","Town/Rural",42173,34
209065,"Linfield University",2019,26,1414,39,29521,2390,0.817154811715481,"OR","Town/Rural",41717,34
219976,"Lipscomb University",2023,21,3270,31,27386,4244,0.666352497643732,"TN","City/Suburb",72084,27.5
219976,"Lipscomb University",2022,23,3149,29,27937,3705,0.711201079622132,"TN","City/Suburb",71347,27.5
219976,"Lipscomb University",2021,22,2952,29,26614,3422,0.739918176504968,"TN","City/Suburb",72685,27.5
219976,"Lipscomb University",2020,22,2997,28,26421,3621,0.615023474178404,"TN","City/Suburb",73281,27.5
219976,"Lipscomb University",2019,25,2859,27,26013,3481,0.631140476874461,"TN","City/Suburb",72802,27.5
198862,"Livingstone College",2023,84,799,99,15162,4748,0.740943555181129,"NC","City/Suburb",108252,31.9
198862,"Livingstone College",2022,83,839,98,15914,4074,0.637702503681885,"NC","City/Suburb",114167,31.9
198862,"Livingstone College",2021,76,890,99,15205,3811,0.512988716872212,"NC","City/Suburb",116514,31.9
198862,"Livingstone College",2020,84,845,99,16016,5395,0.68952734012975,"NC","City/Suburb",116615,31.9
198862,"Livingstone College",2019,84,1122,97,17711,6084,0.500657462195924,"NC","City/Suburb",114284,31.9
177986,"Logan University",2023,40,272,35,11144,20,0.9,"MO","City/Suburb",67773,29.5
177986,"Logan University",2022,36,310,34,14006,22,0.818181818181818,"MO","City/Suburb",66781,29.5
177986,"Logan University",2021,37,372,34,12826,29,0.655172413793103,"MO","City/Suburb",66906,29.5
177986,"Logan University",2020,33,320,35,13356,26,0.846153846153846,"MO","City/Suburb",67892,29.5
177986,"Logan University",2019,39,256,32,15911,24,0.666666666666667,"MO","City/Suburb",68482,29.5
192448,"Long Island University",2023,19,11753,54,22620,12398,0.89772543958703,"NY","City/Suburb",211853,37.2
192448,"Long Island University",2022,20,11319,54,25802,14332,0.926528049120848,"NY","City/Suburb",213993,37.2
192448,"Long Island University",2021,20,10707,53,22620,17423,0.933191758021007,"NY","City/Suburb",217586,37.2
192448,"Long Island University",2020,21,10403,53,25031,14341,0.850080189665993,"NY","City/Suburb",209688,37.2
192448,"Long Island University",2019,24,10707,54,25436,13328,0.80094537815126,"NY","City/Suburb",212104,37.2
232566,"Longwood University",2023,26,3223,29,22900,6078,0.847976307996051,"VA","Town/Rural",99497,39.3
232566,"Longwood University",2022,26,3154,29,21772,6042,0.87785501489573,"VA","Town/Rural",98780,39.3
232566,"Longwood University",2021,26,3486,29,21166,5977,0.89978249958173,"VA","Town/Rural",100147,39.3
232566,"Longwood University",2020,26,3940,28,21446,6724,0.873438429506246,"VA","Town/Rural",98970,39.3
232566,"Longwood University",2019,27,3859,26,19636,4431,0.898894154818325,"VA","Town/Rural",95710,39.3
166489,"Longy School of Music of Bard College",2023,10,34,82,45752,109,0.844036697247706,"MA","City/Suburb",78133,44.5
166489,"Longy School of Music of Bard College",2022,23,40,77,30524,82,0.890243902439024,"MA","City/Suburb",78514,44.5
166489,"Longy School of Music of Bard College",2021,10,39,72,37540,102,0.892156862745098,"MA","City/Suburb",78839,44.5
166489,"Longy School of Music of Bard College",2020,16,40,75,33787,70,0.9,"MA","City/Suburb",79537,44.5
166489,"Longy School of Music of Bard College",2019,14,37,65,35717,74,0.72972972972973,"MA","City/Suburb",78060,44.5
153825,"Loras College",2023,25,1130,26,22338,1652,0.918280871670702,"IA","City/Suburb",36870,29
153825,"Loras College",2022,25,1207,27,21886,1860,0.898387096774194,"IA","City/Suburb",36521,29
153825,"Loras College",2021,26,1296,25,20068,2086,0.719558964525407,"IA","City/Suburb",37097,29
153825,"Loras College",2020,27,1314,25,22418,2482,0.583803384367446,"IA","City/Suburb",36359,29
153825,"Loras College",2019,26,1333,23,21751,1491,0.753185781354795,"IA","City/Suburb",36735,29
159568,"Louisiana Christian University",2023,41,803,42,15470,549,0.837887067395264,"LA","City/Suburb",49729,24.3
159568,"Louisiana Christian University",2022,42,832,37,14566,579,0.746113989637306,"LA","City/Suburb",49777,24.3
159568,"Louisiana Christian University",2021,44,959,37,15011,941,0.760892667375133,"LA","City/Suburb",52461,24.3
159568,"Louisiana Christian University",2020,47,943,34,14625,808,0.711633663366337,"LA","City/Suburb",53334,24.3
159568,"Louisiana Christian University",2019,46,999,32,12495,1018,0.693516699410609,"LA","City/Suburb",52809,24.3
159391,"Louisiana State University and Agricultural & Mechanical College",2023,26,32574,39,21808,42558,0.739954885097984,"LA","City/Suburb",49729,24.3
159391,"Louisiana State University and Agricultural & Mechanical College",2022,25,30952,37,21296,38853,0.757187347180398,"LA","City/Suburb",49777,24.3
159391,"Louisiana State University and Agricultural & Mechanical College",2021,24,29273,34,21010,36561,0.708596591996937,"LA","City/Suburb",52461,24.3
159391,"Louisiana State University and Agricultural & Mechanical College",2020,24,27825,33,20352,28960,0.733839779005525,"LA","City/Suburb",53334,24.3
159391,"Louisiana State University and Agricultural & Mechanical College",2019,22,25826,31,18143,24501,0.745765478960042,"LA","City/Suburb",52809,24.3
159382,"Louisiana State University-Alexandria",2023,36,5330,41,8081,706,0.926345609065156,"LA","Town/Rural",49729,24.3
159382,"Louisiana State University-Alexandria",2022,37,4289,40,7274,2913,0.576725025746653,"LA","Town/Rural",49777,24.3
159382,"Louisiana State University-Alexandria",2021,37,3771,38,7342,3174,0.582860743541273,"LA","Town/Rural",52461,24.3
159382,"Louisiana State University-Alexandria",2020,41,3706,37,7302,2946,0.635437881873727,"LA","Town/Rural",53334,24.3
159382,"Louisiana State University-Alexandria",2019,43,3381,35,7838,2683,0.562802832650019,"LA","Town/Rural",52809,24.3
159416,"Louisiana State University-Shreveport",2023,38,2548,41,7554,949,0.827186512118019,"LA","City/Suburb",49729,24.3
159416,"Louisiana State University-Shreveport",2022,37,2465,43,7587,974,0.88911704312115,"LA","City/Suburb",49777,24.3
159416,"Louisiana State University-Shreveport",2021,37,2477,44,8092,885,0.907344632768362,"LA","City/Suburb",52461,24.3
159416,"Louisiana State University-Shreveport",2020,38,2553,49,8676,918,0.826797385620915,"LA","City/Suburb",53334,24.3
159416,"Louisiana State University-Shreveport",2019,39,2577,47,8834,819,0.838827838827839,"LA","City/Suburb",52809,24.3
159647,"Louisiana Tech University",2023,20,10401,27,12593,9263,0.725682824139048,"LA","Town/Rural",49729,24.3
159647,"Louisiana Tech University",2022,20,9924,27,12243,7595,0.623699802501646,"LA","Town/Rural",49777,24.3
159647,"Louisiana Tech University",2021,21,10053,29,12154,7724,0.658337648886587,"LA","Town/Rural",52461,24.3
159647,"Louisiana Tech University",2020,23,10013,28,11630,7087,0.635670946804007,"LA","Town/Rural",53334,24.3
159647,"Louisiana Tech University",2019,23,10289,29,12261,7552,0.640889830508475,"LA","Town/Rural",52809,24.3
203757,"Lourdes University",2023,27,827,23,22614,1004,0.741035856573705,"OH","City/Suburb",133760,29
203757,"Lourdes University",2022,31,953,23,22634,1082,0.604436229205176,"OH","City/Suburb",133872,29
203757,"Lourdes University",2021,36,912,22,19395,1147,0.752397558849172,"OH","City/Suburb",136945,29
203757,"Lourdes University",2020,39,1042,38,20361,992,0.778225806451613,"OH","City/Suburb",135941,29
203757,"Lourdes University",2019,43,1115,34,19293,1220,0.691803278688525,"OH","City/Suburb",135868,29
117946,"Loyola Marymount University",2023,13,7336,60,54471,23361,0.402936518128505,"CA","City/Suburb",492544,34.2
117946,"Loyola Marymount University",2022,13,7299,59,52815,21695,0.413136667434893,"CA","City/Suburb",473448,34.2
117946,"Loyola Marymount University",2021,14,7127,58,40180,19045,0.45823050669467,"CA","City/Suburb",467260,34.2
117946,"Loyola Marymount University",2020,15,6673,57,48758,18576,0.501399655469423,"CA","City/Suburb",477479,34.2
117946,"Loyola Marymount University",2019,17,6778,57,47292,18592,0.438360585197935,"CA","City/Suburb",478819,34.2
146719,"Loyola University Chicago",2023,23,12487,52,37592,40468,0.813902342591677,"IL","City/Suburb",148445,35.1
146719,"Loyola University Chicago",2022,22,11703,49,37511,40909,0.791488425529835,"IL","City/Suburb",145439,35.1
146719,"Loyola University Chicago",2021,23,11819,47,29371,37824,0.769802241962775,"IL","City/Suburb",150490,35.1
146719,"Loyola University Chicago",2020,23,11612,46,37731,25453,0.70537854083998,"IL","City/Suburb",149373,35.1
146719,"Loyola University Chicago",2019,25,12240,44,36388,25583,0.67224328655748,"IL","City/Suburb",152277,35.1
163046,"Loyola University Maryland",2023,18,3987,37,31857,10162,0.763333989372171,"MD","City/Suburb",69770,40.8
163046,"Loyola University Maryland",2022,16,3977,34,33312,9643,0.83480244737115,"MD","City/Suburb",69124,40.8
163046,"Loyola University Maryland",2021,15,3787,30,32901,9286,0.842127934525091,"MD","City/Suburb",71017,40.8
163046,"Loyola University Maryland",2020,14,3822,27,37375,10489,0.802364381733244,"MD","City/Suburb",67971,40.8
163046,"Loyola University Maryland",2019,14,3925,24,37918,10077,0.802024412027389,"MD","City/Suburb",68208,40.8
159656,"Loyola University New Orleans",2023,37,3205,55,26150,6142,0.8772386844676,"LA","City/Suburb",49729,24.3
159656,"Loyola University New Orleans",2022,38,3289,55,23808,7340,0.781062670299728,"LA","City/Suburb",49777,24.3
159656,"Loyola University New Orleans",2021,36,3365,55,24850,7455,0.782696177062374,"LA","City/Suburb",52461,24.3
159656,"Loyola University New Orleans",2020,35,3219,55,22596,6259,0.72391755871545,"LA","City/Suburb",53334,24.3
159656,"Loyola University New Orleans",2019,33,3172,55,24494,5857,0.750213419839508,"LA","City/Suburb",52809,24.3
226383,"Lubbock Christian University",2023,33,1320,38,25351,1764,0.731859410430839,"TX","City/Suburb",385604,30.3
226383,"Lubbock Christian University",2022,32,1346,35,23551,1070,0.81588785046729,"TX","City/Suburb",375741,30.3
226383,"Lubbock Christian University",2021,31,1393,35,24079,893,0.951847704367301,"TX","City/Suburb",377064,30.3
226383,"Lubbock Christian University",2020,32,1382,35,24745,373,0.96514745308311,"TX","City/Suburb",372402,30.3
226383,"Lubbock Christian University",2019,39,1473,33,23672,782,0.906649616368286,"TX","City/Suburb",364979,30.3
153834,"Luther College",2023,19,1463,27,24790,2447,0.73273395995096,"IA","Town/Rural",36870,29
153834,"Luther College",2022,18,1610,25,25734,2188,0.753199268738574,"IA","Town/Rural",36521,29
153834,"Luther College",2021,20,1744,25,25929,2495,0.760721442885772,"IA","Town/Rural",37097,29
153834,"Luther College",2020,20,1802,22,25291,3640,0.642857142857143,"IA","Town/Rural",36359,29
153834,"Luther College",2019,18,1951,22,23805,4108,0.622687439143135,"IA","Town/Rural",36735,29
135364,"Luther Rice College & Seminary",2023,50,214,51,3935,35,0.342857142857143,"GA","City/Suburb",126146,31.9
135364,"Luther Rice College & Seminary",2021,51,203,46,17608,19,0.473684210526316,"GA","City/Suburb",124712,31.9
213668,"Lycoming College",2023,40,1063,36,20733,3225,0.678759689922481,"PA","City/Suburb",142275,31.8
213668,"Lycoming College",2022,42,1059,39,19697,3039,0.752221125370188,"PA","City/Suburb",139193,31.8
213668,"Lycoming College",2021,44,1089,41,19508,2791,0.747402364743819,"PA","City/Suburb",142186,31.8
213668,"Lycoming College",2020,46,1065,41,19659,2917,0.654782310593075,"PA","City/Suburb",143645,31.8
213668,"Lycoming College",2019,44,1140,41,20036,3204,0.622971285892634,"PA","City/Suburb",143842,31.8
132657,"Lynn University",2023,23,2823,50,39582,8333,0.739469578783151,"FL","City/Suburb",214692,30.4
132657,"Lynn University",2022,25,2792,51,38728,7843,0.801096519189086,"FL","City/Suburb",217330,30.4
132657,"Lynn University",2021,26,2640,54,38315,7194,0.830136224631637,"FL","City/Suburb",223891,30.4
132657,"Lynn University",2020,24,2459,53,37524,8053,0.786787532596548,"FL","City/Suburb",215797,30.4
132657,"Lynn University",2019,25,2422,55,37627,7387,0.742249898470286,"FL","City/Suburb",213187,30.4
106342,"Lyon College",2023,36,584,53,22675,2522,0.65543219666931,"AR","Town/Rural",33693,23.3
106342,"Lyon College",2022,37,496,49,25545,1382,0.598408104196816,"AR","Town/Rural",33705,23.3
106342,"Lyon College",2021,39,579,43,10537,2444,0.272094926350246,"AR","Town/Rural",34604,23.3
106342,"Lyon College",2020,42,665,44,20495,2062,0.501454898157129,"AR","Town/Rural",34014,23.3
106342,"Lyon College",2019,41,662,45,17921,2394,0.444026733500418,"AR","Town/Rural",33531,23.3
173902,"Macalester College",2023,17,2142,48,38571,8099,0.282133596740338,"MN","City/Suburb",67002,36.7
173902,"Macalester College",2022,18,2175,46,36095,8434,0.284206782072563,"MN","City/Suburb",64579,36.7
173902,"Macalester College",2021,22,2244,45,30939,9046,0.312624364359938,"MN","City/Suburb",65199,36.7
173902,"Macalester College",2020,19,2049,47,35589,6373,0.386944923897693,"MN","City/Suburb",66285,36.7
173902,"Macalester College",2019,18,2098,43,31458,6598,0.322673537435587,"MN","City/Suburb",65499,36.7
192624,"Machzikei Hadath Rabbinical College",2023,84,129,2,9182,40,0.95,"NY","City/Suburb",211853,37.2
192624,"Machzikei Hadath Rabbinical College",2022,88,142,4,11142,40,0.95,"NY","City/Suburb",213993,37.2
192624,"Machzikei Hadath Rabbinical College",2021,92,172,1,14656,39,0.948717948717949,"NY","City/Suburb",217586,37.2
192624,"Machzikei Hadath Rabbinical College",2020,84,158,0,5675,38,0.947368421052632,"NY","City/Suburb",209688,37.2
192624,"Machzikei Hadath Rabbinical College",2019,88,138,1,17654,42,1,"NY","City/Suburb",212104,37.2
170806,"Madonna University",2023,30,1740,36,18583,1655,0.929305135951662,"MI","City/Suburb",108265,29.6
170806,"Madonna University",2022,29,1766,36,18344,1988,0.648390342052314,"MI","City/Suburb",103443,29.6
170806,"Madonna University",2021,30,2040,35,18469,1219,0.522559474979491,"MI","City/Suburb",107239,29.6
170806,"Madonna University",2020,30,2291,37,17730,1132,0.683745583038869,"MI","City/Suburb",108725,29.6
170806,"Madonna University",2019,31,2441,40,17444,1260,0.746031746031746,"MI","City/Suburb",112177,29.6
182917,"Magdalen College",2023,46,58,0,20058,45,0.444444444444444,"NH","Town/Rural",15434,36.8
182917,"Magdalen College",2022,51,59,3,16699,49,0.979591836734694,"NH","Town/Rural",15352,36.8
182917,"Magdalen College",2021,56,67,4,13208,43,0.953488372093023,"NH","Town/Rural",15187,36.8
182917,"Magdalen College",2020,48,71,7,11245,81,0.790123456790123,"NH","Town/Rural",14958,36.8
182917,"Magdalen College",2019,47,83,5,12153,71,0.873239436619718,"NH","Town/Rural",15466,36.8
153861,"Maharishi International University",2023,55,777,55,18875,129,0.968992248062015,"IA","Town/Rural",36870,29
153861,"Maharishi International University",2022,49,681,55,16979,70,0.942857142857143,"IA","Town/Rural",36521,29
153861,"Maharishi International University",2021,46,655,58,14573,58,0.948275862068966,"IA","Town/Rural",37097,29
153861,"Maharishi International University",2020,41,541,61,13802,50,1,"IA","Town/Rural",36359,29
153861,"Maharishi International University",2019,63,457,71,13341,53,0.811320754716981,"IA","Town/Rural",36735,29
161509,"Maine College of Art & Design",2023,27,422,27,37132,913,0.775465498357065,"ME","City/Suburb",14133,31.5
161509,"Maine College of Art & Design",2022,33,380,25,35395,649,0.73959938366718,"ME","City/Suburb",13869,31.5
161509,"Maine College of Art & Design",2021,34,409,29,34956,666,0.720720720720721,"ME","City/Suburb",14239,31.5
161509,"Maine College of Art & Design",2020,35,380,24,33486,797,0.702634880803011,"ME","City/Suburb",14677,31.5
161509,"Maine College of Art & Design",2019,41,432,25,32495,906,0.623620309050773,"ME","City/Suburb",15274,31.5
161022,"Maine College of Health Professions",2022,42,237,19,18466,16,0.5625,"ME","City/Suburb",13869,31.5
161022,"Maine College of Health Professions",2021,60,235,17,12351,13,0.846153846153846,"ME","City/Suburb",14239,31.5
161022,"Maine College of Health Professions",2020,40,216,13,19110,20,0.45,"ME","City/Suburb",14677,31.5
161022,"Maine College of Health Professions",2019,47,183,15,16172,23,0.521739130434783,"ME","City/Suburb",15274,31.5
161299,"Maine Maritime Academy",2023,25,889,17,21433,1145,0.613973799126638,"ME","Town/Rural",14133,31.5
161299,"Maine Maritime Academy",2022,27,878,17,19964,1164,0.576460481099656,"ME","Town/Rural",13869,31.5
161299,"Maine Maritime Academy",2021,28,871,17,21421,1109,0.577096483318305,"ME","Town/Rural",14239,31.5
161299,"Maine Maritime Academy",2020,27,928,19,18739,1147,0.521360069747167,"ME","Town/Rural",14677,31.5
161299,"Maine Maritime Academy",2019,27,992,16,20728,1441,0.453157529493407,"ME","Town/Rural",15274,31.5
203775,"Malone University",2023,31,987,22,23362,1335,0.755805243445693,"OH","City/Suburb",133760,29
203775,"Malone University",2022,33,947,25,21571,1395,0.775627240143369,"OH","City/Suburb",133872,29
203775,"Malone University",2021,35,1018,26,18664,1593,0.780288763339611,"OH","City/Suburb",136945,29
203775,"Malone University",2020,36,1114,24,19158,1306,0.742725880551302,"OH","City/Suburb",135941,29
203775,"Malone University",2019,38,1147,21,20193,1899,0.708794102159031,"OH","City/Suburb",135868,29
151777,"Manchester University",2023,44,915,47,19367,2470,0.912955465587045,"IN","Town/Rural",76628,27.1
151777,"Manchester University",2022,45,942,41,18024,2871,0.66388018112156,"IN","Town/Rural",74897,27.1
151777,"Manchester University",2021,44,981,35,20226,3035,0.760790774299835,"IN","Town/Rural",78348,27.1
151777,"Manchester University",2020,43,1084,32,17936,4001,0.703824043989003,"IN","Town/Rural",78809,27.1
151777,"Manchester University",2019,43,1078,29,17938,4707,0.560654344593159,"IN","Town/Rural",76144,27.1
155496,"Manhattan Christian College",2023,45,145,33,23523,56,1,"KS","City/Suburb",36832,33.8
155496,"Manhattan Christian College",2022,38,132,20,22675,47,1,"KS","City/Suburb",36624,33.8
155496,"Manhattan Christian College",2021,35,177,19,22905,117,0.478632478632479,"KS","City/Suburb",36149,33.8
155496,"Manhattan Christian College",2020,42,170,21,22304,143,0.48951048951049,"KS","City/Suburb",35923,33.8
155496,"Manhattan Christian College",2019,40,171,18,22783,120,0.441666666666667,"KS","City/Suburb",35979,33.8
192703,"Manhattan College",2023,31,2928,57,28349,10432,0.78489263803681,"NY","City/Suburb",211853,37.2
192703,"Manhattan College",2022,28,3066,54,29535,9930,0.822960725075529,"NY","City/Suburb",213993,37.2
192703,"Manhattan College",2021,30,3166,50,27651,10988,0.747906807426283,"NY","City/Suburb",217586,37.2
192703,"Manhattan College",2020,28,3352,50,32044,8429,0.776485941392811,"NY","City/Suburb",209688,37.2
192703,"Manhattan College",2019,28,3543,46,29943,8807,0.736232542295901,"NY","City/Suburb",212104,37.2
192712,"Manhattan School of Music",2023,13,543,63,51879,1432,0.399441340782123,"NY","City/Suburb",211853,37.2
192712,"Manhattan School of Music",2022,15,508,65,51278,1027,0.55014605647517,"NY","City/Suburb",213993,37.2
192712,"Manhattan School of Music",2021,16,500,61,42578,1035,0.489855072463768,"NY","City/Suburb",217586,37.2
192712,"Manhattan School of Music",2020,14,497,57,44217,1268,0.415615141955836,"NY","City/Suburb",209688,37.2
192712,"Manhattan School of Music",2019,13,518,57,41832,1317,0.355353075170843,"NY","City/Suburb",212104,37.2
192749,"Manhattanville College",2023,33,1329,53,25017,3943,0.846563530306873,"NY","City/Suburb",211853,37.2
192749,"Manhattanville College",2022,27,1290,51,24702,3338,0.841222288795686,"NY","City/Suburb",213993,37.2
192749,"Manhattanville College",2021,29,1342,51,21969,2971,0.829350387075059,"NY","City/Suburb",217586,37.2
192749,"Manhattanville College",2020,23,1409,49,24499,3200,0.898125,"NY","City/Suburb",209688,37.2
192749,"Manhattanville College",2019,29,1541,52,25205,3435,0.902474526928675,"NY","City/Suburb",212104,37.2
461528,"Manna University",2023,34,172,56,16384,20,1,"NC","City/Suburb",108252,31.9
461528,"Manna University",2022,39,191,46,11849,25,1,"NC","City/Suburb",114167,31.9
461528,"Manna University",2021,38,184,43,14811,22,0.954545454545455,"NC","City/Suburb",116514,31.9
461528,"Manna University",2020,17,187,35,11548,13,1,"NC","City/Suburb",116615,31.9
461528,"Manna University",2019,33,145,41,8163,20,0.95,"NC","City/Suburb",114284,31.9
213774,"Manor College",2023,49,599,60,15983,825,0.957575757575758,"PA","City/Suburb",142275,31.8
213774,"Manor College",2022,51,583,56,17540,795,0.932075471698113,"PA","City/Suburb",139193,31.8
213774,"Manor College",2021,50,660,57,17238,485,0.952577319587629,"PA","City/Suburb",142186,31.8
213774,"Manor College",2020,61,833,57,17624,862,0.909512761020882,"PA","City/Suburb",143645,31.8
213774,"Manor College",2019,62,740,68,16302,934,0.855460385438972,"PA","City/Suburb",143842,31.8
239071,"Maranatha Baptist University",2023,34,759,20,26001,206,0.70873786407767,"WI","Town/Rural",67563,30
239071,"Maranatha Baptist University",2022,40,736,15,22858,297,0.750841750841751,"WI","Town/Rural",65909,30
239071,"Maranatha Baptist University",2021,38,818,28,20542,264,0.803030303030303,"WI","Town/Rural",66830,30
239071,"Maranatha Baptist University",2020,34,716,17,19999,282,0.804964539007092,"WI","Town/Rural",68053,30
239071,"Maranatha Baptist University",2019,36,793,23,19399,343,0.766763848396501,"WI","Town/Rural",68191,30
192785,"Maria College of Albany",2023,41,703,50,17290,256,0.609375,"NY","City/Suburb",211853,37.2
192785,"Maria College of Albany",2022,46,761,57,17537,162,0.969135802469136,"NY","City/Suburb",213993,37.2
192785,"Maria College of Albany",2021,63,752,61,17215,235,0.374468085106383,"NY","City/Suburb",217586,37.2
192785,"Maria College of Albany",2020,43,844,57,14028,338,0.355029585798817,"NY","City/Suburb",209688,37.2
192785,"Maria College of Albany",2019,46,796,43,12659,336,0.443452380952381,"NY","City/Suburb",212104,37.2
151786,"Marian University",2023,23,2492,43,23225,3883,0.95338655678599,"IN","City/Suburb",76628,27.1
151786,"Marian University",2022,22,2633,40,22554,1997,0.938407611417126,"IN","City/Suburb",74897,27.1
151786,"Marian University",2021,24,2980,38,21936,3151,0.730879086004443,"IN","City/Suburb",78348,27.1
151786,"Marian University",2020,24,2566,33,20024,2816,0.642400568181818,"IN","City/Suburb",78809,27.1
151786,"Marian University",2019,24,2405,30,20572,2525,0.615445544554455,"IN","City/Suburb",76144,27.1
239080,"Marian University",2023,32,1074,33,23552,1596,0.668546365914787,"WI","City/Suburb",67563,30
239080,"Marian University",2022,42,1068,28,25394,1262,0.715530903328051,"WI","City/Suburb",65909,30
239080,"Marian University",2021,34,1149,28,21032,1062,0.76271186440678,"WI","City/Suburb",66830,30
239080,"Marian University",2020,40,1290,27,23860,1596,0.676691729323308,"WI","City/Suburb",68053,30
239080,"Marian University",2019,38,1327,27,20020,1868,0.646145610278373,"WI","City/Suburb",68191,30
497833,"Marian University-Ancilla",2023,51,218,42,24675,363,0.895316804407714,"IN","Town/Rural",76628,27.1
497833,"Marian University-Ancilla",2022,56,227,44,21539,332,0.951807228915663,"IN","Town/Rural",74897,27.1
203845,"Marietta College",2023,27,1085,18,21333,2516,0.786168521462639,"OH","Town/Rural",133760,29
203845,"Marietta College",2022,23,1109,19,22895,2467,0.82853668423186,"OH","Town/Rural",133872,29
203845,"Marietta College",2021,27,1173,18,21384,2200,0.830909090909091,"OH","Town/Rural",136945,29
203845,"Marietta College",2020,26,1168,20,20249,2438,0.739130434782609,"OH","Town/Rural",135941,29
203845,"Marietta College",2019,25,1141,23,21483,2923,0.707834416695176,"OH","Town/Rural",135868,29
192819,"Marist College",2023,15,5545,33,40106,10224,0.647104851330203,"NY","City/Suburb",211853,37.2
192819,"Marist College",2022,15,5475,32,39364,10966,0.628488053985045,"NY","City/Suburb",213993,37.2
192819,"Marist College",2021,15,5510,32,37868,11583,0.599499266165933,"NY","City/Suburb",217586,37.2
192819,"Marist College",2020,15,5682,32,38797,11715,0.55049082373026,"NY","City/Suburb",209688,37.2
192819,"Marist College",2019,16,5824,30,38715,11260,0.492273534635879,"NY","City/Suburb",212104,37.2
239105,"Marquette University",2023,19,7652,35,32031,15636,0.874392427730877,"WI","City/Suburb",67563,30
239105,"Marquette University",2022,20,7528,33,33136,15883,0.87206447144746,"WI","City/Suburb",65909,30
239105,"Marquette University",2021,19,7660,32,33566,16270,0.862569145666872,"WI","City/Suburb",66830,30
239105,"Marquette University",2020,19,8024,31,34732,15324,0.824915165753067,"WI","City/Suburb",68053,30
239105,"Marquette University",2019,18,8515,32,34120,15078,0.829619312906221,"WI","City/Suburb",68191,30
198899,"Mars Hill University",2023,42,1002,37,19842,1393,0.778894472361809,"NC","Town/Rural",108252,31.9
198899,"Mars Hill University",2022,47,994,36,17721,1597,0.742016280525986,"NC","Town/Rural",114167,31.9
198899,"Mars Hill University",2021,53,1025,38,18717,1713,0.795096322241681,"NC","Town/Rural",116514,31.9
198899,"Mars Hill University",2020,55,1021,37,18195,1718,0.672875436554133,"NC","Town/Rural",116615,31.9
198899,"Mars Hill University",2019,61,1042,36,14967,1838,0.633297062023939,"NC","Town/Rural",114284,31.9
237525,"Marshall University",2023,38,8235,23,9734,6499,0.964609939990768,"WV","City/Suburb",17853,21.3
237525,"Marshall University",2022,40,7952,17,8756,6356,0.968848332284456,"WV","City/Suburb",17400,21.3
237525,"Marshall University",2021,38,8008,16,8730,5602,0.978043555872902,"WV","City/Suburb",18271,21.3
237525,"Marshall University",2020,38,8771,17,8387,6718,0.892527537957726,"WV","City/Suburb",18751,21.3
237525,"Marshall University",2019,39,9415,17,8508,6451,0.868857541466439,"WV","City/Suburb",19036,21.3
173452,"Martin Luther College",2023,23,743,8,21072,218,0.825688073394495,"MN","Town/Rural",67002,36.7
173452,"Martin Luther College",2022,23,755,9,22293,215,0.837209302325581,"MN","Town/Rural",64579,36.7
173452,"Martin Luther College",2021,26,795,9,21988,197,0.913705583756345,"MN","Town/Rural",65199,36.7
173452,"Martin Luther College",2020,27,850,9,21396,260,0.873076923076923,"MN","Town/Rural",66285,36.7
173452,"Martin Luther College",2019,27,857,9,20154,266,0.838345864661654,"MN","Town/Rural",65499,36.7
232672,"Mary Baldwin University",2020,55,1477,48,18741,7188,0.871035058430718,"VA","City/Suburb",98970,39.3
232672,"Mary Baldwin University",2019,56,1407,49,17879,7560,0.843915343915344,"VA","City/Suburb",95710,39.3
163295,"Maryland Institute College of Art",2023,21,1324,67,43066,3127,0.772945314998401,"MD","City/Suburb",69770,40.8
163295,"Maryland Institute College of Art",2022,22,1403,66,43545,3139,0.795794839120739,"MD","City/Suburb",69124,40.8
163295,"Maryland Institute College of Art",2021,22,1540,65,28569,3066,0.857469015003262,"MD","City/Suburb",71017,40.8
163295,"Maryland Institute College of Art",2020,20,1331,70,45106,3249,0.826715912588489,"MD","City/Suburb",67971,40.8
163295,"Maryland Institute College of Art",2019,21,1749,64,42750,4024,0.638916500994036,"MD","City/Suburb",68208,40.8
192864,"Marymount Manhattan College",2023,28,1648,49,38426,8138,0.788768739247973,"NY","City/Suburb",211853,37.2
192864,"Marymount Manhattan College",2022,30,1608,49,39442,7636,0.720927187008905,"NY","City/Suburb",213993,37.2
192864,"Marymount Manhattan College",2021,28,1770,47,31750,6799,0.769083688777761,"NY","City/Suburb",217586,37.2
192864,"Marymount Manhattan College",2020,26,1722,46,39928,5270,0.881783681214421,"NY","City/Suburb",209688,37.2
192864,"Marymount Manhattan College",2019,25,1892,45,38900,5570,0.795511669658887,"NY","City/Suburb",212104,37.2
232706,"Marymount University",2023,22,2216,72,28147,3598,0.805169538632574,"VA","City/Suburb",99497,39.3
232706,"Marymount University",2022,22,2275,72,24664,3503,0.814159292035398,"VA","City/Suburb",98780,39.3
232706,"Marymount University",2021,27,2221,70,26717,2375,0.836631578947368,"VA","City/Suburb",100147,39.3
232706,"Marymount University",2020,28,2041,69,24224,3046,0.852593565331582,"VA","City/Suburb",98970,39.3
232706,"Marymount University",2019,27,2158,69,27843,3313,0.810141865378811,"VA","City/Suburb",95710,39.3
220710,"Maryville College",2023,35,1142,29,20990,2809,0.656817372730509,"TN","City/Suburb",72084,27.5
220710,"Maryville College",2022,37,1065,32,21583,2361,0.695044472681067,"TN","City/Suburb",71347,27.5
220710,"Maryville College",2021,39,1046,28,22320,2056,0.681906614785992,"TN","City/Suburb",72685,27.5
220710,"Maryville College",2020,41,1072,25,19548,2320,0.621120689655172,"TN","City/Suburb",73281,27.5
220710,"Maryville College",2019,39,1143,24,19778,2460,0.555691056910569,"TN","City/Suburb",72802,27.5
178059,"Maryville University of Saint Louis",2023,36,6062,35,26733,3916,0.936925434116445,"MO","City/Suburb",67773,29.5
178059,"Maryville University of Saint Louis",2022,37,5809,35,26757,4175,0.877604790419162,"MO","City/Suburb",66781,29.5
178059,"Maryville University of Saint Louis",2021,35,5685,36,24733,3557,0.915378127635648,"MO","City/Suburb",66906,29.5
178059,"Maryville University of Saint Louis",2020,34,5504,36,28087,2503,0.948861366360368,"MO","City/Suburb",67892,29.5
178059,"Maryville University of Saint Louis",2019,30,4454,33,29357,2902,0.828738800827016,"MO","City/Suburb",68482,29.5
213826,"Marywood University",2023,29,1874,23,24712,3136,0.837053571428571,"PA","City/Suburb",142275,31.8
213826,"Marywood University",2022,30,1857,25,22504,2645,0.807561436672968,"PA","City/Suburb",139193,31.8
213826,"Marywood University",2021,32,1790,26,22687,2541,0.81857536402991,"PA","City/Suburb",142186,31.8
213826,"Marywood University",2020,32,1808,26,21657,2231,0.82025997310623,"PA","City/Suburb",143645,31.8
213826,"Marywood University",2019,32,1803,28,23380,2005,0.777556109725686,"PA","City/Suburb",143842,31.8
166674,"Massachusetts College of Art and Design",2023,28,1876,47,24159,3027,0.774694416914437,"MA","City/Suburb",78133,44.5
166674,"Massachusetts College of Art and Design",2022,27,1833,49,23737,2598,0.786374133949192,"MA","City/Suburb",78514,44.5
166674,"Massachusetts College of Art and Design",2021,31,1778,47,24772,2433,0.786683107274969,"MA","City/Suburb",78839,44.5
166674,"Massachusetts College of Art and Design",2020,28,1770,45,23396,2677,0.70265222263728,"MA","City/Suburb",79537,44.5
166674,"Massachusetts College of Art and Design",2019,28,1955,43,25188,3087,0.578231292517007,"MA","City/Suburb",78060,44.5
167288,"Massachusetts College of Liberal Arts",2023,40,836,29,17705,1543,0.92352559948153,"MA","Town/Rural",78133,44.5
167288,"Massachusetts College of Liberal Arts",2022,43,838,32,15377,1456,0.92445054945055,"MA","Town/Rural",78514,44.5
167288,"Massachusetts College of Liberal Arts",2021,43,870,30,14902,1371,0.909555069292487,"MA","Town/Rural",78839,44.5
167288,"Massachusetts College of Liberal Arts",2020,45,1076,30,14780,1355,0.876752767527675,"MA","Town/Rural",79537,44.5
167288,"Massachusetts College of Liberal Arts",2019,47,1345,30,15418,1754,0.816419612314709,"MA","Town/Rural",78060,44.5
166683,"Massachusetts Institute of Technology",2023,19,4576,79,21519,26904,0.0473535533749628,"MA","City/Suburb",78133,44.5
166683,"Massachusetts Institute of Technology",2022,18,4657,78,20232,33767,0.0395948707317796,"MA","City/Suburb",78514,44.5
166683,"Massachusetts Institute of Technology",2021,20,4638,76,30958,33240,0.0410649819494585,"MA","City/Suburb",78839,44.5
166683,"Massachusetts Institute of Technology",2020,19,4361,74,19998,20075,0.0725778331257783,"MA","City/Suburb",79537,44.5
166683,"Massachusetts Institute of Technology",2019,18,4530,71,20465,21312,0.0669575825825826,"MA","City/Suburb",78060,44.5
166692,"Massachusetts Maritime Academy",2023,17,1271,20,20759,1120,0.945535714285714,"MA","City/Suburb",78133,44.5
166692,"Massachusetts Maritime Academy",2022,17,1326,17,21668,1028,0.893968871595331,"MA","City/Suburb",78514,44.5
166692,"Massachusetts Maritime Academy",2021,18,1440,12,19412,1079,0.900834105653383,"MA","City/Suburb",78839,44.5
166692,"Massachusetts Maritime Academy",2020,16,1538,17,17635,785,0.92484076433121,"MA","City/Suburb",79537,44.5
166692,"Massachusetts Maritime Academy",2019,17,1695,15,15424,773,0.914618369987063,"MA","City/Suburb",78060,44.5
173957,"Mayo Clinic College of Medicine and Science",2023,1,296,23,11577,124,0.387096774193548,"MN","City/Suburb",67002,36.7
173957,"Mayo Clinic College of Medicine and Science",2022,2,216,26,11830,55,0.636363636363636,"MN","City/Suburb",64579,36.7
173957,"Mayo Clinic College of Medicine and Science",2021,3,258,26,11188,53,0.490566037735849,"MN","City/Suburb",65199,36.7
173957,"Mayo Clinic College of Medicine and Science",2020,5,283,26,12497,131,0.312977099236641,"MN","City/Suburb",66285,36.7
173957,"Mayo Clinic College of Medicine and Science",2019,6,265,22,9546,166,0.295180722891566,"MN","City/Suburb",65499,36.7
200226,"Mayville State University",2022,26,1077,19,14347,292,0.712328767123288,"ND","Town/Rural",7623,29.7
200226,"Mayville State University",2021,25,1147,20,14270,546,0.60989010989011,"ND","Town/Rural",7291,29.7
200226,"Mayville State University",2020,25,1145,20,13891,330,0.53030303030303,"ND","Town/Rural",7385,29.7
200226,"Mayville State University",2019,28,1187,19,12479,385,0.701298701298701,"ND","Town/Rural",7006,29.7
164270,"McDaniel College",2023,34,1665,45,23088,3856,0.835840248962656,"MD","Town/Rural",69770,40.8
164270,"McDaniel College",2022,35,1766,46,23733,4311,0.820459290187891,"MD","Town/Rural",69124,40.8
164270,"McDaniel College",2021,35,1757,45,22161,4391,0.866772944659531,"MD","Town/Rural",71017,40.8
164270,"McDaniel College",2020,33,1804,45,21183,4207,0.811266936058949,"MD","Town/Rural",67971,40.8
164270,"McDaniel College",2019,31,1679,43,19304,3761,0.918372773198617,"MD","Town/Rural",68208,40.8
147013,"McKendree University",2023,29,1605,40,25200,2652,0.638763197586727,"IL","City/Suburb",148445,35.1
147013,"McKendree University",2022,32,1534,44,22431,2332,0.683533447684391,"IL","City/Suburb",145439,35.1
147013,"McKendree University",2021,31,1443,40,25492,1765,0.776770538243626,"IL","City/Suburb",150490,35.1
147013,"McKendree University",2020,31,1701,41,20869,1965,0.700763358778626,"IL","City/Suburb",149373,35.1
147013,"McKendree University",2019,35,1788,39,21764,1997,0.633450175262894,"IL","City/Suburb",152277,35.1
226587,"McMurry University",2023,45,2544,63,20817,4836,0.576509511993383,"TX","City/Suburb",385604,30.3
226587,"McMurry University",2022,53,1231,57,18757,2345,0.565031982942431,"TX","City/Suburb",375741,30.3
226587,"McMurry University",2021,50,1142,56,22098,1372,0.783527696793003,"TX","City/Suburb",377064,30.3
226587,"McMurry University",2020,50,1087,53,20963,1798,0.473859844271413,"TX","City/Suburb",372402,30.3
226587,"McMurry University",2019,48,1166,52,21719,2116,0.454631379962193,"TX","City/Suburb",364979,30.3
159717,"McNeese State University",2023,31,5560,34,11393,3294,0.675470552519733,"LA","City/Suburb",49729,24.3
159717,"McNeese State University",2022,31,5696,32,10154,3554,0.712436691052335,"LA","City/Suburb",49777,24.3
159717,"McNeese State University",2021,31,5893,31,10487,2599,0.687572143131974,"LA","City/Suburb",52461,24.3
159717,"McNeese State University",2020,31,6674,31,9721,3496,0.633009153318078,"LA","City/Suburb",53334,24.3
159717,"McNeese State University",2019,32,6663,31,11974,2352,0.807397959183674,"LA","City/Suburb",52809,24.3
155511,"McPherson College",2023,34,788,48,25490,1209,0.837882547559967,"KS","Town/Rural",36832,33.8
155511,"McPherson College",2022,33,815,48,25065,1445,0.658823529411765,"KS","Town/Rural",36624,33.8
155511,"McPherson College",2021,32,830,46,24693,884,0.846153846153846,"KS","Town/Rural",36149,33.8
155511,"McPherson College",2020,36,838,48,23872,1785,0.52156862745098,"KS","Town/Rural",35923,33.8
155511,"McPherson College",2019,38,819,48,24672,1906,0.520986358866737,"KS","Town/Rural",35979,33.8
166656,"MCPHS University",2023,28,3477,69,37182,6010,0.852079866888519,"MA","City/Suburb",78133,44.5
166656,"MCPHS University",2022,28,3522,67,38776,5698,0.882590382590383,"MA","City/Suburb",78514,44.5
166656,"MCPHS University",2021,25,3668,66,38390,4846,0.977094510936855,"MA","City/Suburb",78839,44.5
166656,"MCPHS University",2020,25,3970,65,39316,4808,0.911189683860233,"MA","City/Suburb",79537,44.5
166656,"MCPHS University",2019,26,4034,64,39112,4744,0.853288364249578,"MA","City/Suburb",78060,44.5
118693,"Menlo College",2023,29,831,84,28158,3041,0.678066425517922,"CA","City/Suburb",492544,34.2
118693,"Menlo College",2022,32,800,83,29151,3357,0.617217753946976,"CA","City/Suburb",473448,34.2
118693,"Menlo College",2021,34,745,80,35658,2134,0.697750702905342,"CA","City/Suburb",467260,34.2
118693,"Menlo College",2020,34,826,79,27052,2471,0.645082962363416,"CA","City/Suburb",477479,34.2
118693,"Menlo College",2019,32,894,78,27233,3039,0.627179993418888,"CA","City/Suburb",478819,34.2
140447,"Mercer University",2023,33,4807,58,24197,11058,0.664586724543317,"GA","City/Suburb",126146,31.9
140447,"Mercer University",2022,33,4859,56,22087,7556,0.746823716251985,"GA","City/Suburb",122695,31.9
140447,"Mercer University",2021,32,4941,55,21164,7201,0.754061935842244,"GA","City/Suburb",124712,31.9
140447,"Mercer University",2020,33,4911,54,21693,5651,0.781631569633693,"GA","City/Suburb",126126,31.9
140447,"Mercer University",2019,33,4865,53,21696,5034,0.742153357171236,"GA","City/Suburb",121897,31.9
153977,"Mercy College of Health Sciences",2023,34,905,32,24881,164,0.98780487804878,"IA","City/Suburb",36870,29
153977,"Mercy College of Health Sciences",2022,33,909,34,22433,152,0.967105263157895,"IA","City/Suburb",36521,29
153977,"Mercy College of Health Sciences",2021,35,951,30,18129,132,0.96969696969697,"IA","City/Suburb",37097,29
153977,"Mercy College of Health Sciences",2020,36,869,30,21339,120,0.916666666666667,"IA","City/Suburb",36359,29
153977,"Mercy College of Health Sciences",2019,43,795,26,20368,137,0.978102189781022,"IA","City/Suburb",36735,29
203960,"Mercy College of Ohio",2023,36,999,32,15705,283,0.42756183745583,"OH","City/Suburb",133760,29
203960,"Mercy College of Ohio",2022,45,1120,28,14564,236,0.461864406779661,"OH","City/Suburb",133872,29
203960,"Mercy College of Ohio",2021,35,1224,28,18174,288,0.409722222222222,"OH","City/Suburb",136945,29
203960,"Mercy College of Ohio",2020,35,1502,26,13856,324,0.395061728395062,"OH","City/Suburb",135941,29
203960,"Mercy College of Ohio",2019,41,1500,24,19671,305,0.413114754098361,"OH","City/Suburb",135868,29
193016,"Mercy University",2023,47,6482,84,16776,8581,0.854678941848269,"NY","City/Suburb",211853,37.2
193016,"Mercy University",2022,50,6379,82,15879,7891,0.858573057914079,"NY","City/Suburb",213993,37.2
193016,"Mercy University",2021,51,6505,81,15027,6471,0.857827229176325,"NY","City/Suburb",217586,37.2
193016,"Mercy University",2020,52,7080,81,15721,7246,0.819624620480265,"NY","City/Suburb",209688,37.2
193016,"Mercy University",2019,52,7993,81,15283,6720,0.816220238095238,"NY","City/Suburb",212104,37.2
213987,"Mercyhurst University",2023,30,2292,27,26962,3500,0.832285714285714,"PA","City/Suburb",142275,31.8
213987,"Mercyhurst University",2022,29,2446,25,24935,3625,0.80551724137931,"PA","City/Suburb",139193,31.8
213987,"Mercyhurst University",2021,32,2641,21,25785,3893,0.823786283072181,"PA","City/Suburb",142186,31.8
213987,"Mercyhurst University",2020,27,2370,19,26942,3457,0.880242985247324,"PA","City/Suburb",143645,31.8
213987,"Mercyhurst University",2019,29,2378,20,23605,2936,0.864441416893733,"PA","City/Suburb",143842,31.8
198950,"Meredith College",2023,33,1309,38,23405,1563,0.746641074856046,"NC","City/Suburb",108252,31.9
198950,"Meredith College",2022,35,1322,35,23259,1775,0.731830985915493,"NC","City/Suburb",114167,31.9
198950,"Meredith College",2021,33,1427,35,21717,1706,0.698710433763189,"NC","City/Suburb",116514,31.9
198950,"Meredith College",2020,32,1521,34,25357,1674,0.716248506571087,"NC","City/Suburb",116615,31.9
198950,"Meredith College",2019,32,1528,32,26958,1936,0.647210743801653,"NC","City/Suburb",114284,31.9
166850,"Merrimack College",2023,15,4199,26,38849,13693,0.7360695245746,"MA","City/Suburb",78133,44.5
166850,"Merrimack College",2022,16,4229,25,37296,13175,0.746337760910816,"MA","City/Suburb",78514,44.5
166850,"Merrimack College",2021,16,4120,24,35500,10429,0.803049189759325,"MA","City/Suburb",78839,44.5
166850,"Merrimack College",2020,16,4202,24,34606,10934,0.816444119261021,"MA","City/Suburb",79537,44.5
166850,"Merrimack College",2019,18,4230,28,34378,9747,0.819021237303786,"MA","City/Suburb",78060,44.5
193061,"Mesivta of Eastern Parkway-Yeshiva Zichron Meilech",2023,66,41,0,9001,8,0.625,"NY","City/Suburb",211853,37.2
193061,"Mesivta of Eastern Parkway-Yeshiva Zichron Meilech",2022,63,47,6,6129,12,0.583333333333333,"NY","City/Suburb",213993,37.2
193061,"Mesivta of Eastern Parkway-Yeshiva Zichron Meilech",2021,56,49,2,5333,18,0.722222222222222,"NY","City/Suburb",217586,37.2
193061,"Mesivta of Eastern Parkway-Yeshiva Zichron Meilech",2020,68,43,0,8645,10,0.7,"NY","City/Suburb",209688,37.2
193061,"Mesivta of Eastern Parkway-Yeshiva Zichron Meilech",2019,63,34,3,11302,13,0.923076923076923,"NY","City/Suburb",212104,37.2
193052,"Mesivta Torah Vodaath Rabbinical Seminary",2023,54,337,0,9775,39,0.897435897435897,"NY","City/Suburb",211853,37.2
193052,"Mesivta Torah Vodaath Rabbinical Seminary",2022,39,344,0,12449,40,0.925,"NY","City/Suburb",213993,37.2
193052,"Mesivta Torah Vodaath Rabbinical Seminary",2021,65,369,0,17250,25,0.72,"NY","City/Suburb",217586,37.2
193052,"Mesivta Torah Vodaath Rabbinical Seminary",2020,67,364,0,9401,40,0.9,"NY","City/Suburb",209688,37.2
193052,"Mesivta Torah Vodaath Rabbinical Seminary",2019,72,257,0,7168,18,0.888888888888889,"NY","City/Suburb",212104,37.2
193070,"Mesivtha Tifereth Jerusalem of America",2023,35,45,0,10373,23,0.608695652173913,"NY","City/Suburb",211853,37.2
193070,"Mesivtha Tifereth Jerusalem of America",2022,55,52,0,204,21,0.619047619047619,"NY","City/Suburb",213993,37.2
193070,"Mesivtha Tifereth Jerusalem of America",2021,41,44,0,4999,25,0.64,"NY","City/Suburb",217586,37.2
193070,"Mesivtha Tifereth Jerusalem of America",2020,41,44,0,5750,19,0.842105263157895,"NY","City/Suburb",209688,37.2
193070,"Mesivtha Tifereth Jerusalem of America",2019,49,44,0,7409,20,0.7,"NY","City/Suburb",212104,37.2
417752,"Messenger College",2023,84,26,35,18221,14,0.5,"TX","City/Suburb",385604,30.3
417752,"Messenger College",2022,84,19,42,17197,8,0.5,"TX","City/Suburb",375741,30.3
417752,"Messenger College",2021,79,31,45,16546,8,1,"TX","City/Suburb",377064,30.3
417752,"Messenger College",2020,67,33,36,18764,18,0.333333333333333,"TX","City/Suburb",372402,30.3
417752,"Messenger College",2019,71,46,26,16312,4,0.75,"TX","City/Suburb",364979,30.3
213996,"Messiah University",2023,20,2586,24,29882,2375,0.784842105263158,"PA","City/Suburb",142275,31.8
213996,"Messiah University",2022,17,2495,22,24120,2438,0.794093519278097,"PA","City/Suburb",139193,31.8
213996,"Messiah University",2021,20,2495,21,23895,2458,0.77379983726607,"PA","City/Suburb",142186,31.8
213996,"Messiah University",2020,20,2614,19,27641,2549,0.775205963122793,"PA","City/Suburb",143645,31.8
213996,"Messiah University",2019,21,2709,19,28867,2640,0.758712121212121,"PA","City/Suburb",143842,31.8
147129,"Methodist College",2023,56,374,32,35461,45,0.311111111111111,"IL","City/Suburb",148445,35.1
147129,"Methodist College",2022,46,433,29,35578,54,0.333333333333333,"IL","City/Suburb",145439,35.1
147129,"Methodist College",2021,48,514,27,28547,9,1,"IL","City/Suburb",150490,35.1
147129,"Methodist College",2020,56,557,26,25955,8,0.875,"IL","City/Suburb",149373,35.1
147129,"Methodist College",2019,52,676,21,32493,66,0.439393939393939,"IL","City/Suburb",152277,35.1
198969,"Methodist University",2023,39,1436,54,25786,2738,0.752008765522279,"NC","City/Suburb",108252,31.9
198969,"Methodist University",2022,39,1448,52,28129,2397,0.756779307467668,"NC","City/Suburb",114167,31.9
198969,"Methodist University",2021,37,1520,55,18205,2914,0.78586135895676,"NC","City/Suburb",116514,31.9
198969,"Methodist University",2020,38,1426,58,31730,2964,0.758771929824561,"NC","City/Suburb",116615,31.9
198969,"Methodist University",2019,39,1646,60,32578,3206,0.630068621334997,"NC","City/Suburb",114284,31.9
190114,"Metropolitan College of New York",2023,61,430,93,27481,81,0.765432098765432,"NY","City/Suburb",211853,37.2
190114,"Metropolitan College of New York",2022,65,426,96,22183,113,0.654867256637168,"NY","City/Suburb",213993,37.2
190114,"Metropolitan College of New York",2021,64,402,93,25596,88,0.772727272727273,"NY","City/Suburb",217586,37.2
190114,"Metropolitan College of New York",2020,74,528,93,24083,146,0.404109589041096,"NY","City/Suburb",209688,37.2
190114,"Metropolitan College of New York",2019,72,626,94,14687,152,0.322368421052632,"NY","City/Suburb",212104,37.2
174020,"Metropolitan State University",2023,44,5271,63,18233,542,0.964944649446494,"MN","City/Suburb",67002,36.7
174020,"Metropolitan State University",2022,45,5488,61,19347,612,0.816993464052288,"MN","City/Suburb",64579,36.7
174020,"Metropolitan State University",2021,42,6000,57,16830,650,0.666153846153846,"MN","City/Suburb",65199,36.7
174020,"Metropolitan State University",2020,45,6649,56,15941,887,0.618940248027057,"MN","City/Suburb",66285,36.7
174020,"Metropolitan State University",2019,45,6770,55,15056,1096,0.562043795620438,"MN","City/Suburb",65499,36.7
127565,"Metropolitan State University of Denver",2023,35,16430,57,13727,12403,0.991373054906071,"CO","City/Suburb",63277,41.7
127565,"Metropolitan State University of Denver",2022,33,15848,56,14805,10163,0.979140017711306,"CO","City/Suburb",64869,41.7
127565,"Metropolitan State University of Denver",2021,32,16515,53,14195,10402,0.972313016727552,"CO","City/Suburb",63204,41.7
127565,"Metropolitan State University of Denver",2020,35,17988,51,13563,12045,0.833291822332918,"CO","City/Suburb",61237,41.7
127565,"Metropolitan State University of Denver",2019,36,19194,50,13067,13583,0.612972097474785,"CO","City/Suburb",60962,41.7
204024,"Miami University-Oxford",2023,11,16478,19,27928,34498,0.820888167429996,"OH","Town/Rural",133760,29
204024,"Miami University-Oxford",2022,11,16864,20,23031,30367,0.879210985609379,"OH","Town/Rural",133872,29
204024,"Miami University-Oxford",2021,12,17003,21,24616,29990,0.885995331777259,"OH","Town/Rural",136945,29
204024,"Miami University-Oxford",2020,11,16522,25,24345,26844,0.91953509164059,"OH","Town/Rural",135941,29
204024,"Miami University-Oxford",2019,11,17246,28,22989,27247,0.85323154842735,"OH","Town/Rural",135868,29
171100,"Michigan State University",2023,20,40483,33,24630,58879,0.839246590465191,"MI","City/Suburb",108265,29.6
171100,"Michigan State University",2022,22,39201,33,22803,53341,0.879511070283647,"MI","City/Suburb",103443,29.6
171100,"Michigan State University",2021,22,38574,32,8738,50630,0.832510369346237,"MI","City/Suburb",107239,29.6
171100,"Michigan State University",2020,22,38491,32,16655,45426,0.763065204948708,"MI","City/Suburb",108725,29.6
171100,"Michigan State University",2019,22,39176,32,16579,44322,0.711204368033933,"MI","City/Suburb",112177,29.6
171128,"Michigan Technological University",2023,18,5892,16,17928,12434,0.879443461476596,"MI","Town/Rural",108265,29.6
171128,"Michigan Technological University",2022,19,5699,16,18235,7893,0.936779424806791,"MI","Town/Rural",103443,29.6
171128,"Michigan Technological University",2021,20,5777,14,17826,8041,0.85748041288397,"MI","Town/Rural",107239,29.6
171128,"Michigan Technological University",2020,22,5640,13,17356,7476,0.7035848047084,"MI","Town/Rural",108725,29.6
171128,"Michigan Technological University",2019,23,5750,12,17814,5978,0.743057878889261,"MI","Town/Rural",112177,29.6
199458,"Mid-Atlantic Christian University",2023,47,177,46,26793,290,0.762068965517241,"NC","Town/Rural",108252,31.9
199458,"Mid-Atlantic Christian University",2022,54,133,40,22120,210,0.633333333333333,"NC","Town/Rural",114167,31.9
199458,"Mid-Atlantic Christian University",2021,63,145,43,22911,250,0.48,"NC","Town/Rural",116514,31.9
199458,"Mid-Atlantic Christian University",2020,53,165,35,21276,218,0.431192660550459,"NC","Town/Rural",116615,31.9
199458,"Mid-Atlantic Christian University",2019,57,198,36,20557,253,0.41501976284585,"NC","Town/Rural",114284,31.9
481225,"Mid-South Christian College",2023,35,24,87,15877,8,1,"TN","City/Suburb",72084,27.5
481225,"Mid-South Christian College",2022,29,17,76,10924,8,1,"TN","City/Suburb",71347,27.5
481225,"Mid-South Christian College",2020,25,22,82,13588,4,1,"TN","City/Suburb",73281,27.5
481225,"Mid-South Christian College",2019,32,24,75,12883,7,1,"TN","City/Suburb",72802,27.5
155520,"MidAmerica Nazarene University",2023,28,1185,49,29992,1085,0.734562211981567,"KS","City/Suburb",36832,33.8
155520,"MidAmerica Nazarene University",2022,31,1159,48,28787,1103,0.668177697189483,"KS","City/Suburb",36624,33.8
155520,"MidAmerica Nazarene University",2021,34,1171,47,28554,1092,0.646520146520147,"KS","City/Suburb",36149,33.8
155520,"MidAmerica Nazarene University",2020,34,1222,42,29406,1043,0.63758389261745,"KS","City/Suburb",35923,33.8
155520,"MidAmerica Nazarene University",2019,35,1252,38,25365,1197,0.546365914786967,"KS","City/Suburb",35979,33.8
482158,"Middle Georgia State University",2023,41,7485,48,13326,3876,0.997678018575851,"GA","City/Suburb",126146,31.9
482158,"Middle Georgia State University",2022,42,7259,47,13174,3440,0.997093023255814,"GA","City/Suburb",122695,31.9
482158,"Middle Georgia State University",2021,44,7457,47,10926,2446,0.993867538838921,"GA","City/Suburb",124712,31.9
482158,"Middle Georgia State University",2020,45,8015,49,10571,3237,0.993203583565029,"GA","City/Suburb",126126,31.9
482158,"Middle Georgia State University",2019,46,7787,48,9781,2759,0.941645523740486,"GA","City/Suburb",121897,31.9
220978,"Middle Tennessee State University",2023,31,17668,36,12700,14763,0.680010837905575,"TN","City/Suburb",72084,27.5
220978,"Middle Tennessee State University",2022,34,17438,35,13062,12868,0.725442959278831,"TN","City/Suburb",71347,27.5
220978,"Middle Tennessee State University",2021,34,18603,34,12617,11244,0.684009249377446,"TN","City/Suburb",72685,27.5
220978,"Middle Tennessee State University",2020,37,19188,35,12265,9096,0.941952506596306,"TN","City/Suburb",73281,27.5
220978,"Middle Tennessee State University",2019,38,19461,36,11964,8973,0.937144767636242,"TN","City/Suburb",72802,27.5
230959,"Middlebury College",2023,17,2800,45,22912,13297,0.103707603218771,"VT","Town/Rural",5789,38.7
230959,"Middlebury College",2022,15,2773,44,22181,12952,0.126930203829524,"VT","Town/Rural",5977,38.7
230959,"Middlebury College",2021,16,2858,41,26958,11906,0.134470015118428,"VT","Town/Rural",5988,38.7
230959,"Middlebury College",2020,14,2580,40,24517,9174,0.220405493786789,"VT","Town/Rural",6158,38.7
230959,"Middlebury College",2019,16,2580,38,23367,9754,0.153578019274144,"VT","Town/Rural",6547,38.7
181330,"Midland University",2023,28,1333,44,24143,1436,0.669220055710306,"NE","Town/Rural",24387,32.4
181330,"Midland University",2022,29,1340,43,22377,1493,0.649028801071668,"NE","Town/Rural",23856,32.4
181330,"Midland University",2021,26,1401,42,21831,1691,0.637492607924305,"NE","Town/Rural",23769,32.4
181330,"Midland University",2020,25,1512,42,20992,1967,0.507880020335536,"NE","Town/Rural",23830,32.4
181330,"Midland University",2019,27,1663,47,21330,1747,0.492844876931883,"NE","Town/Rural",23314,32.4
157377,"Midway University",2023,46,1687,47,24739,1120,0.951785714285714,"KY","Town/Rural",49328,24.8
157377,"Midway University",2022,49,1203,29,22848,1057,0.93755912961211,"KY","Town/Rural",49640,24.8
157377,"Midway University",2021,47,1181,25,22825,1002,0.777445109780439,"KY","Town/Rural",50879,24.8
157377,"Midway University",2020,45,1164,27,24781,1043,0.73058485139022,"KY","Town/Rural",51547,24.8
157377,"Midway University",2019,46,1141,27,23084,1162,0.596385542168675,"KY","Town/Rural",51210,24.8
178208,"Midwestern Baptist Theological Seminary",2023,31,1067,28,25380,141,0.943262411347518,"MO","City/Suburb",67773,29.5
178208,"Midwestern Baptist Theological Seminary",2022,32,1009,32,23318,105,0.942857142857143,"MO","City/Suburb",66781,29.5
178208,"Midwestern Baptist Theological Seminary",2021,31,942,29,18597,212,0.976415094339623,"MO","City/Suburb",66906,29.5
178208,"Midwestern Baptist Theological Seminary",2020,34,880,29,19424,233,0.969957081545064,"MO","City/Suburb",67892,29.5
178208,"Midwestern Baptist Theological Seminary",2019,35,670,30,18556,80,1,"MO","City/Suburb",68482,29.5
226833,"Midwestern State University",2023,40,4508,57,11798,5824,0.873798076923077,"TX","City/Suburb",385604,30.3
226833,"Midwestern State University",2022,40,4818,55,11361,5507,0.924278191392773,"TX","City/Suburb",375741,30.3
226833,"Midwestern State University",2021,40,5041,54,10858,3887,0.945973758682789,"TX","City/Suburb",377064,30.3
226833,"Midwestern State University",2020,40,5141,53,10094,4025,0.709565217391304,"TX","City/Suburb",372402,30.3
226833,"Midwestern State University",2019,40,5226,53,9799,3808,0.792542016806723,"TX","City/Suburb",364979,30.3
480985,"Midwives College of Utah",2023,52,253,43,26463,10,0.6,"UT","City/Suburb",46946,34.9
480985,"Midwives College of Utah",2022,38,279,37,27817,7,0.428571428571429,"UT","City/Suburb",46085,34.9
480985,"Midwives College of Utah",2021,40,252,29,23629,11,0.818181818181818,"UT","City/Suburb",45251,34.9
480985,"Midwives College of Utah",2020,38,232,29,22383,7,1,"UT","City/Suburb",43182,34.9
480985,"Midwives College of Utah",2019,35,213,25,22315,15,0.4,"UT","City/Suburb",43372,34.9
214041,"Millersville University of Pennsylvania",2023,27,5724,27,20860,6989,0.894119330376306,"PA","City/Suburb",142275,31.8
214041,"Millersville University of Pennsylvania",2022,26,5814,26,21076,6506,0.924223793421457,"PA","City/Suburb",139193,31.8
214041,"Millersville University of Pennsylvania",2021,27,6237,25,17995,6087,0.96369311647774,"PA","City/Suburb",142186,31.8
214041,"Millersville University of Pennsylvania",2020,28,6454,26,21599,6381,0.845478765083843,"PA","City/Suburb",143645,31.8
214041,"Millersville University of Pennsylvania",2019,30,6760,27,21505,6251,0.792673172292433,"PA","City/Suburb",143842,31.8
486901,"Milligan University",2023,23,834,27,21463,1164,0.702749140893471,"TN","City/Suburb",72084,27.5
486901,"Milligan University",2022,27,755,23,19865,844,0.667061611374408,"TN","City/Suburb",71347,27.5
486901,"Milligan University",2021,24,789,23,20448,860,0.603488372093023,"TN","City/Suburb",72685,27.5
486901,"Milligan University",2020,26,941,20,21003,518,0.992277992277992,"TN","City/Suburb",73281,27.5
486901,"Milligan University",2019,26,882,21,20223,548,0.989051094890511,"TN","City/Suburb",72802,27.5
147244,"Millikin University",2023,35,1570,37,10078,4009,0.540533798952357,"IL","City/Suburb",148445,35.1
147244,"Millikin University",2022,35,1708,35,10492,2902,0.753962784286699,"IL","City/Suburb",145439,35.1
147244,"Millikin University",2021,34,1812,33,20055,3049,0.748114135782224,"IL","City/Suburb",150490,35.1
147244,"Millikin University",2020,36,1875,31,19948,3071,0.711494627157278,"IL","City/Suburb",149373,35.1
147244,"Millikin University",2019,37,1995,33,22138,3531,0.712546020957236,"IL","City/Suburb",152277,35.1
175980,"Millsaps College",2023,36,582,43,26739,2058,0.490281827016521,"MS","City/Suburb",32572,23.2
175980,"Millsaps College",2022,34,627,41,27260,2210,0.678280542986425,"MS","City/Suburb",32131,23.2
175980,"Millsaps College",2021,32,697,41,23839,2220,0.680630630630631,"MS","City/Suburb",32865,23.2
175980,"Millsaps College",2020,31,669,39,24263,2796,0.698140200286123,"MS","City/Suburb",32110,23.2
175980,"Millsaps College",2019,29,779,39,24457,5223,0.688110281447444,"MS","City/Suburb",32601,23.2
239309,"Milwaukee Institute of Art & Design",2023,36,885,35,28024,1059,0.62795089707271,"WI","City/Suburb",67563,30
239309,"Milwaukee Institute of Art & Design",2022,38,896,35,25472,1052,0.639733840304182,"WI","City/Suburb",65909,30
239309,"Milwaukee Institute of Art & Design",2021,40,898,34,25270,933,0.682743837084673,"WI","City/Suburb",66830,30
239309,"Milwaukee Institute of Art & Design",2020,43,925,36,26342,1448,0.619475138121547,"WI","City/Suburb",68053,30
239309,"Milwaukee Institute of Art & Design",2019,41,870,36,25557,1134,0.67989417989418,"WI","City/Suburb",68191,30
239318,"Milwaukee School of Engineering",2023,23,2653,32,26122,6032,0.603945623342175,"WI","City/Suburb",67563,30
239318,"Milwaukee School of Engineering",2022,23,2575,31,25661,5478,0.634720700985761,"WI","City/Suburb",65909,30
239318,"Milwaukee School of Engineering",2021,24,2564,30,26665,4522,0.6671826625387,"WI","City/Suburb",66830,30
239318,"Milwaukee School of Engineering",2020,24,2510,28,26541,4059,0.600886917960089,"WI","City/Suburb",68053,30
239318,"Milwaukee School of Engineering",2019,27,2566,31,25917,3552,0.617117117117117,"WI","City/Suburb",68191,30
174127,"Minneapolis College of Art and Design",2023,40,714,37,27031,885,0.48361581920904,"MN","City/Suburb",67002,36.7
174127,"Minneapolis College of Art and Design",2022,39,702,36,28443,668,0.568862275449102,"MN","City/Suburb",64579,36.7
174127,"Minneapolis College of Art and Design",2021,40,675,36,28520,638,0.655172413793103,"MN","City/Suburb",65199,36.7
174127,"Minneapolis College of Art and Design",2020,37,670,36,29347,695,0.546762589928058,"MN","City/Suburb",66285,36.7
174127,"Minneapolis College of Art and Design",2019,41,709,34,28848,747,0.585006693440428,"MN","City/Suburb",65499,36.7
174358,"Minnesota State University Moorhead",2023,27,3413,23,18231,4654,0.526214009454233,"MN","City/Suburb",67002,36.7
174358,"Minnesota State University Moorhead",2022,28,3729,21,17939,3898,0.566187788609543,"MN","City/Suburb",64579,36.7
174358,"Minnesota State University Moorhead",2021,28,4026,20,17254,3143,0.717149220489978,"MN","City/Suburb",65199,36.7
174358,"Minnesota State University Moorhead",2020,30,4445,20,17324,3688,0.660520607375271,"MN","City/Suburb",66285,36.7
174358,"Minnesota State University Moorhead",2019,29,4673,20,16589,3963,0.653797628059551,"MN","City/Suburb",65499,36.7
173920,"Minnesota State University-Mankato",2023,20,12897,28,17227,8974,0.913305103632717,"MN","City/Suburb",67002,36.7
173920,"Minnesota State University-Mankato",2022,22,12676,28,16809,11152,0.706779053084649,"MN","City/Suburb",64579,36.7
173920,"Minnesota State University-Mankato",2021,23,12620,28,15832,9859,0.694796632518511,"MN","City/Suburb",65199,36.7
173920,"Minnesota State University-Mankato",2020,25,12938,28,15201,10411,0.672557871482086,"MN","City/Suburb",66285,36.7
173920,"Minnesota State University-Mankato",2019,25,12490,27,14464,10349,0.627113730795246,"MN","City/Suburb",65499,36.7
200253,"Minot State University",2023,24,2474,36,12349,745,0.722147651006711,"ND","City/Suburb",7668,29.7
200253,"Minot State University",2022,23,2530,32,12360,498,0.931726907630522,"ND","City/Suburb",7623,29.7
200253,"Minot State University",2021,22,2576,31,12935,551,0.883847549909256,"ND","City/Suburb",7291,29.7
200253,"Minot State University",2020,22,2656,31,11949,750,0.773333333333333,"ND","City/Suburb",7385,29.7
200253,"Minot State University",2019,23,2836,31,11687,798,0.666666666666667,"ND","City/Suburb",7006,29.7
193247,"Mirrer Yeshiva Cent Institute",2023,37,102,7,11993,45,0.777777777777778,"NY","City/Suburb",211853,37.2
193247,"Mirrer Yeshiva Cent Institute",2022,43,115,7,12994,55,0.8,"NY","City/Suburb",213993,37.2
193247,"Mirrer Yeshiva Cent Institute",2021,39,125,8,14148,55,0.8,"NY","City/Suburb",217586,37.2
193247,"Mirrer Yeshiva Cent Institute",2020,45,131,5,12845,58,0.862068965517241,"NY","City/Suburb",209688,37.2
193247,"Mirrer Yeshiva Cent Institute",2019,48,119,5,11134,58,0.724137931034483,"NY","City/Suburb",212104,37.2
214069,"Misericordia University",2023,19,1670,20,25090,2508,0.848883572567783,"PA","City/Suburb",142275,31.8
214069,"Misericordia University",2022,23,1776,19,27033,2196,0.887067395264117,"PA","City/Suburb",139193,31.8
214069,"Misericordia University",2021,24,1773,16,23822,2184,0.891025641025641,"PA","City/Suburb",142186,31.8
214069,"Misericordia University",2020,26,1845,15,27693,1897,0.832894043226147,"PA","City/Suburb",143645,31.8
214069,"Misericordia University",2019,26,1964,15,25978,1547,0.857789269553975,"PA","City/Suburb",143842,31.8
176053,"Mississippi College",2023,26,2706,29,21135,3315,0.48868778280543,"MS","City/Suburb",32572,23.2
176053,"Mississippi College",2022,28,2396,29,20874,2413,0.399917115623705,"MS","City/Suburb",32131,23.2
176053,"Mississippi College",2021,29,2523,30,18667,2339,0.48995297135528,"MS","City/Suburb",32865,23.2
176053,"Mississippi College",2020,30,2757,27,18800,2559,0.287612348573662,"MS","City/Suburb",32110,23.2
176053,"Mississippi College",2019,31,2944,27,18040,2162,0.420444033302498,"MS","City/Suburb",32601,23.2
176080,"Mississippi State University",2023,29,18230,26,16480,20877,0.763232265172199,"MS","Town/Rural",32572,23.2
176080,"Mississippi State University",2022,30,18305,26,15364,18830,0.751885289431758,"MS","Town/Rural",32131,23.2
176080,"Mississippi State University",2021,31,18584,27,16175,17707,0.761167899700683,"MS","Town/Rural",32865,23.2
176080,"Mississippi State University",2020,31,18803,27,16402,16127,0.8003968500031,"MS","Town/Rural",32110,23.2
176080,"Mississippi State University",2019,32,18792,27,16471,18340,0.538604143947655,"MS","Town/Rural",32601,23.2
176035,"Mississippi University for Women",2023,42,1995,42,12617,553,1,"MS","Town/Rural",32572,23.2
176035,"Mississippi University for Women",2022,43,2080,43,12691,450,0.991111111111111,"MS","Town/Rural",32131,23.2
176035,"Mississippi University for Women",2021,43,2178,43,12309,422,0.992890995260663,"MS","Town/Rural",32865,23.2
176035,"Mississippi University for Women",2020,46,2418,44,13023,516,0.99031007751938,"MS","Town/Rural",32110,23.2
176035,"Mississippi University for Women",2019,47,2594,44,11725,535,0.966355140186916,"MS","Town/Rural",32601,23.2
176044,"Mississippi Valley State University",2023,60,2005,95,12304,3411,0.511580181764878,"MS","Town/Rural",32572,23.2
176044,"Mississippi Valley State University",2022,52,1654,92,11598,2436,0.647783251231527,"MS","Town/Rural",32131,23.2
176044,"Mississippi Valley State University",2021,65,1714,91,10320,3155,0.786053882725832,"MS","Town/Rural",32865,23.2
176044,"Mississippi Valley State University",2020,63,1694,99,11064,3351,0.8272157564906,"MS","Town/Rural",32110,23.2
176044,"Mississippi Valley State University",2019,70,1833,98,12024,2837,0.650687345787804,"MS","Town/Rural",32601,23.2
178244,"Missouri Baptist University",2023,13,4889,72,26117,1195,0.641004184100418,"MO","City/Suburb",67773,29.5
178244,"Missouri Baptist University",2022,14,4549,63,25590,1055,0.709004739336493,"MO","City/Suburb",66781,29.5
178244,"Missouri Baptist University",2021,16,4238,25,23356,699,0.618025751072961,"MO","City/Suburb",66906,29.5
178244,"Missouri Baptist University",2020,16,4046,25,22509,765,0.648366013071895,"MO","City/Suburb",67892,29.5
178244,"Missouri Baptist University",2019,19,4436,41,20481,865,0.610404624277457,"MO","City/Suburb",68482,29.5
178341,"Missouri Southern State University",2023,35,3930,32,11264,2302,0.974370112945265,"MO","City/Suburb",67773,29.5
178341,"Missouri Southern State University",2022,38,4052,32,10345,1937,0.994837377387713,"MO","City/Suburb",66781,29.5
178341,"Missouri Southern State University",2021,43,4245,30,9703,1695,0.968731563421829,"MO","City/Suburb",66906,29.5
178341,"Missouri Southern State University",2020,43,4927,29,9519,2034,0.983284169124877,"MO","City/Suburb",67892,29.5
178341,"Missouri Southern State University",2019,43,5475,27,9810,2295,0.940740740740741,"MO","City/Suburb",68482,29.5
179566,"Missouri State University-Springfield",2023,21,19259,22,17104,11901,0.910511721704058,"MO","City/Suburb",67773,29.5
179566,"Missouri State University-Springfield",2022,22,18419,21,17677,9625,0.92561038961039,"MO","City/Suburb",66781,29.5
179566,"Missouri State University-Springfield",2021,23,18837,20,16501,9726,0.938515319761464,"MO","City/Suburb",66906,29.5
179566,"Missouri State University-Springfield",2020,25,19621,20,16804,9591,0.865707434052758,"MO","City/Suburb",67892,29.5
179566,"Missouri State University-Springfield",2019,28,19801,19,16134,7581,0.879435430681968,"MO","City/Suburb",68482,29.5
178411,"Missouri University of Science and Technology",2023,21,5510,25,14414,8181,0.730717516196064,"MO","Town/Rural",67773,29.5
178411,"Missouri University of Science and Technology",2022,21,5498,20,14023,6311,0.814926319125337,"MO","Town/Rural",66781,29.5
178411,"Missouri University of Science and Technology",2021,21,5696,20,13589,5533,0.853967106452196,"MO","Town/Rural",66906,29.5
178411,"Missouri University of Science and Technology",2020,23,6083,19,13476,5528,0.814580318379161,"MO","Town/Rural",67892,29.5
178411,"Missouri University of Science and Technology",2019,25,6454,19,13954,5062,0.791781904385618,"MO","Town/Rural",68482,29.5
178369,"Missouri Valley College",2023,30,1558,56,18396,2230,0.526905829596413,"MO","Town/Rural",67773,29.5
178369,"Missouri Valley College",2022,31,1494,58,18450,1824,0.612390350877193,"MO","Town/Rural",66781,29.5
178369,"Missouri Valley College",2021,36,1741,57,17716,2342,0.658838599487617,"MO","Town/Rural",66906,29.5
178369,"Missouri Valley College",2020,34,1640,50,18783,2898,0.621808143547274,"MO","Town/Rural",67892,29.5
178369,"Missouri Valley College",2019,36,1740,48,19465,2408,0.526993355481728,"MO","Town/Rural",68482,29.5
129774,"Mitchell College",2023,39,500,46,31760,1295,0.733590733590734,"CT","City/Suburb",44962,39.6
129774,"Mitchell College",2022,42,539,49,30365,1179,0.768447837150127,"CT","City/Suburb",44540,39.6
129774,"Mitchell College",2021,41,526,52,25488,1231,0.779853777416734,"CT","City/Suburb",44901,39.6
129774,"Mitchell College",2020,44,599,50,28471,1307,0.742157612853864,"CT","City/Suburb",45222,39.6
129774,"Mitchell College",2019,41,642,47,28287,1121,0.780553077609277,"CT","City/Suburb",45216,39.6
193292,"Molloy College",2023,30,3259,54,25938,5789,0.756434617377786,"NY","City/Suburb",211853,37.2
193292,"Molloy College",2022,29,3271,49,27243,5412,0.766260162601626,"NY","City/Suburb",213993,37.2
193292,"Molloy College",2021,28,3308,45,25540,5108,0.793265465935787,"NY","City/Suburb",217586,37.2
193292,"Molloy College",2020,28,3510,42,27454,5043,0.741423755700972,"NY","City/Suburb",209688,37.2
193292,"Molloy College",2019,30,3496,40,28500,4624,0.779628027681661,"NY","City/Suburb",212104,37.2
147341,"Monmouth College",2023,31,727,31,19088,1614,0.866171003717472,"IL","Town/Rural",148445,35.1
147341,"Monmouth College",2022,33,767,32,20237,1818,0.907040704070407,"IL","Town/Rural",145439,35.1
147341,"Monmouth College",2021,30,755,31,17935,2526,0.656373713380839,"IL","Town/Rural",150490,35.1
147341,"Monmouth College",2020,36,860,33,18685,2663,0.694329703342095,"IL","Town/Rural",149373,35.1
147341,"Monmouth College",2019,37,908,33,17992,2322,0.666666666666667,"IL","Town/Rural",152277,35.1
185572,"Monmouth University",2023,30,3842,31,33228,8410,0.895362663495838,"NJ","City/Suburb",104131,40.8
185572,"Monmouth University",2022,30,3811,31,31416,7937,0.90915963210281,"NJ","City/Suburb",107755,40.8
185572,"Monmouth University",2021,31,4080,32,29059,8208,0.835404483430799,"NJ","City/Suburb",109108,40.8
185572,"Monmouth University",2020,30,4263,31,31594,8367,0.789291263296283,"NJ","City/Suburb",109961,40.8
185572,"Monmouth University",2019,32,4450,30,30945,8984,0.766473731077471,"NJ","City/Suburb",113367,40.8
180461,"Montana State University",2023,17,14872,16,18511,21975,0.868304891922639,"MT","City/Suburb",9999,31.7
180461,"Montana State University",2022,18,14625,16,17250,28794,0.733347225116344,"MT","City/Suburb",9694,31.7
180461,"Montana State University",2021,20,14648,16,17305,26741,0.730040013462473,"MT","City/Suburb",9661,31.7
180461,"Montana State University",2020,22,14228,15,17656,18892,0.807749311878044,"MT","City/Suburb",9686,31.7
180461,"Montana State University",2019,23,14760,16,16746,19142,0.819350120154634,"MT","City/Suburb",9627,31.7
180416,"Montana Technological University",2023,21,1435,18,15866,1623,0.898952556993222,"MT","Town/Rural",9999,31.7
180416,"Montana Technological University",2022,22,1437,18,16045,1757,0.894706886738759,"MT","Town/Rural",9694,31.7
180416,"Montana Technological University",2021,26,1474,18,15332,1594,0.898368883312422,"MT","Town/Rural",9661,31.7
180416,"Montana Technological University",2020,29,1431,19,14618,916,0.972707423580786,"MT","Town/Rural",9686,31.7
180416,"Montana Technological University",2019,29,1493,20,13547,940,0.909574468085106,"MT","Town/Rural",9627,31.7
185590,"Montclair State University",2023,44,18062,67,13880,23599,0.874147209627527,"NJ","City/Suburb",104131,40.8
185590,"Montclair State University",2022,45,17290,63,13742,21393,0.913149160940495,"NJ","City/Suburb",107755,40.8
185590,"Montclair State University",2021,44,16093,60,12026,18691,0.906104542293082,"NJ","City/Suburb",109108,40.8
185590,"Montclair State University",2020,44,16374,60,15061,11888,0.826631897711978,"NJ","City/Suburb",109961,40.8
185590,"Montclair State University",2019,44,16687,60,15890,12729,0.7630607274727,"NJ","City/Suburb",113367,40.8
199032,"Montreat College",2023,40,759,39,26294,2154,0.65552460538533,"NC","City/Suburb",108252,31.9
199032,"Montreat College",2022,42,820,46,25485,1440,0.680555555555556,"NC","City/Suburb",114167,31.9
199032,"Montreat College",2021,40,853,47,23083,1465,0.902389078498294,"NC","City/Suburb",116514,31.9
199032,"Montreat College",2020,40,830,37,23906,861,0.711962833914053,"NC","City/Suburb",116615,31.9
199032,"Montreat College",2019,40,811,34,23142,999,0.55955955955956,"NC","City/Suburb",114284,31.9
147369,"Moody Bible Institute",2023,33,1624,38,23950,244,0.975409836065574,"IL","City/Suburb",148445,35.1
147369,"Moody Bible Institute",2022,36,1753,40,21368,324,0.941358024691358,"IL","City/Suburb",145439,35.1
147369,"Moody Bible Institute",2021,36,1903,40,21399,298,0.976510067114094,"IL","City/Suburb",150490,35.1
147369,"Moody Bible Institute",2020,38,2161,41,18790,361,0.975069252077562,"IL","City/Suburb",149373,35.1
147369,"Moody Bible Institute",2019,40,2275,42,16247,322,0.944099378881988,"IL","City/Suburb",152277,35.1
214148,"Moore College of Art and Design",2023,41,390,48,44371,1322,0.605143721633888,"PA","City/Suburb",142275,31.8
214148,"Moore College of Art and Design",2022,41,355,44,38204,1510,0.531788079470199,"PA","City/Suburb",139193,31.8
214148,"Moore College of Art and Design",2021,40,357,44,38354,1113,0.581311769991015,"PA","City/Suburb",142186,31.8
214148,"Moore College of Art and Design",2020,42,365,41,40141,1199,0.500417014178482,"PA","City/Suburb",143645,31.8
214148,"Moore College of Art and Design",2019,42,387,40,37232,1277,0.469851213782302,"PA","City/Suburb",143842,31.8
214157,"Moravian University",2023,27,2006,35,30720,5115,0.539980449657869,"PA","City/Suburb",142275,31.8
214157,"Moravian University",2022,26,1904,32,31168,3284,0.670219244823386,"PA","City/Suburb",139193,31.8
214157,"Moravian University",2021,25,1928,30,32020,2789,0.780925062746504,"PA","City/Suburb",142186,31.8
214157,"Moravian University",2020,27,1997,29,29936,2337,0.801026957637997,"PA","City/Suburb",143645,31.8
214157,"Moravian University",2019,28,2073,31,29483,2127,0.751763046544429,"PA","City/Suburb",143842,31.8
157386,"Morehead State University",2023,29,8058,18,10017,8818,0.821161261056929,"KY","Town/Rural",49328,24.8
157386,"Morehead State University",2022,31,8215,17,10991,7911,0.839716849955758,"KY","Town/Rural",49640,24.8
157386,"Morehead State University",2021,33,8312,13,10471,6922,0.898295290378503,"KY","Town/Rural",50879,24.8
157386,"Morehead State University",2020,33,8618,11,12498,8684,0.767042837402119,"KY","Town/Rural",51547,24.8
157386,"Morehead State University",2019,34,8958,11,12560,8032,0.776020916334661,"KY","Town/Rural",51210,24.8
140553,"Morehouse College",2023,44,2738,100,34733,5610,0.513903743315508,"GA","City/Suburb",126146,31.9
140553,"Morehouse College",2022,43,2567,100,35251,5221,0.600076613675541,"GA","City/Suburb",122695,31.9
140553,"Morehouse College",2021,46,2554,100,20492,3777,0.651840084723325,"GA","City/Suburb",124712,31.9
140553,"Morehouse College",2020,48,2151,100,30839,3258,0.770718232044199,"GA","City/Suburb",126126,31.9
140553,"Morehouse College",2019,48,2238,100,28307,2030,0.998029556650246,"GA","City/Suburb",121897,31.9
163453,"Morgan State University",2023,54,8300,99,15350,22741,0.829558946396377,"MD","City/Suburb",69770,40.8
163453,"Morgan State University",2022,54,7609,99,13956,16845,0.853784505788068,"MD","City/Suburb",69124,40.8
163453,"Morgan State University",2021,51,7034,99,16167,15564,0.871048573631457,"MD","City/Suburb",71017,40.8
163453,"Morgan State University",2020,53,6270,98,16651,9623,0.735945131455887,"MD","City/Suburb",67971,40.8
163453,"Morgan State University",2019,53,6461,98,15998,8155,0.67835683629675,"MD","City/Suburb",68208,40.8
154004,"Morningside University",2023,32,1177,42,23482,2756,0.705732946298984,"IA","City/Suburb",36870,29
154004,"Morningside University",2022,32,1186,37,23947,3222,0.706083178150217,"IA","City/Suburb",36521,29
154004,"Morningside University",2021,31,1245,32,23222,3271,0.738000611433812,"IA","City/Suburb",37097,29
154004,"Morningside University",2020,31,1281,30,22146,3388,0.68595041322314,"IA","City/Suburb",36359,29
154004,"Morningside University",2019,32,1277,27,22831,3739,0.630917357582241,"IA","City/Suburb",36735,29
214166,"Mount Aloysius College",2023,16,2942,17,20570,2377,0.904080774084981,"PA","Town/Rural",142275,31.8
214166,"Mount Aloysius College",2022,15,2720,30,20564,1865,0.859517426273458,"PA","Town/Rural",139193,31.8
214166,"Mount Aloysius College",2021,14,2678,64,21793,1403,0.923734853884533,"PA","Town/Rural",142186,31.8
214166,"Mount Aloysius College",2020,24,2770,50,22082,1428,0.952380952380952,"PA","Town/Rural",143645,31.8
214166,"Mount Aloysius College",2019,27,1791,17,21874,1407,0.948827292110874,"PA","Town/Rural",143842,31.8
209241,"Mount Angel Seminary",2021,12,34,74,35588,5,0.4,"OR","Town/Rural",42778,34
209241,"Mount Angel Seminary",2020,21,33,79,34587,4,1,"OR","Town/Rural",42173,34
209241,"Mount Angel Seminary",2019,23,38,74,33065,7,0.857142857142857,"OR","Town/Rural",41717,34
204176,"Mount Carmel College of Nursing",2023,30,575,39,11686,115,0.573913043478261,"OH","City/Suburb",133760,29
204176,"Mount Carmel College of Nursing",2022,32,628,37,15006,82,0.634146341463415,"OH","City/Suburb",133872,29
204176,"Mount Carmel College of Nursing",2021,32,621,33,18984,136,0.522058823529412,"OH","City/Suburb",136945,29
204176,"Mount Carmel College of Nursing",2020,29,705,30,14454,146,0.808219178082192,"OH","City/Suburb",135941,29
204176,"Mount Carmel College of Nursing",2019,26,733,23,15560,129,0.736434108527132,"OH","City/Suburb",135868,29
166939,"Mount Holyoke College",2023,20,2209,50,35782,5030,0.382902584493042,"MA","City/Suburb",78133,44.5
166939,"Mount Holyoke College",2022,21,2193,49,35765,4894,0.397629750715161,"MA","City/Suburb",78514,44.5
166939,"Mount Holyoke College",2021,22,2220,50,29218,3971,0.523042054898011,"MA","City/Suburb",78839,44.5
166939,"Mount Holyoke College",2020,20,1915,56,31165,3480,0.524712643678161,"MA","City/Suburb",79537,44.5
166939,"Mount Holyoke College",2019,19,2190,53,32008,3908,0.381525076765609,"MA","City/Suburb",78060,44.5
219198,"Mount Marty University",2023,19,1096,25,23163,1290,0.481395348837209,"SD","Town/Rural",9564,29.2
219198,"Mount Marty University",2022,18,1080,23,21476,949,0.683877766069547,"SD","Town/Rural",9036,29.2
219198,"Mount Marty University",2021,22,1061,20,21359,944,0.673728813559322,"SD","Town/Rural",9008,29.2
219198,"Mount Marty University",2020,19,987,23,18924,737,0.784260515603799,"SD","Town/Rural",8951,29.2
219198,"Mount Marty University",2019,24,867,22,19704,479,0.7160751565762,"SD","Town/Rural",9241,29.2
239390,"Mount Mary University",2023,58,781,70,19409,933,0.933547695605573,"WI","City/Suburb",67563,30
239390,"Mount Mary University",2022,60,716,67,22897,1339,0.694548170276326,"WI","City/Suburb",65909,30
239390,"Mount Mary University",2021,62,716,68,24065,1193,0.623637887678122,"WI","City/Suburb",66830,30
239390,"Mount Mary University",2020,59,639,65,21063,1296,0.530092592592593,"WI","City/Suburb",68053,30
239390,"Mount Mary University",2019,63,659,60,20156,724,0.578729281767956,"WI","City/Suburb",68191,30
154013,"Mount Mercy University",2023,26,1185,36,23972,1436,0.787604456824513,"IA","City/Suburb",36870,29
154013,"Mount Mercy University",2022,36,1271,28,24078,1569,0.752708731676227,"IA","City/Suburb",36521,29
154013,"Mount Mercy University",2021,38,1290,26,25345,1278,0.809859154929577,"IA","City/Suburb",37097,29
154013,"Mount Mercy University",2020,40,1381,23,25182,1160,0.762068965517241,"IA","City/Suburb",36359,29
154013,"Mount Mercy University",2019,40,1442,24,20977,1176,0.659863945578231,"IA","City/Suburb",36735,29
193353,"Mount Saint Mary College",2023,30,1897,66,24588,2229,0.824585015702109,"NY","City/Suburb",211853,37.2
193353,"Mount Saint Mary College",2022,30,1542,50,23439,2604,0.882872503840246,"NY","City/Suburb",213993,37.2
193353,"Mount Saint Mary College",2021,28,1568,43,22512,2784,0.914511494252874,"NY","City/Suburb",217586,37.2
193353,"Mount Saint Mary College",2020,30,1781,43,25959,2178,0.901744719926538,"NY","City/Suburb",209688,37.2
193353,"Mount Saint Mary College",2019,33,1881,43,25433,3249,0.938134810710988,"NY","City/Suburb",212104,37.2
119173,"Mount Saint Mary's University",2023,55,1767,91,27434,3430,0.687172011661808,"CA","City/Suburb",492544,34.2
119173,"Mount Saint Mary's University",2022,55,1795,91,28717,2405,0.757588357588358,"CA","City/Suburb",473448,34.2
119173,"Mount Saint Mary's University",2021,56,1930,90,24508,1710,0.901169590643275,"CA","City/Suburb",467260,34.2
119173,"Mount Saint Mary's University",2020,60,2071,90,27346,1986,0.8932527693857,"CA","City/Suburb",477479,34.2
119173,"Mount Saint Mary's University",2019,58,2238,92,29708,2165,0.896535796766744,"CA","City/Suburb",478819,34.2
204200,"Mount St. Joseph University",2023,27,1446,22,15887,2169,0.565237436606731,"OH","City/Suburb",133760,29
204200,"Mount St. Joseph University",2022,25,1423,19,17506,2127,0.543488481429243,"OH","City/Suburb",133872,29
204200,"Mount St. Joseph University",2021,23,1475,18,17142,2511,0.631620868180008,"OH","City/Suburb",136945,29
204200,"Mount St. Joseph University",2020,27,1473,17,18646,1300,0.601538461538462,"OH","City/Suburb",135941,29
204200,"Mount St. Joseph University",2019,30,1450,21,18503,1301,0.62413528055342,"OH","City/Suburb",135868,29
163462,"Mount St. Mary's University",2023,27,1873,50,25298,5422,0.718554039099963,"MD","Town/Rural",69770,40.8
163462,"Mount St. Mary's University",2022,27,1896,46,24379,4346,0.795674183156926,"MD","Town/Rural",69124,40.8
163462,"Mount St. Mary's University",2021,27,2055,48,24471,4620,0.817532467532468,"MD","Town/Rural",71017,40.8
163462,"Mount St. Mary's University",2020,24,2071,46,28111,6543,0.804523918691732,"MD","Town/Rural",67971,40.8
163462,"Mount St. Mary's University",2019,28,1898,42,29283,4716,0.747879558948261,"MD","Town/Rural",68208,40.8
204194,"Mount Vernon Nazarene University",2023,29,1631,13,23293,1134,0.843033509700176,"OH","Town/Rural",133760,29
204194,"Mount Vernon Nazarene University",2022,30,1628,12,23391,1070,0.853271028037383,"OH","Town/Rural",133872,29
204194,"Mount Vernon Nazarene University",2021,35,1699,13,23440,1182,0.872250423011844,"OH","Town/Rural",136945,29
204194,"Mount Vernon Nazarene University",2020,35,1771,13,22280,1341,0.724832214765101,"OH","Town/Rural",135941,29
204194,"Mount Vernon Nazarene University",2019,35,1816,14,21221,1305,0.730268199233716,"OH","Town/Rural",135868,29
214175,"Muhlenberg College",2023,21,1788,28,31814,4348,0.640064397424103,"PA","City/Suburb",142275,31.8
214175,"Muhlenberg College",2022,20,1945,28,32926,4329,0.655116655116655,"PA","City/Suburb",139193,31.8
214175,"Muhlenberg College",2021,19,2074,27,30920,4118,0.677513355998057,"PA","City/Suburb",142186,31.8
214175,"Muhlenberg College",2020,19,2046,25,35152,4543,0.621835791327317,"PA","City/Suburb",143645,31.8
214175,"Muhlenberg College",2019,17,2251,27,33603,4224,0.662405303030303,"PA","City/Suburb",143842,31.8
209287,"Multnomah University",2023,47,330,63,23072,317,0.498422712933754,"OR","City/Suburb",41163,34
209287,"Multnomah University",2022,43,378,59,27695,474,0.533755274261603,"OR","City/Suburb",41057,34
209287,"Multnomah University",2021,41,336,49,31285,320,0.59375,"OR","City/Suburb",42778,34
209287,"Multnomah University",2020,44,336,37,30407,219,0.589041095890411,"OR","City/Suburb",42173,34
209287,"Multnomah University",2019,48,365,32,29420,285,0.526315789473684,"OR","City/Suburb",41717,34
157401,"Murray State University",2023,31,7878,20,9738,11038,0.861659720963943,"KY","Town/Rural",49328,24.8
157401,"Murray State University",2022,31,7679,22,11042,10251,0.839820505316554,"KY","Town/Rural",49640,24.8
157401,"Murray State University",2021,31,7657,22,11237,9144,0.851596675415573,"KY","Town/Rural",50879,24.8
157401,"Murray State University",2020,31,7863,21,11628,9552,0.770309882747069,"KY","Town/Rural",51547,24.8
157401,"Murray State University",2019,31,8139,19,11512,8327,0.823946199111325,"KY","Town/Rural",51210,24.8
204264,"Muskingum University",2023,41,1524,23,20269,2623,0.816622188333969,"OH","Town/Rural",133760,29
204264,"Muskingum University",2022,39,1484,21,19682,2690,0.863940520446097,"OH","Town/Rural",133872,29
204264,"Muskingum University",2021,43,1580,23,18575,2504,0.856230031948882,"OH","Town/Rural",136945,29
204264,"Muskingum University",2020,41,1549,21,18561,2237,0.796602592758158,"OH","Town/Rural",135941,29
204264,"Muskingum University",2019,37,1603,21,19743,2404,0.806156405990017,"OH","Town/Rural",135868,29
127653,"Naropa University",2023,57,368,35,31491,100,0.94,"CO","City/Suburb",63277,41.7
127653,"Naropa University",2022,54,343,34,28145,94,1,"CO","City/Suburb",64869,41.7
127653,"Naropa University",2021,51,325,35,29924,148,1,"CO","City/Suburb",63204,41.7
127653,"Naropa University",2020,49,320,30,30725,160,1,"CO","City/Suburb",61237,41.7
127653,"Naropa University",2019,51,381,30,28851,135,0.985185185185185,"CO","City/Suburb",60962,41.7
147536,"National Louis University",2023,57,4239,86,15724,4145,0.93124246079614,"IL","City/Suburb",148445,35.1
147536,"National Louis University",2022,59,3984,85,14769,3181,0.92046526249607,"IL","City/Suburb",145439,35.1
147536,"National Louis University",2021,61,3607,84,14665,1518,0.970355731225296,"IL","City/Suburb",150490,35.1
147536,"National Louis University",2020,62,3604,85,14769,3983,0.97464222947527,"IL","City/Suburb",149373,35.1
147536,"National Louis University",2019,57,3363,84,14848,2665,0.976735459662289,"IL","City/Suburb",152277,35.1
119605,"National University",2021,25,7648,68,24524,154,0.545454545454545,"CA","City/Suburb",467260,34.2
119605,"National University",2020,29,8441,66,21363,47,0.893617021276596,"CA","City/Suburb",477479,34.2
119605,"National University",2019,30,7356,66,29382,171,0.894736842105263,"CA","City/Suburb",478819,34.2
193584,"Nazareth University",2023,26,1900,22,31321,3614,0.794964028776978,"NY","City/Suburb",211853,37.2
193584,"Nazareth University",2022,25,1987,21,31620,3911,0.839427256456149,"NY","City/Suburb",213993,37.2
193584,"Nazareth University",2021,25,2057,21,30557,4050,0.856296296296296,"NY","City/Suburb",217586,37.2
193584,"Nazareth University",2020,26,2147,23,31521,3833,0.756848421601878,"NY","City/Suburb",209688,37.2
193584,"Nazareth University",2019,28,2282,23,30240,4477,0.644851463033281,"NY","City/Suburb",212104,37.2
181297,"Nebraska Methodist College of Nursing & Allied Health",2023,32,752,26,20650,111,0.882882882882883,"NE","City/Suburb",24387,32.4
181297,"Nebraska Methodist College of Nursing & Allied Health",2022,33,808,24,18661,95,0.905263157894737,"NE","City/Suburb",23856,32.4
181297,"Nebraska Methodist College of Nursing & Allied Health",2021,34,857,22,22074,105,0.838095238095238,"NE","City/Suburb",23769,32.4
181297,"Nebraska Methodist College of Nursing & Allied Health",2020,36,814,19,24840,86,0.918604651162791,"NE","City/Suburb",23830,32.4
181297,"Nebraska Methodist College of Nursing & Allied Health",2019,37,766,18,24926,78,0.974358974358974,"NE","City/Suburb",23314,32.4
181446,"Nebraska Wesleyan University",2023,30,1531,26,24863,2295,0.837472766884532,"NE","City/Suburb",24387,32.4
181446,"Nebraska Wesleyan University",2022,28,1545,23,25201,2370,0.814767932489451,"NE","City/Suburb",23856,32.4
181446,"Nebraska Wesleyan University",2021,28,1706,21,25628,2507,0.818109293976865,"NE","City/Suburb",23769,32.4
181446,"Nebraska Wesleyan University",2020,32,1773,20,26576,2435,0.695277207392197,"NE","City/Suburb",23830,32.4
181446,"Nebraska Wesleyan University",2019,31,1842,20,24015,2405,0.677754677754678,"NE","City/Suburb",23314,32.4
163532,"Ner Israel Rabbinical College",2023,21,292,11,11734,68,0.794117647058823,"MD","City/Suburb",69770,40.8
163532,"Ner Israel Rabbinical College",2022,22,246,9,12076,72,0.722222222222222,"MD","City/Suburb",69124,40.8
163532,"Ner Israel Rabbinical College",2021,17,261,7,14685,51,0.823529411764706,"MD","City/Suburb",71017,40.8
163532,"Ner Israel Rabbinical College",2020,17,305,8,12174,77,0.805194805194805,"MD","City/Suburb",67971,40.8
163532,"Ner Israel Rabbinical College",2019,23,290,9,10228,45,0.777777777777778,"MD","City/Suburb",68208,40.8
214272,"Neumann University",2023,42,1695,52,29298,4212,0.764007597340931,"PA","City/Suburb",142275,31.8
214272,"Neumann University",2022,41,1682,48,28707,3501,0.854612967723508,"PA","City/Suburb",139193,31.8
214272,"Neumann University",2021,38,1738,46,28325,3463,0.842044470112619,"PA","City/Suburb",142186,31.8
214272,"Neumann University",2020,38,1942,45,29471,3341,0.803352289733613,"PA","City/Suburb",143645,31.8
214272,"Neumann University",2019,39,1901,44,24076,3641,0.623180444932711,"PA","City/Suburb",143842,31.8
441900,"Nevada State University",2023,22,7224,82,16255,1733,0.861511829197923,"NV","Town/Rural",31588,24.9
441900,"Nevada State University",2022,24,7115,83,16624,1558,0.824775353016688,"NV","Town/Rural",32270,24.9
441900,"Nevada State University",2021,24,7158,81,17046,1230,0.790243902439024,"NV","Town/Rural",32747,24.9
441900,"Nevada State University",2020,31,7218,79,14360,1371,0.899343544857768,"NV","Town/Rural",32765,24.9
441900,"Nevada State University",2019,32,5531,74,14750,1342,0.847988077496274,"NV","Town/Rural",32173,24.9
262129,"New College of Florida",2023,30,710,43,8368,2119,0.739971684756961,"FL","City/Suburb",214692,30.4
262129,"New College of Florida",2022,30,669,35,10496,1830,0.754098360655738,"FL","City/Suburb",217330,30.4
262129,"New College of Florida",2021,30,632,36,9727,1650,0.741818181818182,"FL","City/Suburb",223891,30.4
262129,"New College of Florida",2020,28,646,33,11869,1382,0.699710564399421,"FL","City/Suburb",215797,30.4
262129,"New College of Florida",2019,31,702,31,11028,1226,0.730831973898858,"FL","City/Suburb",213187,30.4
182980,"New England College",2023,42,986,46,30280,2841,0.957409362900387,"NH","Town/Rural",15434,36.8
182980,"New England College",2022,43,1043,53,29512,6416,0.999376558603491,"NH","Town/Rural",15352,36.8
182980,"New England College",2021,46,1311,54,30558,5952,0.999831989247312,"NH","Town/Rural",15187,36.8
182980,"New England College",2020,50,1774,51,32024,6909,0.962512664640324,"NH","Town/Rural",14958,36.8
182980,"New England College",2019,54,1858,51,29369,10012,1,"NH","Town/Rural",15466,36.8
217305,"New England Institute of Technology",2023,44,1712,45,36714,2530,0.727272727272727,"RI","City/Suburb",11503,34.4
217305,"New England Institute of Technology",2022,47,1720,43,33437,2375,0.744842105263158,"RI","City/Suburb",11411,34.4
217305,"New England Institute of Technology",2021,47,1739,40,34721,2058,0.684645286686103,"RI","City/Suburb",11480,34.4
217305,"New England Institute of Technology",2020,47,1843,92,33681,2090,0.691387559808612,"RI","City/Suburb",11395,34.4
217305,"New England Institute of Technology",2019,49,2326,87,31704,2084,0.631957773512476,"RI","City/Suburb",10892,34.4
208725,"New Hope Christian College-Eugene",2023,78,46,50,16858,32,0.65625,"OR","City/Suburb",41163,34
208725,"New Hope Christian College-Eugene",2022,57,38,68,15863,85,0.341176470588235,"OR","City/Suburb",41057,34
208725,"New Hope Christian College-Eugene",2021,56,44,77,18909,77,0.272727272727273,"OR","City/Suburb",42778,34
208725,"New Hope Christian College-Eugene",2020,55,52,65,17297,19,0.947368421052632,"OR","City/Suburb",42173,34
208725,"New Hope Christian College-Eugene",2019,67,92,54,16128,42,0.976190476190476,"OR","City/Suburb",41717,34
185129,"New Jersey City University",2023,52,4209,84,12157,5757,0.891783915233629,"NJ","City/Suburb",104131,40.8
185129,"New Jersey City University",2022,53,4895,84,19252,6372,0.901443816698054,"NJ","City/Suburb",107755,40.8
185129,"New Jersey City University",2021,58,5262,82,13756,5586,0.906552094522019,"NJ","City/Suburb",109108,40.8
185129,"New Jersey City University",2020,59,5844,82,14029,6545,0.963330786860199,"NJ","City/Suburb",109961,40.8
185129,"New Jersey City University",2019,61,6137,81,13685,4868,0.946384552177486,"NJ","City/Suburb",113367,40.8
185828,"New Jersey Institute of Technology",2023,39,9523,72,16736,13993,0.669048810119345,"NJ","City/Suburb",104131,40.8
185828,"New Jersey Institute of Technology",2022,38,9019,68,17762,13010,0.659877017678709,"NJ","City/Suburb",107755,40.8
185828,"New Jersey Institute of Technology",2021,37,9183,70,16878,11578,0.691397477975471,"NJ","City/Suburb",109108,40.8
185828,"New Jersey Institute of Technology",2020,37,9084,69,18328,10299,0.66025827750267,"NJ","City/Suburb",109961,40.8
185828,"New Jersey Institute of Technology",2019,37,8794,68,18359,8201,0.72808194122668,"NJ","City/Suburb",113367,40.8
187967,"New Mexico Institute of Mining and Technology",2023,31,1227,55,9133,1112,0.539568345323741,"NM","Town/Rural",20718,27.7
187967,"New Mexico Institute of Mining and Technology",2022,32,1218,53,10429,1220,0.744262295081967,"NM","Town/Rural",20683,27.7
187967,"New Mexico Institute of Mining and Technology",2021,33,1244,53,12471,1006,0.967196819085487,"NM","Town/Rural",20434,27.7
187967,"New Mexico Institute of Mining and Technology",2020,33,1229,54,14834,1754,0.965792474344356,"NM","Town/Rural",20968,27.7
187967,"New Mexico Institute of Mining and Technology",2019,32,1324,48,14908,1143,0.797900262467192,"NM","Town/Rural",21861,27.7
188030,"New Mexico State University-Main Campus",2023,40,12113,75,8353,15201,0.757252812314979,"NM","City/Suburb",20718,27.7
188030,"New Mexico State University-Main Campus",2022,41,11591,76,10407,15860,0.780453972257251,"NM","City/Suburb",20683,27.7
188030,"New Mexico State University-Main Campus",2021,44,11231,76,11397,12535,0.572556840845632,"NM","City/Suburb",20434,27.7
188030,"New Mexico State University-Main Campus",2020,46,11575,75,11467,13715,0.626686110098432,"NM","City/Suburb",20968,27.7
188030,"New Mexico State University-Main Campus",2019,46,11675,75,9930,11903,0.545828782659834,"NM","City/Suburb",21861,27.7
194091,"New York Institute of Technology",2023,44,3355,79,23074,11249,0.780780513823451,"NY","Town/Rural",211853,37.2
194091,"New York Institute of Technology",2022,44,3453,80,22494,11537,0.757215914015775,"NY","Town/Rural",213993,37.2
194091,"New York Institute of Technology",2021,39,3414,77,22739,10469,0.803515139936957,"NY","Town/Rural",217586,37.2
194091,"New York Institute of Technology",2020,39,3473,75,21912,11007,0.74679749250477,"NY","Town/Rural",209688,37.2
194091,"New York Institute of Technology",2019,38,3694,74,22197,11848,0.678004726536124,"NY","Town/Rural",212104,37.2
194116,"New York School of Interior Design",2023,15,440,43,39155,179,0.603351955307263,"NY","City/Suburb",211853,37.2
194116,"New York School of Interior Design",2022,13,480,43,35102,169,0.650887573964497,"NY","City/Suburb",213993,37.2
194116,"New York School of Interior Design",2021,13,487,43,39668,191,0.539267015706806,"NY","City/Suburb",217586,37.2
194116,"New York School of Interior Design",2020,12,456,45,40271,171,0.672514619883041,"NY","City/Suburb",209688,37.2
194116,"New York School of Interior Design",2019,14,417,45,47112,340,0.241176470588235,"NY","City/Suburb",212104,37.2
193900,"New York University",2023,19,29760,78,30730,113578,0.0941467537727377,"NY","City/Suburb",211853,37.2
193900,"New York University",2022,19,29401,78,29499,100662,0.124565377202917,"NY","City/Suburb",213993,37.2
193900,"New York University",2021,18,28772,78,50991,95517,0.129610435838647,"NY","City/Suburb",217586,37.2
193900,"New York University",2020,18,27444,77,45417,80210,0.2109213315048,"NY","City/Suburb",209688,37.2
193900,"New York University",2019,19,26981,74,37739,79462,0.162001963202537,"NY","City/Suburb",212104,37.2
218414,"Newberry College",2023,49,1462,51,20941,4269,0.747950339658,"SC","Town/Rural",53335,28.3
218414,"Newberry College",2022,49,1296,59,19405,3196,0.753128911138924,"SC","Town/Rural",52277,28.3
218414,"Newberry College",2021,47,1237,57,19156,2160,0.574074074074074,"SC","Town/Rural",52010,28.3
218414,"Newberry College",2020,48,1256,51,20205,2163,0.565880721220527,"SC","Town/Rural",52680,28.3
218414,"Newberry College",2019,49,1271,49,19623,1968,0.627540650406504,"SC","Town/Rural",53953,28.3
155335,"Newman University",2023,12,2398,33,19315,985,0.476142131979695,"KS","City/Suburb",36832,33.8
155335,"Newman University",2022,13,2444,34,18792,1454,0.510316368638239,"KS","City/Suburb",36624,33.8
155335,"Newman University",2021,22,2154,25,17372,695,0.716546762589928,"KS","City/Suburb",36149,33.8
155335,"Newman University",2020,14,1577,28,18545,597,0.830820770519263,"KS","City/Suburb",35923,33.8
155335,"Newman University",2019,14,2705,31,16533,1076,0.674721189591078,"KS","City/Suburb",35979,33.8
193973,"Niagara University",2023,26,2747,42,17495,4148,0.853423336547734,"NY","City/Suburb",211853,37.2
193973,"Niagara University",2022,27,2709,38,18165,3836,0.895464025026069,"NY","City/Suburb",213993,37.2
193973,"Niagara University",2021,28,2785,36,18118,3628,0.92199558985667,"NY","City/Suburb",217586,37.2
193973,"Niagara University",2020,28,2726,34,19172,3740,0.924064171122995,"NY","City/Suburb",209688,37.2
193973,"Niagara University",2019,28,2808,35,18462,3660,0.89207650273224,"NY","City/Suburb",212104,37.2
159966,"Nicholls State University",2023,35,5612,36,11029,3320,0.960240963855422,"LA","City/Suburb",49729,24.3
159966,"Nicholls State University",2022,35,5314,38,12365,2289,0.984272608125819,"LA","City/Suburb",49777,24.3
159966,"Nicholls State University",2021,36,5567,34,12907,2167,0.97185048454084,"LA","City/Suburb",52461,24.3
159966,"Nicholls State University",2020,38,6134,36,12621,3189,0.932894324239574,"LA","City/Suburb",53334,24.3
159966,"Nicholls State University",2019,37,5906,32,11545,2815,0.879928952042629,"LA","City/Suburb",52809,24.3
167260,"Nichols College",2023,30,1152,28,31032,2117,0.881435994331601,"MA","City/Suburb",78133,44.5
167260,"Nichols College",2022,30,1164,30,27192,2358,0.848600508905852,"MA","City/Suburb",78514,44.5
167260,"Nichols College",2021,29,1207,28,28184,2193,0.847697218422253,"MA","City/Suburb",78839,44.5
167260,"Nichols College",2020,30,1279,25,30300,2507,0.803749501396091,"MA","City/Suburb",79537,44.5
167260,"Nichols College",2019,33,1325,23,28532,2488,0.797427652733119,"MA","City/Suburb",78060,44.5
232937,"Norfolk State University",2023,62,5510,98,12272,10211,0.874644990696308,"VA","City/Suburb",99497,39.3
232937,"Norfolk State University",2022,63,5337,98,14652,8884,0.894979738856371,"VA","City/Suburb",98780,39.3
232937,"Norfolk State University",2021,63,5016,97,12264,6490,0.886440677966102,"VA","City/Suburb",100147,39.3
232937,"Norfolk State University",2020,74,4992,97,15657,6944,0.910714285714286,"VA","City/Suburb",98970,39.3
232937,"Norfolk State University",2019,65,5112,97,12645,7172,0.916899051868377,"VA","City/Suburb",95710,39.3
199102,"North Carolina A & T State University",2023,51,12216,96,10258,30717,0.461731288862845,"NC","City/Suburb",108252,31.9
199102,"North Carolina A & T State University",2022,52,11833,96,9189,25762,0.563853738063815,"NC","City/Suburb",114167,31.9
199102,"North Carolina A & T State University",2021,53,11596,96,9145,21528,0.57348569305091,"NC","City/Suburb",116514,31.9
199102,"North Carolina A & T State University",2020,56,11130,95,9541,16366,0.567090309177563,"NC","City/Suburb",116615,31.9
199102,"North Carolina A & T State University",2019,57,11039,95,9097,15083,0.582907909567062,"NC","City/Suburb",114284,31.9
199157,"North Carolina Central University",2023,57,5973,96,13884,14192,0.904875986471251,"NC","City/Suburb",108252,31.9
199157,"North Carolina Central University",2022,57,5634,95,13708,8423,0.843761130238632,"NC","City/Suburb",114167,31.9
199157,"North Carolina Central University",2021,57,5892,95,14496,8244,0.76018922852984,"NC","City/Suburb",116514,31.9
199157,"North Carolina Central University",2020,60,6067,94,13324,7496,0.874199573105656,"NC","City/Suburb",116615,31.9
199157,"North Carolina Central University",2019,61,6101,94,13755,8311,0.679821922752978,"NC","City/Suburb",114284,31.9
199193,"North Carolina State University at Raleigh",2023,19,27323,33,14860,40049,0.398461884191865,"NC","City/Suburb",108252,31.9
199193,"North Carolina State University at Raleigh",2022,19,26254,33,14852,35568,0.471744264507422,"NC","City/Suburb",114167,31.9
199193,"North Carolina State University at Raleigh",2021,19,26505,33,14328,32998,0.474846960421844,"NC","City/Suburb",116514,31.9
199193,"North Carolina State University at Raleigh",2020,19,26150,32,14600,31487,0.462190745386985,"NC","City/Suburb",116615,31.9
199193,"North Carolina State University at Raleigh",2019,20,25973,33,14958,31130,0.451333119177642,"NC","City/Suburb",114284,31.9
199209,"North Carolina Wesleyan University",2023,47,1212,76,19111,2417,0.779478692594125,"NC","City/Suburb",108252,31.9
199209,"North Carolina Wesleyan University",2022,45,1249,73,18701,2379,0.684321143337537,"NC","City/Suburb",114167,31.9
199209,"North Carolina Wesleyan University",2021,51,1424,74,20208,2220,0.450900900900901,"NC","City/Suburb",116514,31.9
199209,"North Carolina Wesleyan University",2020,52,1603,71,16772,3358,0.475878499106611,"NC","City/Suburb",116615,31.9
199209,"North Carolina Wesleyan University",2019,52,1822,72,15437,3171,0.622831914222643,"NC","City/Suburb",114284,31.9
147660,"North Central College",2023,25,2397,39,24190,5241,0.583094829231063,"IL","City/Suburb",148445,35.1
147660,"North Central College",2022,26,2368,39,25285,5099,0.608746813100608,"IL","City/Suburb",145439,35.1
147660,"North Central College",2021,25,2404,36,26207,4551,0.684025488903538,"IL","City/Suburb",150490,35.1
147660,"North Central College",2020,26,2475,35,26053,6919,0.532880474056945,"IL","City/Suburb",149373,35.1
147660,"North Central College",2019,28,2615,35,25536,6847,0.536439316488973,"IL","City/Suburb",152277,35.1
174437,"North Central University",2023,43,865,37,23694,621,0.908212560386473,"MN","City/Suburb",67002,36.7
174437,"North Central University",2022,41,893,35,23374,544,0.908088235294118,"MN","City/Suburb",64579,36.7
174437,"North Central University",2021,37,950,35,24232,553,0.940325497287523,"MN","City/Suburb",65199,36.7
174437,"North Central University",2020,37,1007,32,22259,613,0.929853181076672,"MN","City/Suburb",66285,36.7
174437,"North Central University",2019,37,1085,30,21457,653,0.898928024502297,"MN","City/Suburb",65499,36.7
200332,"North Dakota State University-Main Campus",2023,19,9791,15,16461,7331,0.95812303914882,"ND","City/Suburb",7668,29.7
200332,"North Dakota State University-Main Campus",2022,19,10096,14,15962,8535,0.95676625659051,"ND","City/Suburb",7623,29.7
200332,"North Dakota State University-Main Campus",2021,19,10199,14,16677,8143,0.954562200663146,"ND","City/Suburb",7291,29.7
200332,"North Dakota State University-Main Campus",2020,20,10555,13,16638,7880,0.940989847715736,"ND","City/Suburb",7385,29.7
200332,"North Dakota State University-Main Campus",2019,21,10831,14,16330,6211,0.935598132345838,"ND","City/Suburb",7006,29.7
218441,"North Greenville University",2023,32,1944,32,20264,3243,0.627813752698119,"SC","Town/Rural",53335,28.3
218441,"North Greenville University",2022,30,1839,35,20323,2197,0.760582612653619,"SC","Town/Rural",52277,28.3
218441,"North Greenville University",2021,34,1982,48,19514,1966,0.69735503560529,"SC","Town/Rural",52010,28.3
218441,"North Greenville University",2020,33,1993,37,20627,1999,0.653326663331666,"SC","Town/Rural",52680,28.3
218441,"North Greenville University",2019,34,2166,31,19124,1934,0.6282316442606,"SC","Town/Rural",53953,28.3
147679,"North Park University",2023,43,1876,70,19910,3468,0.728373702422145,"IL","City/Suburb",148445,35.1
147679,"North Park University",2022,44,1864,68,19029,5039,0.680095256995436,"IL","City/Suburb",145439,35.1
147679,"North Park University",2021,46,1849,64,20260,4053,0.671354552183568,"IL","City/Suburb",150490,35.1
147679,"North Park University",2020,46,1846,64,19320,4782,0.439565035549979,"IL","City/Suburb",149373,35.1
147679,"North Park University",2019,45,1912,61,20068,4435,0.476437429537768,"IL","City/Suburb",152277,35.1
147776,"Northeastern Illinois University",2023,54,4042,83,14669,8481,0.704044334394529,"IL","City/Suburb",148445,35.1
147776,"Northeastern Illinois University",2022,51,4207,78,14262,4603,0.626982402780795,"IL","City/Suburb",145439,35.1
147776,"Northeastern Illinois University",2021,48,4608,77,14133,3399,0.621065019123272,"IL","City/Suburb",150490,35.1
147776,"Northeastern Illinois University",2020,49,5220,76,14831,4885,0.606960081883316,"IL","City/Suburb",149373,35.1
147776,"Northeastern Illinois University",2019,48,5700,73,14941,4711,0.584801528337933,"IL","City/Suburb",152277,35.1
207263,"Northeastern State University",2023,42,5006,56,11153,1386,0.992063492063492,"OK","Town/Rural",47211,25.6
207263,"Northeastern State University",2022,43,5242,54,9669,1674,0.994623655913978,"OK","Town/Rural",46032,25.6
207263,"Northeastern State University",2021,44,5523,52,9507,1474,0.994572591587517,"OK","Town/Rural",46211,25.6
207263,"Northeastern State University",2020,45,6004,52,9790,1584,0.994949494949495,"OK","Town/Rural",45702,25.6
207263,"Northeastern State University",2019,46,6289,53,9415,1529,0.996075866579464,"OK","Town/Rural",43828,25.6
167358,"Northeastern University",2023,12,15891,60,34770,96631,0.0564932578572094,"MA","City/Suburb",78133,44.5
167358,"Northeastern University",2022,13,16302,58,35827,91000,0.068032967032967,"MA","City/Suburb",78514,44.5
167358,"Northeastern University",2021,11,15747,57,38927,75244,0.183788740630482,"MA","City/Suburb",78839,44.5
167358,"Northeastern University",2020,11,15156,55,37738,64459,0.204765820133728,"MA","City/Suburb",79537,44.5
167358,"Northeastern University",2019,11,14202,56,36479,62263,0.18052454909015,"MA","City/Suburb",78060,44.5
118888,"Northeastern University Oakland",2021,46,446,67,25283,847,0.798110979929162,"CA","City/Suburb",467260,34.2
118888,"Northeastern University Oakland",2020,49,613,66,27954,824,0.911407766990291,"CA","City/Suburb",477479,34.2
118888,"Northeastern University Oakland",2019,52,723,63,25417,1064,0.758458646616541,"CA","City/Suburb",478819,34.2
105330,"Northern Arizona University",2023,30,23128,46,16544,37805,0.909482872635895,"AZ","City/Suburb",76808,29.7
105330,"Northern Arizona University",2022,31,23204,44,17115,44855,0.7999331178241,"AZ","City/Suburb",74911,29.7
105330,"Northern Arizona University",2021,32,24162,45,16059,42872,0.783541705542079,"AZ","City/Suburb",77005,29.7
105330,"Northern Arizona University",2020,33,25228,46,15692,37386,0.816428609639972,"AZ","City/Suburb",77873,29.7
105330,"Northern Arizona University",2019,34,26511,46,14236,36810,0.848899755501223,"AZ","City/Suburb",76552,29.7
147703,"Northern Illinois University",2023,46,11358,58,13533,24177,0.704512553253092,"IL","City/Suburb",148445,35.1
147703,"Northern Illinois University",2022,45,11429,56,13884,25961,0.706752436346828,"IL","City/Suburb",145439,35.1
147703,"Northern Illinois University",2021,43,11834,54,13265,22602,0.704450933545704,"IL","City/Suburb",150490,35.1
147703,"Northern Illinois University",2020,43,12277,52,14397,16690,0.592450569203116,"IL","City/Suburb",149373,35.1
147703,"Northern Illinois University",2019,44,12131,48,18346,15693,0.483527687503983,"IL","City/Suburb",152277,35.1
157447,"Northern Kentucky University",2023,24,9927,23,8151,6417,0.96026180458158,"KY","City/Suburb",49328,24.8
157447,"Northern Kentucky University",2022,26,10776,22,7259,6905,0.860101375814627,"KY","City/Suburb",49640,24.8
157447,"Northern Kentucky University",2021,26,10814,20,7443,6637,0.802923007382854,"KY","City/Suburb",50879,24.8
157447,"Northern Kentucky University",2020,27,11507,19,9664,6686,0.870326054442118,"KY","City/Suburb",51547,24.8
157447,"Northern Kentucky University",2019,29,11868,19,9412,6080,0.901809210526316,"KY","City/Suburb",51210,24.8
171456,"Northern Michigan University",2023,27,6584,16,17937,6922,0.699508812481942,"MI","Town/Rural",108265,29.6
171456,"Northern Michigan University",2022,29,6434,15,17346,6217,0.705484960591925,"MI","Town/Rural",103443,29.6
171456,"Northern Michigan University",2021,30,6611,15,17686,6553,0.712650694338471,"MI","Town/Rural",107239,29.6
171456,"Northern Michigan University",2020,32,6734,15,15681,6233,0.668859297288625,"MI","Town/Rural",108725,29.6
171456,"Northern Michigan University",2019,34,7136,16,15201,7677,0.655855151751986,"MI","Town/Rural",112177,29.6
219259,"Northern State University",2023,12,2932,16,16873,1082,0.927911275415896,"SD","Town/Rural",9564,29.2
219259,"Northern State University",2022,13,2851,16,17264,1109,0.933273219116321,"SD","Town/Rural",9036,29.2
219259,"Northern State University",2021,14,2867,15,16821,1229,0.798209926769731,"SD","Town/Rural",9008,29.2
219259,"Northern State University",2020,15,2968,15,16404,1038,0.787090558766859,"SD","Town/Rural",8951,29.2
219259,"Northern State University",2019,17,3008,17,15575,1409,0.844570617459191,"SD","Town/Rural",9241,29.2
239512,"Northland College",2023,32,485,30,24020,894,0.718120805369127,"WI","Town/Rural",67563,30
239512,"Northland College",2022,37,518,29,23252,1316,0.683890577507599,"WI","Town/Rural",65909,30
239512,"Northland College",2021,35,531,29,22994,1436,0.576601671309192,"WI","Town/Rural",66830,30
239512,"Northland College",2020,37,570,33,20340,1706,0.643024618991794,"WI","Town/Rural",68053,30
239512,"Northland College",2019,40,609,26,19822,1442,0.66504854368932,"WI","Town/Rural",68191,30
178624,"Northwest Missouri State University",2023,27,5599,19,15497,6834,0.859086918349429,"MO","Town/Rural",67773,29.5
178624,"Northwest Missouri State University",2022,28,5308,18,14197,6877,0.855605641995056,"MO","Town/Rural",66781,29.5
178624,"Northwest Missouri State University",2021,30,5306,17,13754,7039,0.855803381162097,"MO","Town/Rural",66906,29.5
178624,"Northwest Missouri State University",2020,31,5482,17,13375,8143,0.801056121822424,"MO","Town/Rural",67892,29.5
178624,"Northwest Missouri State University",2019,32,5710,18,12765,9013,0.732386552757129,"MO","Town/Rural",68482,29.5
142461,"Northwest Nazarene University",2023,29,1156,33,27291,3571,0.629515541865024,"ID","City/Suburb",21457,27.7
142461,"Northwest Nazarene University",2022,27,1140,26,25674,3394,0.881850324101355,"ID","City/Suburb",21128,27.7
142461,"Northwest Nazarene University",2021,31,1323,25,23045,2843,0.881463243053113,"ID","City/Suburb",20809,27.7
142461,"Northwest Nazarene University",2020,30,1389,25,21616,2793,0.768349445041174,"ID","City/Suburb",20446,27.7
142461,"Northwest Nazarene University",2019,34,1423,25,20559,1666,0.855342136854742,"ID","City/Suburb",20130,27.7
236133,"Northwest University",2023,23,679,42,25917,586,0.880546075085324,"WA","City/Suburb",78990,36.7
236133,"Northwest University",2022,28,720,42,23722,383,0.942558746736292,"WA","City/Suburb",78071,36.7
236133,"Northwest University",2021,30,778,35,23169,473,0.959830866807611,"WA","City/Suburb",79537,36.7
236133,"Northwest University",2020,34,838,45,21825,498,0.927710843373494,"WA","City/Suburb",79042,36.7
236133,"Northwest University",2019,33,947,40,22010,556,0.931654676258993,"WA","City/Suburb",78061,36.7
154101,"Northwestern College",2023,23,1146,22,24737,1155,0.87012987012987,"IA","Town/Rural",36870,29
154101,"Northwestern College",2022,25,1153,23,25198,1105,0.873303167420814,"IA","Town/Rural",36521,29
154101,"Northwestern College",2021,25,1053,20,24848,1172,0.830204778156997,"IA","Town/Rural",37097,29
154101,"Northwestern College",2020,25,1069,17,24513,1136,0.737676056338028,"IA","Town/Rural",36359,29
154101,"Northwestern College",2019,27,1061,18,24085,1332,0.695195195195195,"IA","Town/Rural",36735,29
207306,"Northwestern Oklahoma State University",2023,41,1724,38,12067,1293,0.664346481051817,"OK","Town/Rural",47211,25.6
207306,"Northwestern Oklahoma State University",2022,40,1647,37,10448,1503,0.564204923486361,"OK","Town/Rural",46032,25.6
207306,"Northwestern Oklahoma State University",2021,41,1590,36,10403,1204,0.593023255813954,"OK","Town/Rural",46211,25.6
207306,"Northwestern Oklahoma State University",2020,48,1640,39,10747,1012,0.702569169960474,"OK","Town/Rural",45702,25.6
207306,"Northwestern Oklahoma State University",2019,45,1767,39,9660,1143,0.625546806649169,"OK","Town/Rural",43828,25.6
160038,"Northwestern State University of Louisiana",2023,35,7898,43,13156,3194,0.937382592360676,"LA","Town/Rural",49729,24.3
160038,"Northwestern State University of Louisiana",2022,37,8405,42,14238,2903,0.979331725800896,"LA","Town/Rural",49777,24.3
160038,"Northwestern State University of Louisiana",2021,38,9622,43,13500,3738,0.962814339218834,"LA","Town/Rural",52461,24.3
160038,"Northwestern State University of Louisiana",2020,42,10339,44,12938,4290,0.948484848484848,"LA","Town/Rural",53334,24.3
160038,"Northwestern State University of Louisiana",2019,41,9825,44,12336,4035,0.819826517967782,"LA","Town/Rural",52809,24.3
147767,"Northwestern University",2023,19,9157,66,23341,51769,0.0715292935926906,"IL","City/Suburb",148445,35.1
147767,"Northwestern University",2022,18,8993,63,22095,51261,0.072082089697821,"IL","City/Suburb",145439,35.1
147767,"Northwestern University",2021,19,8847,60,29259,47636,0.0697161810395499,"IL","City/Suburb",150490,35.1
147767,"Northwestern University",2020,18,8559,58,28344,39263,0.0930647174184347,"IL","City/Suburb",149373,35.1
147767,"Northwestern University",2019,18,8682,56,26196,40585,0.0905014167795984,"IL","City/Suburb",152277,35.1
171492,"Northwood University",2023,25,1989,33,26429,2074,0.838958534233366,"MI","City/Suburb",108265,29.6
171492,"Northwood University",2022,24,1940,31,24616,1368,0.796783625730994,"MI","City/Suburb",103443,29.6
171492,"Northwood University",2021,26,2116,31,23080,1123,0.833481745325022,"MI","City/Suburb",107239,29.6
171492,"Northwood University",2020,26,2254,31,21348,1056,0.767992424242424,"MI","City/Suburb",108725,29.6
171492,"Northwood University",2019,30,2623,34,20610,1099,0.790718835304823,"MI","City/Suburb",112177,29.6
230995,"Norwich University",2023,24,2642,32,28196,5157,0.736086872212527,"VT","Town/Rural",5789,38.7
230995,"Norwich University",2022,24,2863,33,24501,4268,0.826148078725398,"VT","Town/Rural",5977,38.7
230995,"Norwich University",2021,24,2988,29,27973,3280,0.867682926829268,"VT","Town/Rural",5988,38.7
230995,"Norwich University",2020,26,3236,32,25641,4053,0.741672834937084,"VT","Town/Rural",6158,38.7
230995,"Norwich University",2019,27,3266,31,26343,3827,0.750718578521035,"VT","Town/Rural",6547,38.7
163578,"Notre Dame of Maryland University",2023,32,686,72,22552,2309,0.864876569943699,"MD","City/Suburb",69770,40.8
163578,"Notre Dame of Maryland University",2022,42,660,70,22675,1680,0.695833333333333,"MD","City/Suburb",69124,40.8
163578,"Notre Dame of Maryland University",2021,46,807,67,26574,1816,0.650881057268722,"MD","City/Suburb",71017,40.8
163578,"Notre Dame of Maryland University",2020,43,755,60,20023,1554,0.622908622908623,"MD","City/Suburb",67971,40.8
163578,"Notre Dame of Maryland University",2019,42,783,62,19664,1155,0.617316017316017,"MD","City/Suburb",68208,40.8
136215,"Nova Southeastern University",2023,37,7219,72,32756,17621,0.726689745190398,"FL","City/Suburb",214692,30.4
136215,"Nova Southeastern University",2022,39,6971,73,29589,16789,0.757996307105843,"FL","City/Suburb",217330,30.4
136215,"Nova Southeastern University",2021,39,6637,74,26530,11749,0.925014894884671,"FL","City/Suburb",223891,30.4
136215,"Nova Southeastern University",2020,41,6314,73,26317,11324,0.92458495231367,"FL","City/Suburb",215797,30.4
136215,"Nova Southeastern University",2019,40,5666,73,24776,11058,0.800958582022065,"FL","City/Suburb",213187,30.4
174525,"Oak Hills Christian College",2020,60,103,33,17485,126,0.626984126984127,"MN","Town/Rural",66285,36.7
174525,"Oak Hills Christian College",2019,66,90,19,16989,26,1,"MN","Town/Rural",65499,36.7
152099,"Oakland City University",2023,32,522,42,12268,626,0.682108626198083,"IN","Town/Rural",76628,27.1
152099,"Oakland City University",2022,28,699,35,17103,883,0.557191392978482,"IN","Town/Rural",74897,27.1
152099,"Oakland City University",2021,18,694,41,11760,913,0.72617743702081,"IN","Town/Rural",78348,27.1
152099,"Oakland City University",2020,18,1100,21,12481,913,0.633077765607886,"IN","Town/Rural",78809,27.1
152099,"Oakland City University",2019,19,1265,30,12416,1010,0.547524752475248,"IN","Town/Rural",76144,27.1
171571,"Oakland University",2023,30,12719,30,15734,12398,0.702371350217777,"MI","City/Suburb",108265,29.6
171571,"Oakland University",2022,30,12841,30,15161,11110,0.9005400540054,"MI","City/Suburb",103443,29.6
171571,"Oakland University",2021,30,13771,29,14316,10645,0.920901831845937,"MI","City/Suburb",107239,29.6
171571,"Oakland University",2020,31,15100,29,14672,12054,0.811017089762734,"MI","City/Suburb",108725,29.6
171571,"Oakland University",2019,31,15543,28,12843,12443,0.830507112432693,"MI","City/Suburb",112177,29.6
101912,"Oakwood University",2023,47,1279,99,22833,2370,0.505063291139241,"AL","City/Suburb",52181,25.5
101912,"Oakwood University",2022,49,1431,99,19373,1446,0.680497925311203,"AL","City/Suburb",53739,25.5
101912,"Oakwood University",2021,47,1378,100,22484,881,0.71850170261067,"AL","City/Suburb",54466,25.5
101912,"Oakwood University",2020,54,1339,99,27330,1135,0.888105726872247,"AL","City/Suburb",52925,25.5
101912,"Oakwood University",2019,48,1461,100,23398,1775,0.647323943661972,"AL","City/Suburb",55331,25.5
204501,"Oberlin College",2023,9,2966,38,50484,11039,0.32983060059788,"OH","Town/Rural",133760,29
204501,"Oberlin College",2022,9,2986,39,46462,11066,0.34872582685704,"OH","Town/Rural",133872,29
204501,"Oberlin College",2021,9,2942,39,44689,10597,0.343399075209965,"OH","Town/Rural",136945,29
204501,"Oberlin College",2020,9,2647,41,42745,9309,0.35363626597916,"OH","Town/Rural",135941,29
204501,"Oberlin College",2019,9,2846,39,43612,7708,0.364037363777893,"OH","Town/Rural",135868,29
120254,"Occidental College",2023,16,1854,52,47113,6573,0.39890460976723,"CA","City/Suburb",492544,34.2
120254,"Occidental College",2022,17,1942,51,44853,6305,0.393973037272006,"CA","City/Suburb",473448,34.2
120254,"Occidental College",2021,18,1964,53,43047,6495,0.382448036951501,"CA","City/Suburb",467260,34.2
120254,"Occidental College",2020,19,1839,53,41102,6939,0.408992650237786,"CA","City/Suburb",477479,34.2
120254,"Occidental College",2019,20,1985,51,35362,7501,0.366884415411278,"CA","City/Suburb",478819,34.2
140696,"Oglethorpe University",2023,34,1499,70,22251,2854,0.600560616678346,"GA","City/Suburb",126146,31.9
140696,"Oglethorpe University",2022,37,1491,62,20094,2816,0.709872159090909,"GA","City/Suburb",122695,31.9
140696,"Oglethorpe University",2021,35,1446,61,14929,2277,0.812911725955204,"GA","City/Suburb",124712,31.9
140696,"Oglethorpe University",2020,37,1452,58,22623,2386,0.66932103939648,"GA","City/Suburb",126126,31.9
140696,"Oglethorpe University",2019,39,1385,56,22539,2327,0.675547915771379,"GA","City/Suburb",121897,31.9
201964,"Ohio Christian University",2023,34,1340,29,21092,1223,0.399018806214227,"OH","Town/Rural",133760,29
204617,"Ohio Dominican University",2023,39,894,48,21006,1559,0.852469531751123,"OH","City/Suburb",133760,29
204617,"Ohio Dominican University",2022,37,846,48,21881,2186,0.524245196706313,"OH","City/Suburb",133872,29
204617,"Ohio Dominican University",2021,38,904,50,20772,2185,0.535469107551487,"OH","City/Suburb",136945,29
204617,"Ohio Dominican University",2020,40,951,46,19365,2190,0.494977168949772,"OH","City/Suburb",135941,29
204617,"Ohio Dominican University",2019,40,1080,49,20478,1395,0.839426523297491,"OH","City/Suburb",135868,29
204635,"Ohio Northern University",2023,19,2592,23,26396,4537,0.73352435530086,"OH","Town/Rural",133760,29
204635,"Ohio Northern University",2022,19,2569,20,27376,6625,0.543698113207547,"OH","Town/Rural",133872,29
204635,"Ohio Northern University",2021,23,2426,19,25006,5205,0.68895292987512,"OH","Town/Rural",136945,29
204635,"Ohio Northern University",2020,23,2130,22,26011,4221,0.65197820421701,"OH","Town/Rural",135941,29
204635,"Ohio Northern University",2019,26,2239,23,24821,3899,0.701461913311105,"OH","Town/Rural",135868,29
204796,"Ohio State University-Main Campus",2023,19,45728,38,19575,70028,0.508196721311475,"OH","City/Suburb",133760,29
204796,"Ohio State University-Main Campus",2022,20,46123,37,19582,65189,0.527236190154781,"OH","City/Suburb",133872,29
204796,"Ohio State University-Main Campus",2021,20,47106,36,19474,58180,0.571828807150223,"OH","City/Suburb",136945,29
204796,"Ohio State University-Main Campus",2020,20,46984,34,18884,49087,0.684886018701489,"OH","City/Suburb",135941,29
204796,"Ohio State University-Main Campus",2019,21,46818,35,18706,47703,0.537366622644278,"OH","City/Suburb",135868,29
204857,"Ohio University-Main Campus",2023,20,19100,18,20550,25648,0.847590455396132,"OH","Town/Rural",133760,29
204857,"Ohio University-Main Campus",2022,21,18113,19,20207,24978,0.865161341980943,"OH","Town/Rural",133872,29
204857,"Ohio University-Main Campus",2021,22,18399,20,20496,21733,0.88551971656007,"OH","Town/Rural",136945,29
204857,"Ohio University-Main Campus",2020,23,19284,19,23307,22518,0.87485567101874,"OH","Town/Rural",135941,29
204857,"Ohio University-Main Campus",2019,24,20989,18,22521,24179,0.820670830059142,"OH","Town/Rural",135868,29
204909,"Ohio Wesleyan University",2023,25,1452,26,23826,5708,0.506657323055361,"OH","City/Suburb",133760,29
204909,"Ohio Wesleyan University",2022,26,1410,29,27311,5324,0.521788129226146,"OH","City/Suburb",133872,29
204909,"Ohio Wesleyan University",2021,28,1339,29,25522,3573,0.740834033025469,"OH","City/Suburb",136945,29
204909,"Ohio Wesleyan University",2020,29,1426,29,26628,3962,0.683997980817769,"OH","City/Suburb",135941,29
204909,"Ohio Wesleyan University",2019,32,1494,31,27242,4281,0.672973604298061,"OH","City/Suburb",135868,29
207403,"Oklahoma Baptist University",2023,31,1409,41,25099,3730,0.556836461126005,"OK","Town/Rural",47211,25.6
207403,"Oklahoma Baptist University",2022,29,1330,35,24672,3403,0.473405818395533,"OK","Town/Rural",46032,25.6
207403,"Oklahoma Baptist University",2021,34,1430,32,23871,2603,0.557433730311179,"OK","Town/Rural",46211,25.6
207403,"Oklahoma Baptist University",2020,34,1647,33,24277,3269,0.582135209544203,"OK","Town/Rural",45702,25.6
207403,"Oklahoma Baptist University",2019,37,1754,32,23175,4313,0.57477393925342,"OK","Town/Rural",43828,25.6
207324,"Oklahoma Christian University",2023,30,2012,37,21810,1367,0.970738844184345,"OK","City/Suburb",47211,25.6
207324,"Oklahoma Christian University",2022,28,1950,39,20237,1634,0.960220318237454,"OK","City/Suburb",46032,25.6
207324,"Oklahoma Christian University",2021,25,1862,32,19807,1499,0.965310206804536,"OK","City/Suburb",46211,25.6
207324,"Oklahoma Christian University",2020,25,1755,27,20761,2186,0.612076852698994,"OK","City/Suburb",45702,25.6
207324,"Oklahoma Christian University",2019,25,1742,27,22137,2206,0.665457842248413,"OK","City/Suburb",43828,25.6
207458,"Oklahoma City University",2023,23,1447,38,23143,1432,0.70391061452514,"OK","City/Suburb",47211,25.6
207458,"Oklahoma City University",2022,22,1361,37,25235,1432,0.70391061452514,"OK","City/Suburb",46032,25.6
207458,"Oklahoma City University",2021,21,1429,37,26350,1334,0.792353823088456,"OK","City/Suburb",46211,25.6
207458,"Oklahoma City University",2020,23,1527,37,25072,1714,0.731038506417736,"OK","City/Suburb",45702,25.6
207458,"Oklahoma City University",2019,22,1597,37,24264,1723,0.746372605919907,"OK","City/Suburb",43828,25.6
207388,"Oklahoma State University-Main Campus",2023,26,21354,34,18291,19612,0.709259636956965,"OK","Town/Rural",47211,25.6
207388,"Oklahoma State University-Main Campus",2022,27,20786,33,16718,19117,0.706334675942878,"OK","Town/Rural",46032,25.6
207388,"Oklahoma State University-Main Campus",2021,27,20216,32,14603,16934,0.683654186843038,"OK","Town/Rural",46211,25.6
207388,"Oklahoma State University-Main Campus",2020,28,20323,32,14763,17164,0.670880913539967,"OK","Town/Rural",45702,25.6
207388,"Oklahoma State University-Main Campus",2019,29,20041,32,15325,15277,0.699810172154219,"OK","Town/Rural",43828,25.6
206835,"Oklahoma Wesleyan University",2023,39,824,50,26811,688,0.770348837209302,"OK","Town/Rural",47211,25.6
206835,"Oklahoma Wesleyan University",2022,38,850,47,27590,800,0.52125,"OK","Town/Rural",46032,25.6
206835,"Oklahoma Wesleyan University",2021,28,782,48,25436,894,0.539149888143177,"OK","Town/Rural",46211,25.6
206835,"Oklahoma Wesleyan University",2020,39,791,43,25273,2376,0.826599326599327,"OK","Town/Rural",45702,25.6
206835,"Oklahoma Wesleyan University",2019,43,864,38,24501,2370,0.575105485232068,"OK","Town/Rural",43828,25.6
232982,"Old Dominion University",2023,37,17736,59,16150,15216,0.905165615141956,"VA","City/Suburb",99497,39.3
232982,"Old Dominion University",2022,37,18375,58,16098,14435,0.95143747835123,"VA","City/Suburb",98780,39.3
232982,"Old Dominion University",2021,36,18678,57,17254,13586,0.962314146915943,"VA","City/Suburb",100147,39.3
232982,"Old Dominion University",2020,38,19622,56,17162,13651,0.954069298952458,"VA","City/Suburb",98970,39.3
232982,"Old Dominion University",2019,39,19176,56,16681,13761,0.893321706271347,"VA","City/Suburb",95710,39.3
147828,"Olivet Nazarene University",2023,35,2569,38,22707,4426,0.669001355625847,"IL","City/Suburb",148445,35.1
147828,"Olivet Nazarene University",2022,35,2519,35,20059,6196,0.577953518398967,"IL","City/Suburb",145439,35.1
147828,"Olivet Nazarene University",2021,35,2643,31,20431,5881,0.60550926713144,"IL","City/Suburb",150490,35.1
147828,"Olivet Nazarene University",2020,35,2802,29,20006,4711,0.665676077265973,"IL","City/Suburb",149373,35.1
147828,"Olivet Nazarene University",2019,33,3110,28,21043,5019,0.577605100617653,"IL","City/Suburb",152277,35.1
207582,"Oral Roberts University",2023,34,4565,61,24347,3639,0.98598516075845,"OK","City/Suburb",47211,25.6
207582,"Oral Roberts University",2022,36,4289,63,22360,4045,0.783683559950556,"OK","City/Suburb",46032,25.6
207582,"Oral Roberts University",2021,36,4009,68,21176,3350,0.849850746268657,"OK","City/Suburb",46211,25.6
207582,"Oral Roberts University",2020,38,3682,63,20461,3956,0.783872598584429,"OK","City/Suburb",45702,25.6
207582,"Oral Roberts University",2019,39,3581,60,20872,3434,0.682877111240536,"OK","City/Suburb",43828,25.6
209506,"Oregon Institute of Technology",2023,19,5012,36,17274,5006,0.916699960047943,"OR","Town/Rural",41163,34
209506,"Oregon Institute of Technology",2022,21,4802,35,17283,4570,0.92582056892779,"OR","Town/Rural",41057,34
209506,"Oregon Institute of Technology",2021,23,4776,32,17532,4593,0.906161550185064,"OR","Town/Rural",42778,34
209506,"Oregon Institute of Technology",2020,23,5184,33,16702,4231,0.951311746632002,"OR","Town/Rural",42173,34
209506,"Oregon Institute of Technology",2019,24,5172,33,16880,1206,0.970978441127695,"OR","Town/Rural",41717,34
209542,"Oregon State University",2023,22,30021,37,21868,29025,0.788492678725237,"OR","City/Suburb",41163,34
209542,"Oregon State University",2022,22,28905,37,21163,25651,0.825269969981677,"OR","City/Suburb",41057,34
209542,"Oregon State University",2021,23,27564,37,20318,23188,0.892142487493531,"OR","City/Suburb",42778,34
209542,"Oregon State University",2020,23,26644,38,21444,17374,0.822148037297111,"OR","City/Suburb",42173,34
209542,"Oregon State University",2019,26,26247,38,19273,15786,0.823261117445838,"OR","City/Suburb",41717,34
440828,"Oregon State University-Cascades Campus",2023,28,1058,24,18949,1787,0.684387241186346,"OR","City/Suburb",41163,34
440828,"Oregon State University-Cascades Campus",2022,29,1042,25,18129,2097,0.790176442536958,"OR","City/Suburb",41057,34
440828,"Oregon State University-Cascades Campus",2021,31,1044,25,18737,3439,0.858098284384996,"OR","City/Suburb",42778,34
440828,"Oregon State University-Cascades Campus",2020,33,1050,25,19735,1660,0.766867469879518,"OR","City/Suburb",42173,34
440828,"Oregon State University-Cascades Campus",2019,40,1026,25,17837,1450,0.77448275862069,"OR","City/Suburb",41717,34
120403,"Otis College of Art and Design",2023,31,1243,78,49440,2459,0.839772265148434,"CA","City/Suburb",492544,34.2
120403,"Otis College of Art and Design",2022,32,1268,78,48198,2083,0.832933269323092,"CA","City/Suburb",473448,34.2
120403,"Otis College of Art and Design",2021,37,1197,78,45402,2284,0.79816112084063,"CA","City/Suburb",467260,34.2
120403,"Otis College of Art and Design",2020,36,1030,77,46876,2342,0.803159692570453,"CA","City/Suburb",477479,34.2
120403,"Otis College of Art and Design",2019,35,1125,77,45406,2442,0.781736281736282,"CA","City/Suburb",478819,34.2
155627,"Ottawa University-Ottawa",2023,35,936,47,28126,3600,0.800277777777778,"KS","Town/Rural",36832,33.8
155627,"Ottawa University-Ottawa",2022,39,853,50,26872,3331,0.782347643350345,"KS","Town/Rural",36624,33.8
155627,"Ottawa University-Ottawa",2021,45,787,43,26354,2082,0.665706051873199,"KS","Town/Rural",36149,33.8
155627,"Ottawa University-Ottawa",2020,44,720,45,27504,1845,0.702981029810298,"KS","Town/Rural",35923,33.8
155627,"Ottawa University-Ottawa",2019,50,673,41,24718,1974,0.145390070921986,"KS","Town/Rural",35979,33.8
464226,"Ottawa University-Surprise",2023,37,768,59,35030,1359,0.398822663723326,"AZ","City/Suburb",76808,29.7
464226,"Ottawa University-Surprise",2022,43,798,62,35402,1155,0.286580086580087,"AZ","City/Suburb",74911,29.7
464226,"Ottawa University-Surprise",2021,46,830,56,32741,1232,0.305194805194805,"AZ","City/Suburb",77005,29.7
464226,"Ottawa University-Surprise",2020,49,726,55,33201,1185,0.283544303797468,"AZ","City/Suburb",77873,29.7
464226,"Ottawa University-Surprise",2019,52,721,55,30976,994,0.43158953722334,"AZ","City/Suburb",76552,29.7
204936,"Otterbein University",2023,29,2119,30,22242,3498,0.833047455688965,"OH","City/Suburb",133760,29
204936,"Otterbein University",2022,31,2173,27,22661,3762,0.8367889420521,"OH","City/Suburb",133872,29
204936,"Otterbein University",2021,24,2253,27,22138,3537,0.828951088493073,"OH","City/Suburb",136945,29
204936,"Otterbein University",2020,27,2313,25,23229,2849,0.760617760617761,"OH","City/Suburb",135941,29
204936,"Otterbein University",2019,26,2501,24,23732,2861,0.801468018175463,"OH","City/Suburb",135868,29
107512,"Ouachita Baptist University",2023,23,1734,18,22087,2138,0.685219831618335,"AR","Town/Rural",33693,23.3
107512,"Ouachita Baptist University",2022,23,1730,19,21677,2063,0.723218613669413,"AR","Town/Rural",33705,23.3
107512,"Ouachita Baptist University",2021,24,1716,20,20074,2610,0.737547892720307,"AR","Town/Rural",34604,23.3
107512,"Ouachita Baptist University",2020,26,1664,18,20534,2524,0.617670364500792,"AR","Town/Rural",34014,23.3
107512,"Ouachita Baptist University",2019,26,1633,19,19962,2538,0.614263199369582,"AR","Town/Rural",33531,23.3
227331,"Our Lady of the Lake University",2021,58,1217,92,18362,3933,0.657767607424358,"TX","City/Suburb",377064,30.3
227331,"Our Lady of the Lake University",2020,58,1294,92,18671,5529,0.739735937782601,"TX","City/Suburb",372402,30.3
227331,"Our Lady of the Lake University",2019,58,1368,91,18012,6645,0.679458239277652,"TX","City/Suburb",364979,30.3
178679,"Ozark Christian College",2023,38,614,17,17968,277,0.981949458483754,"MO","City/Suburb",67773,29.5
178679,"Ozark Christian College",2022,38,608,17,17604,377,0.944297082228117,"MO","City/Suburb",66781,29.5
178679,"Ozark Christian College",2021,38,559,16,17482,257,0.980544747081712,"MO","City/Suburb",66906,29.5
178679,"Ozark Christian College",2020,41,629,17,17007,274,0.981751824817518,"MO","City/Suburb",67892,29.5
178679,"Ozark Christian College",2019,40,675,18,15101,485,0.670103092783505,"MO","City/Suburb",68482,29.5
194310,"Pace University",2023,27,8176,56,34299,28469,0.771400470687414,"NY","City/Suburb",211853,37.2
194310,"Pace University",2022,27,8223,55,33363,26613,0.829293954082591,"NY","City/Suburb",213993,37.2
194310,"Pace University",2021,25,8260,55,30632,24795,0.876225045372051,"NY","City/Suburb",217586,37.2
194310,"Pace University",2020,26,7994,52,32886,24902,0.828688458758333,"NY","City/Suburb",209688,37.2
194310,"Pace University",2019,28,8528,52,32492,22411,0.787113471063317,"NY","City/Suburb",212104,37.2
236230,"Pacific Lutheran University",2023,33,2393,54,23841,4139,0.80526697269872,"WA","City/Suburb",78990,36.7
236230,"Pacific Lutheran University",2022,34,2301,50,24825,3334,0.889022195560888,"WA","City/Suburb",78071,36.7
236230,"Pacific Lutheran University",2021,32,2373,46,23568,3220,0.883850931677019,"WA","City/Suburb",79537,36.7
236230,"Pacific Lutheran University",2020,32,2544,44,25368,3306,0.862976406533575,"WA","City/Suburb",79042,36.7
236230,"Pacific Lutheran University",2019,33,2695,44,25362,3679,0.860288121772221,"WA","City/Suburb",78061,36.7
209603,"Pacific Northwest College of Art",2023,44,412,38,42195,658,0.685410334346505,"OR","City/Suburb",41163,34
209603,"Pacific Northwest College of Art",2022,41,376,37,44616,471,0.9447983014862,"OR","City/Suburb",41057,34
209603,"Pacific Northwest College of Art",2021,40,388,39,36405,364,0.975274725274725,"OR","City/Suburb",42778,34
209603,"Pacific Northwest College of Art",2020,41,445,43,35205,621,0.959742351046699,"OR","City/Suburb",42173,34
209603,"Pacific Northwest College of Art",2019,47,514,41,37252,999,0.886886886886887,"OR","City/Suburb",41717,34
457484,"Pacific Rim Christian University",2020,52,123,80,17138,35,0.6,"HI","City/Suburb",14100,33.5
457484,"Pacific Rim Christian University",2019,19,116,82,13927,36,0.472222222222222,"HI","City/Suburb",14706,33.5
120865,"Pacific Union College",2023,33,910,82,22799,1323,0.424792139077853,"CA","Town/Rural",492544,34.2
120865,"Pacific Union College",2022,40,848,81,21841,1364,0.484604105571848,"CA","Town/Rural",473448,34.2
120865,"Pacific Union College",2021,40,825,79,22767,1216,0.577302631578947,"CA","Town/Rural",467260,34.2
120865,"Pacific Union College",2020,43,955,78,23163,1543,0.591704471808166,"CA","Town/Rural",477479,34.2
120865,"Pacific Union College",2019,44,906,78,22585,1658,0.533172496984318,"CA","Town/Rural",478819,34.2
209612,"Pacific University",2023,27,1613,56,34809,2817,0.917642882499113,"OR","City/Suburb",41163,34
209612,"Pacific University",2022,27,1639,56,33472,2759,0.922798115259152,"OR","City/Suburb",41057,34
209612,"Pacific University",2021,27,1741,53,33523,2266,0.910414827890556,"OR","City/Suburb",42778,34
209612,"Pacific University",2020,28,1758,53,32006,2458,0.89300244100895,"OR","City/Suburb",42173,34
209612,"Pacific University",2019,30,1864,52,29432,2524,0.86608557844691,"OR","City/Suburb",41717,34
140720,"Paine College",2023,71,344,98,17048,2253,0.833555259653795,"GA","City/Suburb",126146,31.9
140720,"Paine College",2022,68,310,99,15877,3302,0.515142337976984,"GA","City/Suburb",122695,31.9
140720,"Paine College",2021,79,251,99,12087,846,0.520094562647754,"GA","City/Suburb",124712,31.9
140720,"Paine College",2020,83,189,99,14699,2403,0.74989596337911,"GA","City/Suburb",126126,31.9
140720,"Paine College",2019,84,448,99,12683,3160,0.649367088607595,"GA","City/Suburb",121897,31.9
136330,"Palm Beach Atlantic University",2023,25,3094,49,31103,7657,0.88324409037482,"FL","City/Suburb",214692,30.4
136330,"Palm Beach Atlantic University",2022,25,3027,43,30276,6220,0.946623794212219,"FL","City/Suburb",217330,30.4
136330,"Palm Beach Atlantic University",2021,28,2837,42,27881,1923,0.898595943837754,"FL","City/Suburb",223891,30.4
136330,"Palm Beach Atlantic University",2020,29,2916,38,27242,1581,0.917141049968374,"FL","City/Suburb",215797,30.4
136330,"Palm Beach Atlantic University",2019,29,2883,41,25908,1534,0.954367666232073,"FL","City/Suburb",213187,30.4
227429,"Paul Quinn College",2023,70,600,94,18118,3398,0.338140082401413,"TX","City/Suburb",385604,30.3
227429,"Paul Quinn College",2022,74,938,77,8994,2048,0.57275390625,"TX","City/Suburb",375741,30.3
227429,"Paul Quinn College",2021,75,384,99,7306,1117,0.873769024171889,"TX","City/Suburb",377064,30.3
227429,"Paul Quinn College",2020,79,468,99,14237,1403,0.618674269422666,"TX","City/Suburb",372402,30.3
227429,"Paul Quinn College",2019,81,554,99,13951,667,0.79160419790105,"TX","City/Suburb",364979,30.3
194392,"Paul Smiths College of Arts and Science",2023,37,582,15,26370,939,0.907348242811502,"NY","Town/Rural",211853,37.2
194392,"Paul Smiths College of Arts and Science",2022,38,1147,53,25056,955,0.849214659685864,"NY","Town/Rural",213993,37.2
194392,"Paul Smiths College of Arts and Science",2021,42,711,17,25632,1301,0.747117601844735,"NY","Town/Rural",217586,37.2
194392,"Paul Smiths College of Arts and Science",2020,45,667,21,23608,1283,0.674201091192518,"NY","Town/Rural",209688,37.2
194392,"Paul Smiths College of Arts and Science",2019,44,716,17,25132,1325,0.69811320754717,"NY","Town/Rural",212104,37.2
214971,"Pennsylvania Academy of the Fine Arts",2023,32,99,42,45518,192,0.875,"PA","City/Suburb",142275,31.8
214971,"Pennsylvania Academy of the Fine Arts",2022,34,114,45,48191,183,0.912568306010929,"PA","City/Suburb",139193,31.8
214971,"Pennsylvania Academy of the Fine Arts",2021,30,121,38,29925,122,0.836065573770492,"PA","City/Suburb",142186,31.8
214971,"Pennsylvania Academy of the Fine Arts",2020,28,135,42,39823,172,0.877906976744186,"PA","City/Suburb",143645,31.8
214971,"Pennsylvania Academy of the Fine Arts",2019,31,193,40,37461,172,0.883720930232558,"PA","City/Suburb",143842,31.8
215053,"Pennsylvania College of Art and Design",2023,46,323,36,30437,677,0.459379615952733,"PA","City/Suburb",142275,31.8
215053,"Pennsylvania College of Art and Design",2022,47,245,29,26649,562,0.443060498220641,"PA","City/Suburb",139193,31.8
215053,"Pennsylvania College of Art and Design",2021,49,228,37,26452,187,0.513368983957219,"PA","City/Suburb",142186,31.8
215053,"Pennsylvania College of Art and Design",2020,43,242,31,28321,378,0.470899470899471,"PA","City/Suburb",143645,31.8
215053,"Pennsylvania College of Art and Design",2019,41,246,24,26927,353,0.43342776203966,"PA","City/Suburb",143842,31.8
442356,"Pennsylvania College of Health Sciences",2023,30,1648,39,33565,451,0.441241685144124,"PA","Town/Rural",142275,31.8
442356,"Pennsylvania College of Health Sciences",2022,34,1640,38,33047,593,0.456998313659359,"PA","Town/Rural",139193,31.8
442356,"Pennsylvania College of Health Sciences",2021,30,1670,35,36179,493,0.490872210953347,"PA","Town/Rural",142186,31.8
442356,"Pennsylvania College of Health Sciences",2020,29,1848,32,31499,430,0.541860465116279,"PA","Town/Rural",143645,31.8
442356,"Pennsylvania College of Health Sciences",2019,26,1688,27,31064,216,0.782407407407407,"PA","Town/Rural",143842,31.8
214777,"Pennsylvania State University-Main Campus",2023,13,42223,37,27450,85956,0.542196007259528,"PA","City/Suburb",142275,31.8
214777,"Pennsylvania State University-Main Campus",2022,14,41745,37,26747,85783,0.552090740589627,"PA","City/Suburb",139193,31.8
214777,"Pennsylvania State University-Main Campus",2019,23,76099,35,24697,95970,0.759403980410545,"PA","City/Suburb",143842,31.8
214801,"Pennsylvania State University-Penn State Abington",2023,38,3095,56,17561,6575,0.920304182509506,"PA","City/Suburb",142275,31.8
214801,"Pennsylvania State University-Penn State Abington",2022,41,3090,56,20460,6463,0.934086337614111,"PA","City/Suburb",139193,31.8
214689,"Pennsylvania State University-Penn State Altoona",2023,26,2421,28,22506,7134,0.973086627417998,"PA","City/Suburb",142275,31.8
214689,"Pennsylvania State University-Penn State Altoona",2022,28,2577,26,20621,7523,0.957596703442775,"PA","City/Suburb",139193,31.8
214698,"Pennsylvania State University-Penn State Beaver",2023,34,504,31,19329,1603,0.922021210230817,"PA","City/Suburb",142275,31.8
214698,"Pennsylvania State University-Penn State Beaver",2022,33,522,31,18113,1707,0.932044522554189,"PA","City/Suburb",139193,31.8
214704,"Pennsylvania State University-Penn State Berks",2023,29,1940,41,22450,5844,0.971252566735113,"PA","City/Suburb",142275,31.8
214704,"Pennsylvania State University-Penn State Berks",2022,31,2071,39,21728,5605,0.972881355932203,"PA","City/Suburb",139193,31.8
214731,"Pennsylvania State University-Penn State Brandywine",2023,35,1223,50,21739,2461,0.953271028037383,"PA","City/Suburb",142275,31.8
214731,"Pennsylvania State University-Penn State Brandywine",2022,35,1196,50,21600,2440,0.961885245901639,"PA","City/Suburb",139193,31.8
214740,"Pennsylvania State University-Penn State DuBois",2023,25,353,8,18960,481,0.925155925155925,"PA","Town/Rural",142275,31.8
214740,"Pennsylvania State University-Penn State DuBois",2022,27,366,8,17865,511,0.923679060665362,"PA","Town/Rural",139193,31.8
214591,"Pennsylvania State University-Penn State Erie-Behrend College",2023,27,3226,23,20964,4827,0.957116221255438,"PA","City/Suburb",142275,31.8
214591,"Pennsylvania State University-Penn State Erie-Behrend College",2022,28,3188,21,21968,4363,0.954389181755673,"PA","City/Suburb",139193,31.8
214759,"Pennsylvania State University-Penn State Fayette- Eberly",2023,35,419,11,18780,731,0.916552667578659,"PA","Town/Rural",142275,31.8
214759,"Pennsylvania State University-Penn State Fayette- Eberly",2022,33,424,12,15897,872,0.807339449541284,"PA","Town/Rural",139193,31.8
214786,"Pennsylvania State University-Penn State Greater Allegheny",2023,44,361,41,14933,581,0.946643717728055,"PA","City/Suburb",142275,31.8
214786,"Pennsylvania State University-Penn State Greater Allegheny",2022,44,363,44,19505,672,0.876488095238095,"PA","City/Suburb",139193,31.8
214713,"Pennsylvania State University-Penn State Harrisburg",2023,26,4164,53,22406,10296,0.963869463869464,"PA","City/Suburb",142275,31.8
214713,"Pennsylvania State University-Penn State Harrisburg",2022,28,4063,52,22096,9925,0.955465994962217,"PA","City/Suburb",139193,31.8
214768,"Pennsylvania State University-Penn State Hazleton",2023,48,510,45,19920,714,0.910364145658263,"PA","City/Suburb",142275,31.8
214768,"Pennsylvania State University-Penn State Hazleton",2022,43,473,46,18724,585,0.899145299145299,"PA","City/Suburb",139193,31.8
214670,"Pennsylvania State University-Penn State Lehigh Valley",2023,33,954,47,19070,1848,0.942099567099567,"PA","City/Suburb",142275,31.8
214670,"Pennsylvania State University-Penn State Lehigh Valley",2022,36,888,47,18142,1806,0.940753045404208,"PA","City/Suburb",139193,31.8
214795,"Pennsylvania State University-Penn State Mont Alto",2023,26,587,22,20294,608,0.90296052631579,"PA","Town/Rural",142275,31.8
214795,"Pennsylvania State University-Penn State Mont Alto",2022,27,670,22,19838,679,0.911634756995582,"PA","Town/Rural",139193,31.8
214625,"Pennsylvania State University-Penn State New Kensington",2023,32,456,24,19294,643,0.933125972006221,"PA","Town/Rural",142275,31.8
214625,"Pennsylvania State University-Penn State New Kensington",2022,31,460,22,19757,678,0.914454277286136,"PA","Town/Rural",139193,31.8
214810,"Pennsylvania State University-Penn State Schuylkill",2023,38,650,33,20317,816,0.910539215686274,"PA","Town/Rural",142275,31.8
214810,"Pennsylvania State University-Penn State Schuylkill",2022,44,623,34,17252,928,0.857758620689655,"PA","Town/Rural",139193,31.8
214652,"Pennsylvania State University-Penn State Scranton",2023,43,837,32,18239,2240,0.948660714285714,"PA","City/Suburb",142275,31.8
214652,"Pennsylvania State University-Penn State Scranton",2022,45,875,34,16594,2297,0.939921636917719,"PA","City/Suburb",139193,31.8
214634,"Pennsylvania State University-Penn State Shenango",2023,41,332,28,14895,209,0.909090909090909,"PA","Town/Rural",142275,31.8
214634,"Pennsylvania State University-Penn State Shenango",2022,35,281,41,16778,192,0.869791666666667,"PA","Town/Rural",139193,31.8
214643,"Pennsylvania State University-Penn State Wilkes-Barre",2023,38,348,20,16275,640,0.9453125,"PA","Town/Rural",142275,31.8
214643,"Pennsylvania State University-Penn State Wilkes-Barre",2022,40,363,24,16728,653,0.952526799387443,"PA","Town/Rural",139193,31.8
214829,"Pennsylvania State University-Penn State York",2023,28,702,37,19159,2012,0.921968190854871,"PA","City/Suburb",142275,31.8
214829,"Pennsylvania State University-Penn State York",2022,29,711,33,18910,2005,0.928678304239401,"PA","City/Suburb",139193,31.8
479956,"Pennsylvania State University-World Campus",2023,30,7945,35,21171,882,0.802721088435374,"PA","City/Suburb",142275,31.8
479956,"Pennsylvania State University-World Campus",2022,28,8210,35,19551,857,0.816802800466744,"PA","City/Suburb",139193,31.8
498571,"Pennsylvania Western University",2023,37,8336,26,19579,6189,0.936500242365487,"PA","Town/Rural",142275,31.8
498571,"Pennsylvania Western University",2022,36,9404,22,18527,8463,0.936192839418646,"PA","Town/Rural",139193,31.8
121150,"Pepperdine University",2023,20,3629,55,52216,12457,0.498514891225817,"CA","City/Suburb",492544,34.2
121150,"Pepperdine University",2022,19,3662,54,47804,11472,0.487360529986053,"CA","City/Suburb",473448,34.2
121150,"Pepperdine University",2021,19,3708,53,40945,11855,0.527119358920287,"CA","City/Suburb",467260,34.2
121150,"Pepperdine University",2020,18,3459,52,46550,11634,0.423328176035757,"CA","City/Suburb",477479,34.2
121150,"Pepperdine University",2019,19,3583,51,42135,12764,0.317220307113757,"CA","City/Suburb",478819,34.2
199306,"Pfeiffer University",2023,56,654,41,21402,1637,0.9529627367135,"NC","Town/Rural",108252,31.9
199306,"Pfeiffer University",2022,54,683,43,21575,1299,0.690531177829099,"NC","Town/Rural",114167,31.9
199306,"Pfeiffer University",2021,55,744,42,19198,1335,0.717602996254682,"NC","Town/Rural",116514,31.9
199306,"Pfeiffer University",2020,51,812,40,22121,1796,0.758351893095768,"NC","Town/Rural",116615,31.9
199306,"Pfeiffer University",2019,58,897,40,22340,2297,0.637788419677841,"NC","Town/Rural",114284,31.9
140818,"Piedmont University",2023,41,1261,33,21599,2066,0.928363988383349,"GA","Town/Rural",126146,31.9
140818,"Piedmont University",2022,42,1245,33,18792,1726,0.869061413673233,"GA","Town/Rural",122695,31.9
140818,"Piedmont University",2021,42,1255,30,19803,2124,0.669962335216573,"GA","Town/Rural",124712,31.9
140818,"Piedmont University",2020,43,1278,30,19796,1457,0.700754975978037,"GA","Town/Rural",126126,31.9
140818,"Piedmont University",2019,45,1283,30,19715,1910,0.53979057591623,"GA","Town/Rural",121897,31.9
155681,"Pittsburg State University",2023,32,4426,21,19357,2856,0.881652661064426,"KS","Town/Rural",36832,33.8
155681,"Pittsburg State University",2022,30,4489,22,13968,2642,0.861847085541257,"KS","Town/Rural",36624,33.8
155681,"Pittsburg State University",2021,33,4560,21,14748,2216,0.936371841155235,"KS","Town/Rural",36149,33.8
155681,"Pittsburg State University",2020,36,4825,21,14006,2007,0.906826108619831,"KS","Town/Rural",35923,33.8
155681,"Pittsburg State University",2019,34,5181,21,13847,1822,0.955543358946213,"KS","Town/Rural",35979,33.8
121257,"Pitzer College",2023,10,1204,52,34801,3464,0.166570438799076,"CA","City/Suburb",492544,34.2
121257,"Pitzer College",2022,11,1212,51,39809,3500,0.184,"CA","City/Suburb",473448,34.2
121257,"Pitzer College",2021,14,1168,50,19153,3676,0.183079434167573,"CA","City/Suburb",467260,34.2
121257,"Pitzer College",2020,14,922,55,30095,4260,0.165727699530516,"CA","City/Suburb",477479,34.2
121257,"Pitzer College",2019,15,1086,51,36552,4415,0.137032842582106,"CA","City/Suburb",478819,34.2
183080,"Plymouth State University",2023,26,3336,21,20280,7421,0.910254682657324,"NH","Town/Rural",15434,36.8
183080,"Plymouth State University",2022,28,3308,19,20321,5917,0.975494338347135,"NH","Town/Rural",15352,36.8
183080,"Plymouth State University",2021,29,3536,20,20145,6856,0.91671528588098,"NH","Town/Rural",15187,36.8
183080,"Plymouth State University",2020,30,3739,22,20631,7129,0.893673727030439,"NH","Town/Rural",14958,36.8
183080,"Plymouth State University",2019,30,3802,19,19675,8035,0.848164281269446,"NH","Town/Rural",15466,36.8
121309,"Point Loma Nazarene University",2023,23,3158,47,36370,3065,0.817618270799347,"CA","City/Suburb",492544,34.2
121309,"Point Loma Nazarene University",2022,23,3154,47,34933,3149,0.819307716735472,"CA","City/Suburb",473448,34.2
121309,"Point Loma Nazarene University",2021,26,3174,47,34851,3060,0.836601307189543,"CA","City/Suburb",467260,34.2
121309,"Point Loma Nazarene University",2020,26,3216,47,34644,2949,0.835537470328925,"CA","City/Suburb",477479,34.2
121309,"Point Loma Nazarene University",2019,28,3203,47,33183,3277,0.73664937442783,"CA","City/Suburb",478819,34.2
215442,"Point Park University",2023,37,2323,35,25477,5291,0.978831978831979,"PA","City/Suburb",142275,31.8
215442,"Point Park University",2022,38,2418,33,24702,6033,0.820487319741422,"PA","City/Suburb",139193,31.8
215442,"Point Park University",2021,38,2575,30,25004,6076,0.823238973008558,"PA","City/Suburb",142186,31.8
215442,"Point Park University",2020,41,2791,29,23980,5411,0.695065607096655,"PA","City/Suburb",143645,31.8
215442,"Point Park University",2019,42,3100,30,23705,5359,0.731106549729427,"PA","City/Suburb",143842,31.8
138868,"Point University",2023,32,2617,45,22622,3250,0.675076923076923,"GA","Town/Rural",126146,31.9
138868,"Point University",2022,32,1943,48,19890,2355,0.24203821656051,"GA","Town/Rural",122695,31.9
138868,"Point University",2021,43,1641,49,20099,771,0.465629053177691,"GA","Town/Rural",124712,31.9
138868,"Point University",2020,28,1916,51,24449,1044,0.348659003831418,"GA","Town/Rural",126126,31.9
138868,"Point University",2019,27,2340,53,17185,1419,0.288935870331219,"GA","Town/Rural",121897,31.9
121345,"Pomona College",2023,19,1664,71,17423,12121,0.0675686824519429,"CA","City/Suburb",492544,34.2
121345,"Pomona College",2022,18,1716,69,19962,10666,0.0702231389461841,"CA","City/Suburb",473448,34.2
121345,"Pomona College",2021,21,1761,66,17000,11620,0.0663511187607573,"CA","City/Suburb",467260,34.2
121345,"Pomona College",2020,21,1475,70,30392,10388,0.0861571043511744,"CA","City/Suburb",477479,34.2
121345,"Pomona College",2019,23,1637,66,18500,10401,0.0740313431400827,"CA","City/Suburb",478819,34.2
205027,"Pontifical College Josephinum",2020,11,50,22,36821,4,0.75,"OH","City/Suburb",135941,29
205027,"Pontifical College Josephinum",2019,10,63,33,36312,13,0.692307692307692,"OH","City/Suburb",135868,29
209807,"Portland State University",2023,40,15960,53,12509,8877,0.909090909090909,"OR","City/Suburb",41163,34
209807,"Portland State University",2022,40,16862,53,16273,7926,0.930860459248044,"OR","City/Suburb",41057,34
209807,"Portland State University",2021,39,17753,51,13015,6859,0.984254264470039,"OR","City/Suburb",42778,34
209807,"Portland State University",2020,39,18656,53,12195,6701,0.951947470526787,"OR","City/Suburb",42173,34
209807,"Portland State University",2019,41,20320,52,12710,6861,0.958023611718408,"OR","City/Suburb",41717,34
227526,"Prairie View A & M University",2023,62,8527,99,14065,8777,0.752990771334169,"TX","Town/Rural",385604,30.3
227526,"Prairie View A & M University",2022,66,8103,99,12875,5691,0.760674749604639,"TX","Town/Rural",375741,30.3
227526,"Prairie View A & M University",2021,64,8444,99,14927,6753,0.770028135643418,"TX","Town/Rural",377064,30.3
227526,"Prairie View A & M University",2020,63,8372,99,13794,7802,0.763650346065112,"TX","Town/Rural",372402,30.3
227526,"Prairie View A & M University",2019,65,8109,99,13460,6196,0.801000645577792,"TX","Town/Rural",364979,30.3
194578,"Pratt Institute-Main",2023,17,3814,67,51702,8281,0.531699070160609,"NY","City/Suburb",211853,37.2
194578,"Pratt Institute-Main",2022,17,3934,67,47326,10129,0.50449205252246,"NY","City/Suburb",213993,37.2
194578,"Pratt Institute-Main",2021,18,3908,67,46486,7922,0.678616510982075,"NY","City/Suburb",217586,37.2
194578,"Pratt Institute-Main",2020,17,3122,66,47516,7601,0.659386922773319,"NY","City/Suburb",209688,37.2
194578,"Pratt Institute-Main",2019,20,3677,65,45880,8432,0.555028462998102,"NY","City/Suburb",212104,37.2
218539,"Presbyterian College",2023,28,903,39,20058,3359,0.723429592140518,"SC","Town/Rural",53335,28.3
218539,"Presbyterian College",2022,29,955,35,21571,3329,0.593872033643737,"SC","Town/Rural",52277,28.3
218539,"Presbyterian College",2021,29,991,34,21170,1964,0.709775967413442,"SC","Town/Rural",52010,28.3
218539,"Presbyterian College",2020,30,1048,31,21959,2016,0.708333333333333,"SC","Town/Rural",52680,28.3
218539,"Presbyterian College",2019,29,1102,32,19778,2141,0.75478748248482,"SC","Town/Rural",53953,28.3
105589,"Prescott College",2023,47,257,33,23163,140,0.985714285714286,"AZ","City/Suburb",76808,29.7
105589,"Prescott College",2022,45,313,34,25317,185,0.983783783783784,"AZ","City/Suburb",74911,29.7
105589,"Prescott College",2021,45,388,33,17082,147,0.993197278911565,"AZ","City/Suburb",77005,29.7
105589,"Prescott College",2020,45,422,33,23225,317,0.984227129337539,"AZ","City/Suburb",77873,29.7
105589,"Prescott College",2019,43,503,34,20965,232,0.974137931034483,"AZ","City/Suburb",76552,29.7
186131,"Princeton University",2023,19,5671,65,19811,39644,0.0449500554938957,"NJ","City/Suburb",104131,40.8
186131,"Princeton University",2022,19,5604,63,18698,38019,0.0569978168810332,"NJ","City/Suburb",107755,40.8
186131,"Princeton University",2021,22,5321,62,20908,37601,0.0438020265418473,"NJ","City/Suburb",109108,40.8
186131,"Princeton University",2020,21,4774,64,18685,32835,0.0562814070351759,"NJ","City/Suburb",109961,40.8
186131,"Princeton University",2019,19,5422,60,18712,32804,0.0577673454456774,"NJ","City/Suburb",113367,40.8
455770,"Providence Christian College",2023,34,147,52,25354,107,0.925233644859813,"CA","City/Suburb",492544,34.2
455770,"Providence Christian College",2022,38,136,54,25416,132,0.871212121212121,"CA","City/Suburb",473448,34.2
455770,"Providence Christian College",2021,45,117,60,23408,80,0.825,"CA","City/Suburb",467260,34.2
455770,"Providence Christian College",2020,41,121,63,26894,62,0.419354838709677,"CA","City/Suburb",477479,34.2
455770,"Providence Christian College",2019,44,151,59,23765,161,0.422360248447205,"CA","City/Suburb",478819,34.2
217402,"Providence College",2023,13,4191,21,46645,12469,0.487208276525784,"RI","City/Suburb",11503,34.4
217402,"Providence College",2022,14,3996,23,43970,11129,0.527810225536886,"RI","City/Suburb",11411,34.4
217402,"Providence College",2021,15,4179,23,39566,11129,0.579836463294097,"RI","City/Suburb",11480,34.4
217402,"Providence College",2020,14,4298,23,37284,10817,0.538596653415919,"RI","City/Suburb",11395,34.4
217402,"Providence College",2019,14,4096,24,35796,11478,0.474560027879421,"RI","City/Suburb",10892,34.4
151102,"Purdue University Fort Wayne",2023,23,8110,28,12619,6466,0.856634704608723,"IN","City/Suburb",76628,27.1
151102,"Purdue University Fort Wayne",2022,26,8390,26,11951,5853,0.806594908593883,"IN","City/Suburb",74897,27.1
151102,"Purdue University Fort Wayne",2021,30,7768,25,12333,6007,0.83202929915099,"IN","City/Suburb",78348,27.1
151102,"Purdue University Fort Wayne",2020,26,7584,26,12071,5540,0.827797833935018,"IN","City/Suburb",78809,27.1
151102,"Purdue University Fort Wayne",2019,29,9697,24,11444,6376,0.814303638644918,"IN","City/Suburb",76144,27.1
490805,"Purdue University Northwest",2023,28,7902,46,9637,6394,0.706287144197685,"IN","City/Suburb",76628,27.1
490805,"Purdue University Northwest",2022,29,8176,44,9162,5670,0.728218694885362,"IN","City/Suburb",74897,27.1
490805,"Purdue University Northwest",2021,31,8044,41,8472,3642,0.763591433278418,"IN","City/Suburb",78348,27.1
490805,"Purdue University Northwest",2020,32,8539,42,10279,5301,0.627051499717035,"IN","City/Suburb",78809,27.1
490805,"Purdue University Northwest",2019,33,9106,41,10157,5670,0.285714285714286,"IN","City/Suburb",76144,27.1
243780,"Purdue University-Main Campus",2023,13,39864,41,12421,73083,0.503030800596582,"IN","City/Suburb",76628,27.1
243780,"Purdue University-Main Campus",2022,14,38593,39,12576,68582,0.527047913446677,"IN","City/Suburb",74897,27.1
243780,"Purdue University-Main Campus",2021,15,37806,37,14619,59436,0.688101487314086,"IN","City/Suburb",78348,27.1
243780,"Purdue University-Main Campus",2020,15,35706,36,12294,57510,0.67151799687011,"IN","City/Suburb",78809,27.1
243780,"Purdue University-Main Campus",2019,16,34596,36,12684,55311,0.598307750718664,"IN","City/Suburb",76144,27.1
199412,"Queens University of Charlotte",2023,22,1373,48,27178,4357,0.676841863667661,"NC","City/Suburb",108252,31.9
199412,"Queens University of Charlotte",2022,23,1317,48,29459,3154,0.712745719720989,"NC","City/Suburb",114167,31.9
199412,"Queens University of Charlotte",2021,27,1440,47,29810,3503,0.691978304310591,"NC","City/Suburb",116514,31.9
199412,"Queens University of Charlotte",2020,26,1670,45,25756,3437,0.684317718940937,"NC","City/Suburb",116615,31.9
199412,"Queens University of Charlotte",2019,28,1733,44,24286,3419,0.65223749634396,"NC","City/Suburb",114284,31.9
148131,"Quincy University",2023,30,1130,31,17424,2197,0.498862084660901,"IL","Town/Rural",148445,35.1
148131,"Quincy University",2022,29,1147,26,11985,1760,0.617045454545455,"IL","Town/Rural",145439,35.1
148131,"Quincy University",2021,29,1055,26,16423,1480,0.597972972972973,"IL","Town/Rural",150490,35.1
148131,"Quincy University",2020,32,1092,25,16599,1223,0.671300081766149,"IL","Town/Rural",149373,35.1
148131,"Quincy University",2019,36,1042,26,17423,1242,0.617552334943639,"IL","Town/Rural",152277,35.1
130226,"Quinnipiac University",2023,16,6248,26,39632,21323,0.769966702621582,"CT","City/Suburb",44962,39.6
130226,"Quinnipiac University",2022,15,6073,26,39051,18668,0.837850867795157,"CT","City/Suburb",44540,39.6
130226,"Quinnipiac University",2021,15,6298,26,38244,15722,0.881249204935759,"CT","City/Suburb",44901,39.6
130226,"Quinnipiac University",2020,15,6843,25,41815,19798,0.823921608243257,"CT","City/Suburb",45222,39.6
130226,"Quinnipiac University",2019,15,6845,24,41636,22653,0.701231624950338,"CT","City/Suburb",45216,39.6
384421,"Rabbi Jacob Joseph School",2023,18,96,4,9977,31,0.903225806451613,"NJ","City/Suburb",104131,40.8
384421,"Rabbi Jacob Joseph School",2022,26,95,6,7307,45,0.733333333333333,"NJ","City/Suburb",107755,40.8
384421,"Rabbi Jacob Joseph School",2021,32,93,2,8036,35,0.828571428571429,"NJ","City/Suburb",109108,40.8
384421,"Rabbi Jacob Joseph School",2020,30,73,1,9171,26,0.769230769230769,"NJ","City/Suburb",109961,40.8
384421,"Rabbi Jacob Joseph School",2019,23,73,5,11598,30,0.866666666666667,"NJ","City/Suburb",113367,40.8
194657,"Rabbinical Academy Mesivta Rabbi Chaim Berlin",2023,22,160,1,6209,40,1,"NY","City/Suburb",211853,37.2
194657,"Rabbinical Academy Mesivta Rabbi Chaim Berlin",2022,17,135,0,8982,45,0.955555555555556,"NY","City/Suburb",213993,37.2
194657,"Rabbinical Academy Mesivta Rabbi Chaim Berlin",2021,20,167,2,8665,58,0.913793103448276,"NY","City/Suburb",217586,37.2
194657,"Rabbinical Academy Mesivta Rabbi Chaim Berlin",2020,18,138,4,9196,49,0.979591836734694,"NY","City/Suburb",209688,37.2
194657,"Rabbinical Academy Mesivta Rabbi Chaim Berlin",2019,22,157,5,7618,50,0.94,"NY","City/Suburb",212104,37.2
194693,"Rabbinical College Beth Shraga",2023,21,48,6,16744,27,0.925925925925926,"NY","City/Suburb",211853,37.2
194693,"Rabbinical College Beth Shraga",2022,21,38,5,15204,16,0.875,"NY","City/Suburb",213993,37.2
194693,"Rabbinical College Beth Shraga",2021,20,52,0,15864,25,1,"NY","City/Suburb",217586,37.2
194693,"Rabbinical College Beth Shraga",2020,34,40,0,15803,18,1,"NY","City/Suburb",209688,37.2
194693,"Rabbinical College Beth Shraga",2019,28,41,0,11653,25,0.84,"NY","City/Suburb",212104,37.2
186186,"Rabbinical College of America",2023,38,197,18,14947,70,0.871428571428571,"NJ","City/Suburb",104131,40.8
186186,"Rabbinical College of America",2022,43,193,21,13833,75,0.946666666666667,"NJ","City/Suburb",107755,40.8
186186,"Rabbinical College of America",2021,44,217,20,15740,83,0.867469879518072,"NJ","City/Suburb",109108,40.8
186186,"Rabbinical College of America",2020,47,249,17,14209,79,0.835443037974684,"NJ","City/Suburb",109961,40.8
186186,"Rabbinical College of America",2019,50,216,27,15265,65,0.861538461538462,"NJ","City/Suburb",113367,40.8
194736,"Rabbinical College of Long Island",2023,30,161,1,7838,45,1,"NY","City/Suburb",211853,37.2
194736,"Rabbinical College of Long Island",2022,37,148,1,7620,37,1,"NY","City/Suburb",213993,37.2
194736,"Rabbinical College of Long Island",2021,34,157,2,8314,37,1,"NY","City/Suburb",217586,37.2
194736,"Rabbinical College of Long Island",2020,36,160,2,11277,50,0.8,"NY","City/Suburb",209688,37.2
194736,"Rabbinical College of Long Island",2019,37,158,1,10893,48,0.9375,"NY","City/Suburb",212104,37.2
205124,"Rabbinical College Telshe",2023,36,57,0,11403,36,0.805555555555556,"OH","City/Suburb",133760,29
205124,"Rabbinical College Telshe",2022,43,55,0,11012,30,0.9,"OH","City/Suburb",133872,29
205124,"Rabbinical College Telshe",2021,64,51,0,8247,32,0.84375,"OH","City/Suburb",136945,29
205124,"Rabbinical College Telshe",2020,50,39,0,10676,22,0.818181818181818,"OH","City/Suburb",135941,29
205124,"Rabbinical College Telshe",2019,61,36,0,8441,18,0.833333333333333,"OH","City/Suburb",135868,29
194718,"Rabbinical Seminary Mkor Chaim",2023,63,81,0,6745,31,1,"NJ","City/Suburb",104131,40.8
194718,"Rabbinical Seminary Mkor Chaim",2022,72,72,0,3132,28,1,"NJ","City/Suburb",107755,40.8
194718,"Rabbinical Seminary Mkor Chaim",2021,71,49,0,5139,30,1,"NJ","City/Suburb",109108,40.8
194763,"Rabbinical Seminary of America",2023,14,379,0,9049,122,0.975409836065574,"NY","City/Suburb",211853,37.2
194763,"Rabbinical Seminary of America",2022,15,346,0,8787,95,0.989473684210526,"NY","City/Suburb",213993,37.2
194763,"Rabbinical Seminary of America",2021,17,415,0,9251,116,0.956896551724138,"NY","City/Suburb",217586,37.2
194763,"Rabbinical Seminary of America",2020,15,281,0,9307,116,0.982758620689655,"NY","City/Suburb",209688,37.2
194763,"Rabbinical Seminary of America",2019,18,268,0,8993,102,0.980392156862745,"NY","City/Suburb",212104,37.2
233277,"Radford University",2023,35,5704,34,18282,11072,0.90643063583815,"VA","Town/Rural",99497,39.3
233277,"Radford University",2022,36,6008,35,17105,11442,0.933403251179864,"VA","Town/Rural",98780,39.3
233277,"Radford University",2021,37,6513,36,16835,11291,0.953148525374192,"VA","Town/Rural",100147,39.3
233277,"Radford University",2020,38,7307,37,15747,14994,0.786848072562358,"VA","Town/Rural",98970,39.3
233277,"Radford University",2019,37,7250,36,14981,16013,0.753200524573784,"VA","Town/Rural",95710,39.3
186201,"Ramapo College of New Jersey",2023,27,5013,45,17348,7553,0.732159406858202,"NJ","City/Suburb",104131,40.8
186201,"Ramapo College of New Jersey",2022,26,4932,44,16262,7207,0.704731511030942,"NJ","City/Suburb",107755,40.8
186201,"Ramapo College of New Jersey",2021,28,5145,45,12251,6930,0.701010101010101,"NJ","City/Suburb",109108,40.8
186201,"Ramapo College of New Jersey",2020,26,5412,43,17286,7980,0.668421052631579,"NJ","City/Suburb",109961,40.8
186201,"Ramapo College of New Jersey",2019,26,5574,40,16823,7331,0.655845041604147,"NJ","City/Suburb",113367,40.8
207157,"Randall University",2023,39,281,56,17827,183,0.448087431693989,"OK","City/Suburb",47211,25.6
207157,"Randall University",2022,46,269,58,20952,154,0.428571428571429,"OK","City/Suburb",46032,25.6
207157,"Randall University",2021,51,285,55,17614,197,0.553299492385787,"OK","City/Suburb",46211,25.6
207157,"Randall University",2020,55,295,53,18278,152,0.388157894736842,"OK","City/Suburb",45702,25.6
207157,"Randall University",2019,60,313,56,17261,182,0.43956043956044,"OK","City/Suburb",43828,25.6
233301,"Randolph College",2023,41,541,42,20856,1935,0.949354005167959,"VA","City/Suburb",99497,39.3
233301,"Randolph College",2022,39,478,42,22886,1602,0.950062421972534,"VA","City/Suburb",98780,39.3
233301,"Randolph College",2021,39,482,45,23166,1161,0.937984496124031,"VA","City/Suburb",100147,39.3
233301,"Randolph College",2020,40,508,42,25419,1335,0.896629213483146,"VA","City/Suburb",98970,39.3
233301,"Randolph College",2019,37,565,40,26802,1177,0.895497026338148,"VA","City/Suburb",95710,39.3
233295,"Randolph-Macon College",2023,20,1500,26,29058,2620,0.833969465648855,"VA","City/Suburb",99497,39.3
233295,"Randolph-Macon College",2022,19,1490,25,28389,2446,0.854456255110384,"VA","City/Suburb",98780,39.3
233295,"Randolph-Macon College",2021,19,1501,25,26794,2250,0.838222222222222,"VA","City/Suburb",100147,39.3
233295,"Randolph-Macon College",2020,21,1554,24,26061,2684,0.713114754098361,"VA","City/Suburb",98970,39.3
233295,"Randolph-Macon College",2019,20,1543,24,27429,2460,0.708943089430894,"VA","City/Suburb",95710,39.3
497480,"Reach University",2023,61,1226,43,14108,117,0.991452991452991,"CA","City/Suburb",492544,34.2
497480,"Reach University",2022,33,774,41,15054,66,0.984848484848485,"CA","City/Suburb",473448,34.2
209922,"Reed College",2023,12,1439,41,36993,10045,0.271577899452464,"OR","City/Suburb",41163,34
209922,"Reed College",2022,11,1523,40,33106,9023,0.307990690457719,"OR","City/Suburb",41057,34
209922,"Reed College",2021,11,1548,41,33056,7010,0.438088445078459,"OR","City/Suburb",42778,34
209922,"Reed College",2020,12,1366,42,33980,5647,0.423410660527714,"OR","City/Suburb",42173,34
209922,"Reed College",2019,13,1457,43,32069,5815,0.394668959587274,"OR","City/Suburb",41717,34
231651,"Regent University",2023,48,4577,55,18314,7261,0.411789009778267,"VA","City/Suburb",99497,39.3
231651,"Regent University",2022,50,4541,52,17341,6989,0.323365288310202,"VA","City/Suburb",98780,39.3
231651,"Regent University",2021,60,4507,50,16579,5240,0.40706106870229,"VA","City/Suburb",100147,39.3
231651,"Regent University",2020,49,4533,49,14785,4120,0.504368932038835,"VA","City/Suburb",98970,39.3
231651,"Regent University",2019,54,4408,45,15062,2344,0.85537542662116,"VA","City/Suburb",95710,39.3
167598,"Regis College",2023,28,1096,57,30212,2490,0.892771084337349,"MA","City/Suburb",78133,44.5
167598,"Regis College",2022,27,1121,56,30014,2841,0.887715593101021,"MA","City/Suburb",78514,44.5
167598,"Regis College",2021,28,1271,59,35775,2678,0.89058999253174,"MA","City/Suburb",78839,44.5
167598,"Regis College",2020,28,1308,60,32683,2851,0.84075762890214,"MA","City/Suburb",79537,44.5
167598,"Regis College",2019,27,1352,58,32047,2256,0.792553191489362,"MA","City/Suburb",78060,44.5
127918,"Regis University",2023,26,2680,54,25062,4997,0.872723634180508,"CO","City/Suburb",63277,41.7
127918,"Regis University",2022,25,2398,50,26377,5549,0.760857812218418,"CO","City/Suburb",64869,41.7
127918,"Regis University",2021,22,2745,50,27735,5959,0.813727135425407,"CO","City/Suburb",63204,41.7
127918,"Regis University",2020,23,3197,50,27785,5912,0.781968876860622,"CO","City/Suburb",61237,41.7
127918,"Regis University",2019,24,3500,51,27565,6910,0.709551374819103,"CO","City/Suburb",60962,41.7
140872,"Reinhardt University",2023,39,1082,41,27507,1755,0.551566951566952,"GA","Town/Rural",126146,31.9
140872,"Reinhardt University",2022,36,1059,43,26845,1083,0.623268698060942,"GA","Town/Rural",122695,31.9
140872,"Reinhardt University",2021,38,1099,34,23917,1010,0.703960396039604,"GA","Town/Rural",124712,31.9
140872,"Reinhardt University",2020,40,1292,38,22645,1142,0.986865148861646,"GA","Town/Rural",126126,31.9
140872,"Reinhardt University",2019,41,1430,38,21997,1166,0.920240137221269,"GA","Town/Rural",121897,31.9
194824,"Rensselaer Polytechnic Institute",2023,19,5954,57,35940,16283,0.584474605416692,"NY","City/Suburb",211853,37.2
194824,"Rensselaer Polytechnic Institute",2022,18,5902,57,39127,16863,0.64508094645081,"NY","City/Suburb",213993,37.2
194824,"Rensselaer Polytechnic Institute",2021,18,5614,57,40070,17498,0.530174877128815,"NY","City/Suburb",217586,37.2
194824,"Rensselaer Polytechnic Institute",2020,17,6283,56,40661,16661,0.572594682191945,"NY","City/Suburb",209688,37.2
194824,"Rensselaer Polytechnic Institute",2019,18,6241,53,41006,18635,0.474107861550845,"NY","City/Suburb",212104,37.2
217420,"Rhode Island College",2023,41,4785,52,11549,4988,0.810946271050521,"RI","City/Suburb",11503,34.4
217420,"Rhode Island College",2022,43,4719,49,11014,3921,0.875286916602907,"RI","City/Suburb",11411,34.4
217420,"Rhode Island College",2021,44,5252,47,8710,3592,0.848273942093541,"RI","City/Suburb",11480,34.4
217420,"Rhode Island College",2020,46,5998,47,10557,4709,0.812699086854959,"RI","City/Suburb",11395,34.4
217420,"Rhode Island College",2019,46,6432,45,9572,4753,0.783925941510625,"RI","City/Suburb",10892,34.4
217493,"Rhode Island School of Design",2023,14,2092,78,42106,7126,0.138085882683132,"RI","City/Suburb",11503,34.4
217493,"Rhode Island School of Design",2022,15,2108,77,39800,5099,0.174151794469504,"RI","City/Suburb",11411,34.4
217493,"Rhode Island School of Design",2021,18,2044,77,38234,4742,0.186840995360607,"RI","City/Suburb",11480,34.4
217493,"Rhode Island School of Design",2020,16,1736,74,40048,4001,0.271182204448888,"RI","City/Suburb",11395,34.4
217493,"Rhode Island School of Design",2019,16,2009,73,39791,3832,0.257567849686848,"RI","City/Suburb",10892,34.4
221351,"Rhodes College",2023,15,1936,38,30590,6025,0.496763485477178,"TN","City/Suburb",72084,27.5
221351,"Rhodes College",2022,14,1996,37,30672,5253,0.53912050256996,"TN","City/Suburb",71347,27.5
221351,"Rhodes College",2021,15,2050,36,30525,5318,0.568822865739,"TN","City/Suburb",72685,27.5
221351,"Rhodes College",2020,14,1840,36,29852,5074,0.513598738667718,"TN","City/Suburb",73281,27.5
221351,"Rhodes College",2019,13,1973,35,30632,5207,0.44709045515652,"TN","City/Suburb",72802,27.5
227757,"Rice University",2023,16,4574,74,20587,31059,0.0787855372033871,"TX","City/Suburb",385604,30.3
227757,"Rice University",2022,17,4494,72,19902,31443,0.0868237763572178,"TX","City/Suburb",375741,30.3
227757,"Rice University",2021,16,4247,70,18521,29544,0.0948415922014622,"TX","City/Suburb",377064,30.3
227757,"Rice University",2020,16,4076,69,19215,23455,0.10893199744191,"TX","City/Suburb",372402,30.3
227757,"Rice University",2019,15,3989,68,20335,27087,0.0871635840070883,"TX","City/Suburb",364979,30.3
186283,"Rider University",2023,33,3244,47,26618,9069,0.794023596868453,"NJ","City/Suburb",104131,40.8
186283,"Rider University",2022,34,3169,48,26388,9340,0.841327623126338,"NJ","City/Suburb",107755,40.8
186283,"Rider University",2021,33,3222,46,23781,8791,0.819474462518485,"NJ","City/Suburb",109108,40.8
186283,"Rider University",2020,32,3630,46,29396,9250,0.756648648648649,"NJ","City/Suburb",109961,40.8
186283,"Rider University",2019,31,3770,44,29122,9388,0.714742224115893,"NJ","City/Suburb",113367,40.8
136774,"Ringling College of Art and Design",2023,21,1722,56,60362,2685,0.673743016759777,"FL","City/Suburb",214692,30.4
136774,"Ringling College of Art and Design",2022,22,1705,56,55752,2462,0.647034930950447,"FL","City/Suburb",217330,30.4
136774,"Ringling College of Art and Design",2021,24,1663,56,51318,2117,0.687293339631554,"FL","City/Suburb",223891,30.4
136774,"Ringling College of Art and Design",2020,25,1624,54,53496,2420,0.685123966942149,"FL","City/Suburb",215797,30.4
136774,"Ringling College of Art and Design",2019,28,1658,53,52384,2557,0.638639030113414,"FL","City/Suburb",213187,30.4
239628,"Ripon College",2023,33,734,22,22557,1797,0.839176405119644,"WI","Town/Rural",67563,30
239628,"Ripon College",2022,35,766,21,21999,2142,0.813258636788049,"WI","Town/Rural",65909,30
239628,"Ripon College",2021,37,810,20,21734,2486,0.797666934835076,"WI","Town/Rural",66830,30
239628,"Ripon College",2020,35,816,21,21596,2614,0.740627390971691,"WI","Town/Rural",68053,30
239628,"Ripon College",2019,39,787,22,22830,2900,0.695172413793103,"WI","Town/Rural",68191,30
233408,"Riverside College of Health Careers",2023,48,325,44,23596,30,0.166666666666667,"VA","City/Suburb",99497,39.3
233408,"Riverside College of Health Careers",2022,49,338,42,27679,2,1,"VA","City/Suburb",98780,39.3
233408,"Riverside College of Health Careers",2021,24,322,39,14585,2,1,"VA","City/Suburb",100147,39.3
233408,"Riverside College of Health Careers",2019,21,305,29,16435,10,0.6,"VA","City/Suburb",95710,39.3
183211,"Rivier University",2023,27,1335,29,28227,1749,0.817610062893082,"NH","City/Suburb",15434,36.8
183211,"Rivier University",2022,28,1340,29,28983,1629,0.844689993861265,"NH","City/Suburb",15352,36.8
183211,"Rivier University",2021,28,1454,27,26870,1838,0.836779107725789,"NH","City/Suburb",15187,36.8
183211,"Rivier University",2020,24,1296,27,27304,1540,0.757142857142857,"NH","City/Suburb",14958,36.8
183211,"Rivier University",2019,29,1438,24,25068,1657,0.748340374170187,"NH","City/Suburb",15466,36.8
233426,"Roanoke College",2023,24,1824,23,27695,6829,0.800702884756187,"VA","City/Suburb",99497,39.3
233426,"Roanoke College",2022,26,1826,20,29169,5055,0.797626112759644,"VA","City/Suburb",98780,39.3
233426,"Roanoke College",2021,25,1863,19,27758,4953,0.803755299818292,"VA","City/Suburb",100147,39.3
233426,"Roanoke College",2020,26,1920,18,27975,5296,0.781344410876133,"VA","City/Suburb",98970,39.3
233426,"Roanoke College",2019,26,2003,19,27180,5453,0.74802860810563,"VA","City/Suburb",95710,39.3
215655,"Robert Morris University",2023,22,3769,41,26215,7117,0.905718701700155,"PA","City/Suburb",142275,31.8
215655,"Robert Morris University",2022,29,3449,37,23572,4684,0.937660119555935,"PA","City/Suburb",139193,31.8
215655,"Robert Morris University",2021,27,3005,24,23183,5012,0.939545091779729,"PA","City/Suburb",142186,31.8
215655,"Robert Morris University",2020,28,3312,25,26917,4469,0.85634370105169,"PA","City/Suburb",143645,31.8
215655,"Robert Morris University",2019,29,3770,25,26682,5956,0.844526527871054,"PA","City/Suburb",143842,31.8
194958,"Roberts Wesleyan University",2023,40,1092,34,24202,1314,0.777777777777778,"NY","City/Suburb",211853,37.2
194958,"Roberts Wesleyan University",2022,36,1048,33,23341,1148,0.850174216027875,"NY","City/Suburb",213993,37.2
194958,"Roberts Wesleyan University",2021,36,1118,33,21710,1340,0.873880597014925,"NY","City/Suburb",217586,37.2
194958,"Roberts Wesleyan University",2020,34,1197,31,23359,1538,0.75812743823147,"NY","City/Suburb",209688,37.2
194958,"Roberts Wesleyan University",2019,34,1293,27,23300,1888,0.665783898305085,"NY","City/Suburb",212104,37.2
195003,"Rochester Institute of Technology",2023,26,14076,42,39753,24269,0.713997280481272,"NY","City/Suburb",211853,37.2
195003,"Rochester Institute of Technology",2022,27,13940,41,39600,23976,0.671713380046713,"NY","City/Suburb",213993,37.2
195003,"Rochester Institute of Technology",2021,27,14000,40,35012,21923,0.713634082926607,"NY","City/Suburb",217586,37.2
195003,"Rochester Institute of Technology",2020,28,13412,39,36514,21928,0.73859905144108,"NY","City/Suburb",209688,37.2
195003,"Rochester Institute of Technology",2019,29,13313,38,33744,19744,0.7072528363047,"NY","City/Suburb",212104,37.2
170967,"Rochester University",2023,31,1144,39,19660,490,0.653061224489796,"MI","City/Suburb",108265,29.6
170967,"Rochester University",2022,35,1140,38,18665,929,0.713670613562971,"MI","City/Suburb",103443,29.6
170967,"Rochester University",2021,32,1087,33,18716,628,0.980891719745223,"MI","City/Suburb",107239,29.6
170967,"Rochester University",2020,37,1198,32,17649,530,0.994339622641509,"MI","City/Suburb",108725,29.6
170967,"Rochester University",2019,39,1044,30,16948,432,1,"MI","City/Suburb",112177,29.6
148405,"Rockford University",2023,42,968,60,24098,2979,0.572339711312521,"IL","City/Suburb",148445,35.1
148405,"Rockford University",2022,49,951,59,25047,2779,0.54911838790932,"IL","City/Suburb",145439,35.1
148405,"Rockford University",2021,43,987,54,23305,1692,0.667848699763593,"IL","City/Suburb",150490,35.1
148405,"Rockford University",2020,45,1019,48,23417,2021,0.508164275111331,"IL","City/Suburb",149373,35.1
148405,"Rockford University",2019,47,982,46,22166,2297,0.542446669569003,"IL","City/Suburb",152277,35.1
179043,"Rockhurst University",2023,19,2430,35,23785,2627,0.690521507422916,"MO","City/Suburb",67773,29.5
179043,"Rockhurst University",2022,21,2545,36,22994,3154,0.664552948636652,"MO","City/Suburb",66781,29.5
179043,"Rockhurst University",2021,20,2704,36,22050,3455,0.66657018813314,"MO","City/Suburb",66906,29.5
179043,"Rockhurst University",2020,15,2746,35,21518,3629,0.728850923119317,"MO","City/Suburb",67892,29.5
179043,"Rockhurst University",2019,14,2185,29,22688,3278,0.63666870042709,"MO","City/Suburb",68482,29.5
180595,"Rocky Mountain College",2023,32,794,28,19173,1471,0.728755948334466,"MT","City/Suburb",9999,31.7
180595,"Rocky Mountain College",2022,30,845,30,19353,1458,0.751714677640604,"MT","City/Suburb",9694,31.7
180595,"Rocky Mountain College",2021,33,817,28,19726,1396,0.806590257879656,"MT","City/Suburb",9661,31.7
180595,"Rocky Mountain College",2020,35,839,26,20615,1370,0.711678832116788,"MT","City/Suburb",9686,31.7
180595,"Rocky Mountain College",2019,34,850,34,18999,1558,0.59178433889602,"MT","City/Suburb",9627,31.7
217518,"Roger Williams University",2023,16,4050,28,37936,8238,0.877761592619568,"RI","City/Suburb",11503,34.4
217518,"Roger Williams University",2022,11,4103,26,37964,8121,0.909863317325453,"RI","City/Suburb",11411,34.4
217518,"Roger Williams University",2021,16,4207,25,36537,8163,0.909837069704765,"RI","City/Suburb",11480,34.4
217518,"Roger Williams University",2020,18,4346,26,34890,8775,0.86005698005698,"RI","City/Suburb",11395,34.4
217518,"Roger Williams University",2019,14,4523,26,37611,8906,0.853469571075679,"RI","City/Suburb",10892,34.4
136950,"Rollins College",2023,22,2595,41,37134,9796,0.40557370355247,"FL","City/Suburb",214692,30.4
136950,"Rollins College",2022,24,2583,42,35317,9022,0.499889159831523,"FL","City/Suburb",217330,30.4
136950,"Rollins College",2021,19,2510,43,30229,8409,0.486859317398026,"FL","City/Suburb",223891,30.4
136950,"Rollins College",2020,18,2559,45,33216,6080,0.608059210526316,"FL","City/Suburb",215797,30.4
136950,"Rollins College",2019,19,2598,46,35661,6167,0.583427922814983,"FL","City/Suburb",213187,30.4
148487,"Roosevelt University",2023,46,2605,72,21503,5987,0.94270920327376,"IL","City/Suburb",148445,35.1
148487,"Roosevelt University",2022,48,2413,68,22117,2997,0.883216549883217,"IL","City/Suburb",145439,35.1
148487,"Roosevelt University",2021,47,2656,65,23964,3541,0.92290313470771,"IL","City/Suburb",150490,35.1
148487,"Roosevelt University",2020,50,3068,63,22856,5379,0.765197992191857,"IL","City/Suburb",149373,35.1
148487,"Roosevelt University",2019,42,2381,57,24036,4966,0.672976238421265,"IL","City/Suburb",152277,35.1
152318,"Rose-Hulman Institute of Technology",2023,12,2235,31,44016,5384,0.728083209509658,"IN","City/Suburb",76628,27.1
152318,"Rose-Hulman Institute of Technology",2022,12,2169,32,41678,5011,0.730193574136899,"IN","City/Suburb",74897,27.1
152318,"Rose-Hulman Institute of Technology",2021,12,2081,33,39294,4536,0.774029982363316,"IN","City/Suburb",78348,27.1
152318,"Rose-Hulman Institute of Technology",2020,12,1972,34,43606,4376,0.766224862888483,"IN","City/Suburb",78809,27.1
152318,"Rose-Hulman Institute of Technology",2019,13,2000,36,45356,4350,0.742068965517241,"IN","City/Suburb",76144,27.1
215691,"Rosemont College",2023,39,484,74,19297,1578,0.745247148288973,"PA","City/Suburb",142275,31.8
215691,"Rosemont College",2022,33,446,71,19741,950,0.755789473684211,"PA","City/Suburb",139193,31.8
215691,"Rosemont College",2021,37,425,70,25644,916,0.800218340611354,"PA","City/Suburb",142186,31.8
215691,"Rosemont College",2020,40,480,66,17516,1042,0.690978886756238,"PA","City/Suburb",143645,31.8
215691,"Rosemont College",2019,36,518,63,22680,784,0.920918367346939,"PA","City/Suburb",143842,31.8
184782,"Rowan University",2023,31,14869,39,22237,17923,0.778217932265804,"NJ","City/Suburb",104131,40.8
184782,"Rowan University",2022,31,15231,37,21007,16903,0.769449210199373,"NJ","City/Suburb",107755,40.8
184782,"Rowan University",2021,32,15119,35,22681,11659,0.837721931555022,"NJ","City/Suburb",109108,40.8
184782,"Rowan University",2020,32,15939,35,24810,14763,0.780125990652306,"NJ","City/Suburb",109961,40.8
184782,"Rowan University",2019,33,16011,34,22805,14694,0.743432693616442,"NJ","City/Suburb",113367,40.8
195128,"Russell Sage College",2023,43,1080,41,23588,1655,0.761933534743202,"NY","City/Suburb",211853,37.2
195128,"Russell Sage College",2022,43,1123,41,22456,1737,0.736327000575705,"NY","City/Suburb",213993,37.2
195128,"Russell Sage College",2021,41,1197,41,22713,1884,0.730891719745223,"NY","City/Suburb",217586,37.2
195128,"Russell Sage College",2020,41,1271,43,22296,1740,0.743103448275862,"NY","City/Suburb",209688,37.2
195128,"Russell Sage College",2019,43,1332,41,23659,1561,0.850096092248559,"NY","City/Suburb",212104,37.2
176318,"Rust College",2023,69,429,100,8234,1715,0.346938775510204,"MS","Town/Rural",32572,23.2
176318,"Rust College",2022,59,755,99,8151,2467,0.78759627077422,"MS","Town/Rural",32131,23.2
176318,"Rust College",2021,84,768,100,7927,2609,0.376006132617861,"MS","Town/Rural",32865,23.2
176318,"Rust College",2020,84,623,99,8644,2158,0.294717330861909,"MS","Town/Rural",32110,23.2
176318,"Rust College",2019,87,738,100,10316,4852,0.502473206924979,"MS","Town/Rural",32601,23.2
186371,"Rutgers University-Camden",2023,44,3922,63,18735,11951,0.777508158313112,"NJ","City/Suburb",104131,40.8
186371,"Rutgers University-Camden",2022,48,4185,62,14151,11145,0.765186182144459,"NJ","City/Suburb",107755,40.8
186371,"Rutgers University-Camden",2021,47,4856,60,10104,11156,0.787020437432772,"NJ","City/Suburb",109108,40.8
186371,"Rutgers University-Camden",2020,44,5502,58,15381,9879,0.762830245976313,"NJ","City/Suburb",109961,40.8
186371,"Rutgers University-Camden",2019,46,5739,56,13844,10451,0.791981628552292,"NJ","City/Suburb",113367,40.8
186380,"Rutgers University-New Brunswick",2023,27,36588,69,19052,43347,0.653470828431033,"NJ","City/Suburb",104131,40.8
186380,"Rutgers University-New Brunswick",2022,28,36344,68,17535,41654,0.662889518413598,"NJ","City/Suburb",107755,40.8
186380,"Rutgers University-New Brunswick",2021,29,36152,66,11803,43161,0.681610713375501,"NJ","City/Suburb",109108,40.8
186380,"Rutgers University-New Brunswick",2020,27,35844,65,17835,41263,0.669316336669656,"NJ","City/Suburb",109961,40.8
186380,"Rutgers University-New Brunswick",2019,29,36158,64,16873,41286,0.612241437775517,"NJ","City/Suburb",113367,40.8
186399,"Rutgers University-Newark",2023,56,7417,79,17425,17779,0.787277124697677,"NJ","City/Suburb",104131,40.8
186399,"Rutgers University-Newark",2022,56,7511,79,16578,14935,0.739404084365584,"NJ","City/Suburb",107755,40.8
186399,"Rutgers University-Newark",2021,56,8334,80,11364,14456,0.774349750968456,"NJ","City/Suburb",109108,40.8
186399,"Rutgers University-Newark",2020,53,9118,80,13832,13506,0.740929957056123,"NJ","City/Suburb",109961,40.8
186399,"Rutgers University-Newark",2019,54,9319,79,11981,13732,0.718977570637926,"NJ","City/Suburb",113367,40.8
172033,"Sacred Heart Major Seminary",2023,6,188,35,10371,4,1,"MI","City/Suburb",108265,29.6
172033,"Sacred Heart Major Seminary",2020,5,253,36,19140,2,1,"MI","City/Suburb",108725,29.6
172033,"Sacred Heart Major Seminary",2019,8,279,30,24334,19,1,"MI","City/Suburb",112177,29.6
130253,"Sacred Heart University",2023,15,6960,24,46165,14284,0.676771212545505,"CT","City/Suburb",44962,39.6
130253,"Sacred Heart University",2022,16,6782,24,45280,13316,0.657104235506158,"CT","City/Suburb",44540,39.6
130253,"Sacred Heart University",2021,17,6761,25,43907,12663,0.661217720919213,"CT","City/Suburb",44901,39.6
130253,"Sacred Heart University",2020,17,6417,26,43313,12189,0.655344983181557,"CT","City/Suburb",45222,39.6
130253,"Sacred Heart University",2019,19,6158,28,41570,11717,0.639156780745925,"CT","City/Suburb",45216,39.6
172051,"Saginaw Valley State University",2023,32,6184,24,15144,10222,0.728820191743299,"MI","City/Suburb",108265,29.6
172051,"Saginaw Valley State University",2022,34,6468,24,12432,9330,0.763665594855305,"MI","City/Suburb",103443,29.6
172051,"Saginaw Valley State University",2021,32,6789,24,15476,5899,0.778097982708934,"MI","City/Suburb",107239,29.6
172051,"Saginaw Valley State University",2020,35,7203,24,15032,6881,0.894637407353582,"MI","City/Suburb",108725,29.6
172051,"Saginaw Valley State University",2019,35,7476,24,14271,7149,0.731151209959435,"MI","City/Suburb",112177,29.6
154235,"Saint Ambrose University",2023,28,2114,31,23578,3456,0.733217592592593,"IA","City/Suburb",36870,29
154235,"Saint Ambrose University",2022,27,2118,28,23359,3589,0.73920312064642,"IA","City/Suburb",36521,29
154235,"Saint Ambrose University",2021,26,2228,27,24844,4005,0.724094881398252,"IA","City/Suburb",37097,29
154235,"Saint Ambrose University",2020,26,2305,26,26497,4607,0.73844150206208,"IA","City/Suburb",36359,29
154235,"Saint Ambrose University",2019,28,2260,26,26561,4877,0.76789009637072,"IA","City/Suburb",36735,29
183239,"Saint Anselm College",2023,11,2052,13,35091,4165,0.783193277310924,"NH","City/Suburb",15434,36.8
183239,"Saint Anselm College",2022,11,1959,13,35080,3514,0.822993739328401,"NH","City/Suburb",15352,36.8
183239,"Saint Anselm College",2021,11,1954,14,34450,4007,0.775892188669828,"NH","City/Suburb",15187,36.8
183239,"Saint Anselm College",2020,12,2019,14,33292,3942,0.76154236428209,"NH","City/Suburb",14958,36.8
183239,"Saint Anselm College",2019,13,2033,14,34164,3740,0.751604278074866,"NH","City/Suburb",15466,36.8
149028,"Saint Anthony College of Nursing",2020,46,210,28,36624,3,1,"IL","City/Suburb",149373,35.1
199582,"Saint Augustine's University",2023,52,930,95,18373,3160,0.587341772151899,"NC","City/Suburb",108252,31.9
199582,"Saint Augustine's University",2022,61,1085,96,20081,4918,0.588450589670598,"NC","City/Suburb",114167,31.9
199582,"Saint Augustine's University",2021,63,1239,100,18158,5633,0.74755902716137,"NC","City/Suburb",116514,31.9
199582,"Saint Augustine's University",2020,75,1110,96,18662,5887,0.673348055036521,"NC","City/Suburb",116615,31.9
199582,"Saint Augustine's University",2019,77,1044,97,17898,3086,0.733959818535321,"NC","City/Suburb",114284,31.9
216047,"Saint Charles Borromeo Seminary-Overbrook",2023,13,41,32,32698,12,1,"PA","City/Suburb",142275,31.8
216047,"Saint Charles Borromeo Seminary-Overbrook",2021,13,47,30,39834,6,1,"PA","City/Suburb",142186,31.8
216047,"Saint Charles Borromeo Seminary-Overbrook",2020,17,39,28,35337,5,1,"PA","City/Suburb",143645,31.8
216047,"Saint Charles Borromeo Seminary-Overbrook",2019,20,48,25,32724,6,1,"PA","City/Suburb",143842,31.8
174783,"Saint Cloud State University",2023,20,8430,34,14648,5026,0.949462793473936,"MN","City/Suburb",67002,36.7
174783,"Saint Cloud State University",2022,23,8569,33,14065,4810,0.952806652806653,"MN","City/Suburb",64579,36.7
174783,"Saint Cloud State University",2021,24,8956,32,13615,4228,0.943235572374645,"MN","City/Suburb",65199,36.7
174783,"Saint Cloud State University",2020,25,10187,31,13697,5251,0.73224147781375,"MN","City/Suburb",66285,36.7
174783,"Saint Cloud State University",2019,27,11346,30,13594,5171,0.900406111003674,"MN","City/Suburb",65499,36.7
227845,"Saint Edward's University",2023,39,2731,72,28351,5611,0.836927463910176,"TX","City/Suburb",385604,30.3
227845,"Saint Edward's University",2022,40,2769,68,27193,6015,0.851039068994181,"TX","City/Suburb",375741,30.3
227845,"Saint Edward's University",2021,39,2870,67,24668,4940,0.92165991902834,"TX","City/Suburb",377064,30.3
227845,"Saint Edward's University",2020,38,3014,66,30072,5203,0.913127042091101,"TX","City/Suburb",372402,30.3
227845,"Saint Edward's University",2019,40,3443,64,28214,5672,0.882052186177715,"TX","City/Suburb",364979,30.3
186618,"Saint Elizabeth University",2023,54,670,81,18412,1777,0.772087788407428,"NJ","City/Suburb",104131,40.8
186618,"Saint Elizabeth University",2022,53,737,79,21689,1966,0.719226856561546,"NJ","City/Suburb",107755,40.8
186618,"Saint Elizabeth University",2021,55,752,78,21774,1266,0.73696682464455,"NJ","City/Suburb",109108,40.8
186618,"Saint Elizabeth University",2020,52,786,78,20121,1515,0.753795379537954,"NJ","City/Suburb",109961,40.8
186618,"Saint Elizabeth University",2019,54,834,78,19176,1688,0.737559241706161,"NJ","City/Suburb",113367,40.8
215743,"Saint Francis University",2023,18,2429,16,27421,2259,0.768924302788845,"PA","Town/Rural",142275,31.8
215743,"Saint Francis University",2022,17,2461,16,27459,2167,0.730502999538532,"PA","Town/Rural",139193,31.8
215743,"Saint Francis University",2021,21,2552,16,28883,2063,0.733397964129908,"PA","Town/Rural",142186,31.8
215743,"Saint Francis University",2020,20,2279,16,29393,1904,0.593487394957983,"PA","Town/Rural",143645,31.8
215743,"Saint Francis University",2019,23,2373,15,29188,1748,0.745423340961098,"PA","Town/Rural",143842,31.8
174792,"Saint Johns University",2023,18,1481,21,29473,1597,0.904821540388228,"MN","Town/Rural",67002,36.7
174792,"Saint Johns University",2022,20,1528,20,27982,1592,0.862437185929648,"MN","Town/Rural",64579,36.7
174792,"Saint Johns University",2021,20,1538,21,27750,1542,0.88651102464332,"MN","Town/Rural",65199,36.7
174792,"Saint Johns University",2020,21,1569,22,28128,1595,0.813793103448276,"MN","Town/Rural",66285,36.7
174792,"Saint Johns University",2019,22,1629,22,27126,1746,0.782932416953036,"MN","Town/Rural",65499,36.7
161518,"Saint Joseph's College of Maine",2023,20,1059,20,28268,2216,0.817238267148014,"ME","Town/Rural",14133,31.5
161518,"Saint Joseph's College of Maine",2022,21,990,20,29625,1472,0.808423913043478,"ME","Town/Rural",13869,31.5
161518,"Saint Joseph's College of Maine",2021,21,1066,16,30044,1354,0.80576070901034,"ME","Town/Rural",14239,31.5
161518,"Saint Joseph's College of Maine",2020,25,1329,80,27979,1274,0.86734693877551,"ME","Town/Rural",14677,31.5
161518,"Saint Joseph's College of Maine",2019,24,1360,64,27324,1301,0.871637202152191,"ME","Town/Rural",15274,31.5
215770,"Saint Joseph's University",2023,18,4828,33,36392,8751,0.863901268426466,"PA","City/Suburb",142275,31.8
215770,"Saint Joseph's University",2022,18,5071,34,33777,9708,0.886794396374124,"PA","City/Suburb",139193,31.8
215770,"Saint Joseph's University",2021,14,4196,26,33438,8119,0.83089050375662,"PA","City/Suburb",142186,31.8
215770,"Saint Joseph's University",2020,13,4299,24,35780,7632,0.800707547169811,"PA","City/Suburb",143645,31.8
215770,"Saint Joseph's University",2019,14,4784,23,35242,8692,0.749769903359411,"PA","City/Suburb",143842,31.8
137032,"Saint Leo University",2023,37,7603,76,19478,7788,0.720980996404725,"FL","Town/Rural",214692,30.4
137032,"Saint Leo University",2022,44,7320,73,20390,6928,0.800952655889146,"FL","Town/Rural",217330,30.4
137032,"Saint Leo University",2021,45,6740,70,18336,10086,0.706623041840175,"FL","Town/Rural",223891,30.4
137032,"Saint Leo University",2020,49,6945,68,19818,5662,0.729954079830449,"FL","Town/Rural",215797,30.4
137032,"Saint Leo University",2019,50,7843,68,19843,5195,0.720885466794995,"FL","Town/Rural",213187,30.4
179159,"Saint Louis University",2023,15,10519,37,30911,15377,0.814658255836639,"MO","City/Suburb",67773,29.5
179159,"Saint Louis University",2022,18,10662,50,29651,12986,0.847143077160018,"MO","City/Suburb",66781,29.5
179159,"Saint Louis University",2021,19,8745,36,30096,15047,0.700471854854788,"MO","City/Suburb",66906,29.5
179159,"Saint Louis University",2020,17,7723,34,27872,16580,0.555367913148372,"MO","City/Suburb",67892,29.5
179159,"Saint Louis University",2019,14,8332,30,31098,15573,0.582803570281898,"MO","City/Suburb",68482,29.5
236452,"Saint Martin's University",2023,40,1267,63,22779,3473,0.75928591995393,"WA","City/Suburb",78990,36.7
236452,"Saint Martin's University",2022,39,1365,63,21811,2095,0.95035799522673,"WA","City/Suburb",78071,36.7
236452,"Saint Martin's University",2021,36,1358,60,23964,2653,0.716170373162458,"WA","City/Suburb",79537,36.7
236452,"Saint Martin's University",2020,37,1394,56,23824,1704,0.941901408450704,"WA","City/Suburb",79042,36.7
236452,"Saint Martin's University",2019,38,1389,55,24596,1614,0.95910780669145,"WA","City/Suburb",78061,36.7
152390,"Saint Mary's College",2023,24,1424,24,30389,2377,0.811106436684897,"IN","City/Suburb",76628,27.1
152390,"Saint Mary's College",2022,27,1406,24,27960,2260,0.838938053097345,"IN","City/Suburb",74897,27.1
152390,"Saint Mary's College",2021,26,1402,25,27686,2351,0.830710336027222,"IN","City/Suburb",78348,27.1
152390,"Saint Mary's College",2020,25,1438,25,27121,2412,0.815091210613599,"IN","City/Suburb",78809,27.1
152390,"Saint Mary's College",2019,25,1452,26,26906,2033,0.812100344318741,"IN","City/Suburb",76144,27.1
123554,"Saint Mary's College of California",2023,24,2044,62,31615,4308,0.885793871866295,"CA","City/Suburb",492544,34.2
123554,"Saint Mary's College of California",2022,23,2003,62,32129,3353,0.878914405010438,"CA","City/Suburb",473448,34.2
123554,"Saint Mary's College of California",2021,24,2199,61,25022,3523,0.700823162077775,"CA","City/Suburb",467260,34.2
123554,"Saint Mary's College of California",2020,25,2468,61,40401,5364,0.773117076808352,"CA","City/Suburb",477479,34.2
123554,"Saint Mary's College of California",2019,25,2646,58,36613,6069,0.810018124897018,"CA","City/Suburb",478819,34.2
174817,"Saint Mary's University of Minnesota",2023,22,1075,41,22518,1350,0.888148148148148,"MN","Town/Rural",67002,36.7
174817,"Saint Mary's University of Minnesota",2022,25,1100,37,22843,1071,0.968253968253968,"MN","Town/Rural",64579,36.7
174817,"Saint Mary's University of Minnesota",2021,26,1246,35,21606,1587,0.977945809703844,"MN","Town/Rural",65199,36.7
174817,"Saint Mary's University of Minnesota",2020,30,1329,29,22021,1459,0.840986977381768,"MN","Town/Rural",66285,36.7
174817,"Saint Mary's University of Minnesota",2019,27,1467,30,20369,1498,0.919893190921228,"MN","Town/Rural",65499,36.7
152381,"Saint Mary-of-the-Woods College",2023,51,898,27,18470,1182,0.761421319796954,"IN","Town/Rural",76628,27.1
152381,"Saint Mary-of-the-Woods College",2022,54,815,25,17358,971,0.781668383110196,"IN","Town/Rural",74897,27.1
152381,"Saint Mary-of-the-Woods College",2021,55,793,20,15694,812,0.70320197044335,"IN","Town/Rural",78348,27.1
152381,"Saint Mary-of-the-Woods College",2020,52,761,20,16874,657,0.712328767123288,"IN","Town/Rural",78809,27.1
152381,"Saint Mary-of-the-Woods College",2019,55,767,25,17088,714,0.672268907563025,"IN","Town/Rural",76144,27.1
231059,"Saint Michael's College",2023,18,1178,19,30806,2639,0.918529746115953,"VT","City/Suburb",5789,38.7
231059,"Saint Michael's College",2022,19,1209,17,27700,2626,0.851485148514851,"VT","City/Suburb",5977,38.7
231059,"Saint Michael's College",2021,17,1421,17,28979,2359,0.858838490885969,"VT","City/Suburb",5988,38.7
231059,"Saint Michael's College",2020,16,1537,18,31096,3184,0.878140703517588,"VT","City/Suburb",6158,38.7
231059,"Saint Michael's College",2019,17,1583,19,30386,3967,0.830854550037812,"VT","City/Suburb",6547,38.7
239716,"Saint Norbert College",2023,14,2089,22,27236,3338,0.921509886159377,"WI","City/Suburb",67563,30
239716,"Saint Norbert College",2022,17,2173,16,26983,3918,0.835885655946912,"WI","City/Suburb",65909,30
239716,"Saint Norbert College",2021,17,1941,15,27107,4067,0.851487582985001,"WI","City/Suburb",66830,30
239716,"Saint Norbert College",2020,18,1867,12,27854,3358,0.842465753424658,"WI","City/Suburb",68053,30
239716,"Saint Norbert College",2019,21,2000,13,26540,3355,0.797913561847988,"WI","City/Suburb",68191,30
186432,"Saint Peter's University",2023,54,2101,76,14486,4381,0.905272768774252,"NJ","City/Suburb",104131,40.8
186432,"Saint Peter's University",2022,56,2071,77,11996,2999,0.888296098699566,"NJ","City/Suburb",107755,40.8
186432,"Saint Peter's University",2021,56,2134,81,12937,2627,0.928435477731252,"NJ","City/Suburb",109108,40.8
186432,"Saint Peter's University",2020,62,2355,84,16487,4154,0.846413095811266,"NJ","City/Suburb",109961,40.8
186432,"Saint Peter's University",2019,62,2423,87,13122,4323,0.809622947027527,"NJ","City/Suburb",113367,40.8
215798,"Saint Vincent College",2023,27,1280,20,23857,2374,0.590985678180286,"PA","City/Suburb",142275,31.8
215798,"Saint Vincent College",2022,27,1359,19,23121,2163,0.73370319001387,"PA","City/Suburb",139193,31.8
215798,"Saint Vincent College",2021,28,1430,20,23361,2102,0.730256898192198,"PA","City/Suburb",142186,31.8
215798,"Saint Vincent College",2020,29,1462,19,21169,2310,0.721212121212121,"PA","City/Suburb",143645,31.8
215798,"Saint Vincent College",2019,26,1560,18,21426,2025,0.677037037037037,"PA","City/Suburb",143842,31.8
148627,"Saint Xavier University",2023,56,3039,70,11943,7216,0.857538802660754,"IL","City/Suburb",148445,35.1
148627,"Saint Xavier University",2022,55,2981,68,11302,7833,0.841312396272182,"IL","City/Suburb",145439,35.1
148627,"Saint Xavier University",2021,53,3101,66,13419,7780,0.847943444730077,"IL","City/Suburb",150490,35.1
148627,"Saint Xavier University",2020,53,3080,63,13798,8306,0.790031302672767,"IL","City/Suburb",149373,35.1
148627,"Saint Xavier University",2019,54,2957,60,14975,8083,0.726462946925646,"IL","City/Suburb",152277,35.1
199607,"Salem College",2023,49,436,59,19000,1951,0.870322911327524,"NC","City/Suburb",108252,31.9
199607,"Salem College",2022,51,363,53,18354,1159,0.874892148403796,"NC","City/Suburb",114167,31.9
199607,"Salem College",2021,58,374,51,11408,479,0.90187891440501,"NC","City/Suburb",116514,31.9
199607,"Salem College",2020,55,492,50,19128,872,0.846330275229358,"NC","City/Suburb",116615,31.9
199607,"Salem College",2019,55,590,45,18428,833,0.799519807923169,"NC","City/Suburb",114284,31.9
167729,"Salem State University",2023,35,4853,47,19324,4852,0.955688375927453,"MA","City/Suburb",78133,44.5
167729,"Salem State University",2022,36,5078,46,19277,5093,0.926565874730022,"MA","City/Suburb",78514,44.5
167729,"Salem State University",2021,41,5555,43,18125,6287,0.900111340862096,"MA","City/Suburb",78839,44.5
167729,"Salem State University",2020,37,5716,43,19704,6557,0.867469879518072,"MA","City/Suburb",79537,44.5
167729,"Salem State University",2019,38,6273,41,17720,5825,0.855793991416309,"MA","City/Suburb",78060,44.5
163851,"Salisbury University",2023,24,6281,32,17931,8090,0.88627935723115,"MD","City/Suburb",69770,40.8
163851,"Salisbury University",2022,23,6378,31,19756,8108,0.910582141095215,"MD","City/Suburb",69124,40.8
163851,"Salisbury University",2021,23,6695,30,18885,7691,0.864646989988298,"MD","City/Suburb",71017,40.8
163851,"Salisbury University",2020,24,7150,30,18599,8701,0.776232616940582,"MD","City/Suburb",67971,40.8
163851,"Salisbury University",2019,25,7686,31,19271,8421,0.735067094169339,"MD","City/Suburb",68208,40.8
217536,"Salve Regina University",2023,15,2117,24,37794,5697,0.699139898192031,"RI","City/Suburb",11503,34.4
217536,"Salve Regina University",2022,17,2190,21,37997,5562,0.695253505933118,"RI","City/Suburb",11411,34.4
217536,"Salve Regina University",2021,20,2149,18,36708,5104,0.734326018808777,"RI","City/Suburb",11480,34.4
217536,"Salve Regina University",2020,21,2150,19,35620,4972,0.746178600160901,"RI","City/Suburb",11395,34.4
217536,"Salve Regina University",2019,23,2167,19,36646,4889,0.737778686848026,"RI","City/Suburb",10892,34.4
227881,"Sam Houston State University",2023,40,18179,54,14556,17582,0.853941531111364,"TX","Town/Rural",385604,30.3
227881,"Sam Houston State University",2022,40,18235,53,13632,16316,0.84634714390782,"TX","Town/Rural",375741,30.3
227881,"Sam Houston State University",2021,39,18288,52,14287,11556,0.965818622360678,"TX","Town/Rural",377064,30.3
227881,"Sam Houston State University",2020,41,18811,52,13904,12025,0.924989604989605,"TX","Town/Rural",372402,30.3
227881,"Sam Houston State University",2019,41,18805,51,13055,11569,0.834039242804045,"TX","Town/Rural",364979,30.3
102049,"Samford University",2023,11,3832,14,32176,4541,0.822285840123321,"AL","City/Suburb",52181,25.5
102049,"Samford University",2022,11,3672,15,31803,4337,0.832603181922988,"AL","City/Suburb",53739,25.5
102049,"Samford University",2021,11,3607,15,31871,4217,0.838747925065212,"AL","City/Suburb",54466,25.5
102049,"Samford University",2020,11,3576,14,31322,3867,0.839927592448927,"AL","City/Suburb",52925,25.5
102049,"Samford University",2019,11,3591,15,30695,3912,0.833077709611452,"AL","City/Suburb",55331,25.5
112084,"San Diego Christian College",2023,16,93,69,26979,320,0.628125,"CA","City/Suburb",492544,34.2
112084,"San Diego Christian College",2021,36,449,62,34564,2607,0.527042577675489,"CA","City/Suburb",467260,34.2
112084,"San Diego Christian College",2020,46,464,58,27919,614,0.496742671009772,"CA","City/Suburb",477479,34.2
112084,"San Diego Christian College",2019,51,488,61,26278,333,0.552552552552553,"CA","City/Suburb",478819,34.2
122409,"San Diego State University",2023,31,34050,66,19500,82800,0.344408212560386,"CA","City/Suburb",492544,34.2
122409,"San Diego State University",2022,32,32194,66,13017,77250,0.39263430420712,"CA","City/Suburb",473448,34.2
122409,"San Diego State University",2021,32,31321,66,6867,67660,0.379042270174401,"CA","City/Suburb",467260,34.2
122409,"San Diego State University",2020,33,31491,67,13192,64784,0.36703507038775,"CA","City/Suburb",477479,34.2
122409,"San Diego State University",2019,33,30848,66,14499,70048,0.34126598903609,"CA","City/Suburb",478819,34.2
122506,"San Francisco Conservatory of Music",2023,16,215,70,44360,439,0.519362186788155,"CA","City/Suburb",492544,34.2
122506,"San Francisco Conservatory of Music",2022,17,221,68,45726,392,0.415816326530612,"CA","City/Suburb",473448,34.2
122506,"San Francisco Conservatory of Music",2021,10,228,61,43036,422,0.464454976303318,"CA","City/Suburb",467260,34.2
122506,"San Francisco Conservatory of Music",2020,21,243,65,41918,502,0.456175298804781,"CA","City/Suburb",477479,34.2
122506,"San Francisco Conservatory of Music",2019,24,233,60,40081,475,0.475789473684211,"CA","City/Suburb",478819,34.2
122597,"San Francisco State University",2023,41,20756,85,13353,29878,0.961476671798648,"CA","City/Suburb",492544,34.2
122597,"San Francisco State University",2022,42,21961,85,13267,29932,0.941968461846853,"CA","City/Suburb",473448,34.2
122597,"San Francisco State University",2021,43,23424,85,13641,27777,0.929150016200454,"CA","City/Suburb",467260,34.2
122597,"San Francisco State University",2020,43,24024,85,14757,31430,0.840948138720967,"CA","City/Suburb",477479,34.2
122597,"San Francisco State University",2019,44,25924,84,15166,34629,0.673048600883652,"CA","City/Suburb",478819,34.2
122755,"San Jose State University",2023,35,27111,88,13833,35780,0.802347680268306,"CA","City/Suburb",492544,34.2
122755,"San Jose State University",2022,36,26863,87,14219,34002,0.767101935180283,"CA","City/Suburb",473448,34.2
122755,"San Jose State University",2021,37,28288,87,14603,30441,0.843664794192044,"CA","City/Suburb",467260,34.2
122755,"San Jose State University",2020,39,27701,86,15995,32375,0.673667953667954,"CA","City/Suburb",477479,34.2
122755,"San Jose State University",2019,41,27905,86,14471,35307,0.635737955646189,"CA","City/Suburb",478819,34.2
122931,"Santa Clara University",2023,11,6249,63,49651,18843,0.438412142440163,"CA","City/Suburb",492544,34.2
122931,"Santa Clara University",2022,11,6115,60,50551,16650,0.521141141141141,"CA","City/Suburb",473448,34.2
122931,"Santa Clara University",2021,11,5895,58,48469,16848,0.539826685660019,"CA","City/Suburb",467260,34.2
122931,"Santa Clara University",2020,11,5608,56,48284,16488,0.507156720038816,"CA","City/Suburb",477479,34.2
122931,"Santa Clara University",2019,11,5694,53,42114,16300,0.488220858895706,"CA","City/Suburb",478819,34.2
195304,"Sarah Lawrence College",2023,13,1521,41,43571,4819,0.589333886698485,"NY","City/Suburb",211853,37.2
195304,"Sarah Lawrence College",2022,12,1462,42,42781,5186,0.498843038951022,"NY","City/Suburb",213993,37.2
195304,"Sarah Lawrence College",2021,15,1529,43,34091,4452,0.584681042228212,"NY","City/Suburb",217586,37.2
195304,"Sarah Lawrence College",2020,14,1292,42,41396,3674,0.546271094175286,"NY","City/Suburb",209688,37.2
195304,"Sarah Lawrence College",2019,16,1433,42,40630,4053,0.530964717493215,"NY","City/Suburb",212104,37.2
140951,"Savannah College of Art and Design",2023,19,14657,48,46524,14931,0.836849507735584,"GA","City/Suburb",126146,31.9
140951,"Savannah College of Art and Design",2022,19,13582,48,45976,14387,0.817335094182248,"GA","City/Suburb",122695,31.9
140951,"Savannah College of Art and Design",2021,18,12772,49,45163,14914,0.80776451656162,"GA","City/Suburb",124712,31.9
140951,"Savannah College of Art and Design",2020,20,11679,49,45798,14327,0.779228030990438,"GA","City/Suburb",126126,31.9
140951,"Savannah College of Art and Design",2019,21,12167,46,44460,11267,0.959084050767729,"GA","City/Suburb",121897,31.9
140960,"Savannah State University",2020,70,3245,97,9611,10032,0.461423444976077,"GA","City/Suburb",126126,31.9
140960,"Savannah State University",2019,71,3482,96,9557,8207,0.332033629828195,"GA","City/Suburb",121897,31.9
143048,"School of the Art Institute of Chicago",2023,19,2762,66,55485,6633,0.76420925674657,"IL","City/Suburb",148445,35.1
143048,"School of the Art Institute of Chicago",2022,19,2819,65,53923,6075,0.78962962962963,"IL","City/Suburb",145439,35.1
143048,"School of the Art Institute of Chicago",2021,18,2795,63,50214,5835,0.809768637532134,"IL","City/Suburb",150490,35.1
143048,"School of the Art Institute of Chicago",2020,19,2487,64,51606,6530,0.777794793261868,"IL","City/Suburb",149373,35.1
143048,"School of the Art Institute of Chicago",2019,19,2983,66,50167,6410,0.570358814352574,"IL","City/Suburb",152277,35.1
228042,"Schreiner University",2023,44,1062,51,21786,2128,0.879699248120301,"TX","Town/Rural",385604,30.3
228042,"Schreiner University",2022,35,1098,51,24278,2202,0.851952770208901,"TX","Town/Rural",375741,30.3
228042,"Schreiner University",2021,35,1017,47,23048,1443,0.837837837837838,"TX","Town/Rural",377064,30.3
228042,"Schreiner University",2020,35,1145,45,25771,1403,0.961511047754811,"TX","Town/Rural",372402,30.3
228042,"Schreiner University",2019,37,1257,50,22860,1194,0.9321608040201,"TX","Town/Rural",364979,30.3
123165,"Scripps College",2023,11,1082,47,45505,3082,0.339390006489293,"CA","City/Suburb",492544,34.2
123165,"Scripps College",2022,11,1081,46,43923,3099,0.279122297515328,"CA","City/Suburb",473448,34.2
123165,"Scripps College",2021,11,1095,46,44770,2952,0.295392953929539,"CA","City/Suburb",467260,34.2
123165,"Scripps College",2020,11,936,50,40259,2938,0.351259360108918,"CA","City/Suburb",477479,34.2
123165,"Scripps College",2019,11,1089,48,39702,3022,0.319986763732627,"CA","City/Suburb",478819,34.2
236577,"Seattle Pacific University",2023,33,2082,62,26155,2806,0.910905203136137,"WA","City/Suburb",78990,36.7
236577,"Seattle Pacific University",2022,34,2432,60,26549,3895,0.907060333761232,"WA","City/Suburb",78071,36.7
236577,"Seattle Pacific University",2021,33,2640,58,26153,4358,0.919458467186783,"WA","City/Suburb",79537,36.7
236577,"Seattle Pacific University",2020,32,2702,54,28367,3923,0.906194239102727,"WA","City/Suburb",79042,36.7
236577,"Seattle Pacific University",2019,30,2717,52,27947,4387,0.906086163665375,"WA","City/Suburb",78061,36.7
236595,"Seattle University",2023,22,4137,69,37103,8976,0.760472370766488,"WA","City/Suburb",78990,36.7
236595,"Seattle University",2022,20,4046,66,35412,7934,0.851525081925889,"WA","City/Suburb",78071,36.7
236595,"Seattle University",2021,19,4241,63,36671,8539,0.821173439512824,"WA","City/Suburb",79537,36.7
236595,"Seattle University",2020,19,4244,61,36843,7914,0.832322466515037,"WA","City/Suburb",79042,36.7
236595,"Seattle University",2019,19,4633,60,35569,7968,0.7847640562249,"WA","City/Suburb",78061,36.7
186584,"Seton Hall University",2023,30,6061,57,31642,23748,0.789034866093987,"NJ","City/Suburb",104131,40.8
186584,"Seton Hall University",2022,28,6012,53,33472,25731,0.750650965761144,"NJ","City/Suburb",107755,40.8
186584,"Seton Hall University",2021,25,6063,50,33177,23417,0.766110090959559,"NJ","City/Suburb",109108,40.8
186584,"Seton Hall University",2020,26,5913,49,33652,20830,0.7822851656265,"NJ","City/Suburb",109961,40.8
186584,"Seton Hall University",2019,27,6102,51,30909,19757,0.736346611327631,"NJ","City/Suburb",113367,40.8
215947,"Seton Hill University",2023,30,1597,18,23732,2441,0.757886112249078,"PA","City/Suburb",142275,31.8
215947,"Seton Hill University",2022,33,1627,20,24576,2668,0.78335832083958,"PA","City/Suburb",139193,31.8
215947,"Seton Hill University",2021,34,1653,19,22424,2684,0.738077496274218,"PA","City/Suburb",142186,31.8
215947,"Seton Hill University",2020,30,1635,19,23008,2583,0.786682152535811,"PA","City/Suburb",143645,31.8
215947,"Seton Hill University",2019,27,1728,20,23971,2539,0.756990941315479,"PA","City/Suburb",143842,31.8
195438,"Sh'or Yoshuv Rabbinical College",2019,4,162,4,4610,3,0.666666666666667,"NY","City/Suburb",212104,37.2
123280,"Shasta Bible College and Graduate School",2023,54,13,31,17119,2,1,"CA","City/Suburb",492544,34.2
123280,"Shasta Bible College and Graduate School",2022,76,24,17,11387,4,1,"CA","City/Suburb",473448,34.2
123280,"Shasta Bible College and Graduate School",2021,74,29,21,20489,5,1,"CA","City/Suburb",467260,34.2
123280,"Shasta Bible College and Graduate School",2020,48,31,19,2781,4,1,"CA","City/Suburb",477479,34.2
123280,"Shasta Bible College and Graduate School",2019,55,29,24,17545,2,1,"CA","City/Suburb",478819,34.2
199643,"Shaw University",2023,65,843,97,14111,10699,0.304794840639312,"NC","City/Suburb",108252,31.9
199643,"Shaw University",2022,56,924,97,14204,2435,0.610266940451745,"NC","City/Suburb",114167,31.9
199643,"Shaw University",2021,70,998,98,15498,2435,0.653388090349076,"NC","City/Suburb",116514,31.9
199643,"Shaw University",2020,75,1152,98,17785,6437,0.705608202578841,"NC","City/Suburb",116615,31.9
199643,"Shaw University",2019,75,1174,99,18846,4311,0.633959638135003,"NC","City/Suburb",114284,31.9
233541,"Shenandoah University",2023,19,2590,43,26400,3763,0.778368323146426,"VA","City/Suburb",99497,39.3
233541,"Shenandoah University",2022,18,2461,41,26143,2296,0.803571428571429,"VA","City/Suburb",98780,39.3
233541,"Shenandoah University",2021,21,2416,40,29077,2616,0.743501529051988,"VA","City/Suburb",100147,39.3
233541,"Shenandoah University",2020,23,2267,36,31089,2646,0.743764172335601,"VA","City/Suburb",98970,39.3
233541,"Shenandoah University",2019,25,2040,40,29311,2322,0.743755383290267,"VA","City/Suburb",95710,39.3
237792,"Shepherd University",2023,27,2906,31,12651,1793,0.956497490239822,"WV","Town/Rural",17853,21.3
237792,"Shepherd University",2022,31,2718,27,11966,1690,0.958579881656805,"WV","Town/Rural",17400,21.3
237792,"Shepherd University",2021,32,2450,27,7641,1338,0.964125560538117,"WV","Town/Rural",18271,21.3
237792,"Shepherd University",2020,31,2716,25,10685,1651,0.976983646274985,"WV","Town/Rural",18751,21.3
237792,"Shepherd University",2019,31,3200,23,10390,1381,0.963070238957277,"WV","Town/Rural",19036,21.3
216010,"Shippensburg University of Pennsylvania",2023,30,4421,26,23344,6545,0.85546218487395,"PA","Town/Rural",142275,31.8
216010,"Shippensburg University of Pennsylvania",2022,30,4443,27,21462,6367,0.877964504476205,"PA","Town/Rural",139193,31.8
216010,"Shippensburg University of Pennsylvania",2021,32,4900,29,21077,6000,0.931166666666667,"PA","Town/Rural",142186,31.8
216010,"Shippensburg University of Pennsylvania",2020,33,5324,28,21631,6760,0.939201183431953,"PA","Town/Rural",143645,31.8
216010,"Shippensburg University of Pennsylvania",2019,32,5274,26,20308,6019,0.912277787007809,"PA","Town/Rural",143842,31.8
140988,"Shorter University",2023,37,1322,39,16692,783,0.969348659003831,"GA","City/Suburb",126146,31.9
140988,"Shorter University",2022,40,1373,36,13490,871,0.974741676234214,"GA","City/Suburb",122695,31.9
140988,"Shorter University",2021,41,1332,35,16438,1149,0.81201044386423,"GA","City/Suburb",124712,31.9
140988,"Shorter University",2020,39,1306,41,17463,1548,0.709302325581395,"GA","City/Suburb",126126,31.9
140988,"Shorter University",2019,44,1394,38,19217,1643,0.603164942178941,"GA","City/Suburb",121897,31.9
195474,"Siena College",2023,23,3497,26,32602,8992,0.705738434163701,"NY","City/Suburb",211853,37.2
195474,"Siena College",2022,24,3516,24,30842,8344,0.803451581975072,"NY","City/Suburb",213993,37.2
195474,"Siena College",2021,24,3496,24,32810,8597,0.828312201930906,"NY","City/Suburb",217586,37.2
195474,"Siena College",2020,25,3297,23,29625,8326,0.806629834254144,"NY","City/Suburb",209688,37.2
195474,"Siena College",2019,25,3188,23,27997,7728,0.811206004140787,"NY","City/Suburb",212104,37.2
172264,"Siena Heights University",2023,31,1669,41,17740,1809,0.665561083471531,"MI","Town/Rural",108265,29.6
172264,"Siena Heights University",2022,30,1702,41,20074,1545,0.649838187702265,"MI","Town/Rural",103443,29.6
172264,"Siena Heights University",2021,33,1782,40,18931,1502,0.684420772303595,"MI","Town/Rural",107239,29.6
172264,"Siena Heights University",2020,35,1878,36,18910,1263,0.744259699129058,"MI","Town/Rural",108725,29.6
172264,"Siena Heights University",2019,37,2103,39,19146,1722,0.734030197444832,"MI","Town/Rural",112177,29.6
461759,"Simmons College of Kentucky",2023,43,389,100,19083,280,0.982142857142857,"KY","City/Suburb",49328,24.8
461759,"Simmons College of Kentucky",2022,53,237,100,18831,286,0.671328671328671,"KY","City/Suburb",49640,24.8
461759,"Simmons College of Kentucky",2021,65,163,99,12473,85,0.576470588235294,"KY","City/Suburb",50879,24.8
461759,"Simmons College of Kentucky",2020,66,140,99,7745,23,0.91304347826087,"KY","City/Suburb",51547,24.8
167783,"Simmons University",2023,30,1760,51,29575,4871,0.660028741531513,"MA","City/Suburb",78133,44.5
167783,"Simmons University",2022,30,1788,48,24423,4001,0.764558860284929,"MA","City/Suburb",78514,44.5
167783,"Simmons University",2021,29,1748,43,19026,3516,0.835324232081911,"MA","City/Suburb",78839,44.5
167783,"Simmons University",2020,24,1736,43,29021,2905,0.825473321858864,"MA","City/Suburb",79537,44.5
167783,"Simmons University",2019,27,1761,38,30841,2933,0.731333106034777,"MA","City/Suburb",78060,44.5
154350,"Simpson College",2023,33,1140,25,23637,1646,0.888821385176185,"IA","Town/Rural",36870,29
154350,"Simpson College",2022,36,1127,23,23185,1569,0.891013384321224,"IA","Town/Rural",36521,29
154350,"Simpson College",2021,36,1172,21,20986,1330,0.908270676691729,"IA","Town/Rural",37097,29
154350,"Simpson College",2020,36,1225,21,20457,1300,0.866153846153846,"IA","Town/Rural",36359,29
154350,"Simpson College",2019,35,1307,21,20145,1607,0.804604853764779,"IA","Town/Rural",36735,29
123457,"Simpson University",2023,42,755,52,28453,823,0.990279465370595,"CA","City/Suburb",492544,34.2
123457,"Simpson University",2021,45,745,52,25311,953,0.669464847848898,"CA","City/Suburb",467260,34.2
123457,"Simpson University",2020,47,696,52,23012,1276,0.59717868338558,"CA","City/Suburb",477479,34.2
123457,"Simpson University",2019,46,702,48,22081,648,0.523148148148148,"CA","City/Suburb",478819,34.2
195526,"Skidmore College",2023,14,2776,36,32368,12144,0.229249011857708,"NY","City/Suburb",211853,37.2
195526,"Skidmore College",2022,15,2758,37,33389,13183,0.255404687855572,"NY","City/Suburb",213993,37.2
195526,"Skidmore College",2021,16,2686,37,31553,11176,0.30592340730136,"NY","City/Suburb",217586,37.2
195526,"Skidmore College",2020,16,2582,38,26995,10433,0.321671618901562,"NY","City/Suburb",209688,37.2
195526,"Skidmore College",2019,15,2662,38,23589,11102,0.300486398847055,"NY","City/Suburb",212104,37.2
216038,"Slippery Rock University of Pennsylvania",2023,28,6803,17,18407,6119,0.746200359535872,"PA","Town/Rural",142275,31.8
216038,"Slippery Rock University of Pennsylvania",2022,29,6757,16,17873,5591,0.743337506707208,"PA","Town/Rural",139193,31.8
216038,"Slippery Rock University of Pennsylvania",2021,30,6901,16,12364,4936,0.794975688816856,"PA","Town/Rural",142186,31.8
216038,"Slippery Rock University of Pennsylvania",2020,31,7399,16,18117,5461,0.739791247024355,"PA","Town/Rural",143645,31.8
216038,"Slippery Rock University of Pennsylvania",2019,33,7440,15,18144,5781,0.706452170904688,"PA","Town/Rural",143842,31.8
167835,"Smith College",2023,18,2506,48,27823,9869,0.197284425980342,"MA","City/Suburb",78133,44.5
167835,"Smith College",2022,18,2523,49,30790,7269,0.228642179116797,"MA","City/Suburb",78514,44.5
167835,"Smith College",2021,22,2566,50,29569,6064,0.299142480211082,"MA","City/Suburb",78839,44.5
167835,"Smith College",2020,21,2183,53,28422,5249,0.365212421413603,"MA","City/Suburb",79537,44.5
167835,"Smith College",2019,22,2531,51,28905,5597,0.324638199035197,"MA","City/Suburb",78060,44.5
399911,"Soka University of America",2023,17,464,86,18807,397,0.695214105793451,"CA","City/Suburb",492544,34.2
399911,"Soka University of America",2022,19,445,86,17928,498,0.566265060240964,"CA","City/Suburb",473448,34.2
399911,"Soka University of America",2021,21,435,84,10586,519,0.524084778420039,"CA","City/Suburb",467260,34.2
399911,"Soka University of America",2020,21,392,83,16411,427,0.519906323185012,"CA","City/Suburb",477479,34.2
399911,"Soka University of America",2019,24,406,83,14439,504,0.400793650793651,"CA","City/Suburb",478819,34.2
123572,"Sonoma State University",2023,36,5412,60,15113,10529,0.947288441447431,"CA","City/Suburb",492544,34.2
123572,"Sonoma State University",2022,34,5934,59,15507,10806,0.940033314825097,"CA","City/Suburb",473448,34.2
123572,"Sonoma State University",2021,34,6587,58,7055,10598,0.937346669182865,"CA","City/Suburb",467260,34.2
123572,"Sonoma State University",2020,34,7255,58,17239,13353,0.891185501385456,"CA","City/Suburb",477479,34.2
123572,"Sonoma State University",2019,35,8143,57,17086,15094,0.911885517424142,"CA","City/Suburb",478819,34.2
218733,"South Carolina State University",2023,68,2762,99,17928,9830,0.817293997965412,"SC","Town/Rural",53335,28.3
218733,"South Carolina State University",2022,66,2374,98,17435,6833,0.839016537392068,"SC","Town/Rural",52277,28.3
218733,"South Carolina State University",2021,63,2074,98,20901,2497,0.87585102122547,"SC","Town/Rural",52010,28.3
218733,"South Carolina State University",2020,73,2020,97,20022,3128,0.940856777493606,"SC","Town/Rural",52680,28.3
218733,"South Carolina State University",2019,72,2155,98,20007,2631,0.66438616495629,"SC","Town/Rural",53953,28.3
219347,"South Dakota School of Mines and Technology",2023,16,2170,18,20243,1539,0.852501624431449,"SD","City/Suburb",9564,29.2
219347,"South Dakota School of Mines and Technology",2022,16,2163,17,21124,1514,0.826948480845443,"SD","City/Suburb",9036,29.2
219347,"South Dakota School of Mines and Technology",2021,17,2083,17,19257,1445,0.80484429065744,"SD","City/Suburb",9008,29.2
219347,"South Dakota School of Mines and Technology",2020,20,2146,17,19799,1329,0.855530474040632,"SD","City/Suburb",8951,29.2
219347,"South Dakota School of Mines and Technology",2019,20,2202,17,19444,1504,0.765957446808511,"SD","City/Suburb",9241,29.2
219356,"South Dakota State University",2023,16,10177,14,18233,5884,0.987083616587356,"SD","Town/Rural",9564,29.2
219356,"South Dakota State University",2022,18,9917,14,18160,6364,0.860779384035198,"SD","Town/Rural",9036,29.2
219356,"South Dakota State University",2021,18,9847,13,17859,5774,0.874263941808105,"SD","Town/Rural",9008,29.2
219356,"South Dakota State University",2020,20,9976,13,17894,5290,0.889413988657845,"SD","Town/Rural",8951,29.2
219356,"South Dakota State University",2019,21,10067,13,18195,5861,0.900358300631292,"SD","Town/Rural",9241,29.2
417734,"Southeast Missouri Hospital College of Nursing and Health Sciences",2023,46,147,11,25189,18,1,"MO","City/Suburb",67773,29.5
417734,"Southeast Missouri Hospital College of Nursing and Health Sciences",2022,43,134,7,14354,31,0.258064516129032,"MO","City/Suburb",66781,29.5
417734,"Southeast Missouri Hospital College of Nursing and Health Sciences",2021,45,158,9,22039,48,0.333333333333333,"MO","City/Suburb",66906,29.5
417734,"Southeast Missouri Hospital College of Nursing and Health Sciences",2020,43,203,13,16127,20,0.9,"MO","City/Suburb",67892,29.5
417734,"Southeast Missouri Hospital College of Nursing and Health Sciences",2019,47,154,9,22395,30,0.5,"MO","City/Suburb",68482,29.5
179557,"Southeast Missouri State University",2023,29,8099,23,14843,7462,0.785044224068614,"MO","City/Suburb",67773,29.5
179557,"Southeast Missouri State University",2022,30,8454,22,14519,7092,0.863085166384659,"MO","City/Suburb",66781,29.5
179557,"Southeast Missouri State University",2021,32,8629,21,13291,7213,0.793012616109802,"MO","City/Suburb",66906,29.5
179557,"Southeast Missouri State University",2020,31,8929,19,13815,4871,0.933278587559023,"MO","City/Suburb",67892,29.5
179557,"Southeast Missouri State University",2019,31,9524,19,12350,4785,0.861859979101358,"MO","City/Suburb",68482,29.5
176336,"Southeastern Baptist College",2020,76,62,76,7634,41,0.560975609756098,"MS","Town/Rural",32110,23.2
199759,"Southeastern Baptist Theological Seminary",2023,18,758,21,11395,124,0.766129032258065,"NC","City/Suburb",108252,31.9
199759,"Southeastern Baptist Theological Seminary",2022,14,679,20,16324,60,0.8,"NC","City/Suburb",114167,31.9
199759,"Southeastern Baptist Theological Seminary",2021,16,775,18,19778,89,0.898876404494382,"NC","City/Suburb",116514,31.9
199759,"Southeastern Baptist Theological Seminary",2020,24,893,18,11486,222,0.824324324324324,"NC","City/Suburb",116615,31.9
199759,"Southeastern Baptist Theological Seminary",2019,0,557,23,13077,252,0.924603174603175,"NC","City/Suburb",114284,31.9
160612,"Southeastern Louisiana University",2023,33,12684,37,12007,5485,0.942752962625342,"LA","City/Suburb",49729,24.3
160612,"Southeastern Louisiana University",2022,34,12426,39,12291,4887,0.989768774299161,"LA","City/Suburb",49777,24.3
160612,"Southeastern Louisiana University",2021,35,12459,37,12891,5634,0.989350372736954,"LA","City/Suburb",52461,24.3
160612,"Southeastern Louisiana University",2020,37,13456,37,12206,6036,0.973658051689861,"LA","City/Suburb",53334,24.3
160612,"Southeastern Louisiana University",2019,36,13257,36,11890,4384,0.902144160583942,"LA","City/Suburb",52809,24.3
207847,"Southeastern Oklahoma State University",2023,40,3207,49,8064,1221,0.803439803439803,"OK","Town/Rural",47211,25.6
207847,"Southeastern Oklahoma State University",2022,41,3022,49,10004,915,0.74207650273224,"OK","Town/Rural",46032,25.6
207847,"Southeastern Oklahoma State University",2021,40,3021,46,10263,825,0.736969696969697,"OK","Town/Rural",46211,25.6
207847,"Southeastern Oklahoma State University",2020,41,3274,47,8276,1009,0.785926660059465,"OK","Town/Rural",45702,25.6
207847,"Southeastern Oklahoma State University",2019,41,3168,46,8061,1115,0.737219730941704,"OK","Town/Rural",43828,25.6
137564,"Southeastern University",2023,22,9167,48,27935,2800,0.742857142857143,"FL","City/Suburb",214692,30.4
137564,"Southeastern University",2022,27,8840,45,27910,2182,0.608615948670944,"FL","City/Suburb",217330,30.4
137564,"Southeastern University",2021,27,8118,45,27536,4940,0.44919028340081,"FL","City/Suburb",223891,30.4
137564,"Southeastern University",2020,29,8312,44,25987,5689,0.426612761469503,"FL","City/Suburb",215797,30.4
137564,"Southeastern University",2019,34,8717,45,25025,4981,0.481429431840996,"FL","City/Suburb",213187,30.4
221661,"Southern Adventist University",2023,31,2827,60,25374,2731,0.666056389600879,"TN","City/Suburb",72084,27.5
221661,"Southern Adventist University",2022,32,2571,60,24332,2490,0.657831325301205,"TN","City/Suburb",71347,27.5
221661,"Southern Adventist University",2021,34,2400,60,24127,1914,0.743991640543365,"TN","City/Suburb",72685,27.5
221661,"Southern Adventist University",2020,34,2384,59,24491,2281,0.73958790004384,"TN","City/Suburb",73281,27.5
107983,"Southern Arkansas University Main Campus",2023,45,3224,36,14164,2936,0.665871934604905,"AR","Town/Rural",33693,23.3
107983,"Southern Arkansas University Main Campus",2022,43,3148,35,14056,2916,0.636145404663923,"AR","Town/Rural",33705,23.3
107983,"Southern Arkansas University Main Campus",2021,45,3160,37,14141,2813,0.626022040526129,"AR","Town/Rural",34604,23.3
107983,"Southern Arkansas University Main Campus",2020,46,3447,32,13561,3426,0.685347343841214,"AR","Town/Rural",34014,23.3
107983,"Southern Arkansas University Main Campus",2019,49,3586,32,13514,3870,0.650645994832041,"AR","Town/Rural",33531,23.3
123952,"Southern California Institute of Architecture",2023,21,239,85,21514,606,0.826732673267327,"CA","City/Suburb",492544,34.2
123952,"Southern California Institute of Architecture",2022,21,250,84,19041,513,0.598440545808967,"CA","City/Suburb",473448,34.2
123952,"Southern California Institute of Architecture",2021,22,256,86,37958,424,0.648584905660377,"CA","City/Suburb",467260,34.2
123952,"Southern California Institute of Architecture",2020,25,249,86,51591,422,0.672985781990521,"CA","City/Suburb",477479,34.2
130493,"Southern Connecticut State University",2023,37,6781,56,19870,8303,0.811152595447429,"CT","City/Suburb",44962,39.6
130493,"Southern Connecticut State University",2022,40,6920,55,18712,8316,0.829244829244829,"CT","City/Suburb",44540,39.6
130493,"Southern Connecticut State University",2021,42,6800,51,18493,7294,0.829311763092953,"CT","City/Suburb",44901,39.6
130493,"Southern Connecticut State University",2020,41,7440,49,19220,8504,0.796801505174036,"CT","City/Suburb",45222,39.6
130493,"Southern Connecticut State University",2019,39,7962,47,19155,9156,0.693643512450852,"CT","City/Suburb",45216,39.6
149222,"Southern Illinois University-Carbondale",2023,37,8195,34,16131,10401,0.904432266128257,"IL","Town/Rural",148445,35.1
149222,"Southern Illinois University-Carbondale",2022,36,8000,34,16990,9771,0.91495241019343,"IL","Town/Rural",145439,35.1
149222,"Southern Illinois University-Carbondale",2021,35,8147,34,15976,6987,0.95148132245599,"IL","Town/Rural",150490,35.1
149222,"Southern Illinois University-Carbondale",2020,36,8299,34,15638,6165,0.917761557177616,"IL","Town/Rural",149373,35.1
149222,"Southern Illinois University-Carbondale",2019,37,8466,32,16299,5377,0.6637530221313,"IL","Town/Rural",152277,35.1
149231,"Southern Illinois University-Edwardsville",2023,32,8975,33,15182,8937,0.972138301443437,"IL","City/Suburb",148445,35.1
149231,"Southern Illinois University-Edwardsville",2022,32,9321,31,13586,9325,0.975120643431635,"IL","City/Suburb",145439,35.1
149231,"Southern Illinois University-Edwardsville",2021,32,9967,30,15519,8995,0.980655919955531,"IL","City/Suburb",150490,35.1
149231,"Southern Illinois University-Edwardsville",2020,33,9942,28,14506,8773,0.850450245070101,"IL","City/Suburb",149373,35.1
149231,"Southern Illinois University-Edwardsville",2019,34,10400,28,14790,7306,0.856693128935122,"IL","City/Suburb",152277,35.1
228246,"Southern Methodist University",2023,12,7115,42,45792,15092,0.612244897959184,"TX","City/Suburb",385604,30.3
228246,"Southern Methodist University",2022,12,7056,39,45094,16150,0.522538699690402,"TX","City/Suburb",375741,30.3
228246,"Southern Methodist University",2021,11,6908,37,41986,15685,0.531271915843162,"TX","City/Suburb",377064,30.3
228246,"Southern Methodist University",2020,11,6827,36,41444,14010,0.526695217701642,"TX","City/Suburb",372402,30.3
228246,"Southern Methodist University",2019,11,6710,36,40404,13959,0.472884877140196,"TX","City/Suburb",364979,30.3
183026,"Southern New Hampshire University",2023,47,159653,49,33163,45127,0.961220555321648,"NH","City/Suburb",15434,36.8
183026,"Southern New Hampshire University",2022,46,140865,50,32043,35992,0.963741942653923,"NH","City/Suburb",15352,36.8
183026,"Southern New Hampshire University",2021,45,121884,51,21502,27953,0.920688298214861,"NH","City/Suburb",15187,36.8
183026,"Southern New Hampshire University",2020,46,111519,47,41217,30219,0.921936529997684,"NH","City/Suburb",14958,36.8
183026,"Southern New Hampshire University",2019,48,92902,42,39743,25019,0.881649946041009,"NH","City/Suburb",15466,36.8
210146,"Southern Oregon University",2023,24,4368,53,17433,3564,0.826599326599327,"OR","City/Suburb",41163,34
210146,"Southern Oregon University",2022,28,4285,43,17976,2126,0.879586077140169,"OR","City/Suburb",41057,34
210146,"Southern Oregon University",2021,25,4396,42,12134,1913,0.897020386826973,"OR","City/Suburb",42778,34
210146,"Southern Oregon University",2020,27,4518,40,10806,2320,0.904310344827586,"OR","City/Suburb",42173,34
210146,"Southern Oregon University",2019,29,5088,39,12022,2514,0.782020684168656,"OR","City/Suburb",41717,34
160621,"Southern University and A & M College",2023,65,5848,98,18937,12221,0.498731691350953,"LA","City/Suburb",49729,24.3
160621,"Southern University and A & M College",2022,63,5757,98,16959,10609,0.538976340842681,"LA","City/Suburb",49777,24.3
160621,"Southern University and A & M College",2021,62,5837,98,16310,8551,0.58882002105017,"LA","City/Suburb",52461,24.3
160621,"Southern University and A & M College",2020,64,6145,98,16518,6935,0.434462869502523,"LA","City/Suburb",53334,24.3
160621,"Southern University and A & M College",2019,68,6324,97,15511,10563,0.349048565748367,"LA","City/Suburb",52809,24.3
160630,"Southern University at New Orleans",2023,45,1773,98,14825,2920,0.602054794520548,"LA","City/Suburb",49729,24.3
160630,"Southern University at New Orleans",2022,43,1680,95,14999,928,0.935344827586207,"LA","City/Suburb",49777,24.3
160630,"Southern University at New Orleans",2021,54,1812,97,13194,1318,0.792867981790592,"LA","City/Suburb",52461,24.3
160630,"Southern University at New Orleans",2020,62,1941,98,11500,2261,0.720035382574082,"LA","City/Suburb",53334,24.3
160630,"Southern University at New Orleans",2019,60,1894,98,6761,1016,0.603346456692913,"LA","City/Suburb",52809,24.3
230603,"Southern Utah University",2023,24,13043,27,12375,19190,0.804742053152684,"UT","Town/Rural",46946,34.9
230603,"Southern Utah University",2022,26,12649,31,12681,18570,0.83850296176629,"UT","Town/Rural",46085,34.9
230603,"Southern Utah University",2021,27,12080,30,12372,17209,0.887268289848335,"UT","Town/Rural",45251,34.9
230603,"Southern Utah University",2020,28,11249,26,13432,16694,0.755600814663951,"UT","Town/Rural",43182,34.9
230603,"Southern Utah University",2019,31,10274,31,14879,12248,0.78347485303723,"UT","Town/Rural",43372,34.9
233611,"Southern Virginia University",2023,43,967,24,25440,1101,0.996366939146231,"VA","Town/Rural",99497,39.3
233611,"Southern Virginia University",2022,46,1053,27,23274,1090,0.994495412844037,"VA","Town/Rural",98780,39.3
233611,"Southern Virginia University",2021,44,1170,22,22951,1232,0.99512987012987,"VA","Town/Rural",100147,39.3
233611,"Southern Virginia University",2020,49,1140,23,22496,514,0.990272373540856,"VA","Town/Rural",98970,39.3
233611,"Southern Virginia University",2019,49,1111,25,20816,710,0.980281690140845,"VA","Town/Rural",95710,39.3
217776,"Southern Wesleyan University",2023,29,887,31,20336,472,1,"SC","City/Suburb",53335,28.3
217776,"Southern Wesleyan University",2022,41,896,35,17639,846,0.511820330969267,"SC","City/Suburb",52277,28.3
217776,"Southern Wesleyan University",2021,44,1043,35,19479,749,0.566088117489987,"SC","City/Suburb",52010,28.3
217776,"Southern Wesleyan University",2020,45,1085,32,18614,922,0.557483731019523,"SC","City/Suburb",52680,28.3
217776,"Southern Wesleyan University",2019,46,1150,33,17978,1042,0.350287907869482,"SC","City/Suburb",53953,28.3
179326,"Southwest Baptist University",2023,35,1622,25,19781,1057,0.997161778618732,"MO","Town/Rural",67773,29.5
179326,"Southwest Baptist University",2022,37,1836,32,18926,881,0.995459704880817,"MO","Town/Rural",66781,29.5
179326,"Southwest Baptist University",2021,37,2101,38,18433,871,0.96211251435132,"MO","Town/Rural",66906,29.5
179326,"Southwest Baptist University",2020,38,2379,36,18202,1542,0.733463035019455,"MO","Town/Rural",67892,29.5
179326,"Southwest Baptist University",2019,40,2588,35,18344,2090,0.708612440191388,"MO","Town/Rural",68482,29.5
175078,"Southwest Minnesota State University",2023,11,6884,21,14839,2630,0.6893536121673,"MN","Town/Rural",67002,36.7
175078,"Southwest Minnesota State University",2022,10,6518,21,15004,1558,0.91591784338896,"MN","Town/Rural",64579,36.7
175078,"Southwest Minnesota State University",2021,10,6556,20,14061,1672,0.910287081339713,"MN","Town/Rural",65199,36.7
175078,"Southwest Minnesota State University",2020,11,6846,18,14340,1856,0.806034482758621,"MN","Town/Rural",66285,36.7
175078,"Southwest Minnesota State University",2019,11,6636,17,14658,2264,0.639134275618375,"MN","Town/Rural",65499,36.7
228468,"Southwestern Adventist University",2023,39,813,78,20198,1468,0.555177111716621,"TX","Town/Rural",385604,30.3
228468,"Southwestern Adventist University",2022,42,786,80,20028,1438,0.536161335187761,"TX","Town/Rural",375741,30.3
228468,"Southwestern Adventist University",2021,46,838,78,18472,1099,0.575068243858053,"TX","Town/Rural",377064,30.3
228468,"Southwestern Adventist University",2020,48,745,75,20654,1342,0.622950819672131,"TX","Town/Rural",372402,30.3
228468,"Southwestern Adventist University",2019,49,673,77,21717,1565,0.576996805111821,"TX","Town/Rural",364979,30.3
228325,"Southwestern Assemblies of God University",2023,49,1413,48,19834,615,0.842276422764228,"TX","City/Suburb",385604,30.3
228325,"Southwestern Assemblies of God University",2022,53,1491,48,19217,627,0.856459330143541,"TX","City/Suburb",375741,30.3
228325,"Southwestern Assemblies of God University",2021,54,1519,48,22245,658,0.854103343465046,"TX","City/Suburb",377064,30.3
228325,"Southwestern Assemblies of God University",2020,54,1632,47,23931,703,0.887624466571835,"TX","City/Suburb",372402,30.3
228325,"Southwestern Assemblies of God University",2019,55,1683,42,24760,730,0.875342465753425,"TX","City/Suburb",364979,30.3
207856,"Southwestern Christian University",2019,49,498,61,20291,340,0.620588235294118,"OK","City/Suburb",43828,25.6
155900,"Southwestern College",2023,39,1038,58,27337,1333,0.649662415603901,"KS","Town/Rural",36832,33.8
155900,"Southwestern College",2022,38,1067,58,27003,1240,0.701612903225806,"KS","Town/Rural",36624,33.8
155900,"Southwestern College",2021,42,1164,62,26401,1338,0.691330343796712,"KS","Town/Rural",36149,33.8
155900,"Southwestern College",2020,40,1272,64,25012,1410,0.56241134751773,"KS","Town/Rural",35923,33.8
155900,"Southwestern College",2019,41,1359,59,23731,925,0.515675675675676,"KS","Town/Rural",35979,33.8
207865,"Southwestern Oklahoma State University",2023,38,3995,38,14761,1689,1,"OK","Town/Rural",47211,25.6
207865,"Southwestern Oklahoma State University",2022,38,3941,38,13699,2571,0.76779463243874,"OK","Town/Rural",46032,25.6
207865,"Southwestern Oklahoma State University",2021,36,3749,36,12697,2076,0.941233140655106,"OK","Town/Rural",46211,25.6
207865,"Southwestern Oklahoma State University",2020,37,4015,36,13105,2132,0.931988742964353,"OK","Town/Rural",45702,25.6
207865,"Southwestern Oklahoma State University",2019,36,4116,37,12692,2196,0.910746812386157,"OK","Town/Rural",43828,25.6
228343,"Southwestern University",2023,23,1457,46,30687,6585,0.390736522399393,"TX","City/Suburb",385604,30.3
228343,"Southwestern University",2022,25,1483,44,31014,5557,0.44790354507828,"TX","City/Suburb",375741,30.3
228343,"Southwestern University",2021,25,1504,42,28496,4757,0.510405717889426,"TX","City/Suburb",377064,30.3
228343,"Southwestern University",2020,23,1506,41,29830,4578,0.493665356050677,"TX","City/Suburb",372402,30.3
228343,"Southwestern University",2019,26,1511,39,27757,4766,0.490348300461603,"TX","City/Suburb",364979,30.3
157757,"Spalding University",2023,36,734,49,25539,807,0.98636926889715,"KY","City/Suburb",49328,24.8
157757,"Spalding University",2022,38,767,47,26539,720,0.976388888888889,"KY","City/Suburb",49640,24.8
157757,"Spalding University",2021,41,765,36,24822,695,0.897841726618705,"KY","City/Suburb",50879,24.8
157757,"Spalding University",2020,42,855,35,23003,700,0.934285714285714,"KY","City/Suburb",51547,24.8
157757,"Spalding University",2019,43,925,36,22314,851,0.793184488836663,"KY","City/Suburb",51210,24.8
218821,"Spartanburg Methodist College",2023,60,1029,56,16556,1946,0.813977389516958,"SC","City/Suburb",53335,28.3
218821,"Spartanburg Methodist College",2022,58,1064,55,16333,1959,0.821337417049515,"SC","City/Suburb",52277,28.3
218821,"Spartanburg Methodist College",2021,57,1042,56,14899,1918,0.803962460896767,"SC","City/Suburb",52010,28.3
218821,"Spartanburg Methodist College",2020,58,1051,56,12457,1809,0.826423438363737,"SC","City/Suburb",52680,28.3
218821,"Spartanburg Methodist College",2019,60,933,52,12672,1653,0.611010284331518,"SC","City/Suburb",53953,28.3
141060,"Spelman College",2023,29,3633,97,37403,10610,0.340904806786051,"GA","City/Suburb",126146,31.9
141060,"Spelman College",2022,42,3102,93,37085,13649,0.28390358268005,"GA","City/Suburb",122695,31.9
141060,"Spelman College",2021,42,2417,99,28527,11176,0.507605583392985,"GA","City/Suburb",124712,31.9
141060,"Spelman College",2020,43,2207,100,43920,9118,0.525773195876289,"GA","City/Suburb",126126,31.9
141060,"Spelman College",2019,46,2120,100,43042,9106,0.434438831539644,"GA","City/Suburb",121897,31.9
172334,"Spring Arbor University",2023,26,1091,34,21720,3145,0.37329093799682,"MI","Town/Rural",108265,29.6
172334,"Spring Arbor University",2022,26,1127,30,22375,2312,0.47318339100346,"MI","Town/Rural",103443,29.6
172334,"Spring Arbor University",2021,31,1215,31,21441,1760,0.599431818181818,"MI","Town/Rural",107239,29.6
172334,"Spring Arbor University",2020,33,1350,30,21535,1504,0.632978723404255,"MI","Town/Rural",108725,29.6
172334,"Spring Arbor University",2019,37,1614,30,20427,1459,0.656614119259767,"MI","Town/Rural",112177,29.6
102234,"Spring Hill College",2023,33,851,43,20271,2279,0.59104870557262,"AL","City/Suburb",52181,25.5
102234,"Spring Hill College",2022,35,933,39,21018,2050,0.726341463414634,"AL","City/Suburb",53739,25.5
102234,"Spring Hill College",2021,36,990,37,21781,2114,0.71523178807947,"AL","City/Suburb",54466,25.5
102234,"Spring Hill College",2020,37,1061,35,23067,2742,0.541575492341357,"AL","City/Suburb",52925,25.5
102234,"Spring Hill College",2019,36,1160,32,22362,7616,0.497767857142857,"AL","City/Suburb",55331,25.5
167899,"Springfield College",2023,22,1924,27,29198,3614,0.702268954067515,"MA","City/Suburb",78133,44.5
167899,"Springfield College",2022,22,2005,27,27930,3549,0.756269371653987,"MA","City/Suburb",78514,44.5
167899,"Springfield College",2021,22,2059,25,28296,2853,0.769015071854189,"MA","City/Suburb",78839,44.5
167899,"Springfield College",2020,24,2188,26,29395,3441,0.634117988956699,"MA","City/Suburb",79537,44.5
167899,"Springfield College",2019,26,2175,27,29706,3616,0.680586283185841,"MA","City/Suburb",78060,44.5
195164,"St Bonaventure University",2023,23,1914,23,27659,4299,0.815305885089556,"NY","Town/Rural",211853,37.2
195164,"St Bonaventure University",2022,25,1856,23,26004,3774,0.811075781664017,"NY","Town/Rural",213993,37.2
195164,"St Bonaventure University",2021,27,1796,24,25533,3330,0.781081081081081,"NY","Town/Rural",217586,37.2
195164,"St Bonaventure University",2020,28,1839,24,23748,3014,0.763105507631055,"NY","Town/Rural",209688,37.2
195164,"St Bonaventure University",2019,27,1826,26,23445,3058,0.750163505559189,"NY","Town/Rural",212104,37.2
175005,"St Catherine University",2023,36,2431,50,22357,1703,0.940692894891368,"MN","City/Suburb",67002,36.7
175005,"St Catherine University",2022,38,2404,48,19976,1512,0.92526455026455,"MN","City/Suburb",64579,36.7
175005,"St Catherine University",2021,37,2585,46,19252,1561,0.748878923766816,"MN","City/Suburb",65199,36.7
175005,"St Catherine University",2020,38,2983,43,18912,1677,0.761478831246273,"MN","City/Suburb",66285,36.7
175005,"St Catherine University",2019,38,3153,41,20172,2458,0.673311635475997,"MN","City/Suburb",65499,36.7
195216,"St Lawrence University",2023,21,2060,23,36175,5367,0.584684181106764,"NY","Town/Rural",211853,37.2
195216,"St Lawrence University",2022,22,2145,24,33283,5172,0.634957463263728,"NY","Town/Rural",213993,37.2
195216,"St Lawrence University",2021,21,2247,24,31744,5217,0.565459076097374,"NY","Town/Rural",217586,37.2
195216,"St Lawrence University",2020,21,2280,25,31578,5952,0.472614247311828,"NY","Town/Rural",209688,37.2
195216,"St Lawrence University",2019,21,2392,23,34047,6998,0.42412117747928,"NY","Town/Rural",212104,37.2
154262,"St Luke's College",2023,46,196,34,12771,18,0.444444444444444,"IA","City/Suburb",36870,29
154262,"St Luke's College",2022,53,196,32,19405,15,0.8,"IA","City/Suburb",36521,29
154262,"St Luke's College",2021,45,202,27,20953,24,1,"IA","City/Suburb",37097,29
154262,"St Luke's College",2020,48,211,26,16930,27,0.592592592592593,"IA","City/Suburb",36359,29
154262,"St Luke's College",2019,35,235,18,21704,31,0.290322580645161,"IA","City/Suburb",36735,29
174844,"St Olaf College",2023,20,3074,33,27282,5956,0.521490933512424,"MN","Town/Rural",67002,36.7
174844,"St Olaf College",2022,20,3046,33,26171,5523,0.564005069708492,"MN","Town/Rural",64579,36.7
174844,"St Olaf College",2021,20,2988,33,27729,6494,0.474283954419464,"MN","Town/Rural",65199,36.7
174844,"St Olaf College",2020,19,2953,32,27838,5231,0.508124641559931,"MN","Town/Rural",66285,36.7
174844,"St Olaf College",2019,20,3072,32,27779,5694,0.475061468212153,"MN","Town/Rural",65499,36.7
199698,"St. Andrews University",2022,51,780,72,31864,1767,0.647990945104697,"NC","Town/Rural",114167,31.9
199698,"St. Andrews University",2021,61,876,69,19954,2164,0.122920517560074,"NC","Town/Rural",116514,31.9
199698,"St. Andrews University",2020,41,862,72,24546,2343,0.608621425522834,"NC","Town/Rural",116615,31.9
199698,"St. Andrews University",2019,38,744,70,22699,1670,0.453293413173653,"NC","Town/Rural",114284,31.9
195173,"St. Francis College",2022,47,2276,80,18602,4272,0.842696629213483,"NY","City/Suburb",213993,37.2
195173,"St. Francis College",2021,48,2372,77,15481,4488,0.852495543672014,"NY","City/Suburb",217586,37.2
195173,"St. Francis College",2020,45,2646,74,15817,5492,0.845229424617626,"NY","City/Suburb",209688,37.2
195173,"St. Francis College",2019,47,2507,70,13492,3857,0.781177080632616,"NY","City/Suburb",212104,37.2
195720,"St. John Fisher University",2023,28,2590,20,28969,4600,0.67804347826087,"NY","City/Suburb",211853,37.2
195720,"St. John Fisher University",2022,27,2629,19,28312,4200,0.73047619047619,"NY","City/Suburb",213993,37.2
195720,"St. John Fisher University",2021,28,2597,18,27325,4515,0.710963455149502,"NY","City/Suburb",217586,37.2
195720,"St. John Fisher University",2020,27,2690,17,29722,4409,0.684055341347244,"NY","City/Suburb",209688,37.2
195720,"St. John Fisher University",2019,29,2656,16,28468,4720,0.644915254237288,"NY","City/Suburb",212104,37.2
137272,"St. John Vianney College Seminary",2020,13,57,63,35190,13,0.923076923076923,"FL","City/Suburb",215797,30.4
137272,"St. John Vianney College Seminary",2019,21,46,65,29568,10,1,"FL","City/Suburb",213187,30.4
163976,"St. John's College",2023,22,488,37,27729,1059,0.442870632672332,"MD","City/Suburb",69770,40.8
163976,"St. John's College",2022,19,462,33,27643,982,0.4989816700611,"MD","City/Suburb",69124,40.8
163976,"St. John's College",2021,26,473,36,29431,967,0.531540847983454,"MD","City/Suburb",71017,40.8
163976,"St. John's College",2020,23,383,37,30806,777,0.613899613899614,"MD","City/Suburb",67971,40.8
163976,"St. John's College",2019,22,494,37,31887,909,0.598459845984598,"MD","City/Suburb",68208,40.8
245652,"St. John's College",2023,24,369,36,28368,463,0.494600431965443,"NM","Town/Rural",20718,27.7
245652,"St. John's College",2022,30,364,34,29265,453,0.54083885209713,"NM","Town/Rural",20683,27.7
245652,"St. John's College",2021,27,368,35,25628,456,0.62719298245614,"NM","Town/Rural",20434,27.7
245652,"St. John's College",2020,28,268,43,26913,476,0.689075630252101,"NM","Town/Rural",20968,27.7
245652,"St. John's College",2019,66,317,42,26609,422,0.663507109004739,"NM","Town/Rural",21861,27.7
195809,"St. John's University-New York",2023,24,15699,55,28206,25223,0.796653847678706,"NY","City/Suburb",211853,37.2
195809,"St. John's University-New York",2022,23,15652,55,26052,24607,0.846669646848458,"NY","City/Suburb",213993,37.2
195809,"St. John's University-New York",2021,23,15452,53,26655,23658,0.851424465297151,"NY","City/Suburb",217586,37.2
195809,"St. John's University-New York",2020,24,15693,51,26771,27917,0.750653723537629,"NY","City/Suburb",209688,37.2
195809,"St. John's University-New York",2019,27,17086,52,26993,29059,0.723355931036856,"NY","City/Suburb",212104,37.2
195544,"St. Joseph's University-New York",2023,34,3369,46,18324,5003,0.713971617029782,"NY","City/Suburb",211853,37.2
195544,"St. Joseph's University-New York",2022,34,3556,44,18001,4306,0.767069205759406,"NY","City/Suburb",213993,37.2
195544,"St. Joseph's University-New York",2021,33,3774,44,16186,4107,0.797662527392257,"NY","City/Suburb",217586,37.2
195544,"St. Joseph's University-New York",2020,34,3903,44,16290,4654,0.706703910614525,"NY","City/Suburb",209688,37.2
195544,"St. Joseph's University-New York",2019,45,961,64,16363,2427,0.712402142562835,"NY","City/Suburb",212104,37.2
163912,"St. Mary's College of Maryland",2023,20,1577,30,20679,3109,0.753940173689289,"MD","Town/Rural",69770,40.8
163912,"St. Mary's College of Maryland",2022,20,1497,31,20714,2934,0.773006134969325,"MD","Town/Rural",69124,40.8
163912,"St. Mary's College of Maryland",2021,21,1519,31,20213,2872,0.773328690807799,"MD","Town/Rural",71017,40.8
163912,"St. Mary's College of Maryland",2020,21,1486,30,20237,2604,0.790322580645161,"MD","Town/Rural",67971,40.8
163912,"St. Mary's College of Maryland",2019,21,1467,30,20996,1621,0.842689697717458,"MD","Town/Rural",68208,40.8
228149,"St. Mary's University",2023,42,2147,80,20562,5203,0.889486834518547,"TX","City/Suburb",385604,30.3
228149,"St. Mary's University",2022,41,2001,88,21379,5369,0.862171726578506,"TX","City/Suburb",375741,30.3
228149,"St. Mary's University",2021,42,2093,86,17899,4305,0.884552845528455,"TX","City/Suburb",377064,30.3
228149,"St. Mary's University",2020,43,2139,85,18827,5210,0.854318618042227,"TX","City/Suburb",372402,30.3
228149,"St. Mary's University",2019,43,2270,85,19528,4861,0.78625797161078,"TX","City/Suburb",364979,30.3
195243,"St. Thomas Aquinas College",2023,18,1795,42,21257,2251,0.822301199466904,"NY","City/Suburb",211853,37.2
195243,"St. Thomas Aquinas College",2022,19,1859,45,21745,1738,0.886651323360184,"NY","City/Suburb",213993,37.2
195243,"St. Thomas Aquinas College",2021,22,1848,44,18502,1417,0.892025405786874,"NY","City/Suburb",217586,37.2
195243,"St. Thomas Aquinas College",2020,23,1612,45,21139,1793,0.868377021751255,"NY","City/Suburb",209688,37.2
195243,"St. Thomas Aquinas College",2019,22,1797,44,20972,1864,0.805793991416309,"NY","City/Suburb",212104,37.2
137476,"St. Thomas University",2023,25,3967,88,27029,4798,0.993955814922885,"FL","City/Suburb",214692,30.4
137476,"St. Thomas University",2022,28,3950,88,25540,7520,0.651462765957447,"FL","City/Suburb",217330,30.4
137476,"St. Thomas University",2021,23,3583,88,28550,6737,0.70862401662461,"FL","City/Suburb",223891,30.4
137476,"St. Thomas University",2020,24,3670,86,24436,5649,0.596211718888299,"FL","City/Suburb",215797,30.4
137476,"St. Thomas University",2019,20,3100,87,20172,5098,0.546292663789721,"FL","City/Suburb",213187,30.4
243744,"Stanford University",2023,19,8054,76,17998,53733,0.0390635177637578,"CA","City/Suburb",492544,34.2
243744,"Stanford University",2022,19,8049,75,18279,56378,0.036805136755472,"CA","City/Suburb",473448,34.2
243744,"Stanford University",2021,19,7645,72,14402,55471,0.0394800886949938,"CA","City/Suburb",467260,34.2
243744,"Stanford University",2020,18,6366,71,20023,45227,0.0519380016361908,"CA","City/Suburb",477479,34.2
243744,"Stanford University",2019,17,6996,68,16779,47498,0.0434123542043876,"CA","City/Suburb",478819,34.2
196149,"State University of New York at Cortland",2023,27,5905,24,18474,15867,0.507090187180942,"NY","Town/Rural",211853,37.2
196149,"State University of New York at Cortland",2022,28,5993,25,18304,11711,0.597814021005892,"NY","Town/Rural",213993,37.2
196149,"State University of New York at Cortland",2021,29,5984,26,17703,11420,0.604991243432574,"NY","Town/Rural",217586,37.2
196149,"State University of New York at Cortland",2020,31,6256,27,17743,12392,0.52203034215623,"NY","Town/Rural",209688,37.2
196149,"State University of New York at Cortland",2019,33,6295,28,17012,12942,0.460438881162108,"NY","Town/Rural",212104,37.2
196176,"State University of New York at New Paltz",2023,33,6504,41,17848,16249,0.586989968613453,"NY","Town/Rural",211853,37.2
196176,"State University of New York at New Paltz",2022,34,6090,41,19592,13228,0.58270335651648,"NY","Town/Rural",213993,37.2
196176,"State University of New York at New Paltz",2021,34,6256,42,15318,12482,0.461384393526678,"NY","Town/Rural",217586,37.2
196176,"State University of New York at New Paltz",2020,36,6597,41,16079,8843,0.620151532285424,"NY","Town/Rural",209688,37.2
196176,"State University of New York at New Paltz",2019,36,6807,41,15496,14425,0.451785095320624,"NY","Town/Rural",212104,37.2
196194,"State University of New York at Oswego",2023,39,5652,35,16923,14465,0.803940546145869,"NY","Town/Rural",211853,37.2
196194,"State University of New York at Oswego",2022,40,5985,35,17376,12555,0.825567502986858,"NY","Town/Rural",213993,37.2
196194,"State University of New York at Oswego",2021,41,6135,33,15078,10357,0.796466158153906,"NY","Town/Rural",217586,37.2
196194,"State University of New York at Oswego",2020,43,6673,32,16398,12277,0.689011973609188,"NY","Town/Rural",209688,37.2
196194,"State University of New York at Oswego",2019,44,6920,32,15762,12669,0.54053200726182,"NY","Town/Rural",212104,37.2
228431,"Stephen F Austin State University",2023,37,9575,43,15498,12591,0.882535144150584,"TX","Town/Rural",385604,30.3
228431,"Stephen F Austin State University",2022,38,9905,42,13858,9944,0.8951126307321,"TX","Town/Rural",375741,30.3
228431,"Stephen F Austin State University",2021,37,10353,42,16819,8214,0.919284149013879,"TX","Town/Rural",377064,30.3
228431,"Stephen F Austin State University",2020,37,10987,42,12649,9016,0.761091393078971,"TX","Town/Rural",372402,30.3
228431,"Stephen F Austin State University",2019,39,11494,41,12866,10664,0.679482370592648,"TX","Town/Rural",364979,30.3
179548,"Stephens College",2023,42,354,43,23261,414,0.915458937198068,"MO","City/Suburb",67773,29.5
179548,"Stephens College",2022,44,381,31,26372,650,0.641538461538462,"MO","City/Suburb",66781,29.5
179548,"Stephens College",2021,46,409,35,22487,677,0.636632200886263,"MO","City/Suburb",66906,29.5
179548,"Stephens College",2020,50,443,33,22641,644,0.642857142857143,"MO","City/Suburb",67892,29.5
179548,"Stephens College",2019,52,480,31,22604,992,0.5625,"MO","City/Suburb",68482,29.5
155937,"Sterling College",2023,32,680,33,22996,826,0.530266343825666,"KS","Town/Rural",36832,33.8
155937,"Sterling College",2022,36,682,38,22680,1959,0.611026033690659,"KS","Town/Rural",36624,33.8
155937,"Sterling College",2021,38,686,42,22377,2574,0.473970473970474,"KS","Town/Rural",36149,33.8
155937,"Sterling College",2020,39,665,40,24068,1898,0.368809272918862,"KS","Town/Rural",35923,33.8
155937,"Sterling College",2019,44,643,39,19604,1596,0.399122807017544,"KS","Town/Rural",35979,33.8
231095,"Sterling College",2023,35,78,26,30785,52,0.923076923076923,"VT","Town/Rural",5789,38.7
231095,"Sterling College",2022,37,101,32,21222,28,0.928571428571429,"VT","Town/Rural",5977,38.7
231095,"Sterling College",2021,44,126,24,15350,41,1,"VT","Town/Rural",5988,38.7
231095,"Sterling College",2020,40,139,29,17685,46,0.956521739130435,"VT","Town/Rural",6158,38.7
231095,"Sterling College",2019,51,146,38,22734,87,0.862068965517241,"VT","Town/Rural",6547,38.7
137546,"Stetson University",2023,35,2338,50,22914,7824,0.864263803680982,"FL","City/Suburb",214692,30.4
137546,"Stetson University",2022,36,2561,48,25756,7344,0.938044662309368,"FL","City/Suburb",217330,30.4
137546,"Stetson University",2021,34,2876,46,21240,9260,0.916414686825054,"FL","City/Suburb",223891,30.4
137546,"Stetson University",2020,33,3125,44,23864,11957,0.814920130467509,"FL","City/Suburb",215797,30.4
137546,"Stetson University",2019,33,3183,43,23761,13005,0.723567858515955,"FL","City/Suburb",213187,30.4
186867,"Stevens Institute of Technology",2023,20,4092,51,43665,14170,0.434438955539873,"NJ","City/Suburb",104131,40.8
186867,"Stevens Institute of Technology",2022,20,4070,49,41689,12500,0.46224,"NJ","City/Suburb",107755,40.8
186867,"Stevens Institute of Technology",2021,18,4064,49,40828,11320,0.526943462897526,"NJ","City/Suburb",109108,40.8
186867,"Stevens Institute of Technology",2020,18,3791,41,40303,10346,0.530639860815774,"NJ","City/Suburb",109961,40.8
186867,"Stevens Institute of Technology",2019,17,3659,39,40770,10475,0.399618138424821,"NJ","City/Suburb",113367,40.8
164173,"Stevenson University",2023,29,3028,52,28201,5233,0.832027517676285,"MD","City/Suburb",69770,40.8
164173,"Stevenson University",2022,29,2985,50,27600,4793,0.841018151470895,"MD","City/Suburb",69124,40.8
164173,"Stevenson University",2021,29,2979,49,25354,4431,0.908824193184383,"MD","City/Suburb",71017,40.8
164173,"Stevenson University",2020,28,3027,47,27770,4177,0.891788364855159,"MD","City/Suburb",67971,40.8
164173,"Stevenson University",2019,31,3107,45,27913,4413,0.807840471334693,"MD","City/Suburb",68208,40.8
102270,"Stillman College",2023,68,779,93,12479,2440,0.742213114754098,"AL","City/Suburb",52181,25.5
102270,"Stillman College",2022,70,744,97,15574,1791,0.645449469570073,"AL","City/Suburb",53739,25.5
102270,"Stillman College",2021,74,728,94,14760,1190,0.757983193277311,"AL","City/Suburb",54466,25.5
102270,"Stillman College",2020,79,712,96,19922,1230,0.555284552845528,"AL","City/Suburb",52925,25.5
102270,"Stillman College",2019,71,861,96,18111,2697,0.329625509825732,"AL","City/Suburb",55331,25.5
186876,"Stockton University",2023,41,7812,42,19752,9338,0.881666309702292,"NJ","Town/Rural",104131,40.8
186876,"Stockton University",2022,40,8138,42,18515,9591,0.855385257011782,"NJ","Town/Rural",107755,40.8
186876,"Stockton University",2021,40,8392,39,19581,6247,0.845365775572275,"NJ","Town/Rural",109108,40.8
186876,"Stockton University",2020,40,8846,37,20526,7262,0.773065271275131,"NJ","Town/Rural",109961,40.8
186876,"Stockton University",2019,40,8893,35,17815,6914,0.763234017934625,"NJ","Town/Rural",113367,40.8
167996,"Stonehill College",2023,15,2515,24,31134,7915,0.725584333543904,"MA","City/Suburb",78133,44.5
167996,"Stonehill College",2022,13,2500,23,31021,7269,0.734351355069473,"MA","City/Suburb",78514,44.5
167996,"Stonehill College",2021,12,2423,22,31467,7219,0.720044327469179,"MA","City/Suburb",78839,44.5
167996,"Stonehill College",2020,13,2428,19,35508,7117,0.689616411409302,"MA","City/Suburb",79537,44.5
167996,"Stonehill College",2019,14,2467,17,35409,6961,0.676914236460279,"MA","City/Suburb",78060,44.5
196097,"Stony Brook University",2023,38,17549,73,18601,50341,0.490057805764685,"NY","City/Suburb",211853,37.2
196097,"Stony Brook University",2022,37,17509,73,17213,40513,0.491397822921038,"NY","City/Suburb",213993,37.2
196097,"Stony Brook University",2021,36,17999,71,16445,38826,0.480580023695462,"NY","City/Suburb",217586,37.2
196097,"Stony Brook University",2020,35,18010,70,16478,37083,0.489119003316884,"NY","City/Suburb",209688,37.2
196097,"Stony Brook University",2019,35,17909,70,15605,37079,0.44148979206559,"NY","City/Suburb",212104,37.2
168005,"Suffolk University",2023,27,4484,51,33089,10101,0.847440847440847,"MA","City/Suburb",78133,44.5
168005,"Suffolk University",2022,27,4381,51,32270,9699,0.867924528301887,"MA","City/Suburb",78514,44.5
168005,"Suffolk University",2021,26,4227,50,32393,7501,0.880282628982802,"MA","City/Suburb",78839,44.5
168005,"Suffolk University",2020,26,4397,51,34561,7686,0.85896435076763,"MA","City/Suburb",79537,44.5
168005,"Suffolk University",2019,26,4862,53,33105,8194,0.836343666097144,"MA","City/Suburb",78060,44.5
228501,"Sul Ross State University",2023,52,1441,79,12240,1073,0.956197576887232,"TX","Town/Rural",385604,30.3
228501,"Sul Ross State University",2022,55,1550,79,13130,717,0.97071129707113,"TX","Town/Rural",375741,30.3
228501,"Sul Ross State University",2021,56,1608,79,15580,549,1,"TX","Town/Rural",377064,30.3
228501,"Sul Ross State University",2020,56,1789,79,11367,1012,0.808300395256917,"TX","Town/Rural",372402,30.3
228501,"Sul Ross State University",2019,54,1849,77,11833,810,0.996296296296296,"TX","Town/Rural",364979,30.3
447953,"SUM Bible College and Theological Seminary",2023,53,318,71,23282,95,0.642105263157895,"CA","City/Suburb",492544,34.2
447953,"SUM Bible College and Theological Seminary",2022,51,416,70,19700,103,0.83495145631068,"CA","City/Suburb",473448,34.2
447953,"SUM Bible College and Theological Seminary",2021,58,416,67,16375,96,1,"CA","City/Suburb",467260,34.2
447953,"SUM Bible College and Theological Seminary",2020,78,417,62,16651,95,0.557894736842105,"CA","City/Suburb",477479,34.2
447953,"SUM Bible College and Theological Seminary",2019,58,459,58,18489,144,0.951388888888889,"CA","City/Suburb",478819,34.2
181543,"Summit Christian College",2023,36,23,9,19951,7,NA,"NE","Town/Rural",24387,32.4
181543,"Summit Christian College",2022,35,22,9,19810,6,0.666666666666667,"NE","Town/Rural",23856,32.4
181543,"Summit Christian College",2021,26,26,23,7017,25,0.4,"NE","Town/Rural",23769,32.4
181543,"Summit Christian College",2020,33,34,21,10617,14,0.357142857142857,"NE","Town/Rural",23830,32.4
181543,"Summit Christian College",2019,44,25,28,7380,8,1,"NE","Town/Rural",23314,32.4
196158,"SUNY at Fredonia",2023,37,2877,26,15830,5941,0.791954216461875,"NY","Town/Rural",211853,37.2
196158,"SUNY at Fredonia",2022,39,3212,27,15795,4597,0.845768979769415,"NY","Town/Rural",213993,37.2
196158,"SUNY at Fredonia",2021,40,3552,28,15973,4668,0.90745501285347,"NY","Town/Rural",217586,37.2
196158,"SUNY at Fredonia",2020,43,3853,27,14549,5754,0.722453945081682,"NY","Town/Rural",209688,37.2
196158,"SUNY at Fredonia",2019,44,4221,29,14631,6277,0.711167755297117,"NY","Town/Rural",212104,37.2
196219,"SUNY at Purchase College",2023,36,3165,49,18651,7221,0.728292480265891,"NY","City/Suburb",211853,37.2
196219,"SUNY at Purchase College",2022,35,3107,51,19434,5747,0.746824430137463,"NY","City/Suburb",213993,37.2
196219,"SUNY at Purchase College",2021,36,3439,50,19458,4047,0.754138868297504,"NY","City/Suburb",217586,37.2
196219,"SUNY at Purchase College",2020,37,3600,51,16538,4594,0.73704832390074,"NY","City/Suburb",209688,37.2
196219,"SUNY at Purchase College",2019,37,4051,49,18104,6486,0.515109466543324,"NY","City/Suburb",212104,37.2
196121,"SUNY Brockport",2023,39,5429,32,15343,10855,0.712851220635652,"NY","Town/Rural",211853,37.2
196121,"SUNY Brockport",2022,38,5149,31,16261,7683,0.679422100741898,"NY","Town/Rural",213993,37.2
196121,"SUNY Brockport",2021,38,5714,29,15384,7800,0.76448717948718,"NY","Town/Rural",217586,37.2
196121,"SUNY Brockport",2020,41,6289,31,16076,9203,0.581114853852005,"NY","Town/Rural",209688,37.2
196121,"SUNY Brockport",2019,43,6673,30,14747,9672,0.547353184449959,"NY","Town/Rural",212104,37.2
196130,"SUNY Buffalo State University",2023,53,5572,55,13735,15943,0.75870287900646,"NY","City/Suburb",211853,37.2
196130,"SUNY Buffalo State University",2022,53,5464,54,13812,12292,0.859827530100879,"NY","City/Suburb",213993,37.2
196130,"SUNY Buffalo State University",2021,55,6147,54,9998,12057,0.84540101186033,"NY","City/Suburb",217586,37.2
196130,"SUNY Buffalo State University",2020,55,7309,56,13400,13313,0.800721099677007,"NY","City/Suburb",209688,37.2
196130,"SUNY Buffalo State University",2019,56,7647,55,12230,14577,0.670096727721753,"NY","City/Suburb",212104,37.2
196167,"SUNY College at Geneseo",2023,25,3868,19,18698,13479,0.635284516655538,"NY","Town/Rural",211853,37.2
196167,"SUNY College at Geneseo",2022,26,4110,20,19557,9069,0.749255706252067,"NY","Town/Rural",213993,37.2
196167,"SUNY College at Geneseo",2021,25,4466,20,20594,9103,0.738547731517082,"NY","Town/Rural",217586,37.2
196167,"SUNY College at Geneseo",2020,26,4829,21,18684,10250,0.613560975609756,"NY","Town/Rural",209688,37.2
196167,"SUNY College at Geneseo",2019,27,5294,23,17341,10433,0.654749353014473,"NY","Town/Rural",212104,37.2
196246,"SUNY College at Plattsburgh",2023,39,3856,36,15982,8410,0.751843043995244,"NY","Town/Rural",211853,37.2
196246,"SUNY College at Plattsburgh",2022,38,4004,37,17625,6872,0.702415599534342,"NY","Town/Rural",213993,37.2
196246,"SUNY College at Plattsburgh",2021,39,4323,36,15421,6733,0.67963760582207,"NY","Town/Rural",217586,37.2
196246,"SUNY College at Plattsburgh",2020,40,4680,36,15760,9009,0.61027861027861,"NY","Town/Rural",209688,37.2
196246,"SUNY College at Plattsburgh",2019,41,4871,37,14811,9587,0.584750182538855,"NY","Town/Rural",212104,37.2
196200,"SUNY College at Potsdam",2023,43,2211,35,14574,3905,0.854801536491677,"NY","Town/Rural",211853,37.2
196200,"SUNY College at Potsdam",2022,45,2082,28,15310,3170,0.826813880126183,"NY","Town/Rural",213993,37.2
196200,"SUNY College at Potsdam",2021,47,2352,29,14494,3225,0.813333333333333,"NY","Town/Rural",217586,37.2
196200,"SUNY College at Potsdam",2020,50,2842,34,14505,4450,0.716629213483146,"NY","Town/Rural",209688,37.2
196200,"SUNY College at Potsdam",2019,53,3063,36,13454,5079,0.679661350659579,"NY","Town/Rural",212104,37.2
196033,"SUNY College of Agriculture and Technology at Cobleskill",2023,43,1792,31,18122,3147,0.832538925961233,"NY","Town/Rural",211853,37.2
196033,"SUNY College of Agriculture and Technology at Cobleskill",2022,42,1783,30,17602,2386,0.840318524727578,"NY","Town/Rural",213993,37.2
196033,"SUNY College of Agriculture and Technology at Cobleskill",2021,48,1820,32,15944,2064,0.810077519379845,"NY","Town/Rural",217586,37.2
196033,"SUNY College of Agriculture and Technology at Cobleskill",2020,47,2079,32,16644,2640,0.8,"NY","Town/Rural",209688,37.2
196033,"SUNY College of Agriculture and Technology at Cobleskill",2019,51,2267,31,15974,2364,0.537225042301184,"NY","Town/Rural",212104,37.2
196103,"SUNY College of Environmental Science and Forestry",2023,26,2346,31,19644,3541,0.829426715617057,"NY","City/Suburb",211853,37.2
196103,"SUNY College of Environmental Science and Forestry",2022,25,1621,23,20928,2466,0.695052716950527,"NY","City/Suburb",213993,37.2
196103,"SUNY College of Environmental Science and Forestry",2021,27,1638,23,22159,2252,0.653197158081705,"NY","City/Suburb",217586,37.2
196103,"SUNY College of Environmental Science and Forestry",2020,27,1754,22,22133,1951,0.601742696053306,"NY","City/Suburb",209688,37.2
196103,"SUNY College of Environmental Science and Forestry",2019,29,1812,22,20215,1661,0.695364238410596,"NY","City/Suburb",212104,37.2
196006,"SUNY College of Technology at Alfred",2023,45,3749,30,14877,7839,0.817451205510907,"NY","Town/Rural",211853,37.2
196006,"SUNY College of Technology at Alfred",2022,45,3348,30,17262,4922,0.817350670459163,"NY","Town/Rural",213993,37.2
196006,"SUNY College of Technology at Alfred",2021,49,3414,30,17401,4719,0.820936639118457,"NY","Town/Rural",217586,37.2
196006,"SUNY College of Technology at Alfred",2020,49,3667,29,17047,5982,0.717151454363089,"NY","Town/Rural",209688,37.2
196006,"SUNY College of Technology at Alfred",2019,52,3780,27,15596,6683,0.667364955858148,"NY","Town/Rural",212104,37.2
196015,"SUNY College of Technology at Canton",2023,47,2919,34,14451,3439,0.963361442279733,"NY","Town/Rural",211853,37.2
196015,"SUNY College of Technology at Canton",2022,47,2836,33,14049,2280,0.949122807017544,"NY","Town/Rural",213993,37.2
196015,"SUNY College of Technology at Canton",2021,51,2863,33,11529,2275,0.952087912087912,"NY","Town/Rural",217586,37.2
196015,"SUNY College of Technology at Canton",2020,54,3135,35,13431,2961,0.830124957784532,"NY","Town/Rural",209688,37.2
196015,"SUNY College of Technology at Canton",2019,57,3223,35,13285,3809,0.846153846153846,"NY","Town/Rural",212104,37.2
196024,"SUNY College of Technology at Delhi",2023,46,2634,44,16923,5867,0.884097494460542,"NY","Town/Rural",211853,37.2
196024,"SUNY College of Technology at Delhi",2022,47,2478,41,16314,3621,0.831538249102458,"NY","Town/Rural",213993,37.2
196024,"SUNY College of Technology at Delhi",2021,47,2503,42,16625,2890,0.884083044982699,"NY","Town/Rural",217586,37.2
196024,"SUNY College of Technology at Delhi",2020,48,2976,43,15727,4530,0.64878587196468,"NY","Town/Rural",209688,37.2
196024,"SUNY College of Technology at Delhi",2019,48,2999,42,14092,5148,0.72027972027972,"NY","Town/Rural",212104,37.2
196291,"SUNY Maritime College",2023,21,1243,35,20398,1629,0.785144260282382,"NY","City/Suburb",211853,37.2
196291,"SUNY Maritime College",2022,23,1295,33,19712,1337,0.803290949887809,"NY","City/Suburb",213993,37.2
196291,"SUNY Maritime College",2021,22,1401,33,19779,1187,0.740522325189554,"NY","City/Suburb",217586,37.2
196291,"SUNY Maritime College",2020,23,1511,34,18496,1455,0.727147766323024,"NY","City/Suburb",209688,37.2
196291,"SUNY Maritime College",2019,22,1522,33,18411,1323,0.73620559334845,"NY","City/Suburb",212104,37.2
196051,"SUNY Morrisville",2023,55,2030,45,16855,5122,0.912338930105428,"NY","Town/Rural",211853,37.2
196051,"SUNY Morrisville",2022,56,1803,42,16070,3648,0.87171052631579,"NY","Town/Rural",213993,37.2
196051,"SUNY Morrisville",2021,57,1957,39,17524,3529,0.808444318503825,"NY","Town/Rural",217586,37.2
196051,"SUNY Morrisville",2020,56,2486,42,18198,4528,0.767226148409894,"NY","Town/Rural",209688,37.2
196051,"SUNY Morrisville",2019,56,2781,42,19016,4804,0.748542880932556,"NY","Town/Rural",212104,37.2
196237,"SUNY Old Westbury",2023,47,4040,76,10495,6511,0.845799416372293,"NY","City/Suburb",211853,37.2
196237,"SUNY Old Westbury",2022,48,3907,74,12329,3825,0.921045751633987,"NY","City/Suburb",213993,37.2
196237,"SUNY Old Westbury",2021,47,4033,73,6979,4613,0.765662258833731,"NY","City/Suburb",217586,37.2
196237,"SUNY Old Westbury",2020,50,4659,73,10273,5780,0.530795847750865,"NY","City/Suburb",209688,37.2
196237,"SUNY Old Westbury",2019,51,4809,73,10686,3655,0.777564979480164,"NY","City/Suburb",212104,37.2
196185,"SUNY Oneonta",2023,33,4904,30,17918,13660,0.701537335285505,"NY","Town/Rural",211853,37.2
196185,"SUNY Oneonta",2022,33,4859,30,18129,9895,0.725315816068722,"NY","Town/Rural",213993,37.2
196185,"SUNY Oneonta",2021,34,5380,31,17594,9940,0.696076458752515,"NY","Town/Rural",217586,37.2
196185,"SUNY Oneonta",2020,34,6190,30,16635,12004,0.629540153282239,"NY","Town/Rural",209688,37.2
196185,"SUNY Oneonta",2019,35,6064,30,15688,12592,0.560355781448539,"NY","Town/Rural",212104,37.2
196112,"SUNY Polytechnic Institute",2023,37,1904,33,14646,4936,0.784440842787682,"NY","City/Suburb",211853,37.2
196112,"SUNY Polytechnic Institute",2022,38,1982,31,13799,2919,0.816718054128126,"NY","City/Suburb",213993,37.2
196112,"SUNY Polytechnic Institute",2021,39,2037,30,10245,2686,0.772524199553239,"NY","City/Suburb",217586,37.2
196112,"SUNY Polytechnic Institute",2020,41,2239,29,14586,3053,0.733049459547986,"NY","City/Suburb",209688,37.2
196112,"SUNY Polytechnic Institute",2019,40,2216,28,14420,3167,0.690243132301863,"NY","City/Suburb",212104,37.2
216278,"Susquehanna University",2023,24,2241,26,27258,5974,0.787077335118848,"PA","Town/Rural",142275,31.8
216278,"Susquehanna University",2022,24,2224,24,28605,6375,0.766901960784314,"PA","Town/Rural",139193,31.8
216278,"Susquehanna University",2021,27,2197,24,28130,5384,0.766344725111441,"PA","Town/Rural",142186,31.8
216278,"Susquehanna University",2020,26,2239,21,26597,5497,0.730398399126796,"PA","Town/Rural",143645,31.8
216278,"Susquehanna University",2019,28,2312,24,27079,5723,0.720251616285165,"PA","Town/Rural",143842,31.8
216287,"Swarthmore College",2023,20,1644,70,17930,14287,0.0694337509624134,"PA","City/Suburb",142275,31.8
216287,"Swarthmore College",2022,19,1625,68,20715,14707,0.0692867342082002,"PA","City/Suburb",139193,31.8
216287,"Swarthmore College",2021,22,1651,67,19733,13012,0.0778512142637565,"PA","City/Suburb",142186,31.8
216287,"Swarthmore College",2020,20,1437,67,20360,11630,0.090627687016337,"PA","City/Suburb",143645,31.8
216287,"Swarthmore College",2019,20,1594,63,19759,11442,0.0893200489424926,"PA","City/Suburb",143842,31.8
233718,"Sweet Briar College",2023,31,464,32,25598,1136,0.717429577464789,"VA","Town/Rural",99497,39.3
233718,"Sweet Briar College",2022,35,457,32,28408,1204,0.757475083056478,"VA","Town/Rural",98780,39.3
233718,"Sweet Briar College",2021,32,452,30,22711,1192,0.800335570469799,"VA","Town/Rural",100147,39.3
233718,"Sweet Briar College",2020,31,356,28,26554,873,0.759450171821306,"VA","Town/Rural",98970,39.3
233718,"Sweet Briar College",2019,31,351,26,25859,724,0.794198895027624,"VA","Town/Rural",95710,39.3
196413,"Syracuse University",2023,16,15739,44,51520,42089,0.416854760151108,"NY","City/Suburb",211853,37.2
196413,"Syracuse University",2022,17,15421,45,43651,41489,0.517510665477596,"NY","City/Suburb",213993,37.2
196413,"Syracuse University",2021,17,14778,46,43545,39682,0.591930850259563,"NY","City/Suburb",217586,37.2
196413,"Syracuse University",2020,16,14479,45,47177,32005,0.687205124199344,"NY","City/Suburb",209688,37.2
196413,"Syracuse University",2019,18,15275,44,43111,35299,0.443751947647242,"NY","City/Suburb",212104,37.2
155973,"Tabor College",2023,38,581,38,19998,585,0.646153846153846,"KS","Town/Rural",36832,33.8
155973,"Tabor College",2022,38,571,41,21080,1512,0.527116402116402,"KS","Town/Rural",36624,33.8
155973,"Tabor College",2021,38,621,43,20919,1364,0.544721407624633,"KS","Town/Rural",36149,33.8
155973,"Tabor College",2020,42,586,44,22940,1052,0.463878326996198,"KS","Town/Rural",35923,33.8
155973,"Tabor College",2019,38,577,38,24708,812,0.559113300492611,"KS","Town/Rural",35979,33.8
102298,"Talladega College",2023,76,782,95,12450,8900,0.99247191011236,"AL","Town/Rural",52181,25.5
186900,"Talmudical Academy-New Jersey",2023,56,78,5,8295,24,0.416666666666667,"NJ","City/Suburb",104131,40.8
186900,"Talmudical Academy-New Jersey",2022,50,73,5,7433,18,0.666666666666667,"NJ","City/Suburb",107755,40.8
186900,"Talmudical Academy-New Jersey",2021,65,76,8,10253,10,0.8,"NJ","City/Suburb",109108,40.8
186900,"Talmudical Academy-New Jersey",2020,58,63,6,11581,9,1,"NJ","City/Suburb",109961,40.8
186900,"Talmudical Academy-New Jersey",2019,59,60,7,12336,10,0.8,"NJ","City/Suburb",113367,40.8
196440,"Talmudical Institute of Upstate New York",2023,64,16,6,4545,3,1,"NY","City/Suburb",211853,37.2
196440,"Talmudical Institute of Upstate New York",2022,43,14,7,4000,7,1,"NY","City/Suburb",213993,37.2
196440,"Talmudical Institute of Upstate New York",2021,50,14,7,6000,4,1,"NY","City/Suburb",217586,37.2
196440,"Talmudical Institute of Upstate New York",2020,75,8,25,3230,2,1,"NY","City/Suburb",209688,37.2
451404,"Talmudical Seminary of Bobov",2023,95,515,0,2413,207,0.980676328502415,"NY","City/Suburb",211853,37.2
451404,"Talmudical Seminary of Bobov",2022,96,459,0,2468,185,0.918918918918919,"NY","City/Suburb",213993,37.2
451404,"Talmudical Seminary of Bobov",2021,98,473,0,3934,225,0.755555555555556,"NY","City/Suburb",217586,37.2
451404,"Talmudical Seminary of Bobov",2020,98,423,0,2154,124,0.919354838709677,"NY","City/Suburb",209688,37.2
451404,"Talmudical Seminary of Bobov",2019,100,418,0,2862,125,0.84,"NY","City/Suburb",212104,37.2
196431,"Talmudical Seminary Oholei Torah",2023,60,353,11,10728,73,0.780821917808219,"NY","City/Suburb",211853,37.2
196431,"Talmudical Seminary Oholei Torah",2022,65,348,9,10934,69,0.782608695652174,"NY","City/Suburb",213993,37.2
196431,"Talmudical Seminary Oholei Torah",2021,65,385,12,13824,63,0.952380952380952,"NY","City/Suburb",217586,37.2
196431,"Talmudical Seminary Oholei Torah",2020,60,331,8,12090,56,0.839285714285714,"NY","City/Suburb",209688,37.2
196431,"Talmudical Seminary Oholei Torah",2019,67,359,12,16570,58,0.982758620689655,"NY","City/Suburb",212104,37.2
216311,"Talmudical Yeshiva of Philadelphia",2023,28,120,5,11018,49,0.755102040816326,"PA","City/Suburb",142275,31.8
216311,"Talmudical Yeshiva of Philadelphia",2022,28,123,3,10033,40,0.875,"PA","City/Suburb",139193,31.8
216311,"Talmudical Yeshiva of Philadelphia",2021,23,117,3,9889,49,0.73469387755102,"PA","City/Suburb",142186,31.8
216311,"Talmudical Yeshiva of Philadelphia",2020,22,132,2,8560,46,0.847826086956522,"PA","City/Suburb",143645,31.8
216311,"Talmudical Yeshiva of Philadelphia",2019,24,130,5,9795,53,0.754716981132076,"PA","City/Suburb",143842,31.8
228529,"Tarleton State University",2023,37,13688,37,15363,8746,0.942030642579465,"TX","Town/Rural",385604,30.3
228529,"Tarleton State University",2022,38,11880,37,13755,5788,0.870594333102972,"TX","Town/Rural",375741,30.3
228529,"Tarleton State University",2021,39,11666,36,13752,10657,0.568077320071315,"TX","Town/Rural",377064,30.3
228529,"Tarleton State University",2020,39,11893,37,15181,10169,0.577539581079752,"TX","Town/Rural",372402,30.3
228529,"Tarleton State University",2019,40,11350,36,14631,10112,0.557654272151899,"TX","Town/Rural",364979,30.3
152530,"Taylor University",2023,13,2372,20,25698,2076,0.761078998073218,"IN","Town/Rural",76628,27.1
152530,"Taylor University",2022,14,2188,20,27366,2099,0.746069556931872,"IN","Town/Rural",74897,27.1
152530,"Taylor University",2021,14,1944,18,26879,2037,0.728522336769759,"IN","Town/Rural",78348,27.1
152530,"Taylor University",2020,17,2076,17,25991,2177,0.70096463022508,"IN","Town/Rural",78809,27.1
152530,"Taylor University",2019,17,2147,18,26703,2341,0.681332763776164,"IN","Town/Rural",76144,27.1
149329,"Telshe Yeshiva-Chicago",2023,38,78,3,8085,19,1,"IL","City/Suburb",148445,35.1
149329,"Telshe Yeshiva-Chicago",2022,44,79,3,2281,35,0.942857142857143,"IL","City/Suburb",145439,35.1
149329,"Telshe Yeshiva-Chicago",2021,34,73,4,6993,15,0.933333333333333,"IL","City/Suburb",150490,35.1
149329,"Telshe Yeshiva-Chicago",2020,42,82,2,6326,22,1,"IL","City/Suburb",149373,35.1
149329,"Telshe Yeshiva-Chicago",2019,36,71,0,6450,24,0.916666666666667,"IL","City/Suburb",152277,35.1
216339,"Temple University",2023,30,21720,54,29641,36399,0.82917113107503,"PA","City/Suburb",142275,31.8
216339,"Temple University",2022,30,24106,50,23935,38666,0.797005120777944,"PA","City/Suburb",139193,31.8
216339,"Temple University",2021,30,25967,47,23224,37571,0.723323840195896,"PA","City/Suburb",142186,31.8
216339,"Temple University",2020,29,27306,45,23254,33805,0.714213873687324,"PA","City/Suburb",143645,31.8
216339,"Temple University",2019,30,28726,45,23032,35599,0.600438214556589,"PA","City/Suburb",143842,31.8
221838,"Tennessee State University",2023,52,6765,95,9231,12890,0.926299456943367,"TN","City/Suburb",72084,27.5
221847,"Tennessee Technological University",2023,31,8838,20,15138,8772,0.831623347013224,"TN","Town/Rural",72084,27.5
221847,"Tennessee Technological University",2022,32,8537,19,15188,7229,0.781020888089639,"TN","Town/Rural",71347,27.5
221847,"Tennessee Technological University",2021,33,8394,17,15481,6412,0.791484716157205,"TN","Town/Rural",72685,27.5
221847,"Tennessee Technological University",2020,34,8778,17,16618,6781,0.796342722312343,"TN","Town/Rural",73281,27.5
221847,"Tennessee Technological University",2019,36,8957,16,16634,6621,0.790212958767558,"TN","Town/Rural",72802,27.5
221731,"Tennessee Wesleyan University",2023,38,857,25,16414,988,0.59412955465587,"TN","Town/Rural",72084,27.5
221731,"Tennessee Wesleyan University",2022,43,929,26,13591,968,0.607438016528926,"TN","Town/Rural",71347,27.5
221731,"Tennessee Wesleyan University",2021,45,974,28,15072,884,0.596153846153846,"TN","Town/Rural",72685,27.5
221731,"Tennessee Wesleyan University",2020,45,990,28,13183,1039,0.609239653512993,"TN","Town/Rural",73281,27.5
221731,"Tennessee Wesleyan University",2019,45,1060,28,12043,877,0.614595210946408,"TN","Town/Rural",72802,27.5
226152,"Texas A & M International University",2023,63,7004,98,3833,8309,0.459622096521844,"TX","City/Suburb",385604,30.3
226152,"Texas A & M International University",2022,63,6979,98,5383,7848,0.478848114169215,"TX","City/Suburb",375741,30.3
226152,"Texas A & M International University",2021,65,6890,98,5155,5263,0.543796313889417,"TX","City/Suburb",377064,30.3
226152,"Texas A & M International University",2020,66,7084,98,4165,7079,0.589348778075999,"TX","City/Suburb",372402,30.3
226152,"Texas A & M International University",2019,64,7220,98,3323,7884,0.541476407914764,"TX","City/Suburb",364979,30.3
228723,"Texas A & M University-College Station",2023,19,59933,46,21610,50832,0.632455933270381,"TX","City/Suburb",385604,30.3
228723,"Texas A & M University-College Station",2022,20,57512,45,20375,43422,0.626479664686104,"TX","City/Suburb",375741,30.3
228723,"Texas A & M University-College Station",2021,20,56723,43,22253,43763,0.642826131663734,"TX","City/Suburb",377064,30.3
228723,"Texas A & M University-College Station",2020,21,55568,42,19906,42872,0.632697331591715,"TX","City/Suburb",372402,30.3
228723,"Texas A & M University-College Station",2019,22,53791,41,19237,42476,0.577949901120633,"TX","City/Suburb",364979,30.3
224554,"Texas A & M University-Commerce",2023,40,8318,60,11902,8231,0.925889928319767,"TX","Town/Rural",385604,30.3
224554,"Texas A & M University-Commerce",2022,40,7383,58,13025,6604,0.864476075105996,"TX","Town/Rural",375741,30.3
224554,"Texas A & M University-Commerce",2021,40,7584,58,13639,5203,0.866615414184125,"TX","Town/Rural",377064,30.3
224554,"Texas A & M University-Commerce",2020,43,8349,59,12853,8577,0.600559636236446,"TX","Town/Rural",372402,30.3
224554,"Texas A & M University-Commerce",2019,46,8390,58,12477,9293,0.431292370601528,"TX","Town/Rural",364979,30.3
224147,"Texas A & M University-Corpus Christi",2023,40,7822,67,14991,10675,0.894707259953162,"TX","City/Suburb",385604,30.3
224147,"Texas A & M University-Corpus Christi",2022,39,7824,65,13898,8421,0.879705498159363,"TX","City/Suburb",375741,30.3
224147,"Texas A & M University-Corpus Christi",2021,38,8027,65,14349,7222,0.912766546662974,"TX","City/Suburb",377064,30.3
224147,"Texas A & M University-Corpus Christi",2020,40,8483,64,14294,8540,0.901288056206089,"TX","City/Suburb",372402,30.3
224147,"Texas A & M University-Corpus Christi",2019,42,9323,64,12916,9839,0.799979672730969,"TX","City/Suburb",364979,30.3
228705,"Texas A & M University-Kingsville",2023,55,5187,85,10474,7915,0.92293114339861,"TX","Town/Rural",385604,30.3
228705,"Texas A & M University-Kingsville",2022,53,4847,85,11347,5768,0.965499306518724,"TX","Town/Rural",375741,30.3
228705,"Texas A & M University-Kingsville",2021,49,5085,85,12028,4936,0.928687196110211,"TX","Town/Rural",377064,30.3
228705,"Texas A & M University-Kingsville",2020,46,5675,85,13466,6308,0.879201014584654,"TX","Town/Rural",372402,30.3
228705,"Texas A & M University-Kingsville",2019,45,6178,85,13069,6371,0.772563176895307,"TX","Town/Rural",364979,30.3
483036,"Texas A&M University-Central Texas",2023,48,1702,64,437,33,1,"TX","Town/Rural",385604,30.3
483036,"Texas A&M University-Central Texas",2022,50,1712,63,5465,70,0.957142857142857,"TX","Town/Rural",375741,30.3
483036,"Texas A&M University-Central Texas",2021,50,1774,62,8089,49,0.959183673469388,"TX","Town/Rural",377064,30.3
483036,"Texas A&M University-Central Texas",2020,53,1886,62,3637,53,0.924528301886792,"TX","Town/Rural",372402,30.3
459949,"Texas A&M University-San Antonio",2023,51,6706,83,13263,7773,0.919979415926927,"TX","City/Suburb",385604,30.3
459949,"Texas A&M University-San Antonio",2022,49,6616,88,11043,9110,0.960922063666301,"TX","City/Suburb",375741,30.3
459949,"Texas A&M University-San Antonio",2021,51,6404,87,12235,10684,0.727442905278922,"TX","City/Suburb",377064,30.3
459949,"Texas A&M University-San Antonio",2020,53,6078,87,11175,10006,0.598540875474715,"TX","City/Suburb",372402,30.3
459949,"Texas A&M University-San Antonio",2019,52,5965,86,14059,8617,0.438551700127655,"TX","City/Suburb",364979,30.3
224545,"Texas A&M University-Texarkana",2023,51,1760,51,13320,1802,0.80188679245283,"TX","City/Suburb",385604,30.3
224545,"Texas A&M University-Texarkana",2022,51,1761,50,10646,2018,0.914767096134787,"TX","City/Suburb",375741,30.3
224545,"Texas A&M University-Texarkana",2021,52,1769,48,13810,1681,0.960142772159429,"TX","City/Suburb",377064,30.3
224545,"Texas A&M University-Texarkana",2020,51,1801,49,11201,2458,0.964605370219691,"TX","City/Suburb",372402,30.3
224545,"Texas A&M University-Texarkana",2019,52,1716,47,10412,2393,0.935645633096532,"TX","City/Suburb",364979,30.3
228875,"Texas Christian University",2023,13,10937,36,39005,20517,0.425988204903251,"TX","City/Suburb",385604,30.3
228875,"Texas Christian University",2022,12,10523,35,44190,16197,0.5610298203371,"TX","City/Suburb",375741,30.3
228875,"Texas Christian University",2021,14,10222,33,42574,19782,0.536143969264988,"TX","City/Suburb",377064,30.3
228875,"Texas Christian University",2020,14,9704,33,40220,21145,0.480255379522346,"TX","City/Suburb",372402,30.3
228875,"Texas Christian University",2019,14,9474,32,37509,19028,0.471200336346437,"TX","City/Suburb",364979,30.3
228981,"Texas Lutheran University",2023,38,1290,61,23600,1554,0.947876447876448,"TX","Town/Rural",385604,30.3
228981,"Texas Lutheran University",2022,35,1329,59,21418,1835,0.918256130790191,"TX","Town/Rural",375741,30.3
228981,"Texas Lutheran University",2021,37,1427,55,19829,2630,0.629277566539924,"TX","Town/Rural",377064,30.3
228981,"Texas Lutheran University",2020,38,1455,54,19128,2683,0.592992918374953,"TX","Town/Rural",372402,30.3
228981,"Texas Lutheran University",2019,36,1445,54,19896,3001,0.557480839720093,"TX","Town/Rural",364979,30.3
229063,"Texas Southern University",2023,71,6619,99,15021,7867,0.933519766111605,"TX","City/Suburb",385604,30.3
229063,"Texas Southern University",2022,70,6830,99,11826,8582,0.967956187368912,"TX","City/Suburb",375741,30.3
229063,"Texas Southern University",2021,68,5726,99,9921,10554,0.630471859010802,"TX","City/Suburb",377064,30.3
229063,"Texas Southern University",2020,69,5298,99,13481,6687,0.663675788844026,"TX","City/Suburb",372402,30.3
229063,"Texas Southern University",2019,65,7092,99,14540,8554,0.908580780921206,"TX","City/Suburb",364979,30.3
228459,"Texas State University",2023,36,34547,61,15307,37183,0.894844418148078,"TX","City/Suburb",385604,30.3
228459,"Texas State University",2022,36,33834,60,14120,28908,0.877023661270237,"TX","City/Suburb",375741,30.3
228459,"Texas State University",2021,36,33175,59,16385,31073,0.699900234930647,"TX","City/Suburb",377064,30.3
228459,"Texas State University",2020,36,33193,58,13750,25461,0.845371352264247,"TX","City/Suburb",372402,30.3
228459,"Texas State University",2019,37,33917,57,13178,23583,0.811347156850273,"TX","City/Suburb",364979,30.3
229115,"Texas Tech University",2023,26,32635,47,16773,34020,0.708877131099353,"TX","City/Suburb",385604,30.3
229115,"Texas Tech University",2022,25,32579,46,17896,35400,0.673361581920904,"TX","City/Suburb",375741,30.3
229115,"Texas Tech University",2021,25,33132,45,17057,33756,0.678634909349449,"TX","City/Suburb",377064,30.3
229115,"Texas Tech University",2020,25,33174,46,15452,29131,0.700284919844839,"TX","City/Suburb",372402,30.3
229115,"Texas Tech University",2019,27,32125,46,16463,25384,0.6891348881185,"TX","City/Suburb",364979,30.3
229160,"Texas Wesleyan University",2023,41,1910,64,21169,4725,0.623915343915344,"TX","City/Suburb",385604,30.3
229160,"Texas Wesleyan University",2022,42,1879,73,15652,4622,0.609260060579836,"TX","City/Suburb",375741,30.3
229160,"Texas Wesleyan University",2021,51,1775,72,21495,3977,0.575308021121448,"TX","City/Suburb",377064,30.3
229160,"Texas Wesleyan University",2020,51,1406,73,23479,3208,0.4678927680798,"TX","City/Suburb",372402,30.3
229160,"Texas Wesleyan University",2019,52,1494,73,26434,3337,0.420737189091999,"TX","City/Suburb",364979,30.3
229179,"Texas Woman's University",2023,40,10260,69,10763,7584,0.949894514767933,"TX","City/Suburb",385604,30.3
229179,"Texas Woman's University",2022,38,10153,67,11682,7286,0.93631622289322,"TX","City/Suburb",375741,30.3
229179,"Texas Woman's University",2021,37,10290,65,11627,5355,0.957049486461251,"TX","City/Suburb",377064,30.3
229179,"Texas Woman's University",2020,39,10664,64,10087,5824,0.936813186813187,"TX","City/Suburb",372402,30.3
229179,"Texas Woman's University",2019,39,10598,63,9830,5656,0.932284299858557,"TX","City/Suburb",364979,30.3
131283,"The Catholic University of America",2023,17,3139,43,35008,5874,0.838440585631597,"DC","City/Suburb",5190,60.4
131283,"The Catholic University of America",2022,12,3011,38,36031,5801,0.855886916048957,"DC","City/Suburb",5148,60.4
131283,"The Catholic University of America",2021,11,2929,34,35520,5895,0.860050890585242,"DC","City/Suburb",5077,60.4
131283,"The Catholic University of America",2020,12,3055,33,36228,6258,0.82230744646852,"DC","City/Suburb",4662,60.4
131283,"The Catholic University of America",2019,12,3279,34,36331,5668,0.853563867325335,"DC","City/Suburb",4757,60.4
455664,"The Chicago School at Los Angeles",2022,56,284,57,39401,84,0.464285714285714,"CA","City/Suburb",473448,34.2
455664,"The Chicago School at Los Angeles",2021,54,223,59,33638,71,0.366197183098592,"CA","City/Suburb",467260,34.2
201821,"The Christ College of Nursing and Health Sciences",2023,34,765,28,18995,562,0.501779359430605,"OH","City/Suburb",133760,29
201821,"The Christ College of Nursing and Health Sciences",2022,33,866,26,18370,380,0.710526315789474,"OH","City/Suburb",133872,29
201821,"The Christ College of Nursing and Health Sciences",2021,36,879,25,17234,393,0.641221374045801,"OH","City/Suburb",136945,29
201821,"The Christ College of Nursing and Health Sciences",2020,37,1015,22,17501,367,0.708446866485014,"OH","City/Suburb",135941,29
201821,"The Christ College of Nursing and Health Sciences",2019,40,938,22,17443,342,0.517543859649123,"OH","City/Suburb",135868,29
142294,"The College of Idaho",2023,24,1049,45,22602,4553,0.472216121238744,"ID","City/Suburb",21457,27.7
142294,"The College of Idaho",2022,24,1052,45,24075,4490,0.455233853006682,"ID","City/Suburb",21128,27.7
142294,"The College of Idaho",2021,24,1119,44,23329,3464,0.562933025404157,"ID","City/Suburb",20809,27.7
142294,"The College of Idaho",2020,26,1100,46,21343,3677,0.483546369322818,"ID","City/Suburb",20446,27.7
142294,"The College of Idaho",2019,27,1077,43,21043,2399,0.486035848270113,"ID","City/Suburb",20130,27.7
187134,"The College of New Jersey",2023,20,7073,41,22379,11668,0.621443263627014,"NJ","City/Suburb",104131,40.8
187134,"The College of New Jersey",2022,19,7039,41,22273,10302,0.644340904678703,"NJ","City/Suburb",107755,40.8
187134,"The College of New Jersey",2021,18,6959,40,13269,10393,0.619840277109593,"NJ","City/Suburb",109108,40.8
187134,"The College of New Jersey",2020,18,7105,38,24617,13199,0.512538828699144,"NJ","City/Suburb",109961,40.8
187134,"The College of New Jersey",2019,17,7189,38,23945,13824,0.492766203703704,"NJ","City/Suburb",113367,40.8
195234,"The College of Saint Rose",2023,39,1250,47,24618,2827,0.733993632826318,"NY","City/Suburb",211853,37.2
195234,"The College of Saint Rose",2022,41,1432,48,23294,2456,0.780130293159609,"NY","City/Suburb",213993,37.2
195234,"The College of Saint Rose",2021,42,1798,47,23474,4525,0.763314917127072,"NY","City/Suburb",217586,37.2
195234,"The College of Saint Rose",2020,44,2249,47,21818,6373,0.818766671897066,"NY","City/Suburb",209688,37.2
195234,"The College of Saint Rose",2019,45,2433,46,23047,6566,0.874657325616814,"NY","City/Suburb",212104,37.2
174899,"The College of Saint Scholastica",2023,23,1755,26,23913,1608,0.937810945273632,"MN","City/Suburb",67002,36.7
174899,"The College of Saint Scholastica",2022,24,1938,22,24578,1653,0.966122202056866,"MN","City/Suburb",64579,36.7
174899,"The College of Saint Scholastica",2021,27,2144,19,25744,2087,0.736942980354576,"MN","City/Suburb",65199,36.7
174899,"The College of Saint Scholastica",2020,28,2244,18,23215,1922,0.73309053069719,"MN","City/Suburb",66285,36.7
174899,"The College of Saint Scholastica",2019,31,2481,17,24636,2046,0.750733137829912,"MN","City/Suburb",65499,36.7
206589,"The College of Wooster",2023,20,1876,39,29529,7031,0.543165979234817,"OH","Town/Rural",133760,29
206589,"The College of Wooster",2022,19,1967,40,28976,7251,0.562681009515929,"OH","Town/Rural",133872,29
206589,"The College of Wooster",2021,20,1968,39,24934,6611,0.606262290122523,"OH","Town/Rural",136945,29
206589,"The College of Wooster",2020,19,1924,40,27923,5582,0.652991759226084,"OH","Town/Rural",135941,29
206589,"The College of Wooster",2019,19,1942,39,28209,6352,0.546599496221662,"OH","Town/Rural",135868,29
190372,"The Cooper Union for the Advancement of Science and Art",2023,28,901,72,28199,1790,0.190502793296089,"NY","City/Suburb",211853,37.2
190372,"The Cooper Union for the Advancement of Science and Art",2022,28,899,72,26194,1500,0.224666666666667,"NY","City/Suburb",213993,37.2
190372,"The Cooper Union for the Advancement of Science and Art",2021,29,876,70,20757,2678,0.146751306945482,"NY","City/Suburb",217586,37.2
190372,"The Cooper Union for the Advancement of Science and Art",2020,26,806,68,25005,2358,0.175148430873622,"NY","City/Suburb",209688,37.2
190372,"The Cooper Union for the Advancement of Science and Art",2019,25,857,69,28366,2388,0.154522613065327,"NY","City/Suburb",212104,37.2
235167,"The Evergreen State College",2023,41,2108,43,18480,1443,0.972279972279972,"WA","City/Suburb",78990,36.7
235167,"The Evergreen State College",2022,45,1851,39,16318,1250,0.9736,"WA","City/Suburb",78071,36.7
235167,"The Evergreen State College",2021,45,1849,39,16155,1111,0.994599459945995,"WA","City/Suburb",79537,36.7
235167,"The Evergreen State College",2020,48,2080,38,14723,1047,0.983763132760267,"WA","City/Suburb",79042,36.7
235167,"The Evergreen State College",2019,47,2576,37,14909,1303,0.978511128165771,"WA","City/Suburb",78061,36.7
192110,"The Juilliard School",2023,13,619,71,42468,2020,0.0896039603960396,"NY","City/Suburb",211853,37.2
192110,"The Juilliard School",2022,15,586,69,43151,2083,0.106096975516083,"NY","City/Suburb",213993,37.2
192110,"The Juilliard School",2021,15,602,69,40304,2342,0.0742954739538856,"NY","City/Suburb",217586,37.2
192110,"The Juilliard School",2020,16,589,68,41022,2434,0.076417419884963,"NY","City/Suburb",209688,37.2
192110,"The Juilliard School",2019,17,588,67,34004,2704,0.0687869822485207,"NY","City/Suburb",212104,37.2
439701,"The King's University",2023,8,272,54,23878,25,1,"TX","City/Suburb",385604,30.3
439701,"The King's University",2022,43,255,43,22507,16,0.9375,"TX","City/Suburb",375741,30.3
439701,"The King's University",2021,38,299,38,20962,13,1,"TX","City/Suburb",377064,30.3
439701,"The King's University",2020,55,319,40,18752,35,0.942857142857143,"TX","City/Suburb",372402,30.3
439701,"The King's University",2019,46,316,41,24688,43,0.744186046511628,"TX","City/Suburb",364979,30.3
117751,"The Master's University and Seminary",2023,19,1914,40,33463,1157,0.75885911840968,"CA","City/Suburb",492544,34.2
117751,"The Master's University and Seminary",2022,25,1765,37,30783,848,0.781839622641509,"CA","City/Suburb",473448,34.2
117751,"The Master's University and Seminary",2021,25,1582,37,30748,1063,0.669802445907808,"CA","City/Suburb",467260,34.2
117751,"The Master's University and Seminary",2020,32,1649,31,29567,1924,0.598752598752599,"CA","City/Suburb",477479,34.2
117751,"The Master's University and Seminary",2019,32,1305,34,30268,660,0.671212121212121,"CA","City/Suburb",478819,34.2
167057,"The New England Conservatory of Music",2023,8,393,66,49544,959,0.427528675703858,"MA","City/Suburb",78133,44.5
167057,"The New England Conservatory of Music",2022,10,382,62,53162,815,0.375460122699387,"MA","City/Suburb",78514,44.5
167057,"The New England Conservatory of Music",2021,8,423,61,38409,952,0.432773109243697,"MA","City/Suburb",78839,44.5
167057,"The New England Conservatory of Music",2020,13,404,66,50651,1147,0.362685265911072,"MA","City/Suburb",79537,44.5
167057,"The New England Conservatory of Music",2019,14,497,63,46620,1129,0.369353410097431,"MA","City/Suburb",78060,44.5
193654,"The New School",2023,15,6841,69,62226,9148,0.625163970266725,"NY","City/Suburb",211853,37.2
193654,"The New School",2022,16,7171,67,55480,9524,0.571818563628727,"NY","City/Suburb",213993,37.2
193654,"The New School",2021,16,7381,66,43547,9696,0.662953795379538,"NY","City/Suburb",217586,37.2
193654,"The New School",2020,17,6399,67,50908,8701,0.690955062636479,"NY","City/Suburb",209688,37.2
193654,"The New School",2019,17,7409,67,50377,9208,0.573414422241529,"NY","City/Suburb",212104,37.2
100751,"The University of Alabama",2023,18,33435,28,21761,58418,0.75824232257181,"AL","City/Suburb",52181,25.5
100751,"The University of Alabama",2022,18,32458,27,20592,54072,0.800599201065246,"AL","City/Suburb",53739,25.5
100751,"The University of Alabama",2021,17,31685,24,21263,42421,0.789043162584569,"AL","City/Suburb",54466,25.5
100751,"The University of Alabama",2020,17,31670,23,20518,39560,0.803943377148635,"AL","City/Suburb",52925,25.5
100751,"The University of Alabama",2019,18,32795,23,20623,38505,0.826775743409947,"AL","City/Suburb",55331,25.5
202763,"The University of Findlay",2023,14,3954,28,26215,3760,0.863297872340426,"OH","Town/Rural",133760,29
202763,"The University of Findlay",2022,14,3795,33,24069,3609,0.859794957051815,"OH","Town/Rural",133872,29
202763,"The University of Findlay",2021,16,3778,38,23042,3554,0.835959482273495,"OH","Town/Rural",136945,29
202763,"The University of Findlay",2020,17,3732,34,26206,3386,0.795924394565859,"OH","Town/Rural",135941,29
202763,"The University of Findlay",2019,19,3524,30,25066,3336,0.772182254196643,"OH","Town/Rural",135868,29
180489,"The University of Montana",2023,28,7570,30,17775,9464,0.956043956043956,"MT","City/Suburb",9999,31.7
180489,"The University of Montana",2022,31,7215,26,16361,8943,0.953818629095382,"MT","City/Suburb",9694,31.7
180489,"The University of Montana",2021,31,7223,24,15228,7233,0.821374256878197,"MT","City/Suburb",9661,31.7
180489,"The University of Montana",2020,34,6975,24,15220,5380,0.957806691449814,"MT","City/Suburb",9686,31.7
180489,"The University of Montana",2019,36,7714,23,14731,4910,0.939714867617108,"MT","City/Suburb",9627,31.7
180692,"The University of Montana-Western",2023,35,1440,26,15726,793,0.994955863808323,"MT","Town/Rural",9999,31.7
180692,"The University of Montana-Western",2022,33,1424,27,11584,1476,0.363143631436314,"MT","Town/Rural",9694,31.7
180692,"The University of Montana-Western",2021,39,1399,24,12377,1278,0.333333333333333,"MT","Town/Rural",9661,31.7
180692,"The University of Montana-Western",2020,38,1334,21,11679,860,0.518604651162791,"MT","Town/Rural",9686,31.7
180692,"The University of Montana-Western",2019,36,1358,19,13519,793,0.564943253467844,"MT","Town/Rural",9627,31.7
171599,"The University of Olivet",2023,42,938,34,23533,1417,0.97106563161609,"MI","Town/Rural",108265,29.6
171599,"The University of Olivet",2022,45,860,33,21394,1439,0.846421125781793,"MI","Town/Rural",103443,29.6
171599,"The University of Olivet",2021,47,851,32,23779,1200,0.885,"MI","Town/Rural",107239,29.6
171599,"The University of Olivet",2020,49,968,35,21331,1509,0.852882703777336,"MI","Town/Rural",108725,29.6
137847,"The University of Tampa",2023,16,10111,30,35975,35353,0.40927219755042,"FL","City/Suburb",214692,30.4
137847,"The University of Tampa",2022,17,9602,31,34653,40286,0.263491039070645,"FL","City/Suburb",217330,30.4
137847,"The University of Tampa",2021,19,9838,34,34720,32904,0.535497203987357,"FL","City/Suburb",223891,30.4
137847,"The University of Tampa",2020,20,8657,39,33020,24886,0.555131399180262,"FL","City/Suburb",215797,30.4
137847,"The University of Tampa",2019,21,8697,39,31278,24448,0.447480366492147,"FL","City/Suburb",213187,30.4
220701,"The University of Tennessee Southern",2023,33,946,23,15642,613,0.827079934747145,"TN","Town/Rural",72084,27.5
220701,"The University of Tennessee Southern",2022,39,896,23,16762,608,0.802631578947368,"TN","Town/Rural",71347,27.5
220701,"The University of Tennessee Southern",2021,44,852,25,20305,408,0.92156862745098,"TN","Town/Rural",72685,27.5
220701,"The University of Tennessee Southern",2020,43,791,27,20324,664,0.983433734939759,"TN","Town/Rural",73281,27.5
220701,"The University of Tennessee Southern",2019,45,890,28,19207,674,0.986646884272997,"TN","Town/Rural",72802,27.5
221740,"The University of Tennessee-Chattanooga",2023,32,9982,31,13801,9096,0.770228671943711,"TN","City/Suburb",72084,27.5
221740,"The University of Tennessee-Chattanooga",2022,33,9884,25,14417,8345,0.826482923906531,"TN","City/Suburb",71347,27.5
221740,"The University of Tennessee-Chattanooga",2021,34,10016,25,13552,7607,0.856842382016564,"TN","City/Suburb",72685,27.5
221740,"The University of Tennessee-Chattanooga",2020,33,10341,25,14888,7938,0.831065759637188,"TN","City/Suburb",73281,27.5
221740,"The University of Tennessee-Chattanooga",2019,34,10297,25,13927,8189,0.820490902430089,"TN","City/Suburb",72802,27.5
221759,"The University of Tennessee-Knoxville",2023,21,28883,21,20885,50488,0.459931072730154,"TN","City/Suburb",72084,27.5
221759,"The University of Tennessee-Knoxville",2022,22,27039,21,21880,36290,0.684100303113805,"TN","City/Suburb",71347,27.5
221759,"The University of Tennessee-Knoxville",2021,24,25067,21,21512,29909,0.749373098398475,"TN","City/Suburb",72685,27.5
221759,"The University of Tennessee-Knoxville",2020,25,24254,21,21133,25423,0.78145773512174,"TN","City/Suburb",73281,27.5
221759,"The University of Tennessee-Knoxville",2019,25,23290,22,21024,21764,0.788458004043374,"TN","City/Suburb",72802,27.5
221768,"The University of Tennessee-Martin",2023,34,6234,23,11151,5199,0.873244854779765,"TN","Town/Rural",72084,27.5
221768,"The University of Tennessee-Martin",2022,37,6165,22,12619,5502,0.884405670665213,"TN","Town/Rural",71347,27.5
221768,"The University of Tennessee-Martin",2021,38,6007,21,11646,8705,0.75117748420448,"TN","Town/Rural",72685,27.5
221768,"The University of Tennessee-Martin",2020,37,6395,21,11895,9001,0.649483390734363,"TN","Town/Rural",73281,27.5
221768,"The University of Tennessee-Martin",2019,39,6763,21,11673,9158,0.644900633326054,"TN","Town/Rural",72802,27.5
228769,"The University of Texas at Arlington",2023,40,31112,77,14956,23126,0.812894577531782,"TX","City/Suburb",385604,30.3
228769,"The University of Texas at Arlington",2022,37,30791,75,14262,21963,0.808040795883987,"TX","City/Suburb",375741,30.3
228769,"The University of Texas at Arlington",2021,36,32962,72,15301,15498,0.927022841656988,"TX","City/Suburb",377064,30.3
228769,"The University of Texas at Arlington",2020,35,35064,69,15220,14620,0.87749658002736,"TX","City/Suburb",372402,30.3
228769,"The University of Texas at Arlington",2019,36,34820,67,14445,12650,0.828853754940711,"TX","City/Suburb",364979,30.3
228778,"The University of Texas at Austin",2023,25,42444,68,18036,66109,0.291231148557685,"TX","City/Suburb",385604,30.3
228778,"The University of Texas at Austin",2022,24,41309,67,17434,60055,0.313545916243444,"TX","City/Suburb",375741,30.3
228778,"The University of Texas at Austin",2021,24,40916,65,16589,66077,0.287452517517442,"TX","City/Suburb",377064,30.3
228778,"The University of Texas at Austin",2020,22,40048,63,16892,57241,0.319526213727922,"TX","City/Suburb",372402,30.3
228778,"The University of Texas at Austin",2019,23,40163,61,15502,53525,0.318150397010743,"TX","City/Suburb",364979,30.3
228787,"The University of Texas at Dallas",2023,30,21330,78,13464,29366,0.654634611455425,"TX","City/Suburb",385604,30.3
228787,"The University of Texas at Dallas",2022,32,21617,76,13555,21500,0.847441860465116,"TX","City/Suburb",375741,30.3
228787,"The University of Texas at Dallas",2021,32,21446,74,12924,18838,0.872120182609619,"TX","City/Suburb",377064,30.3
228787,"The University of Texas at Dallas",2020,32,21187,72,11185,15411,0.793588994873791,"TX","City/Suburb",372402,30.3
228787,"The University of Texas at Dallas",2019,33,20996,70,10455,14327,0.785928666154813,"TX","City/Suburb",364979,30.3
228796,"The University of Texas at El Paso",2023,61,20609,96,10333,11171,0.999015307492615,"TX","City/Suburb",385604,30.3
228796,"The University of Texas at El Paso",2022,58,20165,96,9563,10493,0.999237586962737,"TX","City/Suburb",375741,30.3
228796,"The University of Texas at El Paso",2021,58,20065,95,10538,10153,0.999803013887521,"TX","City/Suburb",377064,30.3
228796,"The University of Texas at El Paso",2020,57,21117,95,8758,13121,0.999695145187105,"TX","City/Suburb",372402,30.3
228796,"The University of Texas at El Paso",2019,57,21427,95,8414,10972,0.999908858913598,"TX","City/Suburb",364979,30.3
229027,"The University of Texas at San Antonio",2023,42,30310,81,10831,22497,0.884562386095924,"TX","City/Suburb",385604,30.3
229027,"The University of Texas at San Antonio",2022,43,29686,80,12664,23295,0.868984760678257,"TX","City/Suburb",375741,30.3
229027,"The University of Texas at San Antonio",2021,44,29801,79,11013,21726,0.904998619165976,"TX","City/Suburb",377064,30.3
229027,"The University of Texas at San Antonio",2020,45,29959,79,10934,21597,0.835440107422327,"TX","City/Suburb",372402,30.3
229027,"The University of Texas at San Antonio",2019,44,28275,78,13168,17122,0.765856792430791,"TX","City/Suburb",364979,30.3
228802,"The University of Texas at Tyler",2023,38,7287,50,14043,5521,0.915413874298134,"TX","City/Suburb",385604,30.3
228802,"The University of Texas at Tyler",2022,35,6971,49,13248,3493,0.938734612081305,"TX","City/Suburb",375741,30.3
228802,"The University of Texas at Tyler",2021,35,7185,49,11186,3577,0.938775510204082,"TX","City/Suburb",377064,30.3
228802,"The University of Texas at Tyler",2020,35,7237,46,11658,3346,0.916317991631799,"TX","City/Suburb",372402,30.3
228802,"The University of Texas at Tyler",2019,33,6995,43,7389,2742,0.831874544128373,"TX","City/Suburb",364979,30.3
229018,"The University of Texas Permian Basin",2023,36,4654,73,10143,1718,0.844586728754366,"TX","City/Suburb",385604,30.3
229018,"The University of Texas Permian Basin",2022,31,4640,72,10370,1475,0.947118644067797,"TX","City/Suburb",375741,30.3
229018,"The University of Texas Permian Basin",2021,37,4249,54,9447,1212,0.646864686468647,"TX","City/Suburb",377064,30.3
229018,"The University of Texas Permian Basin",2020,29,4496,66,7424,1389,0.879049676025918,"TX","City/Suburb",372402,30.3
229018,"The University of Texas Permian Basin",2019,31,4347,65,9769,1036,0.883204633204633,"TX","City/Suburb",364979,30.3
227368,"The University of Texas Rio Grande Valley",2023,64,27040,98,6978,13542,0.848176044897356,"TX","City/Suburb",385604,30.3
227368,"The University of Texas Rio Grande Valley",2022,62,26434,98,8105,13744,0.876964493597206,"TX","City/Suburb",375741,30.3
227368,"The University of Texas Rio Grande Valley",2021,63,26405,98,6244,14386,0.938968441540387,"TX","City/Suburb",377064,30.3
227368,"The University of Texas Rio Grande Valley",2020,64,26762,98,4419,12622,0.823878941530661,"TX","City/Suburb",372402,30.3
227368,"The University of Texas Rio Grande Valley",2019,62,24965,98,4654,11118,0.801583018528512,"TX","City/Suburb",364979,30.3
221519,"The University of the South",2023,15,1615,19,33616,5018,0.508967716221602,"TN","Town/Rural",72084,27.5
221519,"The University of the South",2022,15,1613,20,33061,4578,0.523154215814766,"TN","Town/Rural",71347,27.5
221519,"The University of the South",2021,16,1735,18,29626,4162,0.60259490629505,"TN","Town/Rural",72685,27.5
221519,"The University of the South",2020,15,1716,19,36244,4191,0.56072536387497,"TN","Town/Rural",73281,27.5
221519,"The University of the South",2019,16,1695,18,34971,3545,0.667136812411848,"TN","Town/Rural",72802,27.5
216357,"Thiel College",2023,39,819,21,22490,2197,0.705962676376878,"PA","Town/Rural",142275,31.8
216357,"Thiel College",2022,39,804,25,22732,1878,0.82321618743344,"PA","Town/Rural",139193,31.8
216357,"Thiel College",2021,46,783,26,22883,1680,0.880357142857143,"PA","Town/Rural",142186,31.8
216357,"Thiel College",2020,43,744,28,23513,1680,0.835119047619048,"PA","Town/Rural",143645,31.8
216357,"Thiel College",2019,46,729,30,25226,1827,0.793650793650794,"PA","Town/Rural",143842,31.8
124292,"Thomas Aquinas College",2023,20,539,38,23039,263,0.787072243346008,"CA","Town/Rural",492544,34.2
124292,"Thomas Aquinas College",2022,21,516,38,24217,262,0.847328244274809,"CA","Town/Rural",473448,34.2
124292,"Thomas Aquinas College",2021,22,497,33,22631,261,0.831417624521073,"CA","Town/Rural",467260,34.2
124292,"Thomas Aquinas College",2020,24,462,31,24067,235,0.85531914893617,"CA","Town/Rural",477479,34.2
124292,"Thomas Aquinas College",2019,26,439,29,22073,204,0.78921568627451,"CA","Town/Rural",478819,34.2
161563,"Thomas College",2023,15,1581,19,18882,853,0.970691676436108,"ME","Town/Rural",14133,31.5
161563,"Thomas College",2022,20,1623,17,22070,869,0.972382048331415,"ME","Town/Rural",13869,31.5
161563,"Thomas College",2019,22,1819,20,21305,1081,0.838112858464385,"ME","Town/Rural",15274,31.5
216366,"Thomas Jefferson University",2023,34,3731,55,29097,6084,0.861439842209073,"PA","City/Suburb",142275,31.8
216366,"Thomas Jefferson University",2022,33,3771,51,28110,5723,0.888520006989341,"PA","City/Suburb",139193,31.8
216366,"Thomas Jefferson University",2021,31,3754,46,24227,5135,0.780915287244401,"PA","City/Suburb",142186,31.8
216366,"Thomas Jefferson University",2020,33,3783,46,29255,4469,0.698366524949653,"PA","City/Suburb",143645,31.8
216366,"Thomas Jefferson University",2019,32,3665,45,27303,4317,0.658790826963169,"PA","City/Suburb",143842,31.8
183275,"Thomas More College of Liberal Arts",2020,43,80,19,17042,48,0.895833333333333,"NH","City/Suburb",14958,36.8
183275,"Thomas More College of Liberal Arts",2019,39,88,20,17389,47,0.936170212765957,"NH","City/Suburb",15466,36.8
157809,"Thomas More University",2023,22,1823,23,21314,3030,0.97029702970297,"KY","City/Suburb",49328,24.8
157809,"Thomas More University",2022,27,1829,21,21962,2919,0.942446043165468,"KY","City/Suburb",49640,24.8
157809,"Thomas More University",2021,28,1836,27,19819,2691,0.964325529542921,"KY","City/Suburb",50879,24.8
157809,"Thomas More University",2020,26,1892,24,20868,2646,0.91912320483749,"KY","City/Suburb",51547,24.8
157809,"Thomas More University",2019,30,2030,22,19766,2410,0.905809128630705,"KY","City/Suburb",51210,24.8
141167,"Thomas University",2023,47,882,64,19087,526,0.431558935361217,"GA","Town/Rural",126146,31.9
141167,"Thomas University",2022,43,793,63,12557,358,0.460893854748603,"GA","Town/Rural",122695,31.9
141167,"Thomas University",2021,42,763,67,22972,853,0.288393903868699,"GA","Town/Rural",124712,31.9
141167,"Thomas University",2020,31,732,70,19605,840,0.345238095238095,"GA","Town/Rural",126126,31.9
141167,"Thomas University",2019,46,935,82,23103,1007,0.380337636544191,"GA","Town/Rural",121897,31.9
206048,"Tiffin University",2023,36,2669,60,24516,4785,0.797701149425287,"OH","Town/Rural",133760,29
206048,"Tiffin University",2022,36,2339,55,25636,4195,0.828367103694875,"OH","Town/Rural",133872,29
206048,"Tiffin University",2021,38,2204,51,25811,3751,0.737403359104239,"OH","Town/Rural",136945,29
206048,"Tiffin University",2020,38,2194,48,23683,4738,0.62473617560152,"OH","Town/Rural",135941,29
206048,"Tiffin University",2019,39,2182,51,21539,4219,0.689025835506044,"OH","Town/Rural",135868,29
141185,"Toccoa Falls College",2023,20,2489,31,20657,876,0.638127853881279,"GA","Town/Rural",126146,31.9
141185,"Toccoa Falls College",2022,23,2008,26,20609,1066,0.680112570356473,"GA","Town/Rural",122695,31.9
141185,"Toccoa Falls College",2021,27,1735,26,20969,879,0.618885096700796,"GA","Town/Rural",124712,31.9
141185,"Toccoa Falls College",2020,29,1677,24,22359,1119,0.577301161751564,"GA","Town/Rural",126126,31.9
141185,"Toccoa Falls College",2019,31,1833,27,22309,1176,0.597789115646258,"GA","Town/Rural",121897,31.9
196583,"Torah Temimah Talmudical Seminary",2023,58,73,7,24034,34,0.647058823529412,"NY","City/Suburb",211853,37.2
196583,"Torah Temimah Talmudical Seminary",2022,74,67,4,24605,28,0.642857142857143,"NY","City/Suburb",213993,37.2
196583,"Torah Temimah Talmudical Seminary",2021,63,39,0,17402,10,1,"NY","City/Suburb",217586,37.2
196583,"Torah Temimah Talmudical Seminary",2020,64,45,0,22933,7,0.714285714285714,"NY","City/Suburb",209688,37.2
196583,"Torah Temimah Talmudical Seminary",2019,50,25,0,9633,12,0.833333333333333,"NY","City/Suburb",212104,37.2
176406,"Tougaloo College",2023,62,711,99,12158,1976,0.531882591093117,"MS","City/Suburb",32572,23.2
176406,"Tougaloo College",2022,63,657,99,13718,2817,0.49307774227902,"MS","City/Suburb",32131,23.2
176406,"Tougaloo College",2021,65,687,99,8037,3295,0.558118361153263,"MS","City/Suburb",32865,23.2
176406,"Tougaloo College",2020,86,762,100,12967,1844,0.712039045553145,"MS","City/Suburb",32110,23.2
176406,"Tougaloo College",2019,91,708,100,12590,2020,0.706930693069307,"MS","City/Suburb",32601,23.2
196592,"Touro University",2023,32,5098,46,25934,1657,0.630054315027157,"NY","City/Suburb",211853,37.2
196592,"Touro University",2022,34,4860,51,23960,1530,0.713071895424837,"NY","City/Suburb",213993,37.2
196592,"Touro University",2021,35,5179,40,23038,1592,0.769472361809045,"NY","City/Suburb",217586,37.2
196592,"Touro University",2020,38,5520,40,22711,1778,0.759842519685039,"NY","City/Suburb",209688,37.2
196592,"Touro University",2019,44,5689,41,24916,2070,0.694202898550725,"NY","City/Suburb",212104,37.2
164076,"Towson University",2023,33,16517,59,15064,18948,0.82800295545704,"MD","City/Suburb",69770,40.8
164076,"Towson University",2022,33,16861,56,14443,17770,0.785987619583568,"MD","City/Suburb",69124,40.8
164076,"Towson University",2021,31,17907,53,11076,11616,0.879218319559229,"MD","City/Suburb",71017,40.8
164076,"Towson University",2020,31,18730,50,16082,12295,0.788043920292802,"MD","City/Suburb",67971,40.8
164076,"Towson University",2019,31,19619,49,16161,12678,0.763054109480991,"MD","City/Suburb",68208,40.8
157818,"Transylvania University",2023,24,1022,21,25634,1986,0.849949647532729,"KY","City/Suburb",49328,24.8
157818,"Transylvania University",2022,26,979,22,25767,1781,0.90791690061763,"KY","City/Suburb",49640,24.8
157818,"Transylvania University",2021,28,970,21,26271,1631,0.919681177191907,"KY","City/Suburb",50879,24.8
157818,"Transylvania University",2020,26,958,22,26054,1663,0.921226698737222,"KY","City/Suburb",51547,24.8
157818,"Transylvania University",2019,25,946,21,25779,1782,0.896745230078563,"KY","City/Suburb",51210,24.8
221892,"Trevecca Nazarene University",2023,30,1825,46,16222,1958,0.70020429009193,"TN","City/Suburb",72084,27.5
221892,"Trevecca Nazarene University",2022,33,1866,43,16080,1658,0.708685162846803,"TN","City/Suburb",71347,27.5
221892,"Trevecca Nazarene University",2021,34,1917,41,15795,1565,0.776996805111821,"TN","City/Suburb",72685,27.5
221892,"Trevecca Nazarene University",2020,34,2103,40,16508,1461,0.628336755646817,"TN","City/Suburb",73281,27.5
221892,"Trevecca Nazarene University",2019,36,2350,39,18036,1662,0.623345367027678,"TN","City/Suburb",72802,27.5
152567,"Trine University",2023,16,4157,21,25580,4102,0.846903949293028,"IN","Town/Rural",76628,27.1
152567,"Trine University",2022,16,3819,18,24276,3904,0.918801229508197,"IN","Town/Rural",74897,27.1
152567,"Trine University",2021,20,3811,19,24688,4167,0.78521718262539,"IN","Town/Rural",78348,27.1
152567,"Trine University",2020,16,3370,20,24686,3841,0.789377766206717,"IN","Town/Rural",78809,27.1
152567,"Trine University",2019,15,3808,22,23202,4063,0.815653458035934,"IN","Town/Rural",76144,27.1
414878,"Trine University-Regional/Non-Traditional Campuses",2022,27,470,50,19616,45,0.244444444444444,"IN","Town/Rural",74897,27.1
414878,"Trine University-Regional/Non-Traditional Campuses",2021,28,383,33,12839,5,0.6,"IN","Town/Rural",78348,27.1
137953,"Trinity Baptist College",2023,46,385,40,18671,192,0.625,"FL","City/Suburb",214692,30.4
137953,"Trinity Baptist College",2022,58,340,34,19217,363,0.495867768595041,"FL","City/Suburb",217330,30.4
137953,"Trinity Baptist College",2021,56,355,41,17098,279,0.43010752688172,"FL","City/Suburb",223891,30.4
137953,"Trinity Baptist College",2020,53,351,40,15622,163,0.674846625766871,"FL","City/Suburb",215797,30.4
137953,"Trinity Baptist College",2019,63,334,40,15745,124,0.685483870967742,"FL","City/Suburb",213187,30.4
200484,"Trinity Bible College and Graduate School",2023,50,144,28,20462,185,0.362162162162162,"ND","Town/Rural",7668,29.7
200484,"Trinity Bible College and Graduate School",2022,51,150,25,15628,144,0.444444444444444,"ND","Town/Rural",7623,29.7
200484,"Trinity Bible College and Graduate School",2021,54,161,20,18862,32,0.96875,"ND","Town/Rural",7291,29.7
200484,"Trinity Bible College and Graduate School",2020,54,151,19,19101,45,1,"ND","Town/Rural",7385,29.7
200484,"Trinity Bible College and Graduate School",2019,47,173,20,18815,54,0.907407407407407,"ND","Town/Rural",7006,29.7
149505,"Trinity Christian College",2023,33,827,48,17218,652,0.886503067484663,"IL","City/Suburb",148445,35.1
149505,"Trinity Christian College",2022,32,854,43,18822,706,0.706798866855524,"IL","City/Suburb",145439,35.1
149505,"Trinity Christian College",2021,33,921,41,14700,1048,0.762404580152672,"IL","City/Suburb",150490,35.1
149505,"Trinity Christian College",2020,33,1015,38,23177,1208,0.63658940397351,"IL","City/Suburb",149373,35.1
149505,"Trinity Christian College",2019,37,1005,35,23177,973,0.690647482014389,"IL","City/Suburb",152277,35.1
130590,"Trinity College",2023,15,2237,40,31806,6396,0.335209505941213,"CT","City/Suburb",44962,39.6
130590,"Trinity College",2022,13,2167,40,32704,6220,0.361414790996785,"CT","City/Suburb",44540,39.6
130590,"Trinity College",2021,14,2159,38,29789,5603,0.37747635195431,"CT","City/Suburb",44901,39.6
130590,"Trinity College",2020,13,2200,38,26233,5952,0.360383064516129,"CT","City/Suburb",45222,39.6
130590,"Trinity College",2019,13,2195,38,27829,6080,0.334868421052632,"CT","City/Suburb",45216,39.6
137962,"Trinity College of Florida",2023,56,189,52,20828,81,0.962962962962963,"FL","City/Suburb",214692,30.4
137962,"Trinity College of Florida",2022,58,204,50,14645,87,0.597701149425287,"FL","City/Suburb",217330,30.4
137962,"Trinity College of Florida",2021,57,204,55,14857,137,0.467153284671533,"FL","City/Suburb",223891,30.4
137962,"Trinity College of Florida",2020,64,214,53,15976,105,0.504761904761905,"FL","City/Suburb",215797,30.4
137962,"Trinity College of Florida",2019,58,220,55,15894,118,0.822033898305085,"FL","City/Suburb",213187,30.4
149514,"Trinity International University-Illinois",2023,33,140,61,21260,264,0.931818181818182,"IL","City/Suburb",148445,35.1
149514,"Trinity International University-Illinois",2022,35,450,57,16703,366,0.912568306010929,"IL","City/Suburb",145439,35.1
149514,"Trinity International University-Illinois",2021,35,517,54,20328,373,0.914209115281501,"IL","City/Suburb",150490,35.1
149514,"Trinity International University-Illinois",2020,28,571,47,21271,277,0.859205776173285,"IL","City/Suburb",149373,35.1
149514,"Trinity International University-Illinois",2019,39,722,37,21218,493,0.602434077079107,"IL","City/Suburb",152277,35.1
229267,"Trinity University",2023,16,2531,48,32264,11425,0.281575492341357,"TX","City/Suburb",385604,30.3
229267,"Trinity University",2022,16,2512,46,30038,11463,0.305068481200384,"TX","City/Suburb",375741,30.3
229267,"Trinity University",2021,16,2527,44,27711,9626,0.337211718263038,"TX","City/Suburb",377064,30.3
229267,"Trinity University",2020,15,2504,44,31141,9394,0.336172024696615,"TX","City/Suburb",372402,30.3
229267,"Trinity University",2019,17,2443,44,30505,9864,0.287611516626115,"TX","City/Suburb",364979,30.3
131876,"Trinity Washington University",2023,51,1604,99,12704,1114,0.991921005385996,"DC","City/Suburb",5190,60.4
131876,"Trinity Washington University",2022,54,1561,99,13586,758,0.969656992084433,"DC","City/Suburb",5148,60.4
131876,"Trinity Washington University",2021,57,1441,98,12815,737,0.972862957937585,"DC","City/Suburb",5077,60.4
131876,"Trinity Washington University",2020,61,1444,98,15295,831,0.957882069795427,"DC","City/Suburb",4662,60.4
131876,"Trinity Washington University",2019,63,1356,98,15738,875,0.966857142857143,"DC","City/Suburb",4757,60.4
196653,"Trocaire College",2023,50,1104,53,21147,206,0.830097087378641,"NY","City/Suburb",211853,37.2
196653,"Trocaire College",2022,48,1022,55,18468,301,0.681063122923588,"NY","City/Suburb",213993,37.2
196653,"Trocaire College",2021,50,1101,47,14499,567,0.474426807760141,"NY","City/Suburb",217586,37.2
196653,"Trocaire College",2020,47,1376,40,16031,476,0.533613445378151,"NY","City/Suburb",209688,37.2
102368,"Troy University",2023,42,10468,47,12504,7947,0.926135648672455,"AL","Town/Rural",52181,25.5
102368,"Troy University",2022,42,10768,46,13187,7035,0.948400852878465,"AL","Town/Rural",53739,25.5
102368,"Troy University",2021,40,11297,47,12486,6766,0.95270469997044,"AL","Town/Rural",54466,25.5
102368,"Troy University",2020,41,12712,47,13257,7018,0.924337418067826,"AL","Town/Rural",52925,25.5
102368,"Troy University",2019,41,12995,47,12951,6146,0.875691506671005,"AL","Town/Rural",55331,25.5
141237,"Truett McConnell University",2023,10,2612,25,22373,730,0.906849315068493,"GA","Town/Rural",126146,31.9
141237,"Truett McConnell University",2022,11,2683,24,18835,652,0.808282208588957,"GA","Town/Rural",122695,31.9
141237,"Truett McConnell University",2021,11,2605,32,19167,1055,0.688151658767773,"GA","Town/Rural",124712,31.9
141237,"Truett McConnell University",2020,10,2826,53,19397,702,0.972934472934473,"GA","Town/Rural",126126,31.9
141237,"Truett McConnell University",2019,12,2983,77,17644,611,0.941080196399345,"GA","Town/Rural",121897,31.9
178615,"Truman State University",2023,15,3302,20,12798,3263,0.799570946981306,"MO","Town/Rural",67773,29.5
178615,"Truman State University",2022,16,3622,20,13993,4912,0.450529315960912,"MO","Town/Rural",66781,29.5
178615,"Truman State University",2021,18,3890,20,11470,4068,0.609882005899705,"MO","Town/Rural",66906,29.5
178615,"Truman State University",2020,19,4389,20,12621,3839,0.721021099244595,"MO","Town/Rural",67892,29.5
178615,"Truman State University",2019,21,4939,22,12912,4595,0.626115342763874,"MO","Town/Rural",68482,29.5
168148,"Tufts University",2023,12,6877,58,33333,34003,0.101285180719348,"MA","City/Suburb",78133,44.5
168148,"Tufts University",2022,12,6815,56,30479,34882,0.0969267817212316,"MA","City/Suburb",78514,44.5
168148,"Tufts University",2021,12,6676,52,31630,31198,0.114302198858901,"MA","City/Suburb",78839,44.5
168148,"Tufts University",2020,11,6114,49,32720,23127,0.16301292861158,"MA","City/Suburb",79537,44.5
168148,"Tufts University",2019,12,5907,47,26280,22766,0.149521215848195,"MA","City/Suburb",78060,44.5
160755,"Tulane University of Louisiana",2023,9,8077,37,50631,27936,0.145940721649485,"LA","City/Suburb",49729,24.3
160755,"Tulane University of Louisiana",2022,9,8165,35,50263,31615,0.114534240075913,"LA","City/Suburb",49777,24.3
160755,"Tulane University of Louisiana",2021,10,8777,32,45048,45525,0.0963207029104887,"LA","City/Suburb",52461,24.3
160755,"Tulane University of Louisiana",2020,10,8537,31,47413,43892,0.111113642577235,"LA","City/Suburb",53334,24.3
160755,"Tulane University of Louisiana",2019,11,7980,32,40783,42185,0.128742443996681,"LA","City/Suburb",52809,24.3
221953,"Tusculum University",2023,45,1022,42,22961,758,0.604221635883905,"TN","Town/Rural",72084,27.5
221953,"Tusculum University",2022,47,1111,64,20414,1369,0.810810810810811,"TN","Town/Rural",71347,27.5
221953,"Tusculum University",2021,43,1234,51,13234,1258,0.77027027027027,"TN","Town/Rural",72685,27.5
221953,"Tusculum University",2020,46,1353,36,17987,2463,0.671538773853025,"TN","Town/Rural",73281,27.5
221953,"Tusculum University",2019,52,1388,33,17533,1965,0.723664122137405,"TN","Town/Rural",72802,27.5
102377,"Tuskegee University",2023,48,2400,99,35126,11742,0.314256515074093,"AL","Town/Rural",52181,25.5
102377,"Tuskegee University",2022,57,2100,99,35596,12043,0.2968529436187,"AL","Town/Rural",53739,25.5
102377,"Tuskegee University",2021,13,2184,99,36907,8597,0.341979760381528,"AL","Town/Rural",54466,25.5
102377,"Tuskegee University",2020,57,2280,100,36528,11113,0.61126608476559,"AL","Town/Rural",52925,25.5
102377,"Tuskegee University",2019,21,2394,100,33420,10750,0.517302325581395,"AL","Town/Rural",55331,25.5
181738,"Union Adventist University",2023,24,536,53,23602,936,0.998931623931624,"NE","City/Suburb",24387,32.4
181738,"Union Adventist University",2022,33,607,50,23462,940,0.988297872340426,"NE","City/Suburb",23856,32.4
181738,"Union Adventist University",2021,35,685,52,24725,722,0.984764542936288,"NE","City/Suburb",23769,32.4
181738,"Union Adventist University",2020,39,669,49,22895,1292,0.976006191950464,"NE","City/Suburb",23830,32.4
181738,"Union Adventist University",2019,41,680,51,22831,671,0.928464977645306,"NE","City/Suburb",23314,32.4
491525,"Union Bible College",2023,26,164,52,8872,98,0.86734693877551,"IN","City/Suburb",76628,27.1
491525,"Union Bible College",2022,35,102,19,6783,55,0.890909090909091,"IN","City/Suburb",74897,27.1
491525,"Union Bible College",2021,48,77,27,7542,38,0.81578947368421,"IN","City/Suburb",78348,27.1
491525,"Union Bible College",2020,45,64,17,4990,23,0.826086956521739,"IN","City/Suburb",78809,27.1
491525,"Union Bible College",2019,31,66,12,9250,29,0.758620689655172,"IN","City/Suburb",76144,27.1
196866,"Union College",2023,13,2082,34,42884,9295,0.437869822485207,"NY","City/Suburb",211853,37.2
196866,"Union College",2022,13,2107,34,41136,8458,0.465121778198156,"NY","City/Suburb",213993,37.2
196866,"Union College",2021,15,2096,33,39101,7470,0.470281124497992,"NY","City/Suburb",217586,37.2
196866,"Union College",2020,14,2047,32,37630,7622,0.412621359223301,"NY","City/Suburb",209688,37.2
196866,"Union College",2019,13,2189,32,39527,6086,0.429181728557345,"NY","City/Suburb",212104,37.2
157863,"Union College",2023,51,737,41,19223,834,0.550359712230216,"KY","Town/Rural",49328,24.8
157863,"Union College",2022,50,724,38,18221,1142,0.53415061295972,"KY","Town/Rural",49640,24.8
157863,"Union College",2021,56,789,31,15690,723,0.564315352697095,"KY","Town/Rural",50879,24.8
157863,"Union College",2020,56,945,32,18027,1249,0.573258606885508,"KY","Town/Rural",51547,24.8
157863,"Union College",2019,46,946,30,17824,1357,0.546794399410464,"KY","Town/Rural",51210,24.8
221971,"Union University",2023,25,1891,35,27191,3012,0.471779548472776,"TN","City/Suburb",72084,27.5
221971,"Union University",2022,26,1900,35,28585,2839,0.525537160972173,"TN","City/Suburb",71347,27.5
221971,"Union University",2021,27,1993,32,27660,2660,0.528947368421053,"TN","City/Suburb",72685,27.5
221971,"Union University",2020,31,2096,30,26906,2503,0.575309628445865,"TN","City/Suburb",73281,27.5
221971,"Union University",2019,31,2164,28,31980,2866,0.527215631542219,"TN","City/Suburb",72802,27.5
197027,"United States Merchant Marine Academy",2023,7,947,23,5173,1392,0.324712643678161,"NY","City/Suburb",211853,37.2
197027,"United States Merchant Marine Academy",2022,8,931,22,4891,1532,0.273498694516971,"NY","City/Suburb",213993,37.2
197027,"United States Merchant Marine Academy",2021,8,1006,21,4422,1789,0.252096143096702,"NY","City/Suburb",217586,37.2
197027,"United States Merchant Marine Academy",2020,8,1028,20,4574,1763,0.241066364152014,"NY","City/Suburb",209688,37.2
197027,"United States Merchant Marine Academy",2019,7,1007,21,4617,1693,0.248670998227998,"NY","City/Suburb",212104,37.2
161572,"Unity Environmental University",2023,59,5655,31,17734,8865,0.81804850535815,"ME","Town/Rural",14133,31.5
161572,"Unity Environmental University",2022,55,3698,29,18554,6312,0.943124207858048,"ME","Town/Rural",13869,31.5
161572,"Unity Environmental University",2021,46,1991,27,13983,2903,0.914226662073717,"ME","Town/Rural",14239,31.5
161572,"Unity Environmental University",2020,40,1193,25,27070,885,0.99774011299435,"ME","Town/Rural",14677,31.5
161572,"Unity Environmental University",2019,39,787,18,27550,983,0.982706002034588,"ME","Town/Rural",15274,31.5
196060,"University at Albany",2023,42,12190,61,19165,30740,0.698666232921275,"NY","City/Suburb",211853,37.2
196060,"University at Albany",2022,41,12264,59,17714,25976,0.679049892208192,"NY","City/Suburb",213993,37.2
196060,"University at Albany",2021,40,12654,57,17350,21265,0.679896543616271,"NY","City/Suburb",217586,37.2
196060,"University at Albany",2020,41,13182,56,17486,26127,0.571516056187086,"NY","City/Suburb",209688,37.2
196060,"University at Albany",2019,42,13286,57,16769,27559,0.542508799303313,"NY","City/Suburb",212104,37.2
196088,"University at Buffalo",2023,32,20463,55,20511,38210,0.693038471604292,"NY","City/Suburb",211853,37.2
196088,"University at Buffalo",2022,32,20761,55,18524,30939,0.677074242864992,"NY","City/Suburb",213993,37.2
196088,"University at Buffalo",2021,32,21467,54,17954,30750,0.700878048780488,"NY","City/Suburb",217586,37.2
196088,"University at Buffalo",2020,33,22306,53,18119,30247,0.669520944225874,"NY","City/Suburb",209688,37.2
196088,"University at Buffalo",2019,33,21921,53,17264,29900,0.610836120401338,"NY","City/Suburb",212104,37.2
200800,"University of Akron Main Campus",2023,29,11452,30,15292,14982,0.709117607796022,"OH","City/Suburb",133760,29
200800,"University of Akron Main Campus",2022,29,11328,27,14955,12061,0.839565541829036,"OH","City/Suburb",133872,29
200800,"University of Akron Main Campus",2021,29,12268,26,17443,11332,0.849188139781151,"OH","City/Suburb",136945,29
200800,"University of Akron Main Campus",2020,29,13651,24,17328,14553,0.730364873222016,"OH","City/Suburb",135941,29
200800,"University of Akron Main Campus",2019,32,14794,25,17351,14553,0.730364873222016,"OH","City/Suburb",135868,29
100663,"University of Alabama at Birmingham",2023,33,12382,52,17413,10919,0.884238483377599,"AL","City/Suburb",52181,25.5
100663,"University of Alabama at Birmingham",2022,33,13032,49,16834,9947,0.866794008243692,"AL","City/Suburb",53739,25.5
100663,"University of Alabama at Birmingham",2021,33,13547,47,16990,11906,0.885351923399966,"AL","City/Suburb",54466,25.5
100663,"University of Alabama at Birmingham",2020,34,13878,45,16978,10391,0.80598594937927,"AL","City/Suburb",52925,25.5
100663,"University of Alabama at Birmingham",2019,35,13836,45,17068,8298,0.736563027235478,"AL","City/Suburb",55331,25.5
100706,"University of Alabama in Huntsville",2023,22,6851,31,19847,6074,0.742509054988475,"AL","City/Suburb",52181,25.5
100706,"University of Alabama in Huntsville",2022,22,7169,30,18588,5581,0.78104282386669,"AL","City/Suburb",53739,25.5
100706,"University of Alabama in Huntsville",2021,24,7569,29,17302,5781,0.736723750216226,"AL","City/Suburb",54466,25.5
100706,"University of Alabama in Huntsville",2020,24,8027,29,16990,5793,0.771103055411704,"AL","City/Suburb",52925,25.5
100706,"University of Alabama in Huntsville",2019,25,7989,29,15118,5295,0.825684608120869,"AL","City/Suburb",55331,25.5
102553,"University of Alaska Anchorage",2023,19,10162,55,13931,4277,0.665185877951835,"AK","City/Suburb",8150,30.2
102553,"University of Alaska Anchorage",2022,19,9925,52,15609,4005,0.653183520599251,"AK","City/Suburb",8174,30.2
102553,"University of Alaska Anchorage",2021,20,10259,51,12816,3431,0.690469250947246,"AK","City/Suburb",8108,30.2
102553,"University of Alaska Anchorage",2020,23,11323,50,11621,3081,0.7682570593963,"AK","City/Suburb",8612,30.2
102553,"University of Alaska Anchorage",2019,23,12103,49,12564,3673,0.829567111353117,"AK","City/Suburb",8589,30.2
102614,"University of Alaska Fairbanks",2021,22,5844,48,9379,1402,0.646932952924394,"AK","City/Suburb",8108,30.2
102614,"University of Alaska Fairbanks",2020,23,5850,48,10624,1361,0.67009551800147,"AK","City/Suburb",8612,30.2
102614,"University of Alaska Fairbanks",2019,24,6206,50,9643,1383,0.759942154736081,"AK","City/Suburb",8589,30.2
102632,"University of Alaska Southeast",2023,14,1678,47,8488,320,0.625,"AK","Town/Rural",8150,30.2
102632,"University of Alaska Southeast",2022,16,1724,47,9823,466,0.626609442060086,"AK","Town/Rural",8174,30.2
102632,"University of Alaska Southeast",2021,16,1757,45,7428,464,0.5625,"AK","Town/Rural",8108,30.2
102632,"University of Alaska Southeast",2020,17,1805,42,10506,488,0.635245901639344,"AK","Town/Rural",8612,30.2
102632,"University of Alaska Southeast",2019,18,1886,44,11000,492,0.605691056910569,"AK","Town/Rural",8589,30.2
104179,"University of Arizona",2023,26,41899,54,18144,56466,0.856603974072893,"AZ","City/Suburb",76808,29.7
104179,"University of Arizona",2022,28,38751,51,17075,52091,0.867597089708395,"AZ","City/Suburb",74911,29.7
104179,"University of Arizona",2021,29,37434,51,17242,48065,0.872693227920524,"AZ","City/Suburb",77005,29.7
104179,"University of Arizona",2020,29,35357,52,15620,43540,0.851263206247129,"AZ","City/Suburb",77873,29.7
104179,"University of Arizona",2019,29,34516,51,16580,40854,0.845890243305429,"AZ","City/Suburb",76552,29.7
106397,"University of Arkansas",2023,17,27472,26,17475,28186,0.716738806499681,"AR","City/Suburb",33693,23.3
106397,"University of Arkansas",2022,18,26269,26,16208,26219,0.789313093558107,"AR","City/Suburb",33705,23.3
106397,"University of Arkansas",2021,18,24265,26,15218,21462,0.826716988165129,"AR","City/Suburb",34604,23.3
106397,"University of Arkansas",2020,19,22825,25,16759,19777,0.776710320068767,"AR","City/Suburb",34014,23.3
106397,"University of Arkansas",2019,19,23025,25,16263,17913,0.770892647797689,"AR","City/Suburb",33531,23.3
106245,"University of Arkansas at Little Rock",2023,41,5789,46,11225,3661,0.577437858508604,"AR","City/Suburb",33693,23.3
106245,"University of Arkansas at Little Rock",2022,40,5825,46,11173,3568,0.614630044843049,"AR","City/Suburb",33705,23.3
106245,"University of Arkansas at Little Rock",2021,43,5969,46,11901,3786,0.576862123613312,"AR","City/Suburb",34604,23.3
106245,"University of Arkansas at Little Rock",2020,39,6568,47,12235,4363,0.56039422415769,"AR","City/Suburb",34014,23.3
106245,"University of Arkansas at Little Rock",2019,39,7120,47,13751,2019,0.658246656760773,"AR","City/Suburb",33531,23.3
106412,"University of Arkansas at Pine Bluff",2023,67,1905,97,11649,3792,0.57542194092827,"AR","Town/Rural",33693,23.3
106412,"University of Arkansas at Pine Bluff",2022,66,2182,97,9959,4183,0.693282333253646,"AR","Town/Rural",33705,23.3
106412,"University of Arkansas at Pine Bluff",2021,70,2484,97,10839,4699,0.675250053202809,"AR","Town/Rural",34604,23.3
106412,"University of Arkansas at Pine Bluff",2020,70,2507,97,10684,5464,0.596632503660322,"AR","Town/Rural",34014,23.3
106412,"University of Arkansas at Pine Bluff",2019,70,2382,97,11345,5136,0.439447040498442,"AR","Town/Rural",33531,23.3
108092,"University of Arkansas-Fort Smith",2023,39,5463,42,10387,2677,0.814717967874486,"AR","City/Suburb",33693,23.3
161873,"University of Baltimore",2023,43,1292,74,17253,173,0.855491329479769,"MD","City/Suburb",69770,40.8
161873,"University of Baltimore",2022,43,1369,72,18122,150,0.893333333333333,"MD","City/Suburb",69124,40.8
161873,"University of Baltimore",2021,40,1605,72,17117,265,0.89433962264151,"MD","City/Suburb",71017,40.8
161873,"University of Baltimore",2020,40,1899,72,17386,274,0.799270072992701,"MD","City/Suburb",67971,40.8
161873,"University of Baltimore",2019,41,2097,70,23335,255,0.780392156862745,"MD","City/Suburb",68208,40.8
128744,"University of Bridgeport",2023,52,1479,75,26064,5592,0.643061516452074,"CT","City/Suburb",44962,39.6
128744,"University of Bridgeport",2022,52,1637,77,28470,3781,0.815128272943666,"CT","City/Suburb",44540,39.6
128744,"University of Bridgeport",2021,55,1873,76,24324,4940,0.731376518218623,"CT","City/Suburb",44901,39.6
128744,"University of Bridgeport",2020,42,2350,74,24613,6020,0.709468438538206,"CT","City/Suburb",45222,39.6
128744,"University of Bridgeport",2019,42,3233,74,22347,6830,0.545827232796486,"CT","City/Suburb",45216,39.6
110635,"University of California-Berkeley",2023,27,33078,80,16997,125910,0.116567389405131,"CA","City/Suburb",492544,34.2
110635,"University of California-Berkeley",2022,27,32479,80,19257,128209,0.113275979065432,"CA","City/Suburb",473448,34.2
110635,"University of California-Berkeley",2021,27,31814,79,17652,112843,0.144404172168411,"CA","City/Suburb",467260,34.2
110635,"University of California-Berkeley",2020,26,30799,78,19329,88062,0.174763234993527,"CA","City/Suburb",477479,34.2
110635,"University of California-Berkeley",2019,27,31348,76,18522,87847,0.162532585062666,"CA","City/Suburb",478819,34.2
110644,"University of California-Davis",2023,31,31797,79,17315,94637,0.416327651975443,"CA","City/Suburb",492544,34.2
110644,"University of California-Davis",2022,33,31532,79,17385,94747,0.373383853842338,"CA","City/Suburb",473448,34.2
110644,"University of California-Davis",2021,34,31657,79,16640,87120,0.487545913682277,"CA","City/Suburb",467260,34.2
110644,"University of California-Davis",2020,36,31162,78,17026,76897,0.463542140785726,"CA","City/Suburb",477479,34.2
110644,"University of California-Davis",2019,37,30982,77,15886,78093,0.388741628571063,"CA","City/Suburb",478819,34.2
110653,"University of California-Irvine",2023,37,29503,87,14647,121101,0.255670886285002,"CA","City/Suburb",492544,34.2
110653,"University of California-Irvine",2022,38,28662,87,14033,119191,0.211526038039785,"CA","City/Suburb",473448,34.2
110653,"University of California-Irvine",2021,38,29449,87,11633,107950,0.288188976377953,"CA","City/Suburb",467260,34.2
110653,"University of California-Irvine",2020,39,29638,87,13106,97938,0.299179072474423,"CA","City/Suburb",477479,34.2
110653,"University of California-Irvine",2019,40,30382,87,15268,95565,0.265369120493905,"CA","City/Suburb",478819,34.2
110662,"University of California-Los Angeles",2023,27,33040,75,15166,145903,0.0872908713323235,"CA","City/Suburb",492544,34.2
110662,"University of California-Los Angeles",2022,27,32423,74,16999,149801,0.0857470911409136,"CA","City/Suburb",473448,34.2
110662,"University of California-Los Angeles",2021,28,32122,74,13393,139489,0.107736093885539,"CA","City/Suburb",467260,34.2
110662,"University of California-Los Angeles",2020,31,31636,74,16474,108870,0.143308533112887,"CA","City/Suburb",477479,34.2
110662,"University of California-Los Angeles",2019,32,31543,74,15718,111321,0.123247186065522,"CA","City/Suburb",478819,34.2
445188,"University of California-Merced",2023,59,8372,91,13232,67891,0.391775051184988,"CA","City/Suburb",492544,34.2
445188,"University of California-Merced",2022,61,8343,92,13549,29920,0.894585561497326,"CA","City/Suburb",473448,34.2
445188,"University of California-Merced",2021,63,8321,92,11586,27793,0.86597344655129,"CA","City/Suburb",467260,34.2
445188,"University of California-Merced",2020,64,8276,92,13578,25923,0.847972842649385,"CA","City/Suburb",477479,34.2
445188,"University of California-Merced",2019,64,8151,91,14013,25424,0.719556324732536,"CA","City/Suburb",478819,34.2
110671,"University of California-Riverside",2023,47,22646,89,13533,62807,0.633018612575031,"CA","City/Suburb",492544,34.2
110671,"University of California-Riverside",2022,49,22911,89,14487,54683,0.686922809648337,"CA","City/Suburb",473448,34.2
110671,"University of California-Riverside",2021,50,22868,89,13502,52672,0.653800880923451,"CA","City/Suburb",467260,34.2
110671,"University of California-Riverside",2020,51,22693,89,11948,49442,0.657780834108653,"CA","City/Suburb",477479,34.2
110671,"University of California-Riverside",2019,53,22055,89,13045,49515,0.565162072099364,"CA","City/Suburb",478819,34.2
110680,"University of California-San Diego",2023,33,33792,82,13293,130771,0.245176682903702,"CA","City/Suburb",492544,34.2
110680,"University of California-San Diego",2022,32,33096,81,16111,131197,0.237070969610586,"CA","City/Suburb",473448,34.2
110680,"University of California-San Diego",2021,33,33343,81,15632,118386,0.342042133360364,"CA","City/Suburb",467260,34.2
110680,"University of California-San Diego",2020,35,31842,81,15222,100062,0.366113009933841,"CA","City/Suburb",477479,34.2
110680,"University of California-San Diego",2019,37,30794,81,14864,99114,0.314789030813003,"CA","City/Suburb",478819,34.2
110705,"University of California-Santa Barbara",2023,28,23232,68,15283,110871,0.27783640447006,"CA","City/Suburb",492544,34.2
110705,"University of California-Santa Barbara",2022,30,23459,69,16874,110995,0.258462092887067,"CA","City/Suburb",473448,34.2
110705,"University of California-Santa Barbara",2021,32,23091,68,17333,105641,0.291780653344819,"CA","City/Suburb",467260,34.2
110705,"University of California-Santa Barbara",2020,33,23196,70,17223,90961,0.367014434757753,"CA","City/Suburb",477479,34.2
110705,"University of California-Santa Barbara",2019,36,23349,70,16767,93446,0.295635982278535,"CA","City/Suburb",478819,34.2
110714,"University of California-Santa Cruz",2023,32,17812,69,16526,68845,0.625375844287893,"CA","City/Suburb",492544,34.2
110714,"University of California-Santa Cruz",2022,32,17502,68,17975,65912,0.469201359388275,"CA","City/Suburb",473448,34.2
110714,"University of California-Santa Cruz",2021,32,17864,69,19615,61695,0.586384634087041,"CA","City/Suburb",467260,34.2
110714,"University of California-Santa Cruz",2020,32,17207,70,17842,54988,0.647250309158362,"CA","City/Suburb",477479,34.2
110714,"University of California-Santa Cruz",2019,35,17517,69,17889,55796,0.513101297584056,"CA","City/Suburb",478819,34.2
106704,"University of Central Arkansas",2023,37,7884,35,16362,6589,0.904689634238883,"AR","City/Suburb",33693,23.3
106704,"University of Central Arkansas",2022,36,7994,35,15456,6522,0.91214351425943,"AR","City/Suburb",33705,23.3
106704,"University of Central Arkansas",2021,37,8244,34,14042,6057,0.923724616146607,"AR","City/Suburb",34604,23.3
106704,"University of Central Arkansas",2020,38,8615,33,16048,5642,0.93778801843318,"AR","City/Suburb",34014,23.3
106704,"University of Central Arkansas",2019,39,9134,33,14796,5397,0.904206040392811,"AR","City/Suburb",33531,23.3
132903,"University of Central Florida",2023,33,59470,57,13110,60627,0.395219951506754,"FL","City/Suburb",214692,30.4
132903,"University of Central Florida",2022,34,58662,56,13108,54977,0.410353420521309,"FL","City/Suburb",217330,30.4
132903,"University of Central Florida",2021,35,59995,55,11575,48929,0.363731120603323,"FL","City/Suburb",223891,30.4
132903,"University of Central Florida",2020,36,61401,54,11108,47957,0.451675459265592,"FL","City/Suburb",215797,30.4
132903,"University of Central Florida",2019,38,59371,54,11617,45118,0.443636686023317,"FL","City/Suburb",213187,30.4
176965,"University of Central Missouri",2023,26,7203,24,15728,4966,0.686065243656867,"MO","Town/Rural",67773,29.5
176965,"University of Central Missouri",2022,27,7345,22,15117,4993,0.713398758261566,"MO","Town/Rural",66781,29.5
176965,"University of Central Missouri",2021,29,7577,22,13852,5103,0.757789535567313,"MO","Town/Rural",66906,29.5
176965,"University of Central Missouri",2020,29,7629,22,13394,5666,0.635898340981292,"MO","Town/Rural",67892,29.5
176965,"University of Central Missouri",2019,31,8904,23,13098,5699,0.650289524477979,"MO","Town/Rural",68482,29.5
206941,"University of Central Oklahoma",2023,35,10454,48,18893,4945,0.817593528816987,"OK","City/Suburb",47211,25.6
206941,"University of Central Oklahoma",2022,35,10739,47,18055,4115,0.699392466585662,"OK","City/Suburb",46032,25.6
206941,"University of Central Oklahoma",2021,33,11771,47,17477,8708,0.813045475424897,"OK","City/Suburb",46211,25.6
206941,"University of Central Oklahoma",2020,35,12564,47,16746,4732,0.804945054945055,"OK","City/Suburb",45702,25.6
206941,"University of Central Oklahoma",2019,38,13339,46,15894,4491,0.841015364061456,"OK","City/Suburb",43828,25.6
237312,"University of Charleston",2023,29,2087,34,21100,1635,0.64525993883792,"WV","City/Suburb",17853,21.3
237312,"University of Charleston",2022,31,2365,32,21308,1571,0.677275620623807,"WV","City/Suburb",17400,21.3
237312,"University of Charleston",2021,33,2162,41,20086,1984,0.697076612903226,"WV","City/Suburb",18271,21.3
237312,"University of Charleston",2020,36,2115,47,20598,2806,0.614754098360656,"WV","City/Suburb",18751,21.3
237312,"University of Charleston",2019,36,1907,49,21941,2454,0.50040749796251,"WV","City/Suburb",19036,21.3
144050,"University of Chicago",2023,14,7643,69,27979,38631,0.0478631151148042,"IL","City/Suburb",148445,35.1
144050,"University of Chicago",2022,13,7595,68,36991,37522,0.0543414530142316,"IL","City/Suburb",145439,35.1
144050,"University of Chicago",2021,12,7636,67,33727,37974,0.0647811660609891,"IL","City/Suburb",150490,35.1
144050,"University of Chicago",2020,11,7056,65,36584,34350,0.0730713245997089,"IL","City/Suburb",149373,35.1
144050,"University of Chicago",2019,11,6890,63,34719,34641,0.0616899050258364,"IL","City/Suburb",152277,35.1
201885,"University of Cincinnati-Main Campus",2023,18,31184,30,21511,33165,0.876737524498719,"OH","City/Suburb",133760,29
201885,"University of Cincinnati-Main Campus",2022,18,29663,29,20149,29025,0.862153316106804,"OH","City/Suburb",133872,29
201885,"University of Cincinnati-Main Campus",2021,17,28968,28,20827,25775,0.848302618816683,"OH","City/Suburb",136945,29
201885,"University of Cincinnati-Main Campus",2020,20,29262,26,22767,23960,0.764023372287145,"OH","City/Suburb",135941,29
201885,"University of Cincinnati-Main Campus",2019,22,28376,26,19219,23609,0.76674149688678,"OH","City/Suburb",135868,29
126614,"University of Colorado Boulder",2023,15,32105,32,22640,56069,0.832759635449179,"CO","City/Suburb",63277,41.7
126614,"University of Colorado Boulder",2022,14,31034,32,21836,53781,0.807273944329782,"CO","City/Suburb",64869,41.7
126614,"University of Colorado Boulder",2021,15,30886,32,22532,54756,0.795821462488129,"CO","City/Suburb",63204,41.7
126614,"University of Colorado Boulder",2020,15,30307,32,21198,44203,0.842046919892315,"CO","City/Suburb",61237,41.7
126614,"University of Colorado Boulder",2019,16,31098,33,22077,40677,0.783538609041965,"CO","City/Suburb",60962,41.7
126580,"University of Colorado Colorado Springs",2023,26,9398,40,16816,13103,0.965656719835152,"CO","City/Suburb",63277,41.7
126580,"University of Colorado Colorado Springs",2022,28,9540,43,14689,14751,0.84767134431564,"CO","City/Suburb",64869,41.7
126580,"University of Colorado Colorado Springs",2021,28,10002,39,15547,11900,0.952689075630252,"CO","City/Suburb",63204,41.7
126580,"University of Colorado Colorado Springs",2020,30,10288,38,15852,8944,0.896131484794276,"CO","City/Suburb",61237,41.7
126580,"University of Colorado Colorado Springs",2019,31,10706,38,16221,6728,0.871878715814506,"CO","City/Suburb",60962,41.7
126562,"University of Colorado Denver/Anschutz Medical Campus",2023,26,14027,56,15303,14569,0.778090466058069,"CO","City/Suburb",63277,41.7
126562,"University of Colorado Denver/Anschutz Medical Campus",2022,26,14055,55,16079,15631,0.74582560296846,"CO","City/Suburb",64869,41.7
126562,"University of Colorado Denver/Anschutz Medical Campus",2021,26,14289,54,14630,14428,0.720474078181314,"CO","City/Suburb",63204,41.7
126562,"University of Colorado Denver/Anschutz Medical Campus",2020,26,14994,53,15585,9458,0.663036582787059,"CO","City/Suburb",61237,41.7
126562,"University of Colorado Denver/Anschutz Medical Campus",2019,26,15818,53,15865,9565,0.673078933612128,"CO","City/Suburb",60962,41.7
129020,"University of Connecticut",2023,24,19388,50,22324,46645,0.539479043841784,"CT","Town/Rural",44962,39.6
129020,"University of Connecticut",2022,24,18983,49,23985,40894,0.545141096493373,"CT","Town/Rural",44540,39.6
129020,"University of Connecticut",2021,23,18567,48,22168,36753,0.555954615949718,"CT","Town/Rural",44901,39.6
129020,"University of Connecticut",2020,22,18917,47,22233,34437,0.560908325347736,"CT","Town/Rural",45222,39.6
129020,"University of Connecticut",2019,22,18847,46,20042,35096,0.494244358331434,"CT","Town/Rural",45216,39.6
436827,"University of Connecticut-Avery Point",2023,34,474,39,9139,1245,0.865060240963855,"CT","City/Suburb",44962,39.6
436827,"University of Connecticut-Avery Point",2022,37,493,39,12284,1124,0.974199288256228,"CT","City/Suburb",44540,39.6
436827,"University of Connecticut-Avery Point",2021,35,522,37,10534,1018,0.804518664047151,"CT","City/Suburb",44901,39.6
436827,"University of Connecticut-Avery Point",2020,35,564,37,9932,873,0.942726231386025,"CT","City/Suburb",45222,39.6
436827,"University of Connecticut-Avery Point",2019,34,559,38,7488,894,0.941834451901566,"CT","City/Suburb",45216,39.6
463056,"University of Connecticut-Hartford Campus",2023,46,1494,58,10972,2804,0.864479315263909,"CT","City/Suburb",44962,39.6
463056,"University of Connecticut-Hartford Campus",2022,47,1535,56,11779,2554,0.972983555207518,"CT","City/Suburb",44540,39.6
463056,"University of Connecticut-Hartford Campus",2021,45,1548,59,9152,2344,0.847696245733788,"CT","City/Suburb",44901,39.6
463056,"University of Connecticut-Hartford Campus",2020,44,1683,58,9798,2057,0.961594555177443,"CT","City/Suburb",45222,39.6
463056,"University of Connecticut-Hartford Campus",2019,47,1562,57,8413,1946,0.956834532374101,"CT","City/Suburb",45216,39.6
436836,"University of Connecticut-Stamford",2023,50,2240,70,13150,7121,0.801853672237045,"CT","City/Suburb",44962,39.6
436836,"University of Connecticut-Stamford",2022,49,2297,69,13933,4526,0.921785240830756,"CT","City/Suburb",44540,39.6
436836,"University of Connecticut-Stamford",2021,48,2405,66,9678,5673,0.757800105764146,"CT","City/Suburb",44901,39.6
436836,"University of Connecticut-Stamford",2020,44,2354,67,13383,4579,0.913955012011356,"CT","City/Suburb",45222,39.6
436836,"University of Connecticut-Stamford",2019,44,2126,63,10731,4373,0.913331808826892,"CT","City/Suburb",45216,39.6
436818,"University of Connecticut-Waterbury Campus",2023,50,760,59,8220,2137,0.87037903603182,"CT","City/Suburb",44962,39.6
436818,"University of Connecticut-Waterbury Campus",2022,50,768,55,9990,1678,0.979141835518474,"CT","City/Suburb",44540,39.6
436818,"University of Connecticut-Waterbury Campus",2021,47,795,56,7515,1445,0.829757785467128,"CT","City/Suburb",44901,39.6
436818,"University of Connecticut-Waterbury Campus",2020,44,853,50,8009,1393,0.966259870782484,"CT","City/Suburb",45222,39.6
436818,"University of Connecticut-Waterbury Campus",2019,43,806,46,6550,1292,0.94969040247678,"CT","City/Suburb",45216,39.6
224323,"University of Dallas",2023,26,1427,44,31221,4179,0.541995692749462,"TX","City/Suburb",385604,30.3
224323,"University of Dallas",2022,28,1453,41,27250,4307,0.586951474344091,"TX","City/Suburb",375741,30.3
224323,"University of Dallas",2021,25,1500,42,25620,4990,0.583567134268537,"TX","City/Suburb",377064,30.3
224323,"University of Dallas",2020,24,1447,41,27450,4645,0.53778256189451,"TX","City/Suburb",372402,30.3
224323,"University of Dallas",2019,26,1475,41,26761,4676,0.453378956372968,"TX","City/Suburb",364979,30.3
202480,"University of Dayton",2023,16,8176,21,31551,22747,0.61647689805249,"OH","City/Suburb",133760,29
202480,"University of Dayton",2022,15,8416,21,30590,18864,0.740511026293469,"OH","City/Suburb",133872,29
202480,"University of Dayton",2021,15,8637,21,29933,17262,0.806337620206233,"OH","City/Suburb",136945,29
202480,"University of Dayton",2020,13,8644,20,32768,16606,0.811092376249548,"OH","City/Suburb",135941,29
202480,"University of Dayton",2019,12,8483,20,33372,17462,0.720306952239148,"OH","City/Suburb",135868,29
130943,"University of Delaware",2023,16,19772,35,17716,37690,0.651127620058371,"DE","City/Suburb",11054,31.3
130943,"University of Delaware",2022,16,19482,34,18044,35362,0.738108704258809,"DE","City/Suburb",10644,31.3
130943,"University of Delaware",2021,15,19410,34,19122,34111,0.723490955996599,"DE","City/Suburb",10667,31.3
130943,"University of Delaware",2020,15,19328,34,19747,33656,0.659882338958878,"DE","City/Suburb",9861,31.3
130943,"University of Delaware",2019,14,19678,33,17539,26866,0.713615722474503,"DE","City/Suburb",10262,31.3
127060,"University of Denver",2023,15,6415,33,43324,19214,0.71192880191527,"CO","City/Suburb",63277,41.7
127060,"University of Denver",2022,15,6151,32,42423,19342,0.776755247647606,"CO","City/Suburb",64869,41.7
127060,"University of Denver",2021,16,5867,31,39973,22694,0.636291530801093,"CO","City/Suburb",63204,41.7
127060,"University of Denver",2020,16,5699,32,38322,22723,0.606654050961581,"CO","City/Suburb",61237,41.7
127060,"University of Denver",2019,16,5774,32,37263,21028,0.587074377021115,"CO","City/Suburb",60962,41.7
169716,"University of Detroit Mercy",2023,25,3352,59,17987,5750,0.801391304347826,"MI","City/Suburb",108265,29.6
169716,"University of Detroit Mercy",2022,27,3156,56,18197,5163,0.905287623474724,"MI","City/Suburb",103443,29.6
169716,"University of Detroit Mercy",2021,30,2924,50,17911,4435,0.932356257046223,"MI","City/Suburb",107239,29.6
169716,"University of Detroit Mercy",2020,31,2633,42,18376,3985,0.794981179422836,"MI","City/Suburb",108725,29.6
169716,"University of Detroit Mercy",2019,30,2745,44,18338,4358,0.774896741624598,"MI","City/Suburb",112177,29.6
153278,"University of Dubuque",2023,40,1477,30,25216,1560,0.869230769230769,"IA","City/Suburb",36870,29
153278,"University of Dubuque",2022,42,1444,32,22879,1579,0.850538315389487,"IA","City/Suburb",36521,29
153278,"University of Dubuque",2021,49,1594,35,24868,1905,0.764304461942257,"IA","City/Suburb",37097,29
153278,"University of Dubuque",2020,48,1778,37,27043,1844,0.786334056399132,"IA","City/Suburb",36359,29
153278,"University of Dubuque",2019,53,1900,37,26193,2054,0.726874391431353,"IA","City/Suburb",36735,29
150534,"University of Evansville",2023,23,1741,30,21611,4492,0.776491540516474,"IN","City/Suburb",76628,27.1
150534,"University of Evansville",2022,21,1716,27,19301,4397,0.763247668865135,"IN","City/Suburb",74897,27.1
150534,"University of Evansville",2021,21,1796,32,21019,3661,0.749521988527725,"IN","City/Suburb",78348,27.1
150534,"University of Evansville",2020,21,2041,30,23212,4709,0.643023996602251,"IN","City/Suburb",78809,27.1
150534,"University of Evansville",2019,22,2124,31,21978,4234,0.706660368445914,"IN","City/Suburb",76144,27.1
134130,"University of Florida",2023,22,34924,50,11521,65375,0.240260038240918,"FL","City/Suburb",214692,30.4
134130,"University of Florida",2022,22,34552,49,11740,64473,0.233493090130752,"FL","City/Suburb",217330,30.4
134130,"University of Florida",2021,23,34876,49,9809,51207,0.301345519167301,"FL","City/Suburb",223891,30.4
134130,"University of Florida",2020,24,34931,48,10075,48193,0.311290021372398,"FL","City/Suburb",215797,30.4
134130,"University of Florida",2019,26,35405,48,10457,40139,0.346919454894243,"FL","City/Suburb",213187,30.4
484473,"University of Florida-Online",2023,20,5462,45,10412,1440,0.64375,"FL","City/Suburb",214692,30.4
484473,"University of Florida-Online",2022,21,5356,43,10791,1499,0.646430953969313,"FL","City/Suburb",217330,30.4
484473,"University of Florida-Online",2021,23,5168,43,9024,1766,0.657417893544734,"FL","City/Suburb",223891,30.4
484473,"University of Florida-Online",2020,24,4407,40,8675,1364,0.623900293255132,"FL","City/Suburb",215797,30.4
484473,"University of Florida-Online",2019,25,3926,40,9755,1559,0.745349583066068,"FL","City/Suburb",213187,30.4
139959,"University of Georgia",2023,17,31514,33,16303,43419,0.371980008751929,"GA","City/Suburb",126146,31.9
139959,"University of Georgia",2022,18,30714,32,17180,39320,0.425457782299084,"GA","City/Suburb",122695,31.9
139959,"University of Georgia",2021,19,30166,32,16902,39229,0.399831757118458,"GA","City/Suburb",124712,31.9
139959,"University of Georgia",2020,20,29765,31,16580,28206,0.483833226972984,"GA","City/Suburb",126126,31.9
139959,"University of Georgia",2019,21,29848,31,15961,29285,0.452962267372375,"GA","City/Suburb",121897,31.9
129525,"University of Hartford",2023,30,4131,50,30553,14253,0.830141022942538,"CT","City/Suburb",44962,39.6
129525,"University of Hartford",2022,28,3969,51,31687,13230,0.827513227513228,"CT","City/Suburb",44540,39.6
129525,"University of Hartford",2021,28,4003,49,29987,13459,0.787948584590237,"CT","City/Suburb",44901,39.6
129525,"University of Hartford",2020,28,4521,49,28692,12660,0.774091627172196,"CT","City/Suburb",45222,39.6
129525,"University of Hartford",2019,29,4793,49,29141,13233,0.763470112597295,"CT","City/Suburb",45216,39.6
141565,"University of Hawaii at Hilo",2023,40,2424,81,12936,2562,0.897736143637783,"HI","Town/Rural",14206,33.5
141565,"University of Hawaii at Hilo",2022,39,2593,80,13867,2595,0.842389210019268,"HI","Town/Rural",14314,33.5
141565,"University of Hawaii at Hilo",2021,44,2763,81,13255,2900,0.921724137931034,"HI","Town/Rural",14567,33.5
141565,"University of Hawaii at Hilo",2020,45,2671,81,13969,3152,0.738261421319797,"HI","Town/Rural",14100,33.5
141565,"University of Hawaii at Hilo",2019,47,2818,81,14338,4161,0.516222062004326,"HI","Town/Rural",14706,33.5
141574,"University of Hawaii at Manoa",2023,25,14576,79,14557,19211,0.696892405392744,"HI","City/Suburb",14206,33.5
141574,"University of Hawaii at Manoa",2022,25,14198,80,13639,18974,0.727679983134816,"HI","City/Suburb",14314,33.5
141574,"University of Hawaii at Manoa",2021,26,14120,80,14825,19607,0.699801091446932,"HI","City/Suburb",14567,33.5
141574,"University of Hawaii at Manoa",2020,28,13203,82,15193,13240,0.836933534743202,"HI","City/Suburb",14100,33.5
141574,"University of Hawaii at Manoa",2019,29,12631,82,15441,16235,0.584724360948568,"HI","City/Suburb",14706,33.5
141981,"University of Hawaii-West Oahu",2023,30,2863,92,11881,750,0.956,"HI","City/Suburb",14206,33.5
141981,"University of Hawaii-West Oahu",2022,31,2913,93,9103,909,0.963696369636964,"HI","City/Suburb",14314,33.5
141981,"University of Hawaii-West Oahu",2021,31,3008,91,11105,743,0.946164199192463,"HI","City/Suburb",14567,33.5
141981,"University of Hawaii-West Oahu",2020,33,3168,91,14351,713,0.952314165497896,"HI","City/Suburb",14100,33.5
141981,"University of Hawaii-West Oahu",2019,33,3049,92,11766,693,0.844155844155844,"HI","City/Suburb",14706,33.5
179265,"University of Health Sciences and Pharmacy in St. Louis",2023,29,275,37,33392,1158,0.751295336787565,"MO","City/Suburb",67773,29.5
179265,"University of Health Sciences and Pharmacy in St. Louis",2022,33,264,39,31831,760,0.91578947368421,"MO","City/Suburb",66781,29.5
179265,"University of Health Sciences and Pharmacy in St. Louis",2021,35,255,39,29197,527,0.910815939278937,"MO","City/Suburb",66906,29.5
179265,"University of Health Sciences and Pharmacy in St. Louis",2020,38,286,37,25811,349,0.782234957020057,"MO","City/Suburb",67892,29.5
179265,"University of Health Sciences and Pharmacy in St. Louis",2019,35,333,37,27322,276,0.916666666666667,"MO","City/Suburb",68482,29.5
160065,"University of Holy Cross",2023,28,806,62,14476,404,0.99009900990099,"LA","City/Suburb",49729,24.3
160065,"University of Holy Cross",2022,29,776,67,18074,917,0.87350054525627,"LA","City/Suburb",49777,24.3
160065,"University of Holy Cross",2021,38,881,55,16777,1320,0.75,"LA","City/Suburb",52461,24.3
160065,"University of Holy Cross",2020,42,784,57,13236,1335,0.527340823970037,"LA","City/Suburb",53334,24.3
160065,"University of Holy Cross",2019,40,773,54,14324,1581,0.324478178368121,"LA","City/Suburb",52809,24.3
225511,"University of Houston",2023,41,37946,83,13738,30327,0.695321001088139,"TX","City/Suburb",385604,30.3
225511,"University of Houston",2022,41,37943,81,14056,29783,0.662391297048652,"TX","City/Suburb",375741,30.3
225511,"University of Houston",2021,40,38581,80,14339,29721,0.655226943911712,"TX","City/Suburb",377064,30.3
225511,"University of Houston",2020,41,39165,79,14480,28645,0.627893175074184,"TX","City/Suburb",372402,30.3
225511,"University of Houston",2019,41,38597,78,13212,25393,0.649785373921947,"TX","City/Suburb",364979,30.3
225414,"University of Houston-Clear Lake",2023,44,6108,70,10488,2348,0.75298126064736,"TX","City/Suburb",385604,30.3
225414,"University of Houston-Clear Lake",2022,44,6352,68,17871,1985,0.693702770780856,"TX","City/Suburb",375741,30.3
225414,"University of Houston-Clear Lake",2021,42,6764,69,16737,1793,0.911879531511433,"TX","City/Suburb",377064,30.3
225414,"University of Houston-Clear Lake",2020,42,6582,65,14667,1666,0.807322929171669,"TX","City/Suburb",372402,30.3
225414,"University of Houston-Clear Lake",2019,42,6439,63,9215,1402,0.736091298145506,"TX","City/Suburb",364979,30.3
225432,"University of Houston-Downtown",2023,52,12880,89,14269,6953,0.906371350496189,"TX","City/Suburb",385604,30.3
225432,"University of Houston-Downtown",2022,50,12856,89,15312,6131,0.884195074213016,"TX","City/Suburb",375741,30.3
225432,"University of Houston-Downtown",2021,48,13612,88,13460,6148,0.948438516590761,"TX","City/Suburb",377064,30.3
225432,"University of Houston-Downtown",2020,48,13663,87,12087,5973,0.92817679558011,"TX","City/Suburb",372402,30.3
225432,"University of Houston-Downtown",2019,46,13136,86,7159,5617,0.886772298379918,"TX","City/Suburb",364979,30.3
225502,"University of Houston-Victoria",2023,44,2707,73,9912,1881,0.767145135566188,"TX","City/Suburb",385604,30.3
225502,"University of Houston-Victoria",2022,46,2845,72,11761,1970,0.821319796954315,"TX","City/Suburb",375741,30.3
225502,"University of Houston-Victoria",2021,44,3037,70,11375,2272,0.533450704225352,"TX","City/Suburb",377064,30.3
225502,"University of Houston-Victoria",2020,48,3513,70,9657,3570,0.670588235294118,"TX","City/Suburb",372402,30.3
225502,"University of Houston-Victoria",2019,49,3367,69,10063,5500,0.555272727272727,"TX","City/Suburb",364979,30.3
142285,"University of Idaho",2023,23,9269,26,14377,12222,0.790868924889543,"ID","Town/Rural",21457,27.7
142285,"University of Idaho",2022,25,8809,24,14954,13393,0.738520122452027,"ID","Town/Rural",21128,27.7
142285,"University of Idaho",2021,28,8631,25,15435,9814,0.813837375178317,"ID","Town/Rural",20809,27.7
142285,"University of Idaho",2020,27,8366,24,14929,9938,0.744415375327028,"ID","Town/Rural",20446,27.7
142285,"University of Idaho",2019,29,9392,28,15017,8071,0.777598810556313,"ID","Town/Rural",20130,27.7
145600,"University of Illinois Chicago",2023,50,22107,77,11499,25420,0.78501180173092,"IL","City/Suburb",148445,35.1
145600,"University of Illinois Chicago",2022,50,21807,77,10384,23562,0.786902639843816,"IL","City/Suburb",145439,35.1
145600,"University of Illinois Chicago",2021,49,22279,76,10725,22791,0.788030362862533,"IL","City/Suburb",150490,35.1
145600,"University of Illinois Chicago",2020,51,21921,74,12614,22798,0.7262917799807,"IL","City/Suburb",149373,35.1
145600,"University of Illinois Chicago",2019,51,21641,74,12322,22696,0.727044413112443,"IL","City/Suburb",152277,35.1
148654,"University of Illinois Springfield",2023,36,2342,38,9241,2495,0.843687374749499,"IL","City/Suburb",148445,35.1
148654,"University of Illinois Springfield",2022,36,2393,37,11733,3634,0.820308200330215,"IL","City/Suburb",145439,35.1
148654,"University of Illinois Springfield",2021,35,2503,36,11965,2496,0.794871794871795,"IL","City/Suburb",150490,35.1
148654,"University of Illinois Springfield",2020,36,2654,37,11628,3634,0.77325261419923,"IL","City/Suburb",149373,35.1
148654,"University of Illinois Springfield",2019,35,2674,37,11534,2117,0.768068020784129,"IL","City/Suburb",152277,35.1
145637,"University of Illinois Urbana-Champaign",2023,24,35564,62,14297,67398,0.436897237306745,"IL","City/Suburb",148445,35.1
145637,"University of Illinois Urbana-Champaign",2022,25,35120,61,14544,63257,0.448234977947105,"IL","City/Suburb",145439,35.1
145637,"University of Illinois Urbana-Champaign",2021,25,34779,60,14272,47593,0.596621351879478,"IL","City/Suburb",150490,35.1
145637,"University of Illinois Urbana-Champaign",2020,24,33683,58,13517,43473,0.633036597428289,"IL","City/Suburb",149373,35.1
145637,"University of Illinois Urbana-Champaign",2019,23,34120,57,14660,43509,0.590314647544186,"IL","City/Suburb",152277,35.1
151263,"University of Indianapolis",2023,36,3957,51,19903,9886,0.727594578191382,"IN","City/Suburb",76628,27.1
151263,"University of Indianapolis",2022,38,3771,44,22283,9869,0.761373999392036,"IN","City/Suburb",74897,27.1
151263,"University of Indianapolis",2021,38,4063,38,21527,10241,0.778537252221463,"IN","City/Suburb",78348,27.1
151263,"University of Indianapolis",2020,39,4271,37,20441,7893,0.844799189154947,"IN","City/Suburb",78809,27.1
151263,"University of Indianapolis",2019,38,4402,35,21161,7637,0.92785125049103,"IN","City/Suburb",76144,27.1
153658,"University of Iowa",2023,18,22130,26,20121,25682,0.84674090802897,"IA","City/Suburb",36870,29
153658,"University of Iowa",2022,19,21973,26,19587,25729,0.860041198647441,"IA","City/Suburb",36521,29
153658,"University of Iowa",2021,19,21608,26,17599,22434,0.862084336275296,"IA","City/Suburb",37097,29
153658,"University of Iowa",2020,19,22304,26,17452,24132,0.842781369136416,"IA","City/Suburb",36359,29
153658,"University of Iowa",2019,20,23482,26,17008,25928,0.825516815797593,"IA","City/Suburb",36735,29
200156,"University of Jamestown",2023,26,964,33,20897,1047,0.93505253104107,"ND","Town/Rural",7668,29.7
200156,"University of Jamestown",2022,26,978,28,19950,1017,0.920353982300885,"ND","Town/Rural",7623,29.7
200156,"University of Jamestown",2021,30,1018,26,20095,1264,0.757911392405063,"ND","Town/Rural",7291,29.7
200156,"University of Jamestown",2020,28,912,27,19744,1356,0.719026548672566,"ND","Town/Rural",7385,29.7
200156,"University of Jamestown",2019,31,908,28,19695,1106,0.692585895117541,"ND","Town/Rural",7006,29.7
155317,"University of Kansas",2023,20,20696,31,18322,19226,0.882034744616665,"KS","City/Suburb",36832,33.8
155317,"University of Kansas",2022,19,19241,31,18950,16204,0.878425080227104,"KS","City/Suburb",36624,33.8
155317,"University of Kansas",2021,20,19158,31,18608,15275,0.924975450081833,"KS","City/Suburb",36149,33.8
155317,"University of Kansas",2020,20,19135,30,20054,15042,0.909320569073262,"KS","City/Suburb",35923,33.8
155317,"University of Kansas",2019,21,19667,30,19195,15093,0.931027628702047,"KS","City/Suburb",35979,33.8
157085,"University of Kentucky",2023,21,23930,24,19838,28233,0.923847979314986,"KY","City/Suburb",49328,24.8
157085,"University of Kentucky",2022,21,22735,24,18693,22109,0.948889592473653,"KY","City/Suburb",49640,24.8
157085,"University of Kentucky",2021,21,21900,25,20043,21695,0.940124452638857,"KY","City/Suburb",50879,24.8
157085,"University of Kentucky",2020,22,22227,25,19831,19648,0.963558631921824,"KY","City/Suburb",51547,24.8
157085,"University of Kentucky",2019,23,22236,25,18958,18759,0.958526573911189,"KY","City/Suburb",51210,24.8
117140,"University of La Verne",2023,48,3352,84,27216,10813,0.48478683066679,"CA","City/Suburb",492544,34.2
117140,"University of La Verne",2022,48,3365,83,25103,6172,0.735093972780298,"CA","City/Suburb",473448,34.2
117140,"University of La Verne",2021,47,3691,83,22538,5004,0.719424460431655,"CA","City/Suburb",467260,34.2
117140,"University of La Verne",2020,47,4120,82,30061,8212,0.762542620555285,"CA","City/Suburb",477479,34.2
117140,"University of La Verne",2019,46,4528,80,27933,6864,0.548222610722611,"CA","City/Suburb",478819,34.2
160658,"University of Louisiana at Lafayette",2023,39,13179,41,13443,10679,0.888285419983144,"LA","City/Suburb",49729,24.3
160658,"University of Louisiana at Lafayette",2022,37,12950,40,13036,8487,0.892188052315306,"LA","City/Suburb",49777,24.3
160658,"University of Louisiana at Lafayette",2021,34,13700,39,11818,10409,0.78345662407532,"LA","City/Suburb",52461,24.3
160658,"University of Louisiana at Lafayette",2020,35,14020,37,12706,9870,0.672847011144883,"LA","City/Suburb",53334,24.3
160658,"University of Louisiana at Lafayette",2019,34,14603,36,12184,9138,0.679142044210987,"LA","City/Suburb",52809,24.3
159993,"University of Louisiana at Monroe",2023,33,6550,43,11160,4878,0.745592455924559,"LA","City/Suburb",49729,24.3
159993,"University of Louisiana at Monroe",2022,35,6552,39,11353,4303,0.701138740413665,"LA","City/Suburb",49777,24.3
159993,"University of Louisiana at Monroe",2021,36,6728,39,10408,4945,0.698887765419616,"LA","City/Suburb",52461,24.3
159993,"University of Louisiana at Monroe",2020,37,6929,38,10134,4837,0.779822203845359,"LA","City/Suburb",53334,24.3
159993,"University of Louisiana at Monroe",2019,36,6948,37,9710,3953,0.800404755881609,"LA","City/Suburb",52809,24.3
157289,"University of Louisville",2023,29,16194,39,18808,14821,0.805411240806963,"KY","City/Suburb",49328,24.8
157289,"University of Louisville",2022,29,15921,36,19327,15462,0.815418445220541,"KY","City/Suburb",49640,24.8
157289,"University of Louisville",2021,28,15634,33,18582,15455,0.746942736978324,"KY","City/Suburb",50879,24.8
157289,"University of Louisville",2020,29,15927,32,17894,17265,0.651201853460759,"KY","City/Suburb",51547,24.8
157289,"University of Louisville",2019,29,15860,30,17490,14760,0.692818428184282,"KY","City/Suburb",51210,24.8
232609,"University of Lynchburg",2023,27,1792,41,22921,4813,0.821940577602327,"VA","City/Suburb",99497,39.3
232609,"University of Lynchburg",2022,29,1589,30,23256,3230,0.959442724458204,"VA","City/Suburb",98780,39.3
232609,"University of Lynchburg",2021,30,1640,26,27305,3102,0.968729851708575,"VA","City/Suburb",100147,39.3
232609,"University of Lynchburg",2020,31,1822,26,24386,3694,0.97265836491608,"VA","City/Suburb",98970,39.3
232609,"University of Lynchburg",2019,29,1935,26,24987,4477,0.910431092249274,"VA","City/Suburb",95710,39.3
161253,"University of Maine",2023,22,9267,18,18237,13995,0.957127545551983,"ME","City/Suburb",14133,31.5
161253,"University of Maine",2022,24,9774,18,17617,15021,0.939617868317689,"ME","City/Suburb",13869,31.5
161253,"University of Maine",2021,24,10115,18,17146,14965,0.964584029401938,"ME","City/Suburb",14239,31.5
161253,"University of Maine",2020,26,9465,18,16365,14785,0.922083192424755,"ME","City/Suburb",14677,31.5
161253,"University of Maine",2019,29,9430,18,18002,13118,0.902424150022869,"ME","City/Suburb",15274,31.5
161226,"University of Maine at Farmington",2023,32,1605,14,15383,1306,0.976263399693721,"ME","Town/Rural",14133,31.5
161226,"University of Maine at Farmington",2022,39,1558,14,14486,1407,0.941719971570718,"ME","Town/Rural",13869,31.5
161226,"University of Maine at Farmington",2021,45,1580,14,14386,1569,0.966857871255577,"ME","Town/Rural",14239,31.5
161226,"University of Maine at Farmington",2020,46,1582,13,14492,1595,0.946081504702194,"ME","Town/Rural",14677,31.5
161226,"University of Maine at Farmington",2019,46,1674,13,14593,1744,0.909403669724771,"ME","Town/Rural",15274,31.5
161235,"University of Maine at Fort Kent",2023,14,1357,23,10736,539,0.990723562152134,"ME","Town/Rural",14133,31.5
161235,"University of Maine at Fort Kent",2022,14,1194,24,12163,527,0.992409867172676,"ME","Town/Rural",13869,31.5
161235,"University of Maine at Fort Kent",2021,17,2216,21,10547,800,0.99875,"ME","Town/Rural",14239,31.5
161235,"University of Maine at Fort Kent",2020,21,1624,21,12162,599,0.998330550918197,"ME","Town/Rural",14677,31.5
161235,"University of Maine at Fort Kent",2019,23,1589,20,11205,742,0.993261455525607,"ME","Town/Rural",15274,31.5
161341,"University of Maine at Presque Isle",2023,26,2152,32,9773,755,0.970860927152318,"ME","Town/Rural",14133,31.5
161341,"University of Maine at Presque Isle",2022,27,1824,26,9104,732,0.969945355191257,"ME","Town/Rural",13869,31.5
161341,"University of Maine at Presque Isle",2021,29,1573,24,9190,800,0.99875,"ME","Town/Rural",14239,31.5
161341,"University of Maine at Presque Isle",2020,28,1467,22,10442,700,0.99,"ME","Town/Rural",14677,31.5
161341,"University of Maine at Presque Isle",2019,27,1445,26,10126,736,0.990489130434783,"ME","Town/Rural",15274,31.5
200217,"University of Mary",2023,18,2650,22,19225,1577,0.782498414711478,"ND","Town/Rural",7668,29.7
200217,"University of Mary",2022,18,2506,22,18369,1499,0.813875917278185,"ND","Town/Rural",7623,29.7
200217,"University of Mary",2021,18,2579,21,19474,1532,0.787859007832898,"ND","Town/Rural",7291,29.7
200217,"University of Mary",2020,19,2535,21,18167,1391,0.716750539180446,"ND","Town/Rural",7385,29.7
200217,"University of Mary",2019,19,2543,22,17903,1376,0.73546511627907,"ND","Town/Rural",7006,29.7
226471,"University of Mary Hardin-Baylor",2023,37,3024,49,29904,11407,0.951170334005435,"TX","City/Suburb",385604,30.3
226471,"University of Mary Hardin-Baylor",2022,39,3072,47,31197,13001,0.956695638797016,"TX","City/Suburb",375741,30.3
226471,"University of Mary Hardin-Baylor",2021,37,3224,46,30191,14587,0.993418797559471,"TX","City/Suburb",377064,30.3
226471,"University of Mary Hardin-Baylor",2020,39,3379,46,27629,11243,0.902961842924486,"TX","City/Suburb",372402,30.3
226471,"University of Mary Hardin-Baylor",2019,40,3361,47,27237,15355,0.8737870400521,"TX","City/Suburb",364979,30.3
232681,"University of Mary Washington",2023,20,3611,40,21615,4606,0.862570560138949,"VA","City/Suburb",99497,39.3
232681,"University of Mary Washington",2022,20,3493,36,21863,4709,0.85793162030155,"VA","City/Suburb",98780,39.3
232681,"University of Mary Washington",2021,20,3660,33,21901,5027,0.8191764471852,"VA","City/Suburb",100147,39.3
232681,"University of Mary Washington",2020,19,3993,32,22569,6018,0.754901960784314,"VA","City/Suburb",98970,39.3
232681,"University of Mary Washington",2019,20,4182,31,21640,5939,0.747263849132851,"VA","City/Suburb",95710,39.3
163338,"University of Maryland Eastern Shore",2023,53,2233,91,14595,8032,0.903635458167331,"MD","Town/Rural",69770,40.8
163338,"University of Maryland Eastern Shore",2022,51,1933,90,12020,6724,0.815585960737656,"MD","Town/Rural",69124,40.8
163338,"University of Maryland Eastern Shore",2021,47,1811,91,12867,7625,0.819016393442623,"MD","Town/Rural",71017,40.8
163338,"University of Maryland Eastern Shore",2020,52,2069,89,15633,8511,0.620256139114088,"MD","Town/Rural",67971,40.8
163338,"University of Maryland Eastern Shore",2019,52,2333,90,16267,3929,0.646729447696615,"MD","Town/Rural",68208,40.8
163268,"University of Maryland-Baltimore County",2023,30,10490,69,17704,13150,0.742357414448669,"MD","City/Suburb",69770,40.8
163268,"University of Maryland-Baltimore County",2022,30,10625,68,17692,11534,0.805531472169239,"MD","City/Suburb",69124,40.8
163268,"University of Maryland-Baltimore County",2021,28,10835,65,6912,11093,0.811953484179212,"MD","City/Suburb",71017,40.8
163268,"University of Maryland-Baltimore County",2020,29,10932,63,16868,11459,0.694825028361986,"MD","City/Suburb",67971,40.8
163268,"University of Maryland-Baltimore County",2019,29,11060,61,17094,11842,0.610285424759331,"MD","City/Suburb",68208,40.8
163286,"University of Maryland-College Park",2023,19,30608,60,15833,59377,0.448405948431211,"MD","City/Suburb",69770,40.8
163286,"University of Maryland-College Park",2022,18,30353,58,16210,56761,0.446080935853843,"MD","City/Suburb",69124,40.8
163286,"University of Maryland-College Park",2021,18,30922,55,17146,50183,0.520275790606381,"MD","City/Suburb",71017,40.8
163286,"University of Maryland-College Park",2020,18,30875,53,17643,32147,0.509596540890285,"MD","City/Suburb",67971,40.8
163286,"University of Maryland-College Park",2019,18,30511,52,17723,33012,0.441809039137283,"MD","City/Suburb",68208,40.8
262086,"University of Massachusetts Global",2021,26,5237,44,26346,168,0.928571428571429,"CA","City/Suburb",467260,34.2
262086,"University of Massachusetts Global",2020,29,6114,44,24084,219,0.949771689497717,"CA","City/Suburb",477479,34.2
262086,"University of Massachusetts Global",2019,40,6060,42,23781,84,0.892857142857143,"CA","City/Suburb",478819,34.2
166629,"University of Massachusetts-Amherst",2023,20,23936,42,22954,50424,0.577681262890687,"MA","City/Suburb",78133,44.5
166629,"University of Massachusetts-Amherst",2022,21,24391,41,22291,45451,0.635211546500627,"MA","City/Suburb",78514,44.5
166629,"University of Massachusetts-Amherst",2021,21,24231,40,17291,42540,0.655312646920545,"MA","City/Suburb",78839,44.5
166629,"University of Massachusetts-Amherst",2020,22,24233,39,22505,40315,0.65323080739179,"MA","City/Suburb",79537,44.5
166629,"University of Massachusetts-Amherst",2019,23,24209,39,22927,42157,0.6379723414854,"MA","City/Suburb",78060,44.5
166638,"University of Massachusetts-Boston",2023,43,12373,70,17554,20918,0.829572616884979,"MA","City/Suburb",78133,44.5
166638,"University of Massachusetts-Boston",2022,42,12221,68,17123,19512,0.807554325543255,"MA","City/Suburb",78514,44.5
166638,"University of Massachusetts-Boston",2021,42,12269,66,17575,16383,0.78898858572911,"MA","City/Suburb",78839,44.5
166638,"University of Massachusetts-Boston",2020,42,12871,67,17231,14029,0.79677810250196,"MA","City/Suburb",79537,44.5
166638,"University of Massachusetts-Boston",2019,41,12595,67,17511,13649,0.761447725108067,"MA","City/Suburb",78060,44.5
167987,"University of Massachusetts-Dartmouth",2023,36,5602,46,20696,9794,0.921584643659383,"MA","City/Suburb",78133,44.5
167987,"University of Massachusetts-Dartmouth",2022,37,5517,43,19700,8837,0.955188412357135,"MA","City/Suburb",78514,44.5
167987,"University of Massachusetts-Dartmouth",2021,37,5833,43,21708,7983,0.922209695603157,"MA","City/Suburb",78839,44.5
167987,"University of Massachusetts-Dartmouth",2020,40,6027,41,20612,8738,0.76184481574731,"MA","City/Suburb",79537,44.5
167987,"University of Massachusetts-Dartmouth",2019,40,6405,42,18662,8623,0.748347442885307,"MA","City/Suburb",78060,44.5
166513,"University of Massachusetts-Lowell",2023,27,12128,48,17624,12628,0.852391510928096,"MA","City/Suburb",78133,44.5
166513,"University of Massachusetts-Lowell",2022,28,12389,46,17240,12253,0.859544601322125,"MA","City/Suburb",78514,44.5
166513,"University of Massachusetts-Lowell",2021,29,12884,45,13227,12493,0.845673577203234,"MA","City/Suburb",78839,44.5
166513,"University of Massachusetts-Lowell",2020,28,13813,44,19147,12970,0.751966075558982,"MA","City/Suburb",79537,44.5
166513,"University of Massachusetts-Lowell",2019,27,14170,42,18183,12660,0.73349131121643,"MA","City/Suburb",78060,44.5
220862,"University of Memphis",2023,40,16771,61,13656,15640,0.933823529411765,"TN","City/Suburb",72084,27.5
220862,"University of Memphis",2022,42,16708,59,13873,15767,0.946026511067419,"TN","City/Suburb",71347,27.5
220862,"University of Memphis",2021,41,16702,56,14251,14916,0.952064896755162,"TN","City/Suburb",72685,27.5
220862,"University of Memphis",2020,43,17383,54,13777,13298,0.852007820724921,"TN","City/Suburb",73281,27.5
220862,"University of Memphis",2019,44,17378,52,13481,14778,0.847543645960211,"TN","City/Suburb",72802,27.5
135726,"University of Miami",2023,15,12883,52,41028,48286,0.18514683345069,"FL","City/Suburb",214692,30.4
135726,"University of Miami",2022,16,12504,54,36467,49169,0.189387622282332,"FL","City/Suburb",217330,30.4
135726,"University of Miami",2021,15,12089,56,34492,42244,0.284916201117318,"FL","City/Suburb",223891,30.4
135726,"University of Miami",2020,15,11334,58,31726,40131,0.330916249283596,"FL","City/Suburb",215797,30.4
135726,"University of Miami",2019,14,11307,58,33102,38920,0.271274409044193,"FL","City/Suburb",213187,30.4
170976,"University of Michigan-Ann Arbor",2023,18,33730,51,19005,87632,0.179409348183312,"MI","City/Suburb",108265,29.6
170976,"University of Michigan-Ann Arbor",2022,18,32695,49,19318,84289,0.17693886509509,"MI","City/Suburb",103443,29.6
170976,"University of Michigan-Ann Arbor",2021,18,32282,47,19205,79743,0.201534930965727,"MI","City/Suburb",107239,29.6
170976,"University of Michigan-Ann Arbor",2020,18,31329,45,17832,65021,0.2610541209763,"MI","City/Suburb",108725,29.6
170976,"University of Michigan-Ann Arbor",2019,17,31266,44,17357,64972,0.229067906174968,"MI","City/Suburb",112177,29.6
171137,"University of Michigan-Dearborn",2023,44,6071,36,12798,12373,0.586276569950699,"MI","City/Suburb",108265,29.6
171137,"University of Michigan-Dearborn",2022,41,6116,34,12444,12026,0.540994511890903,"MI","City/Suburb",103443,29.6
171137,"University of Michigan-Dearborn",2021,39,6355,33,11818,8065,0.687662740235586,"MI","City/Suburb",107239,29.6
171137,"University of Michigan-Dearborn",2020,41,6725,33,12639,7300,0.675068493150685,"MI","City/Suburb",108725,29.6
171137,"University of Michigan-Dearborn",2019,41,6910,33,10634,6470,0.619629057187017,"MI","City/Suburb",112177,29.6
171146,"University of Michigan-Flint",2023,35,4751,34,12344,8870,0.688275084554679,"MI","City/Suburb",108265,29.6
171146,"University of Michigan-Flint",2022,36,4609,32,10840,6140,0.663517915309446,"MI","City/Suburb",103443,29.6
171146,"University of Michigan-Flint",2021,36,4995,32,12616,4021,0.738622233275305,"MI","City/Suburb",107239,29.6
171146,"University of Michigan-Flint",2020,37,5424,32,12546,4017,0.774209609161066,"MI","City/Suburb",108725,29.6
171146,"University of Michigan-Flint",2019,38,5862,34,12153,4254,0.659614480488952,"MI","City/Suburb",112177,29.6
174075,"University of Minnesota-Crookston",2023,19,2518,27,13442,1886,0.583775185577943,"MN","Town/Rural",67002,36.7
174075,"University of Minnesota-Crookston",2022,21,2303,25,12894,1739,0.572167912593444,"MN","Town/Rural",64579,36.7
174075,"University of Minnesota-Crookston",2021,21,2304,24,11925,1196,0.481605351170569,"MN","Town/Rural",65199,36.7
174075,"University of Minnesota-Crookston",2020,21,2530,26,12010,1616,0.721534653465347,"MN","Town/Rural",66285,36.7
174075,"University of Minnesota-Crookston",2019,23,2768,37,11483,1182,0.684433164128596,"MN","Town/Rural",65499,36.7
174233,"University of Minnesota-Duluth",2023,18,8525,26,19542,9502,0.817512102715218,"MN","City/Suburb",67002,36.7
174233,"University of Minnesota-Duluth",2022,19,8810,26,18031,9512,0.806980656013457,"MN","City/Suburb",64579,36.7
174233,"University of Minnesota-Duluth",2021,19,9024,25,16960,9610,0.795421436004162,"MN","City/Suburb",65199,36.7
174233,"University of Minnesota-Duluth",2020,21,9301,24,18211,9190,0.785527747551687,"MN","City/Suburb",66285,36.7
174233,"University of Minnesota-Duluth",2019,22,9847,24,16828,8704,0.748851102941177,"MN","City/Suburb",65499,36.7
174251,"University of Minnesota-Morris",2023,31,1020,48,9539,3477,0.704630428530342,"MN","Town/Rural",67002,36.7
174251,"University of Minnesota-Morris",2022,28,1068,46,11169,2699,0.776583919970359,"MN","Town/Rural",64579,36.7
174251,"University of Minnesota-Morris",2021,29,1286,44,11652,2619,0.760595647193585,"MN","Town/Rural",65199,36.7
174251,"University of Minnesota-Morris",2020,31,1339,43,11147,4190,0.64653937947494,"MN","Town/Rural",66285,36.7
174251,"University of Minnesota-Morris",2019,31,1499,43,11682,3265,0.567228177641654,"MN","Town/Rural",65499,36.7
456959,"University of Minnesota-Rochester",2023,36,588,46,13840,1221,0.718263718263718,"MN","City/Suburb",67002,36.7
456959,"University of Minnesota-Rochester",2022,37,630,46,12613,1198,0.717028380634391,"MN","City/Suburb",64579,36.7
456959,"University of Minnesota-Rochester",2021,38,646,42,14198,1123,0.802315227070347,"MN","City/Suburb",65199,36.7
456959,"University of Minnesota-Rochester",2020,35,632,42,15469,1440,0.7375,"MN","City/Suburb",66285,36.7
456959,"University of Minnesota-Rochester",2019,33,572,38,16314,1121,0.601248884924175,"MN","City/Suburb",65499,36.7
174066,"University of Minnesota-Twin Cities",2023,17,39556,42,16730,39863,0.770263151293179,"MN","City/Suburb",67002,36.7
174066,"University of Minnesota-Twin Cities",2022,18,39248,40,16018,38050,0.749119579500657,"MN","City/Suburb",64579,36.7
174066,"University of Minnesota-Twin Cities",2021,16,36209,38,17468,35905,0.732349254978415,"MN","City/Suburb",65199,36.7
174066,"University of Minnesota-Twin Cities",2020,18,36061,39,17729,38237,0.696393545518738,"MN","City/Suburb",66285,36.7
174066,"University of Minnesota-Twin Cities",2019,18,35165,38,17279,40673,0.567354264499791,"MN","City/Suburb",65499,36.7
176017,"University of Mississippi",2023,22,19094,22,14946,27837,0.977763408413263,"MS","Town/Rural",32572,23.2
176017,"University of Mississippi",2022,24,17302,22,14289,22311,0.973824570839496,"MS","Town/Rural",32131,23.2
176017,"University of Mississippi",2021,24,16092,23,13528,19531,0.896625876811223,"MS","Town/Rural",32865,23.2
176017,"University of Mississippi",2020,24,16179,23,13653,16383,0.8802417139718,"MS","Town/Rural",32110,23.2
176017,"University of Mississippi",2019,23,17139,23,14672,16253,0.88137574601612,"MS","Town/Rural",32601,23.2
178396,"University of Missouri-Columbia",2023,20,23613,21,20006,21669,0.770224745027459,"MO","City/Suburb",67773,29.5
178396,"University of Missouri-Columbia",2022,21,23745,21,19889,20303,0.79126237501847,"MO","City/Suburb",66781,29.5
178396,"University of Missouri-Columbia",2021,21,23696,21,18249,19966,0.765451267154162,"MO","City/Suburb",66906,29.5
178396,"University of Missouri-Columbia",2020,21,23383,22,16930,20641,0.817789835763771,"MO","City/Suburb",67892,29.5
178396,"University of Missouri-Columbia",2019,21,22589,22,15850,20015,0.807294529103173,"MO","City/Suburb",68482,29.5
178402,"University of Missouri-Kansas City",2023,25,10149,47,14201,5802,0.749913822819717,"MO","City/Suburb",67773,29.5
178402,"University of Missouri-Kansas City",2022,24,10179,43,14739,5180,0.694787644787645,"MO","City/Suburb",66781,29.5
178402,"University of Missouri-Kansas City",2021,23,10698,41,14368,4967,0.759814777531709,"MO","City/Suburb",66906,29.5
178402,"University of Missouri-Kansas City",2020,24,11027,40,16016,5672,0.630112834978843,"MO","City/Suburb",67892,29.5
178402,"University of Missouri-Kansas City",2019,25,11301,40,14921,5754,0.612964893986792,"MO","City/Suburb",68482,29.5
178420,"University of Missouri-St Louis",2023,18,12137,31,11577,4627,0.571644694186298,"MO","City/Suburb",67773,29.5
178420,"University of Missouri-St Louis",2022,18,12415,30,13211,3913,0.511116790186558,"MO","City/Suburb",66781,29.5
178420,"University of Missouri-St Louis",2021,24,12347,30,10525,3054,0.566142763588736,"MO","City/Suburb",66906,29.5
178420,"University of Missouri-St Louis",2020,21,10973,31,10039,3511,0.575904300769012,"MO","City/Suburb",67892,29.5
178420,"University of Missouri-St Louis",2019,23,13026,32,7977,2452,0.730016313213703,"MO","City/Suburb",68482,29.5
101693,"University of Mobile",2023,30,1688,56,20503,1735,0.72507204610951,"AL","Town/Rural",52181,25.5
101693,"University of Mobile",2022,28,1584,50,22260,1690,0.840828402366864,"AL","Town/Rural",53739,25.5
101693,"University of Mobile",2021,29,1654,47,21638,1774,0.640924464487035,"AL","Town/Rural",54466,25.5
101693,"University of Mobile",2020,30,1750,38,22197,2037,0.665684830633284,"AL","Town/Rural",52925,25.5
101693,"University of Mobile",2019,35,1769,27,21847,2696,0.45660237388724,"AL","Town/Rural",55331,25.5
101709,"University of Montevallo",2023,39,2545,40,17280,6210,0.538969404186796,"AL","Town/Rural",52181,25.5
101709,"University of Montevallo",2022,42,2172,34,17421,6426,0.598350451291628,"AL","Town/Rural",53739,25.5
101709,"University of Montevallo",2021,39,2215,33,17207,4045,0.900865265760198,"AL","Town/Rural",54466,25.5
101709,"University of Montevallo",2020,39,2228,33,18702,4954,0.605167541380703,"AL","Town/Rural",52925,25.5
101709,"University of Montevallo",2019,40,2236,31,16027,5553,0.531964703763731,"AL","Town/Rural",55331,25.5
199069,"University of Mount Olive",2023,47,1937,48,17893,1748,0.77745995423341,"NC","Town/Rural",108252,31.9
199069,"University of Mount Olive",2022,43,2019,47,17878,1838,0.745919477693145,"NC","Town/Rural",114167,31.9
199069,"University of Mount Olive",2021,44,2085,46,16736,1676,0.825775656324582,"NC","Town/Rural",116514,31.9
199069,"University of Mount Olive",2020,47,2350,45,14805,2237,0.619132767098793,"NC","Town/Rural",116615,31.9
199069,"University of Mount Olive",2019,51,2612,46,16670,2158,0.584800741427247,"NC","Town/Rural",114284,31.9
193399,"University of Mount Saint Vincent",2023,43,2398,60,21844,3775,0.84635761589404,"NY","City/Suburb",211853,37.2
193399,"University of Mount Saint Vincent",2022,45,2259,60,17084,3465,0.888888888888889,"NY","City/Suburb",213993,37.2
193399,"University of Mount Saint Vincent",2021,47,2281,67,20317,2750,0.821090909090909,"NY","City/Suburb",217586,37.2
193399,"University of Mount Saint Vincent",2020,50,2277,74,20778,2963,0.926763415457307,"NY","City/Suburb",209688,37.2
193399,"University of Mount Saint Vincent",2019,51,1867,78,18068,2746,0.921704297159505,"NY","City/Suburb",212104,37.2
204185,"University of Mount Union",2023,29,1927,20,22835,3322,0.801023479831427,"OH","Town/Rural",133760,29
204185,"University of Mount Union",2022,29,1891,23,23259,3521,0.757455268389662,"OH","Town/Rural",133872,29
204185,"University of Mount Union",2021,32,1891,22,23750,3514,0.797381900967558,"OH","Town/Rural",136945,29
204185,"University of Mount Union",2020,31,1958,22,24166,3422,0.774108708357686,"OH","Town/Rural",135941,29
204185,"University of Mount Union",2019,30,2035,21,23583,3145,0.765977742448331,"OH","Town/Rural",135868,29
181215,"University of Nebraska at Kearney",2023,34,4224,27,16249,7253,0.857851923342065,"NE","Town/Rural",24387,32.4
181215,"University of Nebraska at Kearney",2022,35,4269,27,16564,6794,0.859876361495437,"NE","Town/Rural",23856,32.4
181215,"University of Nebraska at Kearney",2021,35,4427,26,16433,6076,0.903225806451613,"NE","Town/Rural",23769,32.4
181215,"University of Nebraska at Kearney",2020,36,4385,24,16570,5359,0.88412017167382,"NE","Town/Rural",23830,32.4
181215,"University of Nebraska at Kearney",2019,37,4429,25,15890,5324,0.851803155522164,"NE","Town/Rural",23314,32.4
181394,"University of Nebraska at Omaha",2023,33,11859,40,13284,9889,0.869046415208818,"NE","City/Suburb",24387,32.4
181394,"University of Nebraska at Omaha",2022,31,12026,39,12973,9506,0.858615611192931,"NE","City/Suburb",23856,32.4
181394,"University of Nebraska at Omaha",2021,34,12197,38,12790,8821,0.872463439519329,"NE","City/Suburb",23769,32.4
181394,"University of Nebraska at Omaha",2020,34,12768,38,13314,8864,0.822879061371841,"NE","City/Suburb",23830,32.4
181394,"University of Nebraska at Omaha",2019,35,12245,36,12899,8565,0.834559252772913,"NE","City/Suburb",23314,32.4
181464,"University of Nebraska-Lincoln",2023,22,19338,24,18029,18354,0.770731175765501,"NE","City/Suburb",24387,32.4
181464,"University of Nebraska-Lincoln",2022,22,19189,24,16805,19102,0.78640980002094,"NE","City/Suburb",23856,32.4
181464,"University of Nebraska-Lincoln",2021,22,19552,24,18403,17775,0.810745428973277,"NE","City/Suburb",23769,32.4
181464,"University of Nebraska-Lincoln",2020,22,20286,25,17341,17495,0.777422120605887,"NE","City/Suburb",23830,32.4
181464,"University of Nebraska-Lincoln",2019,23,20478,25,17093,16829,0.782280587081823,"NE","City/Suburb",23314,32.4
182281,"University of Nevada-Las Vegas",2023,40,25794,77,11388,12232,0.962557226945716,"NV","City/Suburb",31588,24.9
182281,"University of Nevada-Las Vegas",2022,40,25365,76,13159,13275,0.853107344632768,"NV","City/Suburb",32270,24.9
182281,"University of Nevada-Las Vegas",2021,37,25312,74,13030,13025,0.834779270633397,"NV","City/Suburb",32747,24.9
182281,"University of Nevada-Las Vegas",2020,37,25864,72,11834,13256,0.810199155099578,"NV","City/Suburb",32765,24.9
182281,"University of Nevada-Las Vegas",2019,37,25827,71,12403,12720,0.806918238993711,"NV","City/Suburb",32173,24.9
182290,"University of Nevada-Reno",2023,24,17965,51,16801,10142,0.853086176296588,"NV","City/Suburb",31588,24.9
182290,"University of Nevada-Reno",2022,26,16973,49,16670,9398,0.856246009789317,"NV","City/Suburb",32270,24.9
182290,"University of Nevada-Reno",2021,26,17025,48,16398,9421,0.881647383504936,"NV","City/Suburb",32747,24.9
182290,"University of Nevada-Reno",2020,26,16845,46,16359,9644,0.872978017420158,"NV","City/Suburb",32765,24.9
182290,"University of Nevada-Reno",2019,26,17297,45,16253,9064,0.882171226831421,"NV","City/Suburb",32173,24.9
161457,"University of New England",2023,12,3863,25,38675,5091,0.888430563739933,"ME","City/Suburb",14133,31.5
161457,"University of New England",2022,12,3718,23,38809,4941,0.962760574782433,"ME","City/Suburb",13869,31.5
161457,"University of New England",2021,12,3671,43,36261,4765,0.899895068205666,"ME","City/Suburb",14239,31.5
161457,"University of New England",2020,12,4065,32,36474,4843,0.872599628329548,"ME","City/Suburb",14677,31.5
161457,"University of New England",2019,13,4275,31,34198,5175,0.843864734299517,"ME","City/Suburb",15274,31.5
183071,"University of New Hampshire at Manchester",2023,32,522,37,13097,505,0.873267326732673,"NH","City/Suburb",15434,36.8
183071,"University of New Hampshire at Manchester",2022,38,524,32,18923,360,0.852777777777778,"NH","City/Suburb",15352,36.8
183071,"University of New Hampshire at Manchester",2021,37,653,29,17602,311,0.82636655948553,"NH","City/Suburb",15187,36.8
183071,"University of New Hampshire at Manchester",2020,38,704,29,15634,265,0.852830188679245,"NH","City/Suburb",14958,36.8
183071,"University of New Hampshire at Manchester",2019,32,723,32,12608,239,0.907949790794979,"NH","City/Suburb",15466,36.8
183044,"University of New Hampshire-Main Campus",2023,18,11376,15,24762,20887,0.868674295016039,"NH","Town/Rural",15434,36.8
183044,"University of New Hampshire-Main Campus",2022,19,11512,15,24507,21016,0.86986105824134,"NH","Town/Rural",15352,36.8
183044,"University of New Hampshire-Main Campus",2021,20,11528,16,22392,20149,0.86718943868182,"NH","Town/Rural",15187,36.8
183044,"University of New Hampshire-Main Campus",2020,21,11787,17,24847,18797,0.848060860775656,"NH","Town/Rural",14958,36.8
183044,"University of New Hampshire-Main Campus",2019,21,12238,18,24056,18040,0.84029933481153,"NH","Town/Rural",15466,36.8
129941,"University of New Haven",2023,27,4865,47,34201,13498,0.805452659653282,"CT","City/Suburb",44962,39.6
129941,"University of New Haven",2022,28,4817,43,33135,11199,0.912402893115457,"CT","City/Suburb",44540,39.6
129941,"University of New Haven",2021,28,5023,41,33323,10272,0.941296728971963,"CT","City/Suburb",44901,39.6
129941,"University of New Haven",2020,28,5097,37,35395,10671,0.910973666947802,"CT","City/Suburb",45222,39.6
129941,"University of New Haven",2019,27,4912,36,34353,10997,0.829862689824498,"CT","City/Suburb",45216,39.6
187985,"University of New Mexico-Main Campus",2023,36,16905,72,7528,12907,0.95452080266522,"NM","City/Suburb",20718,27.7
187985,"University of New Mexico-Main Campus",2022,36,15910,72,10633,12639,0.960677268771264,"NM","City/Suburb",20683,27.7
187985,"University of New Mexico-Main Campus",2021,38,15793,70,11396,11346,0.972677595628415,"NM","City/Suburb",20434,27.7
187985,"University of New Mexico-Main Campus",2020,36,16209,70,12200,10436,0.963395937140667,"NM","City/Suburb",20968,27.7
187985,"University of New Mexico-Main Campus",2019,36,17330,69,11368,9328,0.942753001715266,"NM","City/Suburb",21861,27.7
159939,"University of New Orleans",2023,40,5476,57,11190,7253,0.667723700537709,"LA","City/Suburb",49729,24.3
159939,"University of New Orleans",2022,39,5804,56,11508,7296,0.697642543859649,"LA","City/Suburb",49777,24.3
159939,"University of New Orleans",2021,39,6508,53,11341,5633,0.805787324693769,"LA","City/Suburb",52461,24.3
159939,"University of New Orleans",2020,39,6895,53,11256,5382,0.829059829059829,"LA","City/Suburb",53334,24.3
159939,"University of New Orleans",2019,39,6713,51,10780,5882,0.555423325399524,"LA","City/Suburb",52809,24.3
101879,"University of North Alabama",2023,24,7451,29,10441,4398,0.964756707594361,"AL","City/Suburb",52181,25.5
101879,"University of North Alabama",2022,29,7214,28,9837,4009,0.956847094038414,"AL","City/Suburb",53739,25.5
101879,"University of North Alabama",2021,34,6084,27,12379,3410,0.899706744868035,"AL","City/Suburb",54466,25.5
101879,"University of North Alabama",2020,35,5946,27,13279,2739,0.826579043446513,"AL","City/Suburb",52925,25.5
101879,"University of North Alabama",2019,38,6050,27,14033,2691,0.887774061687105,"AL","City/Suburb",55331,25.5
199111,"University of North Carolina Asheville",2023,31,2907,26,14175,5465,0.938883806038426,"NC","City/Suburb",108252,31.9
199111,"University of North Carolina Asheville",2022,34,2914,25,14730,4278,0.743104254324451,"NC","City/Suburb",114167,31.9
199111,"University of North Carolina Asheville",2021,36,3233,26,13838,4550,0.816263736263736,"NC","City/Suburb",116514,31.9
199111,"University of North Carolina Asheville",2020,35,3358,27,13854,3115,0.79422150882825,"NC","City/Suburb",116615,31.9
199111,"University of North Carolina Asheville",2019,36,3587,26,13388,3750,0.84,"NC","City/Suburb",114284,31.9
199120,"University of North Carolina at Chapel Hill",2023,20,20681,46,11140,57902,0.187385582536009,"NC","City/Suburb",108252,31.9
199120,"University of North Carolina at Chapel Hill",2022,21,20029,45,10614,56341,0.171083225359862,"NC","City/Suburb",114167,31.9
199120,"University of North Carolina at Chapel Hill",2021,23,19845,44,11508,50729,0.203985885785251,"NC","City/Suburb",116514,31.9
199120,"University of North Carolina at Chapel Hill",2020,23,19395,43,10038,41773,0.250041893088837,"NC","City/Suburb",116615,31.9
199120,"University of North Carolina at Chapel Hill",2019,23,19154,41,10085,42465,0.226304015071235,"NC","City/Suburb",114284,31.9
199139,"University of North Carolina at Charlotte",2023,34,23981,52,13768,22699,0.802149874443808,"NC","City/Suburb",108252,31.9
199139,"University of North Carolina at Charlotte",2022,35,23461,49,13951,21355,0.796394287052213,"NC","City/Suburb",114167,31.9
199139,"University of North Carolina at Charlotte",2021,35,24116,48,15682,20366,0.794461357163901,"NC","City/Suburb",116514,31.9
199139,"University of North Carolina at Charlotte",2020,36,24175,46,16029,19949,0.795328086620883,"NC","City/Suburb",116615,31.9
199139,"University of North Carolina at Charlotte",2019,37,24070,44,15200,21868,0.650493872324858,"NC","City/Suburb",114284,31.9
199148,"University of North Carolina at Greensboro",2023,47,14156,62,10592,12379,0.898295500444301,"NC","City/Suburb",108252,31.9
199148,"University of North Carolina at Greensboro",2022,48,14198,60,10979,11515,0.919409465914025,"NC","City/Suburb",114167,31.9
199148,"University of North Carolina at Greensboro",2021,48,15178,59,9950,10696,0.908376963350785,"NC","City/Suburb",116514,31.9
199148,"University of North Carolina at Greensboro",2020,48,15995,57,9853,9870,0.875379939209726,"NC","City/Suburb",116615,31.9
199148,"University of North Carolina at Greensboro",2019,49,16581,55,11108,9974,0.824644074593944,"NC","City/Suburb",114284,31.9
199281,"University of North Carolina at Pembroke",2023,48,5485,65,9687,7635,0.923641126391618,"NC","Town/Rural",108252,31.9
199281,"University of North Carolina at Pembroke",2022,48,5643,63,8208,3420,0.897368421052632,"NC","Town/Rural",114167,31.9
199281,"University of North Carolina at Pembroke",2021,49,6317,62,11022,5578,0.918429544639656,"NC","Town/Rural",116514,31.9
199281,"University of North Carolina at Pembroke",2020,53,6436,63,10069,5021,0.913762198765186,"NC","Town/Rural",116615,31.9
199281,"University of North Carolina at Pembroke",2019,54,6353,63,9888,5601,0.849312622745938,"NC","Town/Rural",114284,31.9
199184,"University of North Carolina School of the Arts",2023,25,902,40,11163,1423,0.330990864371047,"NC","City/Suburb",108252,31.9
199184,"University of North Carolina School of the Arts",2022,25,920,38,11251,1139,0.317822651448639,"NC","City/Suburb",114167,31.9
199184,"University of North Carolina School of the Arts",2021,26,938,36,12097,1321,0.297501892505677,"NC","City/Suburb",116514,31.9
199184,"University of North Carolina School of the Arts",2020,28,920,33,11940,1197,0.363408521303258,"NC","City/Suburb",116615,31.9
199184,"University of North Carolina School of the Arts",2019,29,929,30,12579,1536,0.2890625,"NC","City/Suburb",114284,31.9
199218,"University of North Carolina Wilmington",2023,24,14494,22,18606,17370,0.740126655152562,"NC","City/Suburb",108252,31.9
199218,"University of North Carolina Wilmington",2022,25,14294,22,18709,16860,0.688315539739027,"NC","City/Suburb",114167,31.9
199218,"University of North Carolina Wilmington",2021,26,14488,23,18792,15792,0.67983789260385,"NC","City/Suburb",116514,31.9
199218,"University of North Carolina Wilmington",2020,27,14650,22,17946,13633,0.679674319665518,"NC","City/Suburb",116615,31.9
199218,"University of North Carolina Wilmington",2019,27,14785,22,17981,13287,0.654549559720027,"NC","City/Suburb",114284,31.9
200280,"University of North Dakota",2023,16,10216,23,18227,7437,0.770875352964905,"ND","City/Suburb",7668,29.7
200280,"University of North Dakota",2022,17,9928,23,17359,6597,0.832802789146582,"ND","City/Suburb",7623,29.7
200280,"University of North Dakota",2021,17,9718,23,17425,5962,0.89030526668903,"ND","City/Suburb",7291,29.7
200280,"University of North Dakota",2020,18,9796,23,16780,5662,0.867537972447898,"ND","City/Suburb",7385,29.7
200280,"University of North Dakota",2019,18,10163,23,15654,4964,0.811240934730056,"ND","City/Suburb",7006,29.7
136172,"University of North Florida",2023,31,14264,43,10628,21568,0.62268175074184,"FL","City/Suburb",214692,30.4
136172,"University of North Florida",2022,30,14171,42,11338,19744,0.705024311183144,"FL","City/Suburb",217330,30.4
136172,"University of North Florida",2021,29,14167,40,7746,16004,0.774868782804299,"FL","City/Suburb",223891,30.4
136172,"University of North Florida",2020,30,14550,38,9789,16551,0.799226632831853,"FL","City/Suburb",215797,30.4
136172,"University of North Florida",2019,30,14734,37,9857,16305,0.722845752836553,"FL","City/Suburb",213187,30.4
482680,"University of North Georgia",2023,28,17242,30,11687,11633,0.721567953236482,"GA","Town/Rural",126146,31.9
482680,"University of North Georgia",2022,28,17240,29,11721,11920,0.696308724832215,"GA","Town/Rural",122695,31.9
482680,"University of North Georgia",2021,28,18143,29,11685,10380,0.811560693641619,"GA","Town/Rural",124712,31.9
482680,"University of North Georgia",2020,30,19019,28,11322,11149,0.814512512332945,"GA","Town/Rural",126126,31.9
482680,"University of North Georgia",2019,31,19036,27,10730,10753,0.814842369571282,"GA","Town/Rural",121897,31.9
227216,"University of North Texas",2023,36,33858,64,14675,36807,0.72461759991306,"TX","City/Suburb",385604,30.3
227216,"University of North Texas",2022,35,33023,62,15283,32016,0.791323088455772,"TX","City/Suburb",375741,30.3
227216,"University of North Texas",2021,35,32590,60,14040,24858,0.814224796846086,"TX","City/Suburb",377064,30.3
227216,"University of North Texas",2020,36,32814,59,13781,21514,0.839778748721763,"TX","City/Suburb",372402,30.3
227216,"University of North Texas",2019,37,32159,58,14020,21724,0.736144356472105,"TX","City/Suburb",364979,30.3
484905,"University of North Texas at Dallas",2023,51,3018,91,9109,3939,0.938563087077939,"TX","City/Suburb",385604,30.3
484905,"University of North Texas at Dallas",2022,50,3001,91,10351,2474,0.936135812449475,"TX","City/Suburb",375741,30.3
484905,"University of North Texas at Dallas",2021,47,3368,90,6575,2618,0.899159663865546,"TX","City/Suburb",377064,30.3
484905,"University of North Texas at Dallas",2020,58,3387,90,8491,2324,0.92986230636833,"TX","City/Suburb",372402,30.3
484905,"University of North Texas at Dallas",2019,56,3419,88,9062,4718,0.46820686731666,"TX","City/Suburb",364979,30.3
127741,"University of Northern Colorado",2023,26,6616,42,19115,10274,0.864317695152813,"CO","City/Suburb",63277,41.7
127741,"University of Northern Colorado",2022,27,6728,40,18310,10107,0.78539626001781,"CO","City/Suburb",64869,41.7
127741,"University of Northern Colorado",2021,26,7357,38,17128,10152,0.911347517730496,"CO","City/Suburb",63204,41.7
127741,"University of Northern Colorado",2020,27,8494,36,16510,9149,0.877035741611105,"CO","City/Suburb",61237,41.7
127741,"University of Northern Colorado",2019,29,9810,37,15965,9275,0.908355795148248,"CO","City/Suburb",60962,41.7
154095,"University of Northern Iowa",2023,24,7734,17,15931,4913,0.944026053327906,"IA","City/Suburb",36870,29
154095,"University of Northern Iowa",2022,26,7735,16,15782,4594,0.949499346974314,"IA","City/Suburb",36521,29
154095,"University of Northern Iowa",2021,26,7967,16,15231,4772,0.857921207041073,"IA","City/Suburb",37097,29
154095,"University of Northern Iowa",2020,26,8289,17,16166,5085,0.788790560471976,"IA","City/Suburb",36359,29
154095,"University of Northern Iowa",2019,26,8953,17,15760,4701,0.79047011274197,"IA","City/Suburb",36735,29
174491,"University of Northwestern-St Paul",2023,15,3173,19,26779,1194,0.918760469011725,"MN","City/Suburb",67002,36.7
174491,"University of Northwestern-St Paul",2022,15,3161,19,25704,1349,0.925129725722758,"MN","City/Suburb",64579,36.7
174491,"University of Northwestern-St Paul",2021,16,3289,19,22965,1415,0.823321554770318,"MN","City/Suburb",65199,36.7
174491,"University of Northwestern-St Paul",2020,17,3363,18,23967,1080,0.922222222222222,"MN","City/Suburb",66285,36.7
174491,"University of Northwestern-St Paul",2019,19,3376,17,23085,1243,0.917940466613033,"MN","City/Suburb",65499,36.7
152080,"University of Notre Dame",2023,12,8968,39,29083,28353,0.123796423658872,"IN","City/Suburb",76628,27.1
152080,"University of Notre Dame",2022,12,8971,37,28474,26509,0.129050511147158,"IN","City/Suburb",74897,27.1
152080,"University of Notre Dame",2021,10,8973,34,30513,23642,0.150664072413501,"IN","City/Suburb",78348,27.1
152080,"University of Notre Dame",2020,10,8874,32,29981,21253,0.189855549804733,"IN","City/Suburb",78809,27.1
152080,"University of Notre Dame",2019,11,8732,33,30536,22200,0.158333333333333,"IN","City/Suburb",76144,27.1
207500,"University of Oklahoma-Norman Campus",2023,24,22025,44,19900,22337,0.765411648833774,"OK","City/Suburb",47211,25.6
207500,"University of Oklahoma-Norman Campus",2022,24,21282,43,22601,21548,0.729162799331725,"OK","City/Suburb",46032,25.6
207500,"University of Oklahoma-Norman Campus",2021,23,21152,41,22022,17318,0.852292412518767,"OK","City/Suburb",46211,25.6
207500,"University of Oklahoma-Norman Campus",2020,23,21383,40,21836,15451,0.833797165232024,"OK","City/Suburb",45702,25.6
207500,"University of Oklahoma-Norman Campus",2019,23,21768,40,21804,15673,0.8041217380208,"OK","City/Suburb",43828,25.6
209551,"University of Oregon",2023,22,19963,38,23917,39400,0.851065989847716,"OR","City/Suburb",41163,34
209551,"University of Oregon",2022,23,19565,38,22077,37154,0.86292189266297,"OR","City/Suburb",41057,34
209551,"University of Oregon",2021,25,18602,39,18556,31558,0.934248051207301,"OR","City/Suburb",42778,34
209551,"University of Oregon",2020,25,18045,40,17646,28525,0.838071866783523,"OR","City/Suburb",42173,34
209551,"University of Oregon",2019,26,18888,41,16080,27209,0.8179646440516,"OR","City/Suburb",41717,34
215062,"University of Pennsylvania",2023,16,11611,70,26017,59465,0.058673169091062,"PA","City/Suburb",142275,31.8
215062,"University of Pennsylvania",2022,15,11250,68,26123,54588,0.0650142888546933,"PA","City/Suburb",139193,31.8
215062,"University of Pennsylvania",2021,14,11292,65,14578,56332,0.0586522757935099,"PA","City/Suburb",142186,31.8
215062,"University of Pennsylvania",2020,13,11155,62,24167,42205,0.0897760928799905,"PA","City/Suburb",143645,31.8
215062,"University of Pennsylvania",2019,13,11872,61,24771,44961,0.0766442027534975,"PA","City/Suburb",143842,31.8
215266,"University of Pittsburgh-Bradford",2023,46,1003,34,17015,4985,0.908124373119358,"PA","Town/Rural",142275,31.8
215266,"University of Pittsburgh-Bradford",2022,46,1074,34,16505,5071,0.935515677381187,"PA","Town/Rural",139193,31.8
215266,"University of Pittsburgh-Bradford",2021,46,1164,33,16597,1243,0.732904263877715,"PA","Town/Rural",142186,31.8
215266,"University of Pittsburgh-Bradford",2020,46,1305,34,15519,3835,0.791916558018253,"PA","Town/Rural",143645,31.8
215266,"University of Pittsburgh-Bradford",2019,42,1326,33,18355,4521,0.72882105728821,"PA","Town/Rural",143842,31.8
215275,"University of Pittsburgh-Greensburg",2023,38,1326,25,17196,2936,0.979223433242507,"PA","City/Suburb",142275,31.8
215275,"University of Pittsburgh-Greensburg",2022,37,1328,24,18194,3003,0.976023976023976,"PA","City/Suburb",139193,31.8
215275,"University of Pittsburgh-Greensburg",2021,37,1320,21,17644,733,0.908594815825375,"PA","City/Suburb",142186,31.8
215275,"University of Pittsburgh-Greensburg",2020,36,1408,22,15211,2154,0.900185701021356,"PA","City/Suburb",143645,31.8
215275,"University of Pittsburgh-Greensburg",2019,37,1454,23,17013,2127,0.838269863657734,"PA","City/Suburb",143842,31.8
215284,"University of Pittsburgh-Johnstown",2023,29,1940,27,17909,3246,0.959026494146642,"PA","City/Suburb",142275,31.8
215284,"University of Pittsburgh-Johnstown",2022,29,2043,25,17545,3470,0.974063400576369,"PA","City/Suburb",139193,31.8
215284,"University of Pittsburgh-Johnstown",2021,30,2121,21,17627,1452,0.919421487603306,"PA","City/Suburb",142186,31.8
215284,"University of Pittsburgh-Johnstown",2020,31,2356,19,17574,2750,0.866181818181818,"PA","City/Suburb",143645,31.8
215284,"University of Pittsburgh-Johnstown",2019,32,2465,19,18836,2968,0.785377358490566,"PA","City/Suburb",143842,31.8
215293,"University of Pittsburgh-Pittsburgh Campus",2023,14,25171,36,24338,58416,0.49702136400986,"PA","City/Suburb",142275,31.8
215293,"University of Pittsburgh-Pittsburgh Campus",2022,14,24420,35,24286,53072,0.491389056376244,"PA","City/Suburb",139193,31.8
215293,"University of Pittsburgh-Pittsburgh Campus",2021,13,23885,33,22996,34656,0.666810941828255,"PA","City/Suburb",142186,31.8
215293,"University of Pittsburgh-Pittsburgh Campus",2020,13,23157,31,22346,32549,0.638760023349412,"PA","City/Suburb",143645,31.8
215293,"University of Pittsburgh-Pittsburgh Campus",2019,15,23385,30,22600,32091,0.566513975881088,"PA","City/Suburb",143842,31.8
209825,"University of Portland",2023,19,3136,58,34951,9041,0.953876783541644,"OR","City/Suburb",41163,34
209825,"University of Portland",2022,17,3390,55,33717,10122,0.925113613910294,"OR","City/Suburb",41057,34
209825,"University of Portland",2021,15,3589,52,35535,12044,0.811856526071073,"OR","City/Suburb",42778,34
209825,"University of Portland",2020,15,3559,49,37317,12562,0.772170036618373,"OR","City/Suburb",42173,34
209825,"University of Portland",2019,16,3798,47,36051,11641,0.766514904217851,"OR","City/Suburb",41717,34
180258,"University of Providence",2023,31,562,25,21175,324,0.641975308641975,"MT","City/Suburb",9999,31.7
180258,"University of Providence",2022,30,593,27,22318,199,0.954773869346734,"MT","City/Suburb",9694,31.7
180258,"University of Providence",2021,25,665,28,22801,199,1,"MT","City/Suburb",9661,31.7
180258,"University of Providence",2020,29,790,25,25023,272,0.985294117647059,"MT","City/Suburb",9686,31.7
180258,"University of Providence",2019,26,785,25,22288,386,0.55440414507772,"MT","City/Suburb",9627,31.7
236328,"University of Puget Sound",2023,17,1632,33,42301,5548,0.762797404470079,"WA","City/Suburb",78990,36.7
236328,"University of Puget Sound",2022,18,1712,34,41363,5345,0.826566884939196,"WA","City/Suburb",78071,36.7
236328,"University of Puget Sound",2021,18,1866,35,28221,5025,0.882985074626866,"WA","City/Suburb",79537,36.7
236328,"University of Puget Sound",2020,18,1898,34,38127,5202,0.868512110726644,"WA","City/Suburb",79042,36.7
236328,"University of Puget Sound",2019,16,2299,32,39011,5182,0.838093400231571,"WA","City/Suburb",78061,36.7
121691,"University of Redlands",2023,35,2100,63,28054,3622,0.809221424627278,"CA","City/Suburb",492544,34.2
121691,"University of Redlands",2022,33,2313,62,28157,3872,0.818698347107438,"CA","City/Suburb",473448,34.2
121691,"University of Redlands",2021,35,2644,62,21578,3746,0.829684997330486,"CA","City/Suburb",467260,34.2
121691,"University of Redlands",2020,31,2842,62,30240,4900,0.686530612244898,"CA","City/Suburb",477479,34.2
121691,"University of Redlands",2019,32,3141,63,31180,4621,0.764120320276996,"CA","City/Suburb",478819,34.2
217484,"University of Rhode Island",2023,21,14670,28,20964,25391,0.770666771690757,"RI","City/Suburb",11503,34.4
217484,"University of Rhode Island",2022,22,14768,27,20695,25481,0.763902515599859,"RI","City/Suburb",11411,34.4
217484,"University of Rhode Island",2021,22,14744,27,20496,25105,0.764628560047799,"RI","City/Suburb",11480,34.4
217484,"University of Rhode Island",2020,19,14904,28,15386,23856,0.75507209926224,"RI","City/Suburb",11395,34.4
217484,"University of Rhode Island",2019,24,14548,28,19652,22113,0.747704969927192,"RI","City/Suburb",10892,34.4
233374,"University of Richmond",2023,18,3054,40,35263,15121,0.233119502678394,"VA","City/Suburb",99497,39.3
233374,"University of Richmond",2022,18,3145,41,29248,14364,0.243734335839599,"VA","City/Suburb",98780,39.3
233374,"University of Richmond",2021,18,3166,42,28881,13955,0.28771049802938,"VA","City/Suburb",100147,39.3
233374,"University of Richmond",2020,19,3323,40,25700,12060,0.309038142620232,"VA","City/Suburb",98970,39.3
233374,"University of Richmond",2019,18,3202,43,25282,12356,0.283263191971512,"VA","City/Suburb",95710,39.3
195030,"University of Rochester",2023,16,6764,61,40900,21680,0.358533210332103,"NY","City/Suburb",211853,37.2
195030,"University of Rochester",2022,16,6767,60,39775,19966,0.389061404387459,"NY","City/Suburb",213993,37.2
195030,"University of Rochester",2021,17,6568,57,40125,19543,0.405464872332805,"NY","City/Suburb",217586,37.2
195030,"University of Rochester",2020,16,6521,57,36254,19607,0.354312235426123,"NY","City/Suburb",209688,37.2
195030,"University of Rochester",2019,18,6780,58,32939,21642,0.297107476203678,"NY","City/Suburb",212104,37.2
152336,"University of Saint Francis-Fort Wayne",2023,43,1601,41,20897,1560,0.975641025641026,"IN","City/Suburb",76628,27.1
152336,"University of Saint Francis-Fort Wayne",2022,44,1576,31,18162,1391,0.98058950395399,"IN","City/Suburb",74897,27.1
152336,"University of Saint Francis-Fort Wayne",2021,42,1726,33,17513,1323,0.99395313681028,"IN","City/Suburb",78348,27.1
152336,"University of Saint Francis-Fort Wayne",2020,43,1753,28,18810,1676,0.990453460620525,"IN","City/Suburb",78809,27.1
152336,"University of Saint Francis-Fort Wayne",2019,42,1745,26,18055,1587,0.962192816635161,"IN","City/Suburb",76144,27.1
130314,"University of Saint Joseph",2023,36,879,41,27558,1778,0.796400449943757,"CT","City/Suburb",44962,39.6
130314,"University of Saint Joseph",2022,37,831,40,25860,1654,0.748488512696493,"CT","City/Suburb",44540,39.6
130314,"University of Saint Joseph",2021,38,906,41,26328,1338,0.782511210762332,"CT","City/Suburb",44901,39.6
130314,"University of Saint Joseph",2020,38,898,40,24176,1579,0.780240658644712,"CT","City/Suburb",45222,39.6
130314,"University of Saint Joseph",2019,40,904,44,21602,1646,0.766099635479951,"CT","City/Suburb",45216,39.6
488785,"University of Saint Katherine",2023,35,230,75,32299,160,0.4625,"CA","City/Suburb",492544,34.2
488785,"University of Saint Katherine",2022,35,205,76,28604,90,0.655555555555556,"CA","City/Suburb",473448,34.2
488785,"University of Saint Katherine",2021,42,245,71,26616,79,0.784810126582278,"CA","City/Suburb",467260,34.2
488785,"University of Saint Katherine",2020,48,238,71,24661,58,0.637931034482759,"CA","City/Suburb",477479,34.2
488785,"University of Saint Katherine",2019,55,235,68,26931,81,0.962962962962963,"CA","City/Suburb",478819,34.2
155812,"University of Saint Mary",2023,37,1015,50,23611,1201,0.89841798501249,"KS","Town/Rural",36832,33.8
155812,"University of Saint Mary",2022,37,903,46,21887,1489,0.819341840161182,"KS","Town/Rural",36624,33.8
155812,"University of Saint Mary",2021,39,858,49,23801,1805,0.809418282548476,"KS","Town/Rural",36149,33.8
155812,"University of Saint Mary",2020,42,810,53,22530,1375,0.595636363636364,"KS","Town/Rural",35923,33.8
155812,"University of Saint Mary",2019,46,782,55,21019,699,0.839771101573677,"KS","Town/Rural",35979,33.8
122436,"University of San Diego",2023,19,5726,55,37675,15953,0.467498276186297,"CA","City/Suburb",492544,34.2
122436,"University of San Diego",2022,18,5669,54,36008,14334,0.52609180968327,"CA","City/Suburb",473448,34.2
122436,"University of San Diego",2021,18,5702,52,34155,14326,0.52701382102471,"CA","City/Suburb",467260,34.2
122436,"University of San Diego",2020,17,5529,51,37547,13171,0.586971376508997,"CA","City/Suburb",477479,34.2
122436,"University of San Diego",2019,16,5919,50,35936,13755,0.48687749909124,"CA","City/Suburb",478819,34.2
122612,"University of San Francisco",2023,27,5729,77,44104,25709,0.507682134661014,"CA","City/Suburb",492544,34.2
122612,"University of San Francisco",2022,28,6018,76,42953,23103,0.711769034324547,"CA","City/Suburb",473448,34.2
122612,"University of San Francisco",2021,29,5969,76,39825,22372,0.70923475773288,"CA","City/Suburb",467260,34.2
122612,"University of San Francisco",2020,28,5852,76,42801,21477,0.7030311496019,"CA","City/Suburb",477479,34.2
122612,"University of San Francisco",2019,28,6577,75,38422,21867,0.644167009649243,"CA","City/Suburb",478819,34.2
207722,"University of Science and Arts of Oklahoma",2023,47,914,37,8685,1465,0.557679180887372,"OK","Town/Rural",47211,25.6
207722,"University of Science and Arts of Oklahoma",2022,44,825,40,8390,1071,0.563025210084034,"OK","Town/Rural",46032,25.6
207722,"University of Science and Arts of Oklahoma",2021,47,849,45,9573,1078,0.634508348794063,"OK","Town/Rural",46211,25.6
207722,"University of Science and Arts of Oklahoma",2020,46,733,45,8000,1021,0.357492654260529,"OK","Town/Rural",45702,25.6
207722,"University of Science and Arts of Oklahoma",2019,48,800,46,8798,470,0.64468085106383,"OK","Town/Rural",43828,25.6
215929,"University of Scranton",2023,22,3666,26,32100,9530,0.843546694648479,"PA","City/Suburb",142275,31.8
215929,"University of Scranton",2022,20,3593,26,35526,9530,0.843546694648479,"PA","City/Suburb",139193,31.8
215929,"University of Scranton",2021,19,3487,24,35913,9111,0.802875644824937,"PA","City/Suburb",142186,31.8
215929,"University of Scranton",2020,19,3658,24,36093,9291,0.787321063394683,"PA","City/Suburb",143645,31.8
215929,"University of Scranton",2019,20,3792,24,36235,9545,0.763226820324777,"PA","City/Suburb",143842,31.8
219383,"University of Sioux Falls",2023,29,1276,22,21049,2478,0.820823244552058,"SD","City/Suburb",9564,29.2
219383,"University of Sioux Falls",2022,28,1325,21,20957,2358,0.759541984732824,"SD","City/Suburb",9036,29.2
219383,"University of Sioux Falls",2021,26,1337,20,21333,2407,0.766514333194848,"SD","City/Suburb",9008,29.2
219383,"University of Sioux Falls",2020,27,1354,17,21824,1648,0.922936893203884,"SD","City/Suburb",8951,29.2
219383,"University of Sioux Falls",2019,31,1390,16,19744,1929,0.914463452566096,"SD","City/Suburb",9241,29.2
102094,"University of South Alabama",2023,37,8914,39,13613,12593,0.654887635988247,"AL","City/Suburb",52181,25.5
102094,"University of South Alabama",2022,39,8480,40,15664,12550,0.653625498007968,"AL","City/Suburb",53739,25.5
102094,"University of South Alabama",2021,37,8833,40,14984,11817,0.707793856308708,"AL","City/Suburb",54466,25.5
102094,"University of South Alabama",2020,39,9050,40,14822,8084,0.730331519049975,"AL","City/Suburb",52925,25.5
102094,"University of South Alabama",2019,40,9601,39,13624,6350,0.786929133858268,"AL","City/Suburb",55331,25.5
218645,"University of South Carolina Aiken",2023,37,3109,40,11697,2905,0.797246127366609,"SC","City/Suburb",53335,28.3
218645,"University of South Carolina Aiken",2022,37,3145,38,11872,2453,0.75621687729311,"SC","City/Suburb",52277,28.3
218645,"University of South Carolina Aiken",2021,37,3101,39,12514,1808,0.835176991150443,"SC","City/Suburb",52010,28.3
218645,"University of South Carolina Aiken",2020,39,3284,40,12689,3055,0.558756137479542,"SC","City/Suburb",52680,28.3
218645,"University of South Carolina Aiken",2019,40,3252,41,15042,2775,0.557477477477477,"SC","City/Suburb",53953,28.3
218654,"University of South Carolina Beaufort",2023,40,2067,40,15781,2745,0.691803278688525,"SC","Town/Rural",53335,28.3
218654,"University of South Carolina Beaufort",2022,40,2053,39,16113,2479,0.800322710770472,"SC","Town/Rural",52277,28.3
218654,"University of South Carolina Beaufort",2021,39,2023,38,15896,2193,0.837209302325581,"SC","Town/Rural",52010,28.3
218654,"University of South Carolina Beaufort",2020,42,1999,38,16748,2096,0.669370229007634,"SC","Town/Rural",52680,28.3
218654,"University of South Carolina Beaufort",2019,41,2112,39,16807,2167,0.627595754499308,"SC","Town/Rural",53953,28.3
218663,"University of South Carolina-Columbia",2023,19,28470,27,26068,46682,0.614926524142068,"SC","City/Suburb",53335,28.3
218663,"University of South Carolina-Columbia",2022,19,27343,27,22427,42188,0.640513890205746,"SC","City/Suburb",52277,28.3
218663,"University of South Carolina-Columbia",2021,20,26864,26,21898,42045,0.615626114876918,"SC","City/Suburb",52010,28.3
218663,"University of South Carolina-Columbia",2020,19,27271,26,21784,34957,0.683525474153961,"SC","City/Suburb",52680,28.3
218663,"University of South Carolina-Columbia",2019,20,27502,25,21787,31268,0.686452603300499,"SC","City/Suburb",53953,28.3
218742,"University of South Carolina-Upstate",2023,45,4471,53,13794,3557,0.696092212538656,"SC","City/Suburb",53335,28.3
218742,"University of South Carolina-Upstate",2022,45,4481,53,13835,3090,0.785760517799353,"SC","City/Suburb",52277,28.3
218742,"University of South Carolina-Upstate",2021,45,4981,50,14816,2893,0.756999654338057,"SC","City/Suburb",52010,28.3
218742,"University of South Carolina-Upstate",2020,45,5519,50,15074,4385,0.595438996579247,"SC","City/Suburb",52680,28.3
218742,"University of South Carolina-Upstate",2019,46,5853,48,15838,4395,0.581342434584755,"SC","City/Suburb",53953,28.3
219471,"University of South Dakota",2023,18,7095,20,18466,5349,0.989530753411853,"SD","Town/Rural",9564,29.2
219471,"University of South Dakota",2022,19,7132,19,18378,4480,0.994642857142857,"SD","Town/Rural",9036,29.2
219471,"University of South Dakota",2021,20,6987,18,18974,4272,0.870084269662921,"SD","Town/Rural",9008,29.2
219471,"University of South Dakota",2020,23,7103,17,18480,3392,0.909492924528302,"SD","Town/Rural",8951,29.2
219471,"University of South Dakota",2019,24,7475,17,17689,4434,0.863779882724402,"SD","Town/Rural",9241,29.2
137351,"University of South Florida",2023,30,37269,55,11578,65187,0.409575528863117,"FL","City/Suburb",214692,30.4
137351,"University of South Florida",2022,32,38047,55,11004,65568,0.439253904343582,"FL","City/Suburb",217330,30.4
137351,"University of South Florida",2021,32,38011,53,11419,50352,0.493783762313314,"FL","City/Suburb",223891,30.4
137351,"University of South Florida",2020,34,38582,52,10004,38696,0.492402315484805,"FL","City/Suburb",215797,30.4
137351,"University of South Florida",2019,36,32684,54,9787,36986,0.476342399826962,"FL","City/Suburb",213187,30.4
123961,"University of Southern California",2023,22,21023,73,41496,80808,0.10016335016335,"CA","City/Suburb",492544,34.2
123961,"University of Southern California",2022,22,20699,70,36808,69062,0.120239784541427,"CA","City/Suburb",473448,34.2
123961,"University of Southern California",2021,21,20790,68,26021,71031,0.125072151595782,"CA","City/Suburb",467260,34.2
123961,"University of Southern California",2020,20,19786,65,39759,59712,0.161073151125402,"CA","City/Suburb",477479,34.2
123961,"University of Southern California",2019,21,20351,63,37521,66198,0.114172633614309,"CA","City/Suburb",478819,34.2
151306,"University of Southern Indiana",2023,22,7428,17,14066,4392,0.946493624772313,"IN","City/Suburb",76628,27.1
151306,"University of Southern Indiana",2022,23,7355,16,14443,4277,0.944353518821604,"IN","City/Suburb",74897,27.1
151306,"University of Southern Indiana",2021,24,7908,15,13719,3867,0.964054822860098,"IN","City/Suburb",78348,27.1
151306,"University of Southern Indiana",2020,25,8431,15,13958,4158,0.938672438672439,"IN","City/Suburb",78809,27.1
151306,"University of Southern Indiana",2019,27,9162,15,13360,4614,0.933246640658864,"IN","City/Suburb",76144,27.1
161554,"University of Southern Maine",2023,26,5520,24,12006,5823,0.793061995534948,"ME","City/Suburb",14133,31.5
161554,"University of Southern Maine",2022,28,5616,23,12343,5544,0.854256854256854,"ME","City/Suburb",13869,31.5
161554,"University of Southern Maine",2021,30,5956,23,9793,5397,0.869927737632018,"ME","City/Suburb",14239,31.5
161554,"University of Southern Maine",2020,31,6098,23,12072,4774,0.879346459991621,"ME","City/Suburb",14677,31.5
161554,"University of Southern Maine",2019,34,6675,31,12400,4996,0.809047237790232,"ME","City/Suburb",15274,31.5
176372,"University of Southern Mississippi",2023,47,10012,43,14050,8818,0.99376275799501,"MS","City/Suburb",32572,23.2
176372,"University of Southern Mississippi",2022,47,10258,40,14427,9051,0.988399071925754,"MS","City/Suburb",32131,23.2
176372,"University of Southern Mississippi",2021,46,10693,40,13651,9314,0.957912819411638,"MS","City/Suburb",32865,23.2
176372,"University of Southern Mississippi",2020,47,11451,39,14794,9683,0.963337808530414,"MS","City/Suburb",32110,23.2
176372,"University of Southern Mississippi",2019,48,11594,39,14485,9217,0.969404361505913,"MS","City/Suburb",32601,23.2
148584,"University of St Francis",2023,37,1306,51,16455,1888,0.639300847457627,"IL","City/Suburb",148445,35.1
148584,"University of St Francis",2022,38,1414,51,18560,2198,0.584167424931756,"IL","City/Suburb",145439,35.1
148584,"University of St Francis",2021,39,1572,48,16949,1574,0.682337992376112,"IL","City/Suburb",150490,35.1
148584,"University of St Francis",2020,35,1627,44,16761,1917,0.60093896713615,"IL","City/Suburb",149373,35.1
148584,"University of St Francis",2019,37,1744,41,17687,2273,0.456225252969644,"IL","City/Suburb",152277,35.1
174914,"University of St Thomas",2023,20,6044,34,32637,8813,0.84942698286622,"MN","City/Suburb",67002,36.7
174914,"University of St Thomas",2022,18,5906,31,30137,9481,0.76996097458074,"MN","City/Suburb",64579,36.7
174914,"University of St Thomas",2021,18,6056,28,30099,8654,0.755257684307835,"MN","City/Suburb",65199,36.7
174914,"University of St Thomas",2020,18,6333,26,31799,7128,0.874017957351291,"MN","City/Suburb",66285,36.7
174914,"University of St Thomas",2019,18,6355,25,29645,7232,0.805309734513274,"MN","City/Suburb",65499,36.7
227863,"University of St Thomas",2023,38,2969,81,20469,1591,0.933375235700817,"TX","City/Suburb",385604,30.3
227863,"University of St Thomas",2022,36,2646,78,19207,1123,0.967052537845058,"TX","City/Suburb",375741,30.3
227863,"University of St Thomas",2021,37,2667,79,20130,1140,0.984210526315789,"TX","City/Suburb",377064,30.3
227863,"University of St Thomas",2020,40,2411,80,19940,1074,0.960893854748603,"TX","City/Suburb",372402,30.3
227863,"University of St Thomas",2019,40,2124,79,19544,1101,0.872842870118074,"TX","City/Suburb",364979,30.3
215105,"University of the Arts",2023,33,1072,49,44510,1367,0.782004389173372,"PA","City/Suburb",142275,31.8
215105,"University of the Arts",2022,33,1170,51,42467,1086,0.800184162062615,"PA","City/Suburb",139193,31.8
215105,"University of the Arts",2021,34,1397,49,25932,1293,0.851508120649652,"PA","City/Suburb",142186,31.8
215105,"University of the Arts",2020,33,1380,50,40269,1588,0.758186397984887,"PA","City/Suburb",143645,31.8
215105,"University of the Arts",2019,32,1699,49,41658,1733,0.733410271206001,"PA","City/Suburb",143842,31.8
156541,"University of the Cumberlands",2023,48,6091,27,11555,4281,0.713851903760804,"KY","Town/Rural",49328,24.8
156541,"University of the Cumberlands",2022,49,5174,59,14337,2314,0.830164217804667,"KY","Town/Rural",49640,24.8
156541,"University of the Cumberlands",2021,47,4838,79,13631,2177,0.850252641249426,"KY","Town/Rural",50879,24.8
156541,"University of the Cumberlands",2020,45,4511,88,13764,2414,0.814415907207954,"KY","Town/Rural",51547,24.8
156541,"University of the Cumberlands",2019,38,3874,87,16340,2510,0.800398406374502,"KY","Town/Rural",51210,24.8
225627,"University of the Incarnate Word",2023,43,4726,85,21246,11162,0.933614047661709,"TX","City/Suburb",385604,30.3
225627,"University of the Incarnate Word",2022,43,4724,84,20832,9625,0.942025974025974,"TX","City/Suburb",375741,30.3
225627,"University of the Incarnate Word",2021,42,4846,84,21161,8999,0.942215801755751,"TX","City/Suburb",377064,30.3
225627,"University of the Incarnate Word",2020,40,5081,82,23041,6883,0.965567339822752,"TX","City/Suburb",372402,30.3
225627,"University of the Incarnate Word",2019,40,5368,83,24481,6294,0.937718462027328,"TX","City/Suburb",364979,30.3
107558,"University of the Ozarks",2023,36,763,57,16651,1916,0.581419624217119,"AR","Town/Rural",33693,23.3
107558,"University of the Ozarks",2022,36,784,57,16319,2157,0.600834492350487,"AR","Town/Rural",33705,23.3
107558,"University of the Ozarks",2021,35,784,58,15779,1918,0.553701772679875,"AR","Town/Rural",34604,23.3
107558,"University of the Ozarks",2020,39,836,58,16009,1712,0.558995327102804,"AR","Town/Rural",34014,23.3
107558,"University of the Ozarks",2019,42,824,56,14295,1855,0.50188679245283,"AR","Town/Rural",33531,23.3
120883,"University of the Pacific",2023,34,3297,84,30975,5763,0.948637862224536,"CA","City/Suburb",492544,34.2
120883,"University of the Pacific",2022,37,3294,82,28164,5891,0.9322695637413,"CA","City/Suburb",473448,34.2
120883,"University of the Pacific",2021,37,3306,79,21311,10901,0.793046509494542,"CA","City/Suburb",467260,34.2
120883,"University of the Pacific",2020,37,3524,79,32780,14063,0.707459290336344,"CA","City/Suburb",477479,34.2
120883,"University of the Pacific",2019,37,3640,78,33178,13096,0.656078191814294,"CA","City/Suburb",478819,34.2
188182,"University of the Southwest",2019,53,331,73,20169,282,0.453900709219858,"NM","Town/Rural",21861,27.7
449870,"University of the West",2023,42,53,100,11137,7,1,"CA","City/Suburb",492544,34.2
449870,"University of the West",2022,43,62,97,19028,23,0.782608695652174,"CA","City/Suburb",473448,34.2
206084,"University of Toledo",2023,26,11447,34,17927,11184,0.948319027181688,"OH","City/Suburb",133760,29
206084,"University of Toledo",2022,27,11965,32,17654,12575,0.922306163021869,"OH","City/Suburb",133872,29
206084,"University of Toledo",2021,27,13161,32,17764,9893,0.96522793894673,"OH","City/Suburb",136945,29
206084,"University of Toledo",2020,29,14406,31,17793,9673,0.946759019952445,"OH","City/Suburb",135941,29
206084,"University of Toledo",2019,30,15568,31,17822,10085,0.964005949429846,"OH","City/Suburb",135868,29
207971,"University of Tulsa",2023,26,2485,51,23681,6631,0.579852209319861,"OK","City/Suburb",47211,25.6
207971,"University of Tulsa",2022,23,2647,51,28087,12042,0.691828599900349,"OK","City/Suburb",46032,25.6
207971,"University of Tulsa",2021,21,2728,49,26341,5958,0.75243370258476,"OK","City/Suburb",46211,25.6
207971,"University of Tulsa",2020,22,2929,47,25333,5815,0.692175408426483,"OK","City/Suburb",45702,25.6
207971,"University of Tulsa",2019,20,3268,46,23940,9793,0.358419279076892,"OK","City/Suburb",43828,25.6
230764,"University of Utah",2023,20,26827,37,13341,22996,0.871716820316577,"UT","City/Suburb",46946,34.9
230764,"University of Utah",2022,21,26355,38,12399,21072,0.891277524677297,"UT","City/Suburb",46085,34.9
230764,"University of Utah",2021,22,25826,36,11112,18302,0.949677630860015,"UT","City/Suburb",45251,34.9
230764,"University of Utah",2020,24,24643,35,12881,18419,0.793962755849938,"UT","City/Suburb",43182,34.9
230764,"University of Utah",2019,26,24485,34,13739,24404,0.621168660875266,"UT","City/Suburb",43372,34.9
216542,"University of Valley Forge",2023,51,498,49,27854,403,0.781637717121588,"PA","City/Suburb",142275,31.8
216542,"University of Valley Forge",2022,50,508,52,25825,370,0.824324324324324,"PA","City/Suburb",139193,31.8
216542,"University of Valley Forge",2021,48,508,49,23944,416,0.819711538461538,"PA","City/Suburb",142186,31.8
216542,"University of Valley Forge",2020,47,495,50,21680,522,0.630268199233716,"PA","City/Suburb",143645,31.8
216542,"University of Valley Forge",2019,48,550,43,21182,394,0.626903553299492,"PA","City/Suburb",143842,31.8
231174,"University of Vermont",2023,13,12168,17,22062,28236,0.60019124521887,"VT","City/Suburb",5789,38.7
231174,"University of Vermont",2022,14,11898,17,21849,30231,0.597896199265655,"VT","City/Suburb",5977,38.7
231174,"University of Vermont",2021,15,11626,17,19873,25559,0.635118744864823,"VT","City/Suburb",5988,38.7
231174,"University of Vermont",2020,14,11136,18,20235,18569,0.713231730303194,"VT","City/Suburb",6158,38.7
231174,"University of Vermont",2019,15,11443,19,19185,19233,0.672957936879322,"VT","City/Suburb",6547,38.7
233897,"University of Virginia's College at Wise",2023,33,1911,49,10409,1414,0.939179632248939,"VA","Town/Rural",99497,39.3
233897,"University of Virginia's College at Wise",2022,34,1704,29,9923,835,0.755688622754491,"VA","Town/Rural",98780,39.3
233897,"University of Virginia's College at Wise",2021,26,1814,30,10193,1016,0.833661417322835,"VA","Town/Rural",100147,39.3
233897,"University of Virginia's College at Wise",2020,38,1905,31,9418,1010,0.825742574257426,"VA","Town/Rural",98970,39.3
233897,"University of Virginia's College at Wise",2019,33,1978,29,10432,951,0.594111461619348,"VA","Town/Rural",95710,39.3
234076,"University of Virginia-Main Campus",2023,14,17612,50,17831,56528,0.168642088876309,"VA","City/Suburb",99497,39.3
234076,"University of Virginia-Main Campus",2022,14,17444,48,19469,50926,0.18660409221223,"VA","City/Suburb",98780,39.3
234076,"University of Virginia-Main Campus",2021,14,17294,45,20401,47971,0.207437827020492,"VA","City/Suburb",100147,39.3
234076,"University of Virginia-Main Campus",2020,14,17310,44,19043,40879,0.225788302062184,"VA","City/Suburb",98970,39.3
234076,"University of Virginia-Main Campus",2019,13,17010,44,17579,40839,0.239427997747251,"VA","City/Suburb",95710,39.3
377555,"University of Washington-Bothell Campus",2023,28,5248,72,10013,4776,0.917713567839196,"WA","City/Suburb",78990,36.7
377555,"University of Washington-Bothell Campus",2022,30,5192,71,9357,4537,0.880758210271104,"WA","City/Suburb",78071,36.7
377555,"University of Washington-Bothell Campus",2021,31,5454,67,7577,4423,0.830205742708569,"WA","City/Suburb",79537,36.7
377555,"University of Washington-Bothell Campus",2020,32,5659,66,8841,4158,0.879268879268879,"WA","City/Suburb",79042,36.7
377555,"University of Washington-Bothell Campus",2019,31,5350,65,9469,4242,0.741395568128241,"WA","City/Suburb",78061,36.7
236948,"University of Washington-Seattle Campus",2023,15,39515,73,11023,62428,0.425321970910489,"WA","City/Suburb",78990,36.7
236948,"University of Washington-Seattle Campus",2022,17,36213,70,10603,52488,0.475194330132602,"WA","City/Suburb",78071,36.7
236948,"University of Washington-Seattle Campus",2021,20,36201,68,8701,48840,0.53482800982801,"WA","City/Suburb",79537,36.7
236948,"University of Washington-Seattle Campus",2020,20,32244,65,9661,43778,0.558636758189045,"WA","City/Suburb",79042,36.7
236948,"University of Washington-Seattle Campus",2019,21,32046,64,10692,45579,0.517606792601856,"WA","City/Suburb",78061,36.7
377564,"University of Washington-Tacoma Campus",2023,40,4014,66,11290,3161,0.829484340398608,"WA","City/Suburb",78990,36.7
377564,"University of Washington-Tacoma Campus",2022,41,4083,66,10680,1974,0.883485309017224,"WA","City/Suburb",78071,36.7
377564,"University of Washington-Tacoma Campus",2021,42,4327,63,10310,2233,0.828929690998657,"WA","City/Suburb",79537,36.7
377564,"University of Washington-Tacoma Campus",2020,43,4567,62,10113,1985,0.860453400503778,"WA","City/Suburb",79042,36.7
377564,"University of Washington-Tacoma Campus",2019,44,4588,61,10620,2026,0.87314906219151,"WA","City/Suburb",78061,36.7
101587,"University of West Alabama",2023,54,2673,52,14781,2041,0.871141597256247,"AL","Town/Rural",52181,25.5
101587,"University of West Alabama",2022,46,2427,56,13786,3131,0.688597892047269,"AL","Town/Rural",53739,25.5
101587,"University of West Alabama",2021,53,2322,55,15435,1539,0.743339831059129,"AL","Town/Rural",54466,25.5
101587,"University of West Alabama",2020,53,2248,56,15685,1834,0.931297709923664,"AL","Town/Rural",52925,25.5
101587,"University of West Alabama",2019,54,2239,55,15383,7569,0.349319593077025,"AL","Town/Rural",55331,25.5
138354,"University of West Florida",2023,33,9661,39,8908,9831,0.568711219611433,"FL","Town/Rural",214692,30.4
138354,"University of West Florida",2022,33,9291,38,8609,9113,0.480302864040382,"FL","Town/Rural",217330,30.4
138354,"University of West Florida",2021,33,9319,37,10344,8660,0.528060046189376,"FL","Town/Rural",223891,30.4
138354,"University of West Florida",2020,35,9637,35,8452,7232,0.575636061946903,"FL","Town/Rural",215797,30.4
138354,"University of West Florida",2019,36,9521,34,7515,7194,0.309980539338338,"FL","Town/Rural",213187,30.4
141334,"University of West Georgia",2023,42,8413,49,14962,8399,0.493749255863793,"GA","Town/Rural",126146,31.9
141334,"University of West Georgia",2022,44,8666,49,15625,4783,0.801170813297094,"GA","Town/Rural",122695,31.9
141334,"University of West Georgia",2021,44,9538,51,15296,6610,0.696974281391831,"GA","Town/Rural",124712,31.9
141334,"University of West Georgia",2020,45,10331,52,15749,6634,0.776153150437142,"GA","Town/Rural",126126,31.9
141334,"University of West Georgia",2019,47,10411,53,15235,7272,0.592959295929593,"GA","Town/Rural",121897,31.9
240268,"University of Wisconsin-Eau Claire",2023,19,9304,14,15323,10315,0.760833737275812,"WI","City/Suburb",67563,30
240268,"University of Wisconsin-Eau Claire",2022,20,9423,13,15000,10403,0.766221282322407,"WI","City/Suburb",65909,30
240268,"University of Wisconsin-Eau Claire",2021,21,9869,13,15713,9420,0.774628450106157,"WI","City/Suburb",66830,30
240268,"University of Wisconsin-Eau Claire",2020,22,10310,14,14276,6202,0.843598839084166,"WI","City/Suburb",68053,30
240268,"University of Wisconsin-Eau Claire",2019,23,10591,14,14010,6283,0.816329778768104,"WI","City/Suburb",68191,30
240277,"University of Wisconsin-Green Bay",2023,23,9853,24,10289,6373,0.878393221402793,"WI","City/Suburb",67563,30
240277,"University of Wisconsin-Green Bay",2022,22,9146,22,11365,5762,0.896216591461298,"WI","City/Suburb",65909,30
240277,"University of Wisconsin-Green Bay",2021,25,9257,20,11291,5486,0.914327378782355,"WI","City/Suburb",66830,30
240277,"University of Wisconsin-Green Bay",2020,26,8498,19,11656,3292,0.89823815309842,"WI","City/Suburb",68053,30
240277,"University of Wisconsin-Green Bay",2019,27,8370,20,11839,3246,0.852433764633395,"WI","City/Suburb",68191,30
240329,"University of Wisconsin-La Crosse",2023,14,9378,11,13125,7312,0.732494529540481,"WI","City/Suburb",67563,30
240329,"University of Wisconsin-La Crosse",2022,16,9347,11,13130,7290,0.742524005486968,"WI","City/Suburb",65909,30
240329,"University of Wisconsin-La Crosse",2021,16,9400,11,12904,7067,0.738502900806566,"WI","City/Suburb",66830,30
240329,"University of Wisconsin-La Crosse",2020,19,9562,11,12302,6214,0.751528805922111,"WI","City/Suburb",68053,30
240329,"University of Wisconsin-La Crosse",2019,20,9668,11,12167,6529,0.729973962321948,"WI","City/Suburb",68191,30
240444,"University of Wisconsin-Madison",2023,15,36797,40,14216,63505,0.433493425714511,"WI","City/Suburb",67563,30
240444,"University of Wisconsin-Madison",2022,15,36306,38,13376,60214,0.490566977779254,"WI","City/Suburb",65909,30
240444,"University of Wisconsin-Madison",2021,15,34561,35,13484,53781,0.60354028374333,"WI","City/Suburb",66830,30
240444,"University of Wisconsin-Madison",2020,14,32688,32,14030,45915,0.57249264946096,"WI","City/Suburb",68053,30
240444,"University of Wisconsin-Madison",2019,14,32399,32,16103,43896,0.5441498086386,"WI","City/Suburb",68191,30
240453,"University of Wisconsin-Milwaukee",2023,30,18047,40,16499,16662,0.884407634137559,"WI","City/Suburb",67563,30
240453,"University of Wisconsin-Milwaukee",2022,29,18348,36,16551,16852,0.863161642535011,"WI","City/Suburb",65909,30
240453,"University of Wisconsin-Milwaukee",2021,31,19411,35,17083,14859,0.889561881687866,"WI","City/Suburb",66830,30
240453,"University of Wisconsin-Milwaukee",2020,32,20056,34,14444,10738,0.786924939467312,"WI","City/Suburb",68053,30
240453,"University of Wisconsin-Milwaukee",2019,33,21107,33,14822,11273,0.765723409917502,"WI","City/Suburb",68191,30
240365,"University of Wisconsin-Oshkosh",2023,16,12674,20,12942,9082,0.866769434045364,"WI","City/Suburb",67563,30
240365,"University of Wisconsin-Oshkosh",2022,17,12627,19,12827,8704,0.88522518382353,"WI","City/Suburb",65909,30
240365,"University of Wisconsin-Oshkosh",2021,17,12946,18,12975,8524,0.898873768183951,"WI","City/Suburb",66830,30
240365,"University of Wisconsin-Oshkosh",2020,19,14068,18,12278,6340,0.785804416403786,"WI","City/Suburb",68053,30
240365,"University of Wisconsin-Oshkosh",2019,21,14267,18,11980,6630,0.763348416289593,"WI","City/Suburb",68191,30
240374,"University of Wisconsin-Parkside",2023,34,3263,40,8778,3911,0.726156993096395,"WI","Town/Rural",67563,30
240374,"University of Wisconsin-Parkside",2022,34,3236,38,8510,2893,0.728309713100588,"WI","Town/Rural",65909,30
240374,"University of Wisconsin-Parkside",2021,34,3365,37,10531,2285,0.749671772428884,"WI","Town/Rural",66830,30
240374,"University of Wisconsin-Parkside",2020,38,3791,38,9938,2048,0.6630859375,"WI","Town/Rural",68053,30
240374,"University of Wisconsin-Parkside",2019,40,3906,37,10154,2256,0.658244680851064,"WI","Town/Rural",68191,30
240462,"University of Wisconsin-Platteville",2023,21,6270,13,15966,5754,0.872610358011818,"WI","Town/Rural",67563,30
240462,"University of Wisconsin-Platteville",2022,22,6028,11,15595,5354,0.854314531191632,"WI","Town/Rural",65909,30
240462,"University of Wisconsin-Platteville",2021,23,6266,11,14840,5156,0.875678820791311,"WI","Town/Rural",66830,30
240462,"University of Wisconsin-Platteville",2020,24,6892,11,14706,3671,0.81476436938164,"WI","Town/Rural",68053,30
240462,"University of Wisconsin-Platteville",2019,25,7479,12,14611,3410,0.848387096774194,"WI","Town/Rural",68191,30
240471,"University of Wisconsin-River Falls",2023,20,4675,13,15242,5903,0.816195155005929,"WI","Town/Rural",67563,30
240471,"University of Wisconsin-River Falls",2022,22,4776,13,13427,4091,0.844781227083843,"WI","Town/Rural",65909,30
240471,"University of Wisconsin-River Falls",2021,23,4988,12,14318,3933,0.862445969997457,"WI","Town/Rural",66830,30
240471,"University of Wisconsin-River Falls",2020,26,5421,11,13633,2782,0.768511861969806,"WI","Town/Rural",68053,30
240471,"University of Wisconsin-River Falls",2019,28,5588,12,13530,2969,0.788817783765578,"WI","Town/Rural",68191,30
240480,"University of Wisconsin-Stevens Point",2023,28,7419,14,14347,8820,0.901360544217687,"WI","Town/Rural",67563,30
240480,"University of Wisconsin-Stevens Point",2022,29,7313,14,13702,8120,0.89051724137931,"WI","Town/Rural",65909,30
240480,"University of Wisconsin-Stevens Point",2021,27,7489,14,14122,8100,0.901604938271605,"WI","Town/Rural",66830,30
240480,"University of Wisconsin-Stevens Point",2020,30,7698,15,13166,5882,0.865351921115267,"WI","Town/Rural",68053,30
240480,"University of Wisconsin-Stevens Point",2019,31,7838,14,12797,4185,0.845161290322581,"WI","Town/Rural",68191,30
240417,"University of Wisconsin-Stout",2023,23,6093,17,15574,6440,0.847360248447205,"WI","Town/Rural",67563,30
240417,"University of Wisconsin-Stout",2022,23,6254,16,15510,6231,0.863103835660408,"WI","Town/Rural",65909,30
240417,"University of Wisconsin-Stout",2021,24,6634,15,16063,4890,0.913905930470348,"WI","Town/Rural",66830,30
240417,"University of Wisconsin-Stout",2020,26,6889,13,14951,3393,0.900972590627763,"WI","Town/Rural",68053,30
240417,"University of Wisconsin-Stout",2019,27,7309,14,14767,3202,0.905371642723298,"WI","Town/Rural",68191,30
240426,"University of Wisconsin-Superior",2023,30,2086,22,13126,2310,0.936363636363636,"WI","City/Suburb",67563,30
240426,"University of Wisconsin-Superior",2022,32,2213,21,12908,2319,0.95601552393273,"WI","City/Suburb",65909,30
240426,"University of Wisconsin-Superior",2021,32,2204,19,12120,1805,0.762326869806094,"WI","City/Suburb",66830,30
240426,"University of Wisconsin-Superior",2020,34,2165,18,13405,1067,0.861293345829428,"WI","City/Suburb",68053,30
240426,"University of Wisconsin-Superior",2019,36,2263,20,12695,1166,0.819897084048027,"WI","City/Suburb",68191,30
240189,"University of Wisconsin-Whitewater",2023,25,9812,21,13670,11190,0.827613941018767,"WI","Town/Rural",67563,30
240189,"University of Wisconsin-Whitewater",2022,25,9367,19,13322,9448,0.823772226926334,"WI","Town/Rural",65909,30
240189,"University of Wisconsin-Whitewater",2021,25,9751,18,12754,8930,0.829675251959686,"WI","Town/Rural",66830,30
240189,"University of Wisconsin-Whitewater",2020,26,10423,18,12522,6046,0.799206086668872,"WI","Town/Rural",68053,30
240189,"University of Wisconsin-Whitewater",2019,27,11024,18,12309,6046,0.789282170029772,"WI","Town/Rural",68191,30
240727,"University of Wyoming",2023,22,8250,22,13299,5644,0.97413182140326,"WY","Town/Rural",5935,26.9
240727,"University of Wyoming",2022,22,8518,22,12819,5797,0.959806796618941,"WY","Town/Rural",5982,26.9
240727,"University of Wyoming",2021,20,8869,23,12149,5645,0.967759078830824,"WY","Town/Rural",5760,26.9
240727,"University of Wyoming",2020,23,9342,24,12224,4919,0.942264687944704,"WY","Town/Rural",5880,26.9
240727,"University of Wyoming",2019,22,9807,26,12880,5348,0.959611069558714,"WY","Town/Rural",5700,26.9
154493,"Upper Iowa University",2023,33,2504,48,22427,695,0.933812949640288,"IA","Town/Rural",36870,29
154493,"Upper Iowa University",2022,34,2463,38,24563,1405,0.542348754448399,"IA","Town/Rural",36521,29
154493,"Upper Iowa University",2021,44,2510,44,22888,1240,0.649193548387097,"IA","Town/Rural",37097,29
154493,"Upper Iowa University",2020,38,3077,41,23187,1098,0.653005464480874,"IA","Town/Rural",36359,29
154493,"Upper Iowa University",2019,40,3680,38,20511,1443,0.512820512820513,"IA","Town/Rural",36735,29
494685,"Urshan College",2023,40,514,29,12398,124,0.838709677419355,"MO","City/Suburb",67773,29.5
494685,"Urshan College",2022,38,473,28,9467,68,0.852941176470588,"MO","City/Suburb",66781,29.5
494685,"Urshan College",2021,38,445,28,9537,80,0.725,"MO","City/Suburb",66906,29.5
494685,"Urshan College",2020,23,365,32,7558,85,0.8,"MO","City/Suburb",67892,29.5
494685,"Urshan College",2019,0,309,30,8937,104,0.836538461538462,"MO","City/Suburb",68482,29.5
216524,"Ursinus College",2023,20,1492,25,31625,3443,0.873656694742957,"PA","City/Suburb",142275,31.8
216524,"Ursinus College",2022,19,1527,25,33546,3237,0.822057460611678,"PA","City/Suburb",139193,31.8
216524,"Ursinus College",2021,20,1556,27,31438,3818,0.827134625458355,"PA","City/Suburb",142186,31.8
216524,"Ursinus College",2020,21,1493,26,31400,3834,0.804381846635368,"PA","City/Suburb",143645,31.8
216524,"Ursinus College",2019,22,1472,28,30421,3530,0.790934844192635,"PA","City/Suburb",143842,31.8
206349,"Ursuline College",2023,39,637,50,17678,613,0.840130505709625,"OH","City/Suburb",133760,29
206349,"Ursuline College",2022,37,625,46,14502,610,0.850819672131148,"OH","City/Suburb",133872,29
206349,"Ursuline College",2021,35,663,43,16353,610,0.824590163934426,"OH","City/Suburb",136945,29
206349,"Ursuline College",2020,40,674,42,17220,583,0.807890222984563,"OH","City/Suburb",135941,29
206349,"Ursuline College",2019,46,651,39,17562,543,0.852670349907919,"OH","City/Suburb",135868,29
230728,"Utah State University",2023,26,25048,18,15825,19331,0.936164709533909,"UT","City/Suburb",46946,34.9
230728,"Utah State University",2022,27,24835,17,14577,16069,0.93727052087871,"UT","City/Suburb",46085,34.9
230728,"Utah State University",2021,29,24255,16,14529,15567,0.926318494250658,"UT","City/Suburb",45251,34.9
230728,"Utah State University",2020,32,24647,17,13530,15949,0.910401906075616,"UT","City/Suburb",43182,34.9
230728,"Utah State University",2019,34,24669,18,13452,15276,0.909531290913852,"UT","City/Suburb",43372,34.9
197045,"Utica University",2023,30,2580,34,22510,3826,0.87192890747517,"NY","City/Suburb",211853,37.2
197045,"Utica University",2022,30,2678,33,22372,3367,0.809028809028809,"NY","City/Suburb",213993,37.2
197045,"Utica University",2021,31,2986,33,22335,3277,0.894415624046384,"NY","City/Suburb",217586,37.2
197045,"Utica University",2020,33,3303,33,22782,3119,0.864058993267073,"NY","City/Suburb",209688,37.2
197045,"Utica University",2019,34,3488,33,22474,3837,0.868386760489966,"NY","City/Suburb",212104,37.2
141264,"Valdosta State University",2023,51,7230,55,11532,4689,0.834932821497121,"GA","City/Suburb",126146,31.9
141264,"Valdosta State University",2022,52,7573,56,12836,4975,0.894673366834171,"GA","City/Suburb",122695,31.9
141264,"Valdosta State University",2021,52,8760,57,12856,8650,0.763699421965318,"GA","City/Suburb",124712,31.9
141264,"Valdosta State University",2020,51,9570,59,12221,9887,0.784464448265399,"GA","City/Suburb",126126,31.9
141264,"Valdosta State University",2019,50,8590,55,13502,7563,0.571730794658204,"GA","City/Suburb",121897,31.9
200572,"Valley City State University",2023,17,1628,18,13841,492,0.693089430894309,"ND","Town/Rural",7668,29.7
200572,"Valley City State University",2022,18,1521,18,12164,429,0.834498834498835,"ND","Town/Rural",7623,29.7
200572,"Valley City State University",2021,18,1523,17,13243,442,0.81447963800905,"ND","Town/Rural",7291,29.7
200572,"Valley City State University",2020,20,1541,15,12108,464,0.806034482758621,"ND","Town/Rural",7385,29.7
200572,"Valley City State University",2019,22,1524,17,12386,517,0.762088974854932,"ND","Town/Rural",7006,29.7
152600,"Valparaiso University",2023,26,2255,32,23168,6133,0.922224033914887,"IN","City/Suburb",76628,27.1
152600,"Valparaiso University",2022,25,2349,29,22755,6842,0.94153756211634,"IN","City/Suburb",74897,27.1
152600,"Valparaiso University",2021,25,2507,28,21997,6095,0.93174733388023,"IN","City/Suburb",78348,27.1
152600,"Valparaiso University",2020,27,2723,28,22500,5991,0.866299449173761,"IN","City/Suburb",78809,27.1
152600,"Valparaiso University",2019,28,2992,28,21824,5491,0.858495720269532,"IN","City/Suburb",76144,27.1
221999,"Vanderbilt University",2023,19,7152,61,26689,45313,0.0627634453688787,"TN","City/Suburb",72084,27.5
221999,"Vanderbilt University",2022,17,7151,59,25606,46377,0.0666925415615499,"TN","City/Suburb",71347,27.5
221999,"Vanderbilt University",2021,16,7111,59,27553,47152,0.0714285714285714,"TN","City/Suburb",72685,27.5
221999,"Vanderbilt University",2020,16,7057,58,25804,36646,0.116220051301643,"TN","City/Suburb",73281,27.5
221999,"Vanderbilt University",2019,16,6886,56,25855,37310,0.0911819887429643,"TN","City/Suburb",72802,27.5
149639,"VanderCook College of Music",2023,28,99,53,16601,37,0.972972972972973,"IL","City/Suburb",148445,35.1
149639,"VanderCook College of Music",2022,27,94,55,12436,22,1,"IL","City/Suburb",145439,35.1
149639,"VanderCook College of Music",2021,33,88,56,20855,26,1,"IL","City/Suburb",150490,35.1
149639,"VanderCook College of Music",2020,31,82,68,25764,21,1,"IL","City/Suburb",149373,35.1
149639,"VanderCook College of Music",2019,28,109,61,20063,27,0.851851851851852,"IL","City/Suburb",152277,35.1
123651,"Vanguard University of Southern California",2023,43,1987,69,20273,3422,0.646990064289889,"CA","City/Suburb",492544,34.2
123651,"Vanguard University of Southern California",2022,42,2001,68,24279,2778,0.748380129589633,"CA","City/Suburb",473448,34.2
123651,"Vanguard University of Southern California",2021,46,1975,67,20427,2917,0.690092560850189,"CA","City/Suburb",467260,34.2
123651,"Vanguard University of Southern California",2020,46,1997,65,21667,4055,0.499876695437731,"CA","City/Suburb",477479,34.2
123651,"Vanguard University of Southern California",2019,45,1920,66,20376,3976,0.494466800804829,"CA","City/Suburb",478819,34.2
197133,"Vassar College",2023,21,2456,45,29733,12145,0.177274598600247,"NY","City/Suburb",211853,37.2
197133,"Vassar College",2022,21,2459,46,30603,11412,0.186558009113214,"NY","City/Suburb",213993,37.2
197133,"Vassar College",2021,21,2516,45,27249,10884,0.20148842337376,"NY","City/Suburb",217586,37.2
197133,"Vassar College",2020,23,2463,44,26028,8663,0.245411520258571,"NY","City/Suburb",209688,37.2
197133,"Vassar College",2019,23,2439,45,24811,8961,0.237361901573485,"NY","City/Suburb",212104,37.2
482228,"Veritas Baptist College",2023,33,140,14,17043,11,1,"IN","Town/Rural",76628,27.1
482228,"Veritas Baptist College",2022,32,138,20,10474,25,1,"IN","Town/Rural",74897,27.1
482228,"Veritas Baptist College",2021,34,141,16,16423,25,1,"IN","Town/Rural",78348,27.1
482228,"Veritas Baptist College",2020,38,164,21,9227,37,0.675675675675676,"IN","Town/Rural",78809,27.1
482228,"Veritas Baptist College",2019,37,191,19,16777,21,1,"IN","Town/Rural",76144,27.1
231165,"Vermont State University",2023,31,4087,22,21253,3130,0.832268370607029,"VT","Town/Rural",5789,38.7
231165,"Vermont State University",2022,28,1412,16,19426,930,0.497849462365591,"VT","Town/Rural",5977,38.7
231165,"Vermont State University",2021,27,1449,18,22396,783,0.556832694763729,"VT","Town/Rural",5988,38.7
231165,"Vermont State University",2020,31,1516,16,21279,827,0.58403869407497,"VT","Town/Rural",6158,38.7
231165,"Vermont State University",2019,31,1696,14,20604,992,0.670362903225806,"VT","Town/Rural",6547,38.7
197142,"Villa Maria College",2023,61,545,57,15687,593,0.866779089376054,"NY","City/Suburb",211853,37.2
197142,"Villa Maria College",2022,65,465,55,14576,500,0.782,"NY","City/Suburb",213993,37.2
197142,"Villa Maria College",2021,68,452,58,15270,307,0.755700325732899,"NY","City/Suburb",217586,37.2
197142,"Villa Maria College",2020,69,508,53,14574,414,0.78743961352657,"NY","City/Suburb",209688,37.2
197142,"Villa Maria College",2019,65,520,49,13859,406,0.74384236453202,"NY","City/Suburb",212104,37.2
216597,"Villanova University",2023,12,7063,32,37946,23127,0.251221515976997,"PA","City/Suburb",142275,31.8
216597,"Villanova University",2022,12,6989,32,34837,23835,0.233941682399832,"PA","City/Suburb",139193,31.8
216597,"Villanova University",2021,11,7032,29,33123,24410,0.252437525604261,"PA","City/Suburb",142186,31.8
216597,"Villanova University",2020,10,7037,28,38303,22083,0.306570665217588,"PA","City/Suburb",143645,31.8
216597,"Villanova University",2019,10,6865,27,36840,22909,0.282421755641887,"PA","City/Suburb",143842,31.8
234030,"Virginia Commonwealth University",2023,30,21205,59,22852,19052,0.930558471551543,"VA","City/Suburb",99497,39.3
234030,"Virginia Commonwealth University",2022,30,20958,59,21294,18242,0.909987939918869,"VA","City/Suburb",98780,39.3
234030,"Virginia Commonwealth University",2021,30,21394,59,19656,17579,0.927697821264008,"VA","City/Suburb",100147,39.3
234030,"Virginia Commonwealth University",2020,29,21943,57,20566,17253,0.906045325450646,"VA","City/Suburb",98970,39.3
234030,"Virginia Commonwealth University",2019,29,22837,56,20968,17088,0.871371722846442,"VA","City/Suburb",95710,39.3
234085,"Virginia Military Institute",2023,16,1560,28,17229,1171,0.817250213492741,"VA","Town/Rural",99497,39.3
234085,"Virginia Military Institute",2022,15,1512,26,18129,1192,0.710570469798658,"VA","Town/Rural",98780,39.3
234085,"Virginia Military Institute",2021,14,1652,26,18100,1549,0.639122014202711,"VA","Town/Rural",100147,39.3
234085,"Virginia Military Institute",2020,15,1698,25,18969,1543,0.598833441348023,"VA","Town/Rural",98970,39.3
234085,"Virginia Military Institute",2019,15,1698,23,13428,1515,0.595379537953795,"VA","Town/Rural",95710,39.3
233921,"Virginia Polytechnic Institute and State University",2023,15,30504,42,22205,47208,0.570305880359261,"VA","City/Suburb",99497,39.3
233921,"Virginia Polytechnic Institute and State University",2022,15,30434,40,19301,45321,0.569824143333113,"VA","City/Suburb",98780,39.3
233921,"Virginia Polytechnic Institute and State University",2021,15,29760,39,20109,42054,0.564654967422837,"VA","City/Suburb",100147,39.3
233921,"Virginia Polytechnic Institute and State University",2020,14,30020,37,20247,30771,0.657729680543369,"VA","City/Suburb",98970,39.3
233921,"Virginia Polytechnic Institute and State University",2019,16,29300,36,18449,31974,0.700350284606243,"VA","City/Suburb",95710,39.3
234155,"Virginia State University",2023,71,4829,97,16184,10577,0.890989883709937,"VA","City/Suburb",99497,39.3
234155,"Virginia State University",2022,68,4300,98,15773,8230,0.897205346294046,"VA","City/Suburb",98780,39.3
234155,"Virginia State University",2021,68,3899,97,16770,9978,0.960813790338745,"VA","City/Suburb",100147,39.3
234155,"Virginia State University",2020,71,3659,97,18332,9912,0.962570621468927,"VA","City/Suburb",98970,39.3
234155,"Virginia State University",2019,71,4025,97,18034,7715,0.95048606610499,"VA","City/Suburb",95710,39.3
234164,"Virginia Union University",2023,51,1170,99,20207,2771,0.977264525442079,"VA","City/Suburb",99497,39.3
234164,"Virginia Union University",2022,56,1329,99,21057,4386,0.805517555859553,"VA","City/Suburb",98780,39.3
234164,"Virginia Union University",2021,61,1243,99,16068,4006,0.937843235147279,"VA","City/Suburb",100147,39.3
234164,"Virginia Union University",2020,69,1209,99,18722,6208,0.75354381443299,"VA","City/Suburb",98970,39.3
234164,"Virginia Union University",2019,77,1136,99,21417,4182,0.631037780966045,"VA","City/Suburb",95710,39.3
234173,"Virginia Wesleyan University",2023,26,1626,58,21862,2651,0.712938513768389,"VA","City/Suburb",99497,39.3
234173,"Virginia Wesleyan University",2022,33,1479,57,23046,1718,0.814318975552969,"VA","City/Suburb",98780,39.3
234173,"Virginia Wesleyan University",2021,35,1241,49,22584,2076,0.863680154142582,"VA","City/Suburb",100147,39.3
234173,"Virginia Wesleyan University",2020,37,1274,47,23512,2195,0.739863325740319,"VA","City/Suburb",98970,39.3
234173,"Virginia Wesleyan University",2019,41,1387,48,25000,2323,0.768402927249247,"VA","City/Suburb",95710,39.3
449764,"Visible Music College",2023,44,168,49,25502,136,0.286764705882353,"TN","City/Suburb",72084,27.5
449764,"Visible Music College",2022,44,211,51,23636,294,0.204081632653061,"TN","City/Suburb",71347,27.5
449764,"Visible Music College",2021,30,244,47,25367,243,0.366255144032922,"TN","City/Suburb",72685,27.5
449764,"Visible Music College",2020,44,310,37,27863,342,0.719298245614035,"TN","City/Suburb",73281,27.5
449764,"Visible Music College",2019,45,229,38,22880,101,0.752475247524752,"TN","City/Suburb",72802,27.5
240107,"Viterbo University",2023,22,1443,20,23901,1399,0.732666190135811,"WI","City/Suburb",67563,30
240107,"Viterbo University",2022,22,1485,19,23257,1401,0.723768736616702,"WI","City/Suburb",65909,30
240107,"Viterbo University",2021,25,1660,23,20512,1282,0.774570982839314,"WI","City/Suburb",66830,30
240107,"Viterbo University",2020,27,1736,21,21095,1325,0.792452830188679,"WI","City/Suburb",68053,30
240107,"Viterbo University",2019,27,1751,17,20747,1272,0.765723270440252,"WI","City/Suburb",68191,30
152673,"Wabash College",2023,23,845,27,23913,1897,0.627833421191355,"IN","Town/Rural",76628,27.1
152673,"Wabash College",2022,24,835,27,22976,1914,0.614942528735632,"IN","Town/Rural",74897,27.1
152673,"Wabash College",2021,26,840,24,21466,1635,0.615902140672783,"IN","Town/Rural",78348,27.1
152673,"Wabash College",2020,28,868,24,24412,1522,0.632063074901445,"IN","Town/Rural",78809,27.1
152673,"Wabash College",2019,29,867,24,21285,1307,0.641928079571538,"IN","Town/Rural",76144,27.1
197197,"Wagner College",2023,23,1592,43,28109,2328,0.834621993127148,"NY","City/Suburb",211853,37.2
197197,"Wagner College",2022,21,1590,41,29710,2645,0.685444234404537,"NY","City/Suburb",213993,37.2
197197,"Wagner College",2021,20,1568,40,28365,2786,0.817300789662599,"NY","City/Suburb",217586,37.2
197197,"Wagner College",2020,20,1643,39,31944,2604,0.704301075268817,"NY","City/Suburb",209688,37.2
197197,"Wagner College",2019,21,1740,40,32294,2809,0.707369170523318,"NY","City/Suburb",212104,37.2
199847,"Wake Forest University",2023,9,5471,36,27790,17479,0.215572973282224,"NC","City/Suburb",108252,31.9
199847,"Wake Forest University",2022,9,5447,34,26197,16857,0.213679776947262,"NC","City/Suburb",114167,31.9
199847,"Wake Forest University",2021,9,5472,32,24643,15156,0.251781472684086,"NC","City/Suburb",116514,31.9
199847,"Wake Forest University",2020,9,5441,31,26324,11959,0.31984279622042,"NC","City/Suburb",116615,31.9
199847,"Wake Forest University",2019,9,5287,31,24800,12559,0.295963054383311,"NC","City/Suburb",114284,31.9
206437,"Walsh University",2023,23,1423,42,21009,2287,0.781810231744644,"OH","City/Suburb",133760,29
206437,"Walsh University",2022,23,1558,45,20032,2659,0.725084618277548,"OH","City/Suburb",133872,29
206437,"Walsh University",2021,25,1639,52,20350,1858,0.799246501614639,"OH","City/Suburb",136945,29
206437,"Walsh University",2020,29,1850,58,19792,2112,0.765625,"OH","City/Suburb",135941,29
206437,"Walsh University",2019,30,1937,51,20180,2001,0.762118940529735,"OH","City/Suburb",135868,29
210304,"Warner Pacific University",2023,46,350,67,18402,825,0.585454545454545,"OR","City/Suburb",41163,34
210304,"Warner Pacific University",2022,51,360,62,23834,436,0.722477064220184,"OR","City/Suburb",41057,34
210304,"Warner Pacific University",2021,55,406,61,19332,406,0.75615763546798,"OR","City/Suburb",42778,34
210304,"Warner Pacific University",2020,59,464,59,20646,408,1,"OR","City/Suburb",42173,34
210304,"Warner Pacific University",2019,60,401,66,19910,508,0.974409448818898,"OR","City/Suburb",41717,34
138275,"Warner University",2023,53,798,58,21471,1628,0.477886977886978,"FL","Town/Rural",214692,30.4
138275,"Warner University",2022,54,761,61,20431,1372,0.551020408163265,"FL","Town/Rural",217330,30.4
138275,"Warner University",2021,58,782,53,19143,1135,0.531277533039648,"FL","Town/Rural",223891,30.4
138275,"Warner University",2020,61,820,54,18552,1177,0.541206457094308,"FL","Town/Rural",215797,30.4
138275,"Warner University",2019,63,870,55,16572,1400,0.410714285714286,"FL","Town/Rural",213187,30.4
199865,"Warren Wilson College",2023,37,742,23,27913,943,0.776246023329799,"NC","Town/Rural",108252,31.9
199865,"Warren Wilson College",2022,35,723,25,28086,905,0.839779005524862,"NC","Town/Rural",114167,31.9
199865,"Warren Wilson College",2021,39,723,25,25611,1146,0.773996509598604,"NC","Town/Rural",116514,31.9
199865,"Warren Wilson College",2020,40,625,23,25718,1273,0.848389630793401,"NC","Town/Rural",116615,31.9
199865,"Warren Wilson College",2019,41,706,25,24959,1195,0.84602510460251,"NC","Town/Rural",114284,31.9
154527,"Wartburg College",2023,21,1454,20,23321,2543,0.99410145497444,"IA","Town/Rural",36870,29
154527,"Wartburg College",2022,23,1416,21,23683,2779,0.97445124145376,"IA","Town/Rural",36521,29
154527,"Wartburg College",2021,24,1516,20,23022,4024,0.827534791252485,"IA","Town/Rural",37097,29
154527,"Wartburg College",2020,23,1562,21,23248,4795,0.717205422314911,"IA","Town/Rural",36359,29
154527,"Wartburg College",2019,25,1505,22,22363,4018,0.751368840219014,"IA","Town/Rural",36735,29
216667,"Washington & Jefferson College",2023,29,1162,24,26051,3218,0.815413300186451,"PA","City/Suburb",142275,31.8
216667,"Washington & Jefferson College",2022,32,1149,24,25636,3414,0.880785002929115,"PA","City/Suburb",139193,31.8
216667,"Washington & Jefferson College",2021,29,1156,24,27101,3150,0.836825396825397,"PA","City/Suburb",142186,31.8
216667,"Washington & Jefferson College",2020,29,1165,25,27477,2496,0.901842948717949,"PA","City/Suburb",143645,31.8
216667,"Washington & Jefferson College",2019,31,1262,27,26787,2722,0.852314474650992,"PA","City/Suburb",143842,31.8
162210,"Washington Adventist University",2023,46,605,96,16732,1691,0.45357776463631,"MD","City/Suburb",69770,40.8
162210,"Washington Adventist University",2022,44,582,96,17088,1223,0.514309076042518,"MD","City/Suburb",69124,40.8
162210,"Washington Adventist University",2021,47,690,96,13414,1744,0.617545871559633,"MD","City/Suburb",71017,40.8
162210,"Washington Adventist University",2020,46,845,95,17820,2017,0.939514129895885,"MD","City/Suburb",67971,40.8
162210,"Washington Adventist University",2019,50,945,95,18754,2532,0.587677725118483,"MD","City/Suburb",68208,40.8
234207,"Washington and Lee University",2023,11,1898,30,24667,6820,0.173607038123167,"VA","Town/Rural",99497,39.3
234207,"Washington and Lee University",2022,10,1867,28,24733,7224,0.169573643410853,"VA","Town/Rural",98780,39.3
234207,"Washington and Lee University",2021,11,1857,26,26063,6621,0.188491164476665,"VA","Town/Rural",100147,39.3
234207,"Washington and Lee University",2020,10,1822,23,27148,4998,0.245098039215686,"VA","Town/Rural",98970,39.3
234207,"Washington and Lee University",2019,11,1860,21,23301,6178,0.185658789252185,"VA","Town/Rural",95710,39.3
164216,"Washington College",2023,21,916,33,33553,2539,0.655376132335565,"MD","Town/Rural",69770,40.8
164216,"Washington College",2022,21,955,37,31650,2554,0.747063429913861,"MD","Town/Rural",69124,40.8
164216,"Washington College",2021,25,1026,33,22088,2893,0.698582786035257,"MD","Town/Rural",71017,40.8
164216,"Washington College",2020,21,1089,33,29570,2901,0.802826611513271,"MD","Town/Rural",67971,40.8
164216,"Washington College",2019,21,1288,32,31528,2225,0.923595505617978,"MD","Town/Rural",68208,40.8
236939,"Washington State University",2023,26,21923,41,18155,26166,0.853588626461821,"WA","Town/Rural",78990,36.7
236939,"Washington State University",2022,27,22612,41,17911,19401,0.831039637132107,"WA","Town/Rural",78071,36.7
236939,"Washington State University",2021,27,24278,39,11877,18197,0.857668846513162,"WA","Town/Rural",79537,36.7
236939,"Washington State University",2020,29,25470,40,18235,21198,0.79946221341636,"WA","Town/Rural",79042,36.7
236939,"Washington State University",2019,31,26062,39,18002,21434,0.758001306335728,"WA","Town/Rural",78061,36.7
179867,"Washington University in St Louis",2023,16,8267,58,22440,32240,0.119571960297767,"MO","City/Suburb",67773,29.5
179867,"Washington University in St Louis",2022,15,8132,56,23432,32014,0.117573561566815,"MO","City/Suburb",66781,29.5
179867,"Washington University in St Louis",2021,14,8034,54,28298,33634,0.130017244455016,"MO","City/Suburb",66906,29.5
179867,"Washington University in St Louis",2020,13,7653,52,27233,27949,0.160184621990053,"MO","City/Suburb",67892,29.5
179867,"Washington University in St Louis",2019,13,7822,51,27108,25426,0.138519625580115,"MO","City/Suburb",68482,29.5
229780,"Wayland Baptist University",2023,40,2162,69,20222,1974,0.540526849037487,"TX","Town/Rural",385604,30.3
229780,"Wayland Baptist University",2022,36,2275,68,22663,1311,0.697177726926011,"TX","Town/Rural",375741,30.3
229780,"Wayland Baptist University",2021,37,2690,69,23378,733,0.807639836289222,"TX","Town/Rural",377064,30.3
229780,"Wayland Baptist University",2020,38,3015,67,23294,900,0.814444444444444,"TX","Town/Rural",372402,30.3
229780,"Wayland Baptist University",2019,38,3012,65,24882,635,0.974803149606299,"TX","Town/Rural",364979,30.3
172644,"Wayne State University",2023,43,16117,46,16021,15190,0.820342330480579,"MI","City/Suburb",108265,29.6
172644,"Wayne State University",2022,44,15958,45,15347,14002,0.753249535780603,"MI","City/Suburb",103443,29.6
172644,"Wayne State University",2021,43,16839,44,15710,15181,0.632567024570186,"MI","City/Suburb",107239,29.6
172644,"Wayne State University",2020,43,17503,45,14993,17093,0.690107061370152,"MI","City/Suburb",108725,29.6
172644,"Wayne State University",2019,44,17643,44,15012,15716,0.731420208704505,"MI","City/Suburb",112177,29.6
216694,"Waynesburg University",2023,31,1088,18,22837,1806,0.916943521594684,"PA","Town/Rural",142275,31.8
216694,"Waynesburg University",2022,30,1116,16,22281,2157,0.755679184051924,"PA","Town/Rural",139193,31.8
216694,"Waynesburg University",2021,32,1182,17,22070,2017,0.749628160634606,"PA","Town/Rural",142186,31.8
216694,"Waynesburg University",2020,32,1257,15,20029,1584,0.899621212121212,"PA","Town/Rural",143645,31.8
216694,"Waynesburg University",2019,36,1277,15,19765,1589,0.92511013215859,"PA","Town/Rural",143842,31.8
197221,"Webb Institute",2023,9,105,21,21488,185,0.2,"NY","City/Suburb",211853,37.2
197221,"Webb Institute",2022,10,102,25,19744,183,0.207650273224044,"NY","City/Suburb",213993,37.2
197221,"Webb Institute",2021,7,105,22,19231,176,0.204545454545455,"NY","City/Suburb",217586,37.2
197221,"Webb Institute",2020,4,101,20,18318,157,0.210191082802548,"NY","City/Suburb",209688,37.2
197221,"Webb Institute",2019,3,102,20,19249,129,0.24031007751938,"NY","City/Suburb",212104,37.2
138293,"Webber International University",2023,54,879,58,29716,1907,0.775563712637651,"FL","Town/Rural",214692,30.4
138293,"Webber International University",2022,55,1100,60,27995,2665,0.48968105065666,"FL","Town/Rural",217330,30.4
138293,"Webber International University",2021,55,776,59,26710,1795,0.457381615598886,"FL","Town/Rural",223891,30.4
138293,"Webber International University",2020,56,735,58,27398,3282,0.377818403412553,"FL","Town/Rural",215797,30.4
138293,"Webber International University",2019,49,665,61,25486,1690,0.422485207100592,"FL","Town/Rural",213187,30.4
179894,"Webster University",2023,28,2204,39,27695,5341,0.579853959932597,"MO","City/Suburb",67773,29.5
179894,"Webster University",2022,29,2197,37,23069,3768,0.550955414012739,"MO","City/Suburb",66781,29.5
179894,"Webster University",2021,29,2346,38,24884,2429,0.594483326471799,"MO","City/Suburb",66906,29.5
179894,"Webster University",2020,30,2563,36,23548,2901,0.531196139262323,"MO","City/Suburb",67892,29.5
179894,"Webster University",2019,33,2832,36,23265,2173,0.568798895536125,"MO","City/Suburb",68482,29.5
168218,"Wellesley College",2023,21,2418,70,21501,8184,0.139051808406647,"MA","City/Suburb",78133,44.5
168218,"Wellesley College",2022,22,2447,68,21362,8491,0.135673065598869,"MA","City/Suburb",78514,44.5
168218,"Wellesley College",2021,22,2461,66,21862,7663,0.1618165209448,"MA","City/Suburb",78839,44.5
168218,"Wellesley College",2020,21,2280,65,21614,6581,0.204072329433217,"MA","City/Suburb",79537,44.5
168218,"Wellesley College",2019,21,2519,65,19805,6395,0.21563721657545,"MA","City/Suburb",78060,44.5
197230,"Wells College",2023,47,357,41,23956,1532,0.696475195822454,"NY","Town/Rural",211853,37.2
197230,"Wells College",2022,48,357,54,20601,1534,0.876792698826597,"NY","Town/Rural",213993,37.2
197230,"Wells College",2021,52,342,49,19963,1685,0.878338278931751,"NY","Town/Rural",217586,37.2
197230,"Wells College",2020,46,357,46,20066,1998,0.643643643643644,"NY","Town/Rural",209688,37.2
197230,"Wells College",2019,51,419,39,21951,1848,0.831709956709957,"NY","Town/Rural",212104,37.2
168227,"Wentworth Institute of Technology",2023,23,3813,45,35585,6453,0.853711452037812,"MA","City/Suburb",78133,44.5
168227,"Wentworth Institute of Technology",2022,25,3713,44,37901,5537,0.870868701462886,"MA","City/Suburb",78514,44.5
168227,"Wentworth Institute of Technology",2021,23,3958,41,32430,5441,0.895423635361147,"MA","City/Suburb",78839,44.5
168227,"Wentworth Institute of Technology",2020,23,4222,41,36719,5555,0.937353735373537,"MA","City/Suburb",79537,44.5
168227,"Wentworth Institute of Technology",2019,23,4303,38,37322,6177,0.811397118342237,"MA","City/Suburb",78060,44.5
141325,"Wesleyan College",2023,44,595,64,15621,1384,0.620664739884393,"GA","City/Suburb",126146,31.9
141325,"Wesleyan College",2022,43,614,61,13900,1298,0.667950693374422,"GA","City/Suburb",122695,31.9
141325,"Wesleyan College",2021,40,695,59,12222,1044,0.621647509578544,"GA","City/Suburb",124712,31.9
141325,"Wesleyan College",2020,36,745,59,12117,1142,0.598073555166375,"GA","City/Suburb",126126,31.9
141325,"Wesleyan College",2019,36,754,55,13254,737,0.438263229308005,"GA","City/Suburb",121897,31.9
130697,"Wesleyan University",2023,15,3066,47,20463,14500,0.170965517241379,"CT","City/Suburb",44962,39.6
130697,"Wesleyan University",2022,14,3069,46,21270,14521,0.144342676124234,"CT","City/Suburb",44540,39.6
130697,"Wesleyan University",2021,17,3385,46,20535,13067,0.194382796357236,"CT","City/Suburb",44901,39.6
130697,"Wesleyan University",2020,16,2852,45,22845,12632,0.208993033565548,"CT","City/Suburb",45222,39.6
130697,"Wesleyan University",2019,18,3018,47,21853,13264,0.164806996381182,"CT","City/Suburb",45216,39.6
216764,"West Chester University of Pennsylvania",2023,24,14344,26,21684,16467,0.792008258942127,"PA","City/Suburb",142275,31.8
216764,"West Chester University of Pennsylvania",2022,25,14392,27,22973,14778,0.878467992962512,"PA","City/Suburb",139193,31.8
216764,"West Chester University of Pennsylvania",2021,24,14471,27,14133,14020,0.89358059914408,"PA","City/Suburb",142186,31.8
216764,"West Chester University of Pennsylvania",2020,25,14712,26,19336,14234,0.862512294506112,"PA","City/Suburb",143645,31.8
216764,"West Chester University of Pennsylvania",2019,26,14615,26,19348,15077,0.753200238774292,"PA","City/Suburb",143842,31.8
237932,"West Liberty University",2023,32,1944,27,14203,2077,0.721232546942706,"WV","Town/Rural",17853,21.3
237932,"West Liberty University",2022,31,1919,20,13788,1706,0.740914419695193,"WV","Town/Rural",17400,21.3
237932,"West Liberty University",2021,33,2087,21,14915,1606,0.738480697384807,"WV","Town/Rural",18271,21.3
237932,"West Liberty University",2020,37,2125,22,13812,1857,0.684437264404954,"WV","Town/Rural",18751,21.3
237932,"West Liberty University",2019,39,2183,24,13980,1829,0.706396938217605,"WV","Town/Rural",19036,21.3
229814,"West Texas A & M University",2023,39,6786,49,17182,4784,0.973453177257525,"TX","Town/Rural",385604,30.3
229814,"West Texas A & M University",2022,46,6901,48,17001,4695,0.91629392971246,"TX","Town/Rural",375741,30.3
229814,"West Texas A & M University",2021,42,7083,47,13802,5743,0.970398746299843,"TX","Town/Rural",377064,30.3
229814,"West Texas A & M University",2020,64,7326,45,13105,4992,0.582532051282051,"TX","Town/Rural",372402,30.3
229814,"West Texas A & M University",2019,38,7355,45,12982,5587,0.68945766959012,"TX","Town/Rural",364979,30.3
237899,"West Virginia State University",2023,18,3322,32,10878,4465,0.963717805151176,"WV","City/Suburb",17853,21.3
237899,"West Virginia State University",2022,20,3634,22,11684,2775,0.961801801801802,"WV","City/Suburb",17400,21.3
237899,"West Virginia State University",2021,20,3281,22,10889,2959,0.965528894896925,"WV","City/Suburb",18271,21.3
237899,"West Virginia State University",2020,21,3502,27,12399,3235,0.88500772797527,"WV","City/Suburb",18751,21.3
237899,"West Virginia State University",2019,26,4009,23,9657,2242,0.953612845673506,"WV","City/Suburb",19036,21.3
238032,"West Virginia University",2023,20,18615,18,13691,19857,0.862617716674221,"WV","City/Suburb",17853,21.3
238032,"West Virginia University",2022,22,19059,19,12202,18206,0.883829506756014,"WV","City/Suburb",17400,21.3
238032,"West Virginia University",2021,22,19601,19,13422,17074,0.898207801335364,"WV","City/Suburb",18271,21.3
238032,"West Virginia University",2020,23,20495,18,13087,17326,0.838912616876371,"WV","City/Suburb",18751,21.3
238032,"West Virginia University",2019,24,21086,20,12743,18202,0.842764531370179,"WV","City/Suburb",19036,21.3
237950,"West Virginia University Institute of Technology",2023,24,1448,19,11015,1005,0.609950248756219,"WV","City/Suburb",17853,21.3
237950,"West Virginia University Institute of Technology",2022,27,1481,21,9529,830,0.64578313253012,"WV","City/Suburb",17400,21.3
237950,"West Virginia University Institute of Technology",2021,27,1619,21,10966,902,0.664079822616408,"WV","City/Suburb",18271,21.3
237950,"West Virginia University Institute of Technology",2020,28,1645,21,10151,1085,0.551152073732719,"WV","City/Suburb",18751,21.3
237950,"West Virginia University Institute of Technology",2019,32,1794,22,10502,1245,0.510843373493976,"WV","City/Suburb",19036,21.3
237969,"West Virginia Wesleyan College",2023,37,938,34,20093,1413,0.950460014154282,"WV","Town/Rural",17853,21.3
237969,"West Virginia Wesleyan College",2022,37,889,30,20470,1481,0.963538149898717,"WV","Town/Rural",17400,21.3
237969,"West Virginia Wesleyan College",2021,38,982,28,20512,1766,0.844280860702152,"WV","Town/Rural",18271,21.3
237969,"West Virginia Wesleyan College",2020,36,979,27,19843,2182,0.657195233730522,"WV","Town/Rural",18751,21.3
237969,"West Virginia Wesleyan College",2019,36,1131,25,19366,2287,0.641451683428072,"WV","Town/Rural",19036,21.3
200004,"Western Carolina University",2023,33,10009,24,12252,18183,0.866633668811527,"NC","Town/Rural",108252,31.9
200004,"Western Carolina University",2022,33,9956,24,13022,17917,0.848412122565162,"NC","Town/Rural",114167,31.9
200004,"Western Carolina University",2021,35,10145,23,13082,12308,0.794198895027624,"NC","Town/Rural",116514,31.9
200004,"Western Carolina University",2020,36,10517,22,13221,15036,0.484836392657622,"NC","Town/Rural",116615,31.9
200004,"Western Carolina University",2019,38,10469,21,12965,11128,0.687095614665708,"NC","Town/Rural",114284,31.9
128391,"Western Colorado University",2023,13,3569,43,17709,3283,0.974718245507158,"CO","Town/Rural",63277,41.7
128391,"Western Colorado University",2022,14,3095,44,16672,3116,0.918485237483954,"CO","Town/Rural",64869,41.7
128391,"Western Colorado University",2021,17,3241,46,17490,3243,0.90872648781992,"CO","Town/Rural",63204,41.7
128391,"Western Colorado University",2020,17,2749,44,16951,2625,0.884952380952381,"CO","Town/Rural",61237,41.7
128391,"Western Colorado University",2019,21,3073,42,17328,2504,0.841453674121406,"CO","Town/Rural",60962,41.7
130776,"Western Connecticut State University",2023,35,3542,51,16527,5457,0.813633864760858,"CT","City/Suburb",44962,39.6
130776,"Western Connecticut State University",2022,33,3799,48,15862,5093,0.835067740035343,"CT","City/Suburb",44540,39.6
130776,"Western Connecticut State University",2021,33,4172,46,15660,4688,0.848549488054608,"CT","City/Suburb",44901,39.6
130776,"Western Connecticut State University",2020,34,4640,43,17383,5196,0.80715935334873,"CT","City/Suburb",45222,39.6
130776,"Western Connecticut State University",2019,34,4982,42,18110,5388,0.757980697847068,"CT","City/Suburb",45216,39.6
149772,"Western Illinois University",2023,28,5025,43,12168,8479,0.749616700082557,"IL","Town/Rural",148445,35.1
149772,"Western Illinois University",2022,44,5309,44,11213,9219,0.749972882091333,"IL","Town/Rural",145439,35.1
149772,"Western Illinois University",2021,45,5394,41,11666,7156,0.724846282839575,"IL","Town/Rural",150490,35.1
149772,"Western Illinois University",2020,48,5854,42,15361,7603,0.669604103643299,"IL","Town/Rural",149373,35.1
149772,"Western Illinois University",2019,49,5958,39,15802,7302,0.566557107641742,"IL","Town/Rural",152277,35.1
157951,"Western Kentucky University",2023,29,14590,25,12054,7720,0.970466321243523,"KY","City/Suburb",49328,24.8
157951,"Western Kentucky University",2022,29,14440,23,12625,7505,0.969487008660893,"KY","City/Suburb",49640,24.8
157951,"Western Kentucky University",2021,30,14729,22,12395,7255,0.984838042729152,"KY","City/Suburb",50879,24.8
157951,"Western Kentucky University",2020,29,15286,22,12705,8578,0.977500582886454,"KY","City/Suburb",51547,24.8
157951,"Western Kentucky University",2019,29,15895,21,12174,8245,0.972589448150394,"KY","City/Suburb",51210,24.8
172699,"Western Michigan University",2023,25,13026,31,20183,20100,0.846766169154229,"MI","City/Suburb",108265,29.6
172699,"Western Michigan University",2022,26,13589,31,20030,20501,0.845519730744842,"MI","City/Suburb",103443,29.6
172699,"Western Michigan University",2021,27,14587,31,19749,18853,0.828091019996817,"MI","City/Suburb",107239,29.6
172699,"Western Michigan University",2020,30,15969,32,18091,16582,0.849415028343987,"MI","City/Suburb",108725,29.6
172699,"Western Michigan University",2019,32,17051,32,17028,17698,0.798564809583004,"MI","City/Suburb",112177,29.6
168254,"Western New England University",2023,25,2584,31,31548,6534,0.832568105295378,"MA","City/Suburb",78133,44.5
168254,"Western New England University",2022,24,2406,27,30214,6128,0.880058746736292,"MA","City/Suburb",78514,44.5
168254,"Western New England University",2021,24,2601,26,30403,6304,0.892607868020305,"MA","City/Suburb",78839,44.5
168254,"Western New England University",2020,24,2552,25,30630,6235,0.894306335204491,"MA","City/Suburb",79537,44.5
168254,"Western New England University",2019,27,2698,26,30071,6862,0.851792480326435,"MA","City/Suburb",78060,44.5
210429,"Western Oregon University",2023,40,3249,42,15249,2898,0.986887508626639,"OR","Town/Rural",41163,34
210429,"Western Oregon University",2022,40,3320,42,16754,3262,0.833537706928265,"OR","Town/Rural",41057,34
210429,"Western Oregon University",2021,39,3615,42,15181,2798,0.915654038598999,"OR","Town/Rural",42778,34
210429,"Western Oregon University",2020,38,4070,41,14400,3565,0.792145862552595,"OR","Town/Rural",42173,34
210429,"Western Oregon University",2019,39,4343,41,15896,3069,0.845878136200717,"OR","Town/Rural",41717,34
237011,"Western Washington University",2023,21,13704,31,22096,14243,0.913080109527487,"WA","City/Suburb",78990,36.7
237011,"Western Washington University",2022,22,13800,32,21105,11864,0.92692178017532,"WA","City/Suburb",78071,36.7
237011,"Western Washington University",2021,22,14019,32,11388,10580,0.960964083175803,"WA","City/Suburb",79537,36.7
237011,"Western Washington University",2020,23,14194,31,18398,10219,0.935120853312457,"WA","City/Suburb",79042,36.7
237011,"Western Washington University",2019,25,15240,31,17728,10513,0.903833349186721,"WA","City/Suburb",78061,36.7
168263,"Westfield State University",2023,33,3788,35,17723,6273,0.807428662521919,"MA","City/Suburb",78133,44.5
168263,"Westfield State University",2022,32,3943,31,18021,6625,0.815094339622642,"MA","City/Suburb",78514,44.5
168263,"Westfield State University",2021,31,4239,29,19194,3629,0.943510608983191,"MA","City/Suburb",78839,44.5
168263,"Westfield State University",2020,32,4633,29,18073,4049,0.924425784144233,"MA","City/Suburb",79537,44.5
168263,"Westfield State University",2019,32,5069,28,17149,4455,0.871604938271605,"MA","City/Suburb",78060,44.5
179946,"Westminster College",2023,40,593,20,26780,2279,0.775778850372971,"MO","Town/Rural",67773,29.5
179946,"Westminster College",2022,43,610,22,26768,2051,0.752803510482691,"MO","Town/Rural",66781,29.5
179946,"Westminster College",2021,40,654,24,23783,1715,0.966763848396501,"MO","Town/Rural",66906,29.5
179946,"Westminster College",2020,35,609,23,24994,933,0.97427652733119,"MO","Town/Rural",67892,29.5
179946,"Westminster College",2019,35,655,22,22656,788,0.963197969543147,"MO","Town/Rural",68482,29.5
216807,"Westminster College",2023,25,1155,27,21089,2650,0.855094339622641,"PA","Town/Rural",142275,31.8
216807,"Westminster College",2022,28,1161,23,22645,2225,0.752808988764045,"PA","Town/Rural",139193,31.8
216807,"Westminster College",2021,31,1163,25,20258,2475,0.821414141414141,"PA","Town/Rural",142186,31.8
216807,"Westminster College",2020,32,1149,25,21101,2746,0.765112891478514,"PA","Town/Rural",143645,31.8
216807,"Westminster College",2019,34,1165,29,20812,2459,0.665311102074014,"PA","Town/Rural",143842,31.8
230807,"Westminster University",2023,25,895,33,28156,2634,0.68830675778284,"UT","City/Suburb",46946,34.9
230807,"Westminster University",2022,26,961,31,27068,2205,0.69750566893424,"UT","City/Suburb",46085,34.9
230807,"Westminster University",2021,24,1166,30,26956,1949,0.757311441765008,"UT","City/Suburb",45251,34.9
230807,"Westminster University",2020,29,1426,30,25278,1921,0.874544508068714,"UT","City/Suburb",43182,34.9
230807,"Westminster University",2019,28,1740,30,22971,1666,0.918367346938776,"UT","City/Suburb",43372,34.9
125727,"Westmont College",2023,19,1310,48,36412,2244,0.798573975044563,"CA","City/Suburb",492544,34.2
125727,"Westmont College",2022,19,1284,48,33112,2326,0.819862424763543,"CA","City/Suburb",473448,34.2
125727,"Westmont College",2021,17,1238,46,33554,2344,0.789675767918089,"CA","City/Suburb",467260,34.2
125727,"Westmont College",2020,20,1226,46,32418,2493,0.701564380264741,"CA","City/Suburb",477479,34.2
125727,"Westmont College",2019,19,1317,46,32663,3074,0.648015614834092,"CA","City/Suburb",478819,34.2
149781,"Wheaton College",2023,20,2119,32,31346,1866,0.89978563772776,"IL","City/Suburb",148445,35.1
149781,"Wheaton College",2022,21,2163,31,29961,1893,0.884310618066561,"IL","City/Suburb",145439,35.1
149781,"Wheaton College",2021,22,2341,31,28319,1993,0.862518815855494,"IL","City/Suburb",150490,35.1
149781,"Wheaton College",2020,20,2265,31,27474,1801,0.869516935036091,"IL","City/Suburb",149373,35.1
149781,"Wheaton College",2019,21,2395,29,28795,1889,0.848067760719958,"IL","City/Suburb",152277,35.1
168281,"Wheaton College (Massachusetts)",2023,20,1778,30,31638,4702,0.71331348362399,"MA","City/Suburb",78133,44.5
168281,"Wheaton College (Massachusetts)",2022,21,1667,30,32863,4031,0.794839990076904,"MA","City/Suburb",78514,44.5
168281,"Wheaton College (Massachusetts)",2021,21,1701,30,28867,3724,0.82062298603652,"MA","City/Suburb",78839,44.5
168281,"Wheaton College (Massachusetts)",2020,20,1670,32,28518,3580,0.770949720670391,"MA","City/Suburb",79537,44.5
168281,"Wheaton College (Massachusetts)",2019,21,1774,34,29688,3459,0.738941890719861,"MA","City/Suburb",78060,44.5
238078,"Wheeling University",2023,25,588,55,19164,2103,0.751783166904422,"WV","City/Suburb",17853,21.3
238078,"Wheeling University",2022,32,708,77,19998,1576,0.726522842639594,"WV","City/Suburb",17400,21.3
238078,"Wheeling University",2021,43,599,60,28844,1277,0.780736100234926,"WV","City/Suburb",18271,21.3
238078,"Wheeling University",2020,34,582,45,30366,1057,0.768211920529801,"WV","City/Suburb",18751,21.3
238078,"Wheeling University",2019,35,532,36,19424,1912,0.682531380753138,"WV","City/Suburb",19036,21.3
237057,"Whitman College",2023,15,1544,42,41601,6185,0.499919159256265,"WA","City/Suburb",78990,36.7
237057,"Whitman College",2022,14,1493,40,39935,5497,0.476987447698745,"WA","City/Suburb",78071,36.7
237057,"Whitman College",2021,14,1559,38,35627,5155,0.589524733268671,"WA","City/Suburb",79537,36.7
237057,"Whitman College",2020,12,1360,40,38989,4964,0.54129734085415,"WA","City/Suburb",79042,36.7
237057,"Whitman College",2019,12,1579,37,41822,4823,0.559195521459672,"WA","City/Suburb",78061,36.7
125763,"Whittier College",2023,32,813,77,32436,2797,0.853771898462639,"CA","City/Suburb",492544,34.2
125763,"Whittier College",2022,34,1131,74,28368,3014,0.754479097544791,"CA","City/Suburb",473448,34.2
125763,"Whittier College",2021,36,1325,75,22091,2884,0.824895977808599,"CA","City/Suburb",467260,34.2
125763,"Whittier College",2020,36,1490,77,28647,5038,0.723302897975387,"CA","City/Suburb",477479,34.2
125763,"Whittier College",2019,36,1776,75,26363,7233,0.571132310244712,"CA","City/Suburb",478819,34.2
237066,"Whitworth University",2023,28,1939,36,27491,4740,0.867721518987342,"WA","City/Suburb",78990,36.7
237066,"Whitworth University",2022,30,2047,38,28299,4126,0.90523509452254,"WA","City/Suburb",78071,36.7
237066,"Whitworth University",2021,32,2309,37,27438,3944,0.914553752535497,"WA","City/Suburb",79537,36.7
237066,"Whitworth University",2020,31,2368,36,25785,3915,0.910089399744572,"WA","City/Suburb",79042,36.7
237066,"Whitworth University",2019,30,2417,35,26249,3817,0.91380665444066,"WA","City/Suburb",78061,36.7
156125,"Wichita State University",2023,30,12856,51,14184,8637,0.949403728146347,"KS","City/Suburb",36832,33.8
156125,"Wichita State University",2022,30,12049,48,13553,8899,0.94853354309473,"KS","City/Suburb",36624,33.8
156125,"Wichita State University",2021,31,12098,46,13905,7291,0.910574681113702,"KS","City/Suburb",36149,33.8
156125,"Wichita State University",2020,32,11946,44,14357,7655,0.79634225996081,"KS","City/Suburb",35923,33.8
156125,"Wichita State University",2019,33,12623,44,13849,6238,0.916960564283424,"KS","City/Suburb",35979,33.8
216852,"Widener University",2023,25,2811,42,30720,7167,0.840239988837728,"PA","City/Suburb",142275,31.8
216852,"Widener University",2022,20,2555,35,32185,5961,0.876866297601074,"PA","City/Suburb",139193,31.8
216852,"Widener University",2021,20,2766,31,25343,5719,0.845252666550096,"PA","City/Suburb",142186,31.8
216852,"Widener University",2020,21,2912,29,32695,5739,0.745774525178603,"PA","City/Suburb",143645,31.8
216852,"Widener University",2019,21,3223,28,31666,6245,0.718975180144115,"PA","City/Suburb",143842,31.8
206491,"Wilberforce University",2023,74,602,100,8222,12661,0.527288523813285,"OH","Town/Rural",133760,29
206491,"Wilberforce University",2022,66,472,100,14070,4100,0.451219512195122,"OH","Town/Rural",133872,29
206491,"Wilberforce University",2021,77,544,99,11830,2531,0.387988937178981,"OH","Town/Rural",136945,29
206491,"Wilberforce University",2020,85,439,99,13614,2688,0.615699404761905,"OH","Town/Rural",135941,29
206491,"Wilberforce University",2019,85,553,97,13014,3544,0.390519187358916,"OH","Town/Rural",135868,29
216931,"Wilkes University",2023,30,1956,30,28508,6414,0.914561895852822,"PA","City/Suburb",142275,31.8
216931,"Wilkes University",2022,31,2000,28,27918,4798,0.941433930804502,"PA","City/Suburb",139193,31.8
216931,"Wilkes University",2021,33,2232,29,30155,4019,0.947748196068674,"PA","City/Suburb",142186,31.8
216931,"Wilkes University",2020,33,2243,27,30281,3633,0.917698871456097,"PA","City/Suburb",143645,31.8
216931,"Wilkes University",2019,34,2351,27,27393,3756,0.786208732694356,"PA","City/Suburb",143842,31.8
210401,"Willamette University",2023,22,1571,36,27716,4107,0.79108838568298,"OR","City/Suburb",41163,34
210401,"Willamette University",2022,24,1367,35,32957,3994,0.805958938407611,"OR","City/Suburb",41057,34
210401,"Willamette University",2021,26,1236,37,37400,3680,0.796195652173913,"OR","City/Suburb",42778,34
210401,"Willamette University",2020,23,1302,38,37913,4010,0.801745635910224,"OR","City/Suburb",42173,34
210401,"Willamette University",2019,22,1624,41,36223,3972,0.77920443101712,"OR","City/Suburb",41717,34
231624,"William & Mary",2023,12,6963,39,20422,17548,0.327159790289492,"VA","City/Suburb",99497,39.3
231624,"William & Mary",2022,13,6797,40,25688,18087,0.334991983192348,"VA","City/Suburb",98780,39.3
231624,"William & Mary",2021,12,6543,41,18399,17475,0.365436337625179,"VA","City/Suburb",100147,39.3
231624,"William & Mary",2020,12,6236,41,18588,14201,0.421590028871206,"VA","City/Suburb",98970,39.3
231624,"William & Mary",2019,12,6256,42,18551,14680,0.376839237057221,"VA","City/Suburb",95710,39.3
176479,"William Carey University",2023,25,3113,35,17192,571,0.57968476357268,"MS","City/Suburb",32572,23.2
176479,"William Carey University",2022,29,3291,38,15271,517,0.5357833655706,"MS","City/Suburb",32131,23.2
176479,"William Carey University",2021,24,3337,38,11676,470,0.574468085106383,"MS","City/Suburb",32865,23.2
176479,"William Carey University",2020,39,3233,36,14834,758,0.552770448548813,"MS","City/Suburb",32110,23.2
176479,"William Carey University",2019,41,3210,36,10397,774,0.550387596899225,"MS","City/Suburb",32601,23.2
122728,"William Jessup University",2023,34,1056,56,28171,699,0.76824034334764,"CA","City/Suburb",492544,34.2
122728,"William Jessup University",2022,33,1169,54,27591,710,0.659154929577465,"CA","City/Suburb",473448,34.2
122728,"William Jessup University",2021,37,1210,51,27823,666,0.777777777777778,"CA","City/Suburb",467260,34.2
122728,"William Jessup University",2020,38,1289,50,26094,710,0.652112676056338,"CA","City/Suburb",477479,34.2
122728,"William Jessup University",2019,40,1261,48,22968,775,0.650322580645161,"CA","City/Suburb",478819,34.2
179955,"William Jewell College",2023,28,868,38,17408,2132,0.342870544090056,"MO","City/Suburb",67773,29.5
179955,"William Jewell College",2022,26,824,36,20108,1676,0.409904534606205,"MO","City/Suburb",66781,29.5
179955,"William Jewell College",2021,28,779,29,20876,1402,0.470042796005706,"MO","City/Suburb",66906,29.5
179955,"William Jewell College",2020,26,738,28,23039,1585,0.36403785488959,"MO","City/Suburb",67892,29.5
179955,"William Jewell College",2019,24,734,22,23437,1168,0.460616438356164,"MO","City/Suburb",68482,29.5
187444,"William Paterson University of New Jersey",2023,44,6546,68,16999,7754,0.925199896827444,"NJ","City/Suburb",104131,40.8
187444,"William Paterson University of New Jersey",2022,46,6604,67,12967,7062,0.915321438685925,"NJ","City/Suburb",107755,40.8
187444,"William Paterson University of New Jersey",2021,39,7219,66,15762,8126,0.939945852818115,"NJ","City/Suburb",109108,40.8
187444,"William Paterson University of New Jersey",2020,48,7971,65,17090,10402,0.806191117092867,"NJ","City/Suburb",109961,40.8
187444,"William Paterson University of New Jersey",2019,49,8605,65,15096,11375,0.751736263736264,"NJ","City/Suburb",113367,40.8
199272,"William Peace University",2023,35,730,48,24503,1286,0.973561430793157,"NC","City/Suburb",108252,31.9
199272,"William Peace University",2022,36,713,47,23041,955,0.950785340314136,"NC","City/Suburb",114167,31.9
199272,"William Peace University",2021,39,742,49,26338,1223,0.52085036794767,"NC","City/Suburb",116514,31.9
199272,"William Peace University",2020,47,830,47,25841,1277,0.613938919342208,"NC","City/Suburb",116615,31.9
199272,"William Peace University",2019,48,889,47,24984,2133,0.50492264416315,"NC","City/Suburb",114284,31.9
154590,"William Penn University",2023,46,1449,43,22361,1112,0.570143884892086,"IA","Town/Rural",36870,29
154590,"William Penn University",2022,47,1404,42,20922,1264,0.576740506329114,"IA","Town/Rural",36521,29
154590,"William Penn University",2021,50,1304,45,21112,1387,0.576784426820476,"IA","Town/Rural",37097,29
154590,"William Penn University",2020,53,1276,45,21256,1599,0.550343964978111,"IA","Town/Rural",36359,29
154590,"William Penn University",2019,53,1195,47,20640,1620,0.582098765432099,"IA","Town/Rural",36735,29
179964,"William Woods University",2023,30,1097,41,22925,1133,0.744924977934687,"MO","Town/Rural",67773,29.5
179964,"William Woods University",2022,33,791,31,23363,1487,0.614660390047075,"MO","Town/Rural",66781,29.5
179964,"William Woods University",2021,31,781,30,23220,1426,0.683029453015428,"MO","Town/Rural",66906,29.5
179964,"William Woods University",2020,30,882,27,25051,1463,0.625427204374573,"MO","Town/Rural",67892,29.5
179964,"William Woods University",2019,31,873,22,23663,914,0.640043763676149,"MO","Town/Rural",68482,29.5
107877,"Williams Baptist University",2023,47,491,25,16658,1014,0.588757396449704,"AR","Town/Rural",33693,23.3
107877,"Williams Baptist University",2022,42,562,19,14488,951,0.593059936908517,"AR","Town/Rural",33705,23.3
107877,"Williams Baptist University",2021,51,604,24,14571,1181,0.640982218458933,"AR","Town/Rural",34604,23.3
107877,"Williams Baptist University",2020,53,589,23,16646,1228,0.69299674267101,"AR","Town/Rural",34014,23.3
107877,"Williams Baptist University",2019,44,526,26,18487,1036,0.587837837837838,"AR","Town/Rural",33531,23.3
168342,"Williams College",2023,17,2112,52,16988,11465,0.0998691670300916,"MA","Town/Rural",78133,44.5
168342,"Williams College",2022,18,2169,52,20965,15321,0.0849813980810652,"MA","Town/Rural",78514,44.5
168342,"Williams College",2021,22,2174,50,14487,12452,0.0882589142306457,"MA","Town/Rural",78839,44.5
168342,"Williams College",2020,21,1962,54,22356,8744,0.151189387008234,"MA","Town/Rural",79537,44.5
168342,"Williams College",2019,21,2094,51,17303,9715,0.125990735975296,"MA","Town/Rural",78060,44.5
206507,"Wilmington College",2023,37,924,25,24915,1877,0.846030900372935,"OH","Town/Rural",133760,29
206507,"Wilmington College",2022,36,1015,25,24528,1963,0.881304126337239,"OH","Town/Rural",133872,29
206507,"Wilmington College",2021,38,1032,23,22372,1524,0.868766404199475,"OH","Town/Rural",136945,29
206507,"Wilmington College",2020,41,1165,23,21768,1558,0.727214377406932,"OH","Town/Rural",135941,29
206507,"Wilmington College",2019,42,1231,25,22432,1650,0.781818181818182,"OH","Town/Rural",135868,29
217013,"Wilson College",2023,27,1180,21,21567,1068,0.899812734082397,"PA","City/Suburb",142275,31.8
217013,"Wilson College",2022,24,966,22,23923,739,0.940460081190798,"PA","City/Suburb",139193,31.8
217013,"Wilson College",2021,24,977,23,22200,673,0.928677563150074,"PA","City/Suburb",142186,31.8
217013,"Wilson College",2020,30,1041,27,22318,808,0.922029702970297,"PA","City/Suburb",143645,31.8
217013,"Wilson College",2019,32,1072,30,22147,806,0.928039702233251,"PA","City/Suburb",143842,31.8
199962,"Wingate University",2023,41,2464,59,21464,21210,0.84992927864215,"NC","City/Suburb",108252,31.9
199962,"Wingate University",2022,42,2510,56,18823,20292,0.861521781983048,"NC","City/Suburb",114167,31.9
199962,"Wingate University",2021,40,2483,53,19013,17662,0.845261012342883,"NC","City/Suburb",116514,31.9
199962,"Wingate University",2020,41,2683,49,20594,16841,0.826851137105873,"NC","City/Suburb",116615,31.9
199962,"Wingate University",2019,41,2764,46,19155,15988,0.887415561671253,"NC","City/Suburb",114284,31.9
175272,"Winona State University",2023,23,5267,18,18919,6159,0.685176164961844,"MN","Town/Rural",67002,36.7
175272,"Winona State University",2022,25,5403,18,18187,5367,0.737469722377492,"MN","Town/Rural",64579,36.7
175272,"Winona State University",2021,24,5748,17,17283,5335,0.769072164948454,"MN","Town/Rural",65199,36.7
175272,"Winona State University",2020,26,6391,17,17185,6804,0.751763668430335,"MN","Town/Rural",66285,36.7
175272,"Winona State University",2019,27,6978,17,16617,7663,0.679107399190917,"MN","Town/Rural",65499,36.7
199999,"Winston-Salem State University",2023,61,4260,94,12948,9273,0.685538660627629,"NC","City/Suburb",108252,31.9
199999,"Winston-Salem State University",2022,62,4513,94,14097,7628,0.733875196643943,"NC","City/Suburb",114167,31.9
199999,"Winston-Salem State University",2021,64,4726,93,12976,5419,0.814725964200037,"NC","City/Suburb",116514,31.9
199999,"Winston-Salem State University",2020,65,4689,93,11868,5182,0.725202624469317,"NC","City/Suburb",116615,31.9
199999,"Winston-Salem State University",2019,64,4656,89,11783,4773,0.675885187513094,"NC","City/Suburb",114284,31.9
218964,"Winthrop University",2023,39,3787,47,16838,5858,0.750597473540457,"SC","City/Suburb",53335,28.3
218964,"Winthrop University",2022,41,3741,47,17008,5099,0.697587762306335,"SC","City/Suburb",52277,28.3
218964,"Winthrop University",2021,41,3973,47,17100,5582,0.639018273020423,"SC","City/Suburb",52010,28.3
218964,"Winthrop University",2020,41,4406,45,19300,6705,0.639373601789709,"SC","City/Suburb",52680,28.3
218964,"Winthrop University",2019,41,4764,44,19115,6101,0.687756105556466,"SC","City/Suburb",53953,28.3
240338,"Wisconsin Lutheran College",2023,25,1021,28,22809,1847,0.790471034109367,"WI","City/Suburb",67563,30
240338,"Wisconsin Lutheran College",2022,25,1003,27,22682,1474,0.938263229308005,"WI","City/Suburb",65909,30
240338,"Wisconsin Lutheran College",2021,26,1031,25,21761,1363,0.980190755685987,"WI","City/Suburb",66830,30
240338,"Wisconsin Lutheran College",2020,28,1034,24,21529,981,0.956167176350663,"WI","City/Suburb",68053,30
240338,"Wisconsin Lutheran College",2019,31,1003,18,21836,751,0.892143808255659,"WI","City/Suburb",68191,30
206525,"Wittenberg University",2023,29,1288,28,21457,2956,0.910351826792963,"OH","City/Suburb",133760,29
206525,"Wittenberg University",2022,29,1258,26,22912,2998,0.939292861907939,"OH","City/Suburb",133872,29
206525,"Wittenberg University",2021,29,1286,23,22179,3272,0.922677261613692,"OH","City/Suburb",136945,29
206525,"Wittenberg University",2020,29,1445,23,21901,2807,0.974349839686498,"OH","City/Suburb",135941,29
206525,"Wittenberg University",2019,29,1577,23,23060,2392,0.91304347826087,"OH","City/Suburb",135868,29
218973,"Wofford College",2023,15,1873,20,31061,4183,0.585943103036099,"SC","City/Suburb",53335,28.3
218973,"Wofford College",2022,15,1823,20,31192,4425,0.60180790960452,"SC","City/Suburb",52277,28.3
218973,"Wofford College",2021,18,1765,21,30608,4351,0.524477131693863,"SC","City/Suburb",52010,28.3
218973,"Wofford College",2020,17,1764,19,30431,4102,0.529985372988786,"SC","City/Suburb",52680,28.3
218973,"Wofford College",2019,16,1720,20,28033,3786,0.598256735340729,"SC","City/Suburb",53953,28.3
491631,"Women's Institute of Torah Seminary and College",2023,24,191,0,13844,52,0.961538461538462,"MD","City/Suburb",69770,40.8
491631,"Women's Institute of Torah Seminary and College",2022,20,173,0,20687,55,1,"MD","City/Suburb",69124,40.8
491631,"Women's Institute of Torah Seminary and College",2021,21,189,0,18143,61,0.885245901639344,"MD","City/Suburb",71017,40.8
491631,"Women's Institute of Torah Seminary and College",2020,20,147,0,18886,52,0.807692307692308,"MD","City/Suburb",67971,40.8
125897,"Woodbury University",2023,49,825,59,31257,1312,0.728658536585366,"CA","City/Suburb",492544,34.2
125897,"Woodbury University",2022,51,868,63,32182,1460,0.626027397260274,"CA","City/Suburb",473448,34.2
125897,"Woodbury University",2021,50,937,66,32293,1453,0.630419821059876,"CA","City/Suburb",467260,34.2
125897,"Woodbury University",2020,48,1019,66,32295,1554,0.703989703989704,"CA","City/Suburb",477479,34.2
125897,"Woodbury University",2019,46,1108,66,26349,1907,0.663345568956476,"CA","City/Suburb",478819,34.2
168421,"Worcester Polytechnic Institute",2023,10,5453,36,47799,11809,0.584977559488526,"MA","City/Suburb",78133,44.5
168421,"Worcester Polytechnic Institute",2022,10,5246,36,46876,11599,0.574790930252608,"MA","City/Suburb",78514,44.5
168421,"Worcester Polytechnic Institute",2021,9,5224,36,48230,11092,0.602145690587811,"MA","City/Suburb",78839,44.5
168421,"Worcester Polytechnic Institute",2020,10,4892,37,45834,11269,0.590469429408111,"MA","City/Suburb",79537,44.5
168421,"Worcester Polytechnic Institute",2019,11,4761,39,42393,10645,0.493658994833255,"MA","City/Suburb",78060,44.5
168430,"Worcester State University",2023,29,4734,44,14307,4745,0.898630136986301,"MA","City/Suburb",78133,44.5
168430,"Worcester State University",2022,29,4478,39,14435,4718,0.876642645188639,"MA","City/Suburb",78514,44.5
168430,"Worcester State University",2021,30,4640,37,12853,3446,0.893209518282066,"MA","City/Suburb",78839,44.5
168430,"Worcester State University",2020,31,4958,37,15767,4044,0.810336300692384,"MA","City/Suburb",79537,44.5
168430,"Worcester State University",2019,31,5332,37,16103,3891,0.807504497558468,"MA","City/Suburb",78060,44.5
206613,"Wright State University-Lake Campus",2022,23,1294,9,11585,660,0.998484848484849,"OH","Town/Rural",133872,29
206613,"Wright State University-Lake Campus",2021,20,1435,9,9926,629,0.984101748807631,"OH","Town/Rural",136945,29
206613,"Wright State University-Lake Campus",2020,18,1739,10,11067,511,0.996086105675147,"OH","Town/Rural",135941,29
206613,"Wright State University-Lake Campus",2019,25,1648,12,10390,484,0.993801652892562,"OH","Town/Rural",135868,29
206604,"Wright State University-Main Campus",2023,33,7012,29,15400,8894,0.951540364290533,"OH","City/Suburb",133760,29
206604,"Wright State University-Main Campus",2022,32,6938,28,15650,7162,0.952247975425859,"OH","City/Suburb",133872,29
206604,"Wright State University-Main Campus",2021,31,7477,27,14198,6338,0.960397601767119,"OH","City/Suburb",136945,29
206604,"Wright State University-Main Campus",2020,33,8332,26,15337,5226,0.956371986222732,"OH","City/Suburb",135941,29
206604,"Wright State University-Main Campus",2019,32,9371,26,15251,5849,0.954522140536844,"OH","City/Suburb",135868,29
206622,"Xavier University",2023,14,4748,27,31542,16750,0.877253731343284,"OH","City/Suburb",133760,29
206622,"Xavier University",2022,13,4852,25,31619,14836,0.845376112159612,"OH","City/Suburb",133872,29
206622,"Xavier University",2021,14,5140,25,32370,15199,0.840186854398316,"OH","City/Suburb",136945,29
206622,"Xavier University",2020,13,5272,25,34945,14805,0.812158054711246,"OH","City/Suburb",135941,29
206622,"Xavier University",2019,14,5043,25,32429,14758,0.763721371459547,"OH","City/Suburb",135868,29
160904,"Xavier University of Louisiana",2023,52,2591,99,17874,9608,0.744796003330558,"LA","City/Suburb",49729,24.3
160904,"Xavier University of Louisiana",2022,52,2696,99,18080,8803,0.951607406565943,"LA","City/Suburb",49777,24.3
160904,"Xavier University of Louisiana",2021,51,2755,99,16886,6575,0.954068441064639,"LA","City/Suburb",52461,24.3
160904,"Xavier University of Louisiana",2020,51,2517,98,19066,9517,0.806241462645792,"LA","City/Suburb",53334,24.3
160904,"Xavier University of Louisiana",2019,52,2530,98,18794,9291,0.599827790334733,"LA","City/Suburb",52809,24.3
130794,"Yale University",2023,19,6818,68,26044,51803,0.0450166978746405,"CT","City/Suburb",44962,39.6
130794,"Yale University",2022,19,6645,65,18647,50060,0.045725129844187,"CT","City/Suburb",44540,39.6
130794,"Yale University",2021,21,6536,63,20605,47240,0.0531117696867062,"CT","City/Suburb",44901,39.6
130794,"Yale University",2020,18,4703,65,17511,35220,0.0652754116978989,"CT","City/Suburb",45222,39.6
130794,"Yale University",2019,18,6092,60,18073,36844,0.0608240147649549,"CT","City/Suburb",45216,39.6
490319,"Yeshiva Bais Aharon",2023,75,13,0,11935,8,0.75,"NJ","City/Suburb",104131,40.8
490319,"Yeshiva Bais Aharon",2022,94,12,0,6534,5,0.6,"NJ","City/Suburb",107755,40.8
490319,"Yeshiva Bais Aharon",2021,63,18,0,6015,13,1,"NJ","City/Suburb",109108,40.8
490319,"Yeshiva Bais Aharon",2020,55,24,0,6984,16,0.875,"NJ","City/Suburb",109961,40.8
490319,"Yeshiva Bais Aharon",2019,54,31,0,9383,12,0.75,"NJ","City/Suburb",113367,40.8
491622,"Yeshiva Chemdas Hatorah",2023,47,79,5,9676,28,0.75,"NJ","City/Suburb",104131,40.8
491622,"Yeshiva Chemdas Hatorah",2022,44,81,14,8015,27,0.555555555555556,"NJ","City/Suburb",107755,40.8
491622,"Yeshiva Chemdas Hatorah",2021,47,85,12,9529,32,0.75,"NJ","City/Suburb",109108,40.8
491622,"Yeshiva Chemdas Hatorah",2020,59,74,12,10201,35,0.857142857142857,"NJ","City/Suburb",109961,40.8
491622,"Yeshiva Chemdas Hatorah",2019,63,71,7,9899,33,0.848484848484849,"NJ","City/Suburb",113367,40.8
420325,"Yeshiva D'monsey Rabbinical College",2023,84,86,0,6266,78,0.423076923076923,"NY","City/Suburb",211853,37.2
420325,"Yeshiva D'monsey Rabbinical College",2022,85,85,0,5054,66,0.318181818181818,"NY","City/Suburb",213993,37.2
420325,"Yeshiva D'monsey Rabbinical College",2021,93,77,0,5542,59,0.372881355932203,"NY","City/Suburb",217586,37.2
420325,"Yeshiva D'monsey Rabbinical College",2020,75,71,0,6829,53,0.490566037735849,"NY","City/Suburb",209688,37.2
420325,"Yeshiva D'monsey Rabbinical College",2019,93,80,0,4125,57,0.631578947368421,"NY","City/Suburb",212104,37.2
197647,"Yeshiva Derech Chaim",2023,40,119,8,10153,47,0.702127659574468,"NY","City/Suburb",211853,37.2
197647,"Yeshiva Derech Chaim",2022,43,111,6,10089,59,0.64406779661017,"NY","City/Suburb",213993,37.2
197647,"Yeshiva Derech Chaim",2021,37,110,8,11594,68,0.676470588235294,"NY","City/Suburb",217586,37.2
197647,"Yeshiva Derech Chaim",2020,45,91,11,11428,55,0.563636363636364,"NY","City/Suburb",209688,37.2
197647,"Yeshiva Derech Chaim",2019,44,89,13,8195,41,0.658536585365854,"NY","City/Suburb",212104,37.2
493716,"Yeshiva Gedola Tiferes Yaakov Yitzchok",2023,19,69,0,11596,40,0.5,"NJ","City/Suburb",104131,40.8
493716,"Yeshiva Gedola Tiferes Yaakov Yitzchok",2022,20,68,1,10839,40,0.625,"NJ","City/Suburb",107755,40.8
493716,"Yeshiva Gedola Tiferes Yaakov Yitzchok",2021,15,68,0,10844,38,0.368421052631579,"NJ","City/Suburb",109108,40.8
493716,"Yeshiva Gedola Tiferes Yaakov Yitzchok",2020,16,71,0,12967,32,0.5,"NJ","City/Suburb",109961,40.8
493716,"Yeshiva Gedola Tiferes Yaakov Yitzchok",2019,21,70,0,10745,44,0.477272727272727,"NJ","City/Suburb",113367,40.8
491914,"Yeshiva Gedola Tiferes Yerachmiel",2023,43,172,10,8936,61,0.426229508196721,"NJ","City/Suburb",104131,40.8
491914,"Yeshiva Gedola Tiferes Yerachmiel",2022,34,178,7,6089,82,0.292682926829268,"NJ","City/Suburb",107755,40.8
491914,"Yeshiva Gedola Tiferes Yerachmiel",2021,36,167,5,8002,80,0.3125,"NJ","City/Suburb",109108,40.8
491914,"Yeshiva Gedola Tiferes Yerachmiel",2020,44,154,3,7458,27,0.962962962962963,"NJ","City/Suburb",109961,40.8
491914,"Yeshiva Gedola Tiferes Yerachmiel",2019,47,135,2,9529,49,0.428571428571429,"NJ","City/Suburb",113367,40.8
491640,"Yeshiva Gedolah Keren Hatorah",2023,60,189,0,9303,40,0.95,"NJ","City/Suburb",104131,40.8
491640,"Yeshiva Gedolah Keren Hatorah",2022,63,186,0,3988,41,1,"NJ","City/Suburb",107755,40.8
491640,"Yeshiva Gedolah Keren Hatorah",2021,64,169,0,6897,55,0.727272727272727,"NJ","City/Suburb",109108,40.8
491640,"Yeshiva Gedolah Keren Hatorah",2020,61,156,0,7380,40,0.95,"NJ","City/Suburb",109961,40.8
491640,"Yeshiva Gedolah Keren Hatorah",2019,55,155,1,8624,50,0.82,"NJ","City/Suburb",113367,40.8
481410,"Yeshiva Gedolah Kesser Torah",2023,38,82,2,12583,70,0.357142857142857,"NY","City/Suburb",211853,37.2
481410,"Yeshiva Gedolah Kesser Torah",2022,35,79,3,9627,44,0.522727272727273,"NY","City/Suburb",213993,37.2
481410,"Yeshiva Gedolah Kesser Torah",2021,29,77,1,11684,48,0.5,"NY","City/Suburb",217586,37.2
481410,"Yeshiva Gedolah Kesser Torah",2020,40,85,0,11749,53,0.39622641509434,"NY","City/Suburb",209688,37.2
481410,"Yeshiva Gedolah Kesser Torah",2019,42,83,6,12556,20,0.9,"NY","City/Suburb",212104,37.2
491710,"Yeshiva Gedolah of Cliffwood",2023,9,55,9,11523,25,0.8,"NJ","City/Suburb",104131,40.8
491710,"Yeshiva Gedolah of Cliffwood",2022,13,72,1,7875,30,0.5,"NJ","City/Suburb",107755,40.8
491710,"Yeshiva Gedolah of Cliffwood",2021,7,63,3,8717,35,0.571428571428571,"NJ","City/Suburb",109108,40.8
491710,"Yeshiva Gedolah of Cliffwood",2020,16,111,2,11370,22,0.818181818181818,"NJ","City/Suburb",109961,40.8
491710,"Yeshiva Gedolah of Cliffwood",2019,17,93,3,9415,50,0.7,"NJ","City/Suburb",113367,40.8
247773,"Yeshiva Gedolah of Greater Detroit",2023,38,71,0,6162,27,0.925925925925926,"MI","City/Suburb",108265,29.6
247773,"Yeshiva Gedolah of Greater Detroit",2022,39,68,0,6826,25,0.84,"MI","City/Suburb",103443,29.6
247773,"Yeshiva Gedolah of Greater Detroit",2021,40,54,0,8765,22,0.863636363636364,"MI","City/Suburb",107239,29.6
247773,"Yeshiva Gedolah of Greater Detroit",2020,55,50,0,9421,14,0.928571428571429,"MI","City/Suburb",108725,29.6
247773,"Yeshiva Gedolah of Greater Detroit",2019,60,55,0,8567,25,0.92,"MI","City/Suburb",112177,29.6
493707,"Yeshiva Gedolah of Woodlake Village",2023,32,79,15,9188,22,0.954545454545455,"NJ","City/Suburb",104131,40.8
493707,"Yeshiva Gedolah of Woodlake Village",2022,36,82,16,7035,36,0.833333333333333,"NJ","City/Suburb",107755,40.8
493707,"Yeshiva Gedolah of Woodlake Village",2021,38,90,6,6349,34,0.941176470588235,"NJ","City/Suburb",109108,40.8
493707,"Yeshiva Gedolah of Woodlake Village",2020,38,81,4,9583,40,0.825,"NJ","City/Suburb",109961,40.8
493707,"Yeshiva Gedolah of Woodlake Village",2019,45,65,0,9796,38,0.868421052631579,"NJ","City/Suburb",113367,40.8
488350,"Yeshiva Gedolah Shaarei Shmuel",2023,38,132,0,8944,100,0.53,"NJ","City/Suburb",104131,40.8
488350,"Yeshiva Gedolah Shaarei Shmuel",2022,29,126,3,6440,149,0.463087248322148,"NJ","City/Suburb",107755,40.8
488350,"Yeshiva Gedolah Shaarei Shmuel",2021,19,99,8,7062,100,0.5,"NJ","City/Suburb",109108,40.8
488350,"Yeshiva Gedolah Shaarei Shmuel",2020,24,77,9,12092,75,0.4,"NJ","City/Suburb",109961,40.8
488350,"Yeshiva Gedolah Shaarei Shmuel",2019,30,90,11,9766,70,0.328571428571429,"NJ","City/Suburb",113367,40.8
491613,"Yeshiva Gedolah Tiferes Boruch",2023,55,70,0,7528,19,1,"NJ","City/Suburb",104131,40.8
491613,"Yeshiva Gedolah Tiferes Boruch",2022,55,69,0,5737,22,0.863636363636364,"NJ","City/Suburb",107755,40.8
491613,"Yeshiva Gedolah Tiferes Boruch",2021,51,74,0,6846,19,1,"NJ","City/Suburb",109108,40.8
491613,"Yeshiva Gedolah Tiferes Boruch",2020,60,76,0,7943,21,1,"NJ","City/Suburb",109961,40.8
491613,"Yeshiva Gedolah Tiferes Boruch",2019,49,65,0,7918,23,0.91304347826087,"NJ","City/Suburb",113367,40.8
476692,"Yeshiva Gedolah Zichron Leyma",2023,45,47,13,7047,34,0.705882352941177,"NJ","City/Suburb",104131,40.8
476692,"Yeshiva Gedolah Zichron Leyma",2022,47,40,7,6374,43,0.488372093023256,"NJ","City/Suburb",107755,40.8
476692,"Yeshiva Gedolah Zichron Leyma",2021,47,36,3,5779,45,0.511111111111111,"NJ","City/Suburb",109108,40.8
476692,"Yeshiva Gedolah Zichron Leyma",2020,45,34,0,10887,28,0.785714285714286,"NJ","City/Suburb",109961,40.8
476692,"Yeshiva Gedolah Zichron Leyma",2019,35,22,0,10267,16,0.5,"NJ","City/Suburb",113367,40.8
197601,"Yeshiva Karlin Stolin",2019,86,129,0,5120,38,0.789473684210526,"NY","City/Suburb",212104,37.2
491057,"Yeshiva Kollel Tifereth Elizer",2023,89,373,0,11349,20,0.75,"NY","City/Suburb",211853,37.2
491057,"Yeshiva Kollel Tifereth Elizer",2022,89,292,0,7778,34,0.823529411764706,"NY","City/Suburb",213993,37.2
491057,"Yeshiva Kollel Tifereth Elizer",2021,92,208,0,6682,28,0.857142857142857,"NY","City/Suburb",217586,37.2
491057,"Yeshiva Kollel Tifereth Elizer",2020,91,171,0,10763,24,0.625,"NY","City/Suburb",209688,37.2
491057,"Yeshiva Kollel Tifereth Elizer",2019,89,128,0,7486,7,0.714285714285714,"NY","City/Suburb",212104,37.2
190752,"Yeshiva of Far Rockaway Derech Ayson Rabbinical Seminary",2023,17,57,0,16144,25,0.88,"NY","City/Suburb",211853,37.2
190752,"Yeshiva of Far Rockaway Derech Ayson Rabbinical Seminary",2022,20,51,0,10440,21,0.666666666666667,"NY","City/Suburb",213993,37.2
190752,"Yeshiva of Far Rockaway Derech Ayson Rabbinical Seminary",2021,24,55,0,13625,27,0.814814814814815,"NY","City/Suburb",217586,37.2
190752,"Yeshiva of Far Rockaway Derech Ayson Rabbinical Seminary",2020,17,43,0,16058,17,0.88235294117647,"NY","City/Suburb",209688,37.2
190752,"Yeshiva of Far Rockaway Derech Ayson Rabbinical Seminary",2019,18,36,0,14957,14,0.928571428571429,"NY","City/Suburb",212104,37.2
455257,"Yeshiva of Machzikai Hadas",2023,84,461,0,19630,130,0.661538461538462,"NY","City/Suburb",211853,37.2
455257,"Yeshiva of Machzikai Hadas",2022,87,431,3,15607,138,0.717391304347826,"NY","City/Suburb",213993,37.2
455257,"Yeshiva of Machzikai Hadas",2021,74,370,5,17199,98,0.612244897959184,"NY","City/Suburb",217586,37.2
455257,"Yeshiva of Machzikai Hadas",2020,80,457,7,15159,79,0.784810126582278,"NY","City/Suburb",209688,37.2
455257,"Yeshiva of Machzikai Hadas",2019,80,468,5,16065,111,0.90990990990991,"NY","City/Suburb",212104,37.2
493594,"Yeshiva of Ocean",2023,63,57,2,9871,50,0.38,"NY","Town/Rural",211853,37.2
493594,"Yeshiva of Ocean",2022,69,40,0,6807,25,0.64,"NY","Town/Rural",213993,37.2
493594,"Yeshiva of Ocean",2021,61,36,0,7862,28,0.5,"NY","Town/Rural",217586,37.2
493594,"Yeshiva of Ocean",2020,53,33,0,9811,20,0.25,"NY","Town/Rural",209688,37.2
493594,"Yeshiva of Ocean",2019,40,40,7,7935,25,0.4,"NY","Town/Rural",212104,37.2
431983,"Yeshiva of the Telshe Alumni",2019,46,74,1,10430,8,0.375,"NY","City/Suburb",212104,37.2
126076,"Yeshiva Ohr Elchonon Chabad West Coast Talmudical Seminary",2023,55,157,1,13122,107,0.616822429906542,"CA","City/Suburb",492544,34.2
126076,"Yeshiva Ohr Elchonon Chabad West Coast Talmudical Seminary",2022,58,142,3,12326,122,0.614754098360656,"CA","City/Suburb",473448,34.2
126076,"Yeshiva Ohr Elchonon Chabad West Coast Talmudical Seminary",2021,68,142,2,14987,86,0.686046511627907,"CA","City/Suburb",467260,34.2
126076,"Yeshiva Ohr Elchonon Chabad West Coast Talmudical Seminary",2020,62,135,1,12576,70,0.728571428571429,"CA","City/Suburb",477479,34.2
126076,"Yeshiva Ohr Elchonon Chabad West Coast Talmudical Seminary",2019,70,138,2,11489,76,0.81578947368421,"CA","City/Suburb",478819,34.2
490504,"Yeshiva Ohr Naftoli",2023,23,43,2,11038,31,0.806451612903226,"NY","City/Suburb",211853,37.2
490504,"Yeshiva Ohr Naftoli",2022,35,40,2,7146,6,1,"NY","City/Suburb",213993,37.2
490504,"Yeshiva Ohr Naftoli",2021,35,46,2,9038,12,0.916666666666667,"NY","City/Suburb",217586,37.2
490504,"Yeshiva Ohr Naftoli",2020,17,37,0,14925,18,1,"NY","City/Suburb",209688,37.2
490504,"Yeshiva Ohr Naftoli",2019,50,35,0,10743,19,0.894736842105263,"NY","City/Suburb",212104,37.2
486017,"Yeshiva Ohr Yisrael",2023,26,17,6,10500,5,1,"NY","City/Suburb",211853,37.2
486017,"Yeshiva Ohr Yisrael",2022,28,23,13,12027,4,1,"NY","City/Suburb",213993,37.2
486017,"Yeshiva Ohr Yisrael",2021,22,32,0,13300,5,1,"NY","City/Suburb",217586,37.2
486017,"Yeshiva Ohr Yisrael",2020,20,36,3,12617,8,0.875,"NY","City/Suburb",209688,37.2
486017,"Yeshiva Ohr Yisrael",2019,18,46,4,11951,9,0.666666666666667,"NY","City/Suburb",212104,37.2
441609,"Yeshiva Shaarei Torah of Rockland",2023,24,141,9,18501,49,0.346938775510204,"NY","City/Suburb",211853,37.2
441609,"Yeshiva Shaarei Torah of Rockland",2022,42,183,8,13353,40,0.4,"NY","City/Suburb",213993,37.2
441609,"Yeshiva Shaarei Torah of Rockland",2020,37,90,13,13898,21,0.666666666666667,"NY","City/Suburb",209688,37.2
486026,"Yeshiva Sholom Shachna",2023,48,118,0,7551,46,0.869565217391304,"NY","City/Suburb",211853,37.2
486026,"Yeshiva Sholom Shachna",2022,39,127,0,5621,51,1,"NY","City/Suburb",213993,37.2
486026,"Yeshiva Sholom Shachna",2021,49,111,0,6378,15,0.666666666666667,"NY","City/Suburb",217586,37.2
486026,"Yeshiva Sholom Shachna",2020,49,106,0,10306,31,1,"NY","City/Suburb",209688,37.2
486026,"Yeshiva Sholom Shachna",2019,50,112,0,9897,50,0.96,"NY","City/Suburb",212104,37.2
451398,"Yeshiva Toras Chaim",2023,42,225,15,5821,63,0.984126984126984,"NJ","City/Suburb",104131,40.8
451398,"Yeshiva Toras Chaim",2022,40,213,14,8691,100,0.59,"NJ","City/Suburb",107755,40.8
451398,"Yeshiva Toras Chaim",2021,50,230,10,7316,111,0.630630630630631,"NJ","City/Suburb",109108,40.8
451398,"Yeshiva Toras Chaim",2020,53,213,9,5774,96,0.75,"NJ","City/Suburb",109961,40.8
451398,"Yeshiva Toras Chaim",2019,50,236,8,4962,70,0.842857142857143,"NJ","City/Suburb",113367,40.8
197708,"Yeshiva University",2023,14,3091,40,38118,1713,0.637478108581436,"NY","City/Suburb",211853,37.2
197708,"Yeshiva University",2022,13,2866,36,35912,1615,0.632198142414861,"NY","City/Suburb",213993,37.2
197708,"Yeshiva University",2021,12,2657,40,36807,1410,0.626950354609929,"NY","City/Suburb",217586,37.2
197708,"Yeshiva University",2020,15,2840,27,35603,1442,0.674063800277393,"NY","City/Suburb",209688,37.2
197708,"Yeshiva University",2019,16,2829,11,33953,1660,0.553614457831325,"NY","City/Suburb",212104,37.2
481438,"Yeshiva Yesodei Hatorah",2023,39,72,6,11390,23,1,"NJ","City/Suburb",104131,40.8
481438,"Yeshiva Yesodei Hatorah",2022,35,67,6,13554,27,0.925925925925926,"NJ","City/Suburb",107755,40.8
481438,"Yeshiva Yesodei Hatorah",2021,40,69,4,10849,22,1,"NJ","City/Suburb",109108,40.8
481438,"Yeshiva Yesodei Hatorah",2020,44,52,0,10183,30,0.566666666666667,"NJ","City/Suburb",109961,40.8
481438,"Yeshiva Yesodei Hatorah",2019,43,62,0,11517,38,0.868421052631579,"NJ","City/Suburb",113367,40.8
487746,"Yeshiva Zichron Aryeh",2019,14,27,15,17007,7,0.714285714285714,"NY","City/Suburb",212104,37.2
451370,"Yeshivas Be'er Yitzchok",2023,57,52,8,23562,5,1,"NJ","City/Suburb",104131,40.8
451370,"Yeshivas Be'er Yitzchok",2022,47,59,5,18603,18,0.888888888888889,"NJ","City/Suburb",107755,40.8
451370,"Yeshivas Be'er Yitzchok",2021,58,68,3,19513,20,0.8,"NJ","City/Suburb",109108,40.8
451370,"Yeshivas Be'er Yitzchok",2020,60,57,0,22614,8,1,"NJ","City/Suburb",109961,40.8
451370,"Yeshivas Be'er Yitzchok",2019,77,62,0,20918,20,0.65,"NJ","City/Suburb",113367,40.8
491765,"Yeshivas Emek Hatorah",2023,10,93,0,10547,29,1,"NJ","Town/Rural",104131,40.8
491765,"Yeshivas Emek Hatorah",2022,9,93,0,9177,23,1,"NJ","Town/Rural",107755,40.8
491765,"Yeshivas Emek Hatorah",2021,15,98,0,11772,27,1,"NJ","Town/Rural",109108,40.8
491765,"Yeshivas Emek Hatorah",2020,21,95,0,24608,18,0.944444444444444,"NJ","Town/Rural",109961,40.8
405058,"Yeshivas Novominsk",2023,35,163,1,9267,51,0.901960784313726,"NY","City/Suburb",211853,37.2
405058,"Yeshivas Novominsk",2022,32,149,1,11919,50,0.78,"NY","City/Suburb",213993,37.2
405058,"Yeshivas Novominsk",2021,38,155,1,9358,50,0.86,"NY","City/Suburb",217586,37.2
405058,"Yeshivas Novominsk",2020,31,165,1,12917,60,0.866666666666667,"NY","City/Suburb",209688,37.2
405058,"Yeshivas Novominsk",2019,33,157,2,11276,57,0.947368421052632,"NY","City/Suburb",212104,37.2
493664,"Yeshivat Hechal Shemuel",2023,37,65,2,8327,3,1,"NY","City/Suburb",211853,37.2
493664,"Yeshivat Hechal Shemuel",2022,44,60,0,9715,7,1,"NY","City/Suburb",213993,37.2
217040,"Yeshivath Beth Moshe",2023,37,39,0,8354,15,1,"PA","City/Suburb",142275,31.8
217040,"Yeshivath Beth Moshe",2022,42,35,0,5765,11,1,"PA","City/Suburb",139193,31.8
217040,"Yeshivath Beth Moshe",2021,44,36,3,6004,21,0.857142857142857,"PA","City/Suburb",142186,31.8
217040,"Yeshivath Beth Moshe",2020,45,39,3,8584,12,0.833333333333333,"PA","City/Suburb",143645,31.8
217040,"Yeshivath Beth Moshe",2019,41,40,0,9326,21,0.857142857142857,"PA","City/Suburb",143842,31.8
197692,"Yeshivath Shaar Hatorah",2023,14,84,0,14585,49,0.918367346938776,"NY","City/Suburb",211853,37.2
197692,"Yeshivath Shaar Hatorah",2022,9,71,0,14690,41,0.75609756097561,"NY","City/Suburb",213993,37.2
197692,"Yeshivath Shaar Hatorah",2021,9,68,0,13780,40,0.825,"NY","City/Suburb",217586,37.2
197692,"Yeshivath Shaar Hatorah",2020,19,88,0,9275,46,0.695652173913043,"NY","City/Suburb",209688,37.2
197692,"Yeshivath Shaar Hatorah",2019,16,75,0,11285,44,0.840909090909091,"NY","City/Suburb",212104,37.2
197735,"Yeshivath Viznitz",2023,81,921,1,7172,287,0.937282229965157,"NY","City/Suburb",211853,37.2
197735,"Yeshivath Viznitz",2022,78,778,2,2403,220,0.890909090909091,"NY","City/Suburb",213993,37.2
197735,"Yeshivath Viznitz",2021,89,744,3,2774,248,0.915322580645161,"NY","City/Suburb",217586,37.2
197735,"Yeshivath Viznitz",2020,90,646,3,8024,182,0.873626373626374,"NY","City/Suburb",209688,37.2
197735,"Yeshivath Viznitz",2019,87,566,4,7909,198,0.868686868686869,"NY","City/Suburb",212104,37.2
197744,"Yeshivath Zichron Moshe",2023,50,176,6,12517,23,0.521739130434783,"NY","Town/Rural",211853,37.2
197744,"Yeshivath Zichron Moshe",2022,45,161,6,12993,17,0.588235294117647,"NY","Town/Rural",213993,37.2
197744,"Yeshivath Zichron Moshe",2021,51,174,10,14596,14,0.714285714285714,"NY","Town/Rural",217586,37.2
197744,"Yeshivath Zichron Moshe",2020,46,182,11,14816,12,0.5,"NY","Town/Rural",209688,37.2
197744,"Yeshivath Zichron Moshe",2019,49,182,10,12857,13,0.769230769230769,"NY","Town/Rural",212104,37.2
217059,"York College of Pennsylvania",2023,25,3308,29,21036,4933,0.942023109669572,"PA","City/Suburb",142275,31.8
217059,"York College of Pennsylvania",2022,25,3335,27,20916,4529,0.95606094060499,"PA","City/Suburb",139193,31.8
217059,"York College of Pennsylvania",2021,25,3527,25,22543,5584,0.776862464183381,"PA","City/Suburb",142186,31.8
217059,"York College of Pennsylvania",2020,25,3748,23,22876,5798,0.707657813038979,"PA","City/Suburb",143645,31.8
217059,"York College of Pennsylvania",2019,26,4038,23,21396,6011,0.689569123273998,"PA","City/Suburb",143842,31.8
181853,"York University",2023,44,443,46,20163,506,0.476284584980237,"NE","Town/Rural",24387,32.4
181853,"York University",2022,45,442,47,17835,480,0.572916666666667,"NE","Town/Rural",23856,32.4
181853,"York University",2021,46,435,50,17923,479,0.617954070981211,"NE","Town/Rural",23769,32.4
181853,"York University",2020,41,457,47,18598,555,0.661261261261261,"NE","Town/Rural",23830,32.4
181853,"York University",2019,44,422,46,16748,523,0.565965583173996,"NE","Town/Rural",23314,32.4
141361,"Young Harris College",2023,21,1403,35,20509,1926,0.64018691588785,"GA","Town/Rural",126146,31.9
141361,"Young Harris College",2022,24,1496,36,18910,1990,0.77286432160804,"GA","Town/Rural",122695,31.9
141361,"Young Harris College",2021,27,1388,32,19035,1850,0.747567567567568,"GA","Town/Rural",124712,31.9
141361,"Young Harris College",2020,23,1396,31,20704,2216,0.650270758122744,"GA","Town/Rural",126126,31.9
141361,"Young Harris College",2019,26,1402,31,18431,1488,0.646505376344086,"GA","Town/Rural",121897,31.9
206695,"Youngstown State University",2023,33,8436,29,11740,5799,0.803241938265218,"OH","City/Suburb",133760,29
206695,"Youngstown State University",2022,35,8822,26,11900,7481,0.806041972998262,"OH","City/Suburb",133872,29
206695,"Youngstown State University",2021,35,9377,25,12290,6718,0.781482584102411,"OH","City/Suburb",136945,29
206695,"Youngstown State University",2020,38,10401,25,11785,8636,0.699282075034738,"OH","City/Suburb",135941,29
206695,"Youngstown State University",2019,38,10938,26,11616,9166,0.6739035566223,"OH","City/Suburb",135868,29
